-- MySQL dump 10.13  Distrib 5.1.37, for debian-linux-gnu (x86_64)
--
-- Host: localhost    Database: zoolu
-- ------------------------------------------------------
-- Server version	5.1.37-1ubuntu5.1

/*!40101 SET @OLD_CHARACTER_SET_CLIENT=@@CHARACTER_SET_CLIENT */;
/*!40101 SET @OLD_CHARACTER_SET_RESULTS=@@CHARACTER_SET_RESULTS */;
/*!40101 SET @OLD_COLLATION_CONNECTION=@@COLLATION_CONNECTION */;
/*!40101 SET NAMES utf8 */;
/*!40103 SET @OLD_TIME_ZONE=@@TIME_ZONE */;
/*!40103 SET TIME_ZONE='+00:00' */;
/*!40014 SET @OLD_UNIQUE_CHECKS=@@UNIQUE_CHECKS, UNIQUE_CHECKS=0 */;
/*!40014 SET @OLD_FOREIGN_KEY_CHECKS=@@FOREIGN_KEY_CHECKS, FOREIGN_KEY_CHECKS=0 */;
/*!40101 SET @OLD_SQL_MODE=@@SQL_MODE, SQL_MODE='NO_AUTO_VALUE_ON_ZERO' */;
/*!40111 SET @OLD_SQL_NOTES=@@SQL_NOTES, SQL_NOTES=0 */;

--
-- Table structure for table `actions`
--

DROP TABLE IF EXISTS `actions`;
/*!40101 SET @saved_cs_client     = @@character_set_client */;
/*!40101 SET character_set_client = utf8 */;
CREATE TABLE `actions` (
  `id` bigint(20) unsigned NOT NULL AUTO_INCREMENT,
  `title` varchar(255) NOT NULL,
  PRIMARY KEY (`id`)
) ENGINE=InnoDB AUTO_INCREMENT=5 DEFAULT CHARSET=utf8;
/*!40101 SET character_set_client = @saved_cs_client */;

--
-- Dumping data for table `actions`
--

LOCK TABLES `actions` WRITE;
/*!40000 ALTER TABLE `actions` DISABLE KEYS */;
INSERT INTO `actions` VALUES (1,'add'),(2,'edit'),(3,'change_template'),(4,'change_template_id');
/*!40000 ALTER TABLE `actions` ENABLE KEYS */;
UNLOCK TABLES;

--
-- Table structure for table `categories`
--

DROP TABLE IF EXISTS `categories`;
/*!40101 SET @saved_cs_client     = @@character_set_client */;
/*!40101 SET character_set_client = utf8 */;
CREATE TABLE `categories` (
  `id` bigint(20) unsigned NOT NULL AUTO_INCREMENT,
  `idParentCategory` bigint(20) unsigned NOT NULL DEFAULT '0',
  `idRootCategory` bigint(20) unsigned DEFAULT NULL,
  `idCategoryTypes` bigint(20) unsigned NOT NULL,
  `matchCode` varchar(255) DEFAULT NULL,
  `lft` int(10) unsigned DEFAULT NULL,
  `rgt` int(10) unsigned DEFAULT NULL,
  `depth` int(10) unsigned DEFAULT NULL,
  PRIMARY KEY (`id`),
  KEY `lft` (`lft`),
  KEY `rgt` (`rgt`),
  KEY `idRootCategory` (`idRootCategory`),
  KEY `idParentCategory` (`idParentCategory`)
) ENGINE=InnoDB AUTO_INCREMENT=497 DEFAULT CHARSET=utf8 ROW_FORMAT=COMPACT;
/*!40101 SET character_set_client = @saved_cs_client */;

--
-- Dumping data for table `categories`
--

LOCK TABLES `categories` WRITE;
/*!40000 ALTER TABLE `categories` DISABLE KEYS */;
INSERT INTO `categories` VALUES (1,0,1,1,NULL,1,22,0),(11,0,11,2,NULL,1,20,0),(12,11,11,2,NULL,2,13,1),(13,11,11,2,NULL,14,19,1),(14,13,11,2,'DESC',15,16,2),(15,13,11,2,'ASC',17,18,2),(16,12,11,2,'alpha',3,4,2),(17,12,11,2,'sort',5,6,2),(18,12,11,2,'created',7,8,2),(19,12,11,2,'changed',9,10,2),(21,0,21,3,NULL,1,14,0),(27,0,27,2,NULL,1,14,0),(28,27,27,2,'col-1',2,3,1),(29,27,27,2,'col-1-img',4,5,1),(30,27,27,2,'col-2',6,7,1),(31,27,27,2,'col-2-img',8,9,1),(35,27,27,2,'list',10,11,1),(36,27,27,2,'list-img',12,13,1),(40,12,11,2,'published',11,12,2),(42,0,42,2,NULL,1,4,0),(43,42,42,2,'similar_pages',2,3,1),(48,0,48,2,NULL,1,10,0),(49,48,48,2,NULL,2,9,1),(50,49,48,2,NULL,3,4,2),(51,49,48,2,NULL,5,6,2),(52,49,48,2,NULL,7,8,2),(54,1,1,1,NULL,6,11,1),(56,21,21,3,NULL,2,3,1),(64,0,64,2,NULL,1,6,0),(65,64,64,2,NULL,2,3,1),(66,64,64,2,NULL,4,5,1),(71,1,1,1,NULL,12,13,1),(72,1,1,1,NULL,14,21,1),(73,72,1,1,NULL,15,16,2),(74,72,1,1,NULL,17,18,2),(75,72,1,1,NULL,19,20,2),(76,54,1,1,NULL,7,8,2),(77,54,1,1,NULL,9,10,2),(78,21,21,3,NULL,4,5,1),(80,21,21,3,NULL,6,7,1),(81,21,21,3,NULL,8,9,1),(82,0,82,2,NULL,1,6,0),(83,82,82,2,NULL,2,3,1),(84,82,82,2,NULL,4,5,1),(267,21,21,3,NULL,10,11,1),(268,0,268,2,NULL,1,250,0),(269,0,269,1,NULL,1,24,0),(270,0,270,1,NULL,1,82,0),(271,268,268,2,NULL,2,29,1),(272,268,268,2,NULL,30,105,1),(273,268,268,2,NULL,106,111,1),(274,268,268,2,NULL,112,117,1),(275,268,268,2,NULL,118,143,1),(276,268,268,2,NULL,144,159,1),(277,268,268,2,NULL,160,249,1),(278,276,268,2,NULL,145,146,2),(279,276,268,2,NULL,147,148,2),(280,276,268,2,NULL,149,150,2),(281,276,268,2,NULL,151,152,2),(282,276,268,2,NULL,153,154,2),(283,276,268,2,NULL,155,156,2),(284,276,268,2,NULL,157,158,2),(285,275,268,2,NULL,119,120,2),(286,275,268,2,NULL,121,122,2),(287,275,268,2,NULL,123,124,2),(288,275,268,2,NULL,125,126,2),(289,275,268,2,NULL,127,128,2),(290,275,268,2,NULL,129,130,2),(291,275,268,2,NULL,131,132,2),(292,275,268,2,NULL,133,134,2),(293,275,268,2,NULL,135,136,2),(294,275,268,2,NULL,137,138,2),(295,275,268,2,NULL,139,140,2),(296,275,268,2,NULL,141,142,2),(297,274,268,2,NULL,113,114,2),(298,274,268,2,NULL,115,116,2),(299,273,268,2,NULL,107,108,2),(300,273,268,2,NULL,109,110,2),(301,277,268,2,NULL,161,162,2),(302,277,268,2,NULL,163,164,2),(303,277,268,2,NULL,165,166,2),(304,277,268,2,NULL,167,168,2),(305,277,268,2,NULL,169,170,2),(306,277,268,2,NULL,171,172,2),(307,277,268,2,NULL,173,174,2),(308,277,268,2,NULL,175,176,2),(309,277,268,2,NULL,177,178,2),(310,277,268,2,NULL,179,180,2),(311,277,268,2,NULL,181,182,2),(312,277,268,2,NULL,183,184,2),(313,277,268,2,NULL,185,186,2),(314,277,268,2,NULL,187,188,2),(315,277,268,2,NULL,189,190,2),(316,277,268,2,NULL,191,192,2),(317,277,268,2,NULL,193,194,2),(318,277,268,2,NULL,195,196,2),(319,277,268,2,NULL,197,198,2),(320,277,268,2,NULL,199,200,2),(321,277,268,2,NULL,201,202,2),(322,277,268,2,NULL,203,204,2),(323,277,268,2,NULL,205,206,2),(324,277,268,2,NULL,207,208,2),(325,277,268,2,NULL,209,210,2),(326,277,268,2,NULL,211,212,2),(327,277,268,2,NULL,213,214,2),(328,277,268,2,NULL,215,216,2),(329,277,268,2,NULL,217,218,2),(330,277,268,2,NULL,219,220,2),(331,277,268,2,NULL,221,222,2),(332,277,268,2,NULL,223,224,2),(333,277,268,2,NULL,225,226,2),(334,277,268,2,NULL,227,228,2),(335,277,268,2,NULL,229,230,2),(336,277,268,2,NULL,231,232,2),(337,277,268,2,NULL,233,234,2),(338,277,268,2,NULL,235,236,2),(339,277,268,2,NULL,237,238,2),(340,277,268,2,NULL,239,240,2),(341,277,268,2,NULL,241,242,2),(342,277,268,2,NULL,243,244,2),(343,277,268,2,NULL,245,246,2),(344,277,268,2,NULL,247,248,2),(345,272,268,2,NULL,31,32,2),(346,272,268,2,NULL,33,34,2),(347,272,268,2,NULL,35,36,2),(348,272,268,2,NULL,37,38,2),(349,272,268,2,NULL,39,40,2),(350,272,268,2,NULL,41,42,2),(351,272,268,2,NULL,43,44,2),(352,272,268,2,NULL,45,46,2),(353,272,268,2,NULL,47,48,2),(354,272,268,2,NULL,49,50,2),(355,272,268,2,NULL,51,52,2),(356,272,268,2,NULL,53,54,2),(357,272,268,2,NULL,55,56,2),(358,272,268,2,NULL,57,58,2),(359,272,268,2,NULL,59,60,2),(360,272,268,2,NULL,61,62,2),(361,272,268,2,NULL,63,64,2),(362,272,268,2,NULL,65,66,2),(363,272,268,2,NULL,67,68,2),(364,272,268,2,NULL,69,70,2),(365,272,268,2,NULL,71,72,2),(366,272,268,2,NULL,73,74,2),(367,272,268,2,NULL,75,76,2),(368,272,268,2,NULL,77,78,2),(369,272,268,2,NULL,79,80,2),(370,272,268,2,NULL,81,82,2),(371,272,268,2,NULL,83,84,2),(372,272,268,2,NULL,85,86,2),(373,272,268,2,NULL,87,88,2),(374,272,268,2,NULL,89,90,2),(375,272,268,2,NULL,91,92,2),(376,272,268,2,NULL,93,94,2),(377,272,268,2,NULL,95,96,2),(378,272,268,2,NULL,97,98,2),(379,272,268,2,NULL,99,100,2),(380,272,268,2,NULL,101,102,2),(381,272,268,2,NULL,103,104,2),(382,271,268,2,NULL,3,4,2),(383,271,268,2,NULL,5,6,2),(384,271,268,2,NULL,7,8,2),(385,271,268,2,NULL,9,10,2),(386,271,268,2,NULL,11,12,2),(387,271,268,2,NULL,13,14,2),(388,271,268,2,NULL,15,16,2),(389,271,268,2,NULL,17,18,2),(390,271,268,2,NULL,19,20,2),(391,271,268,2,NULL,21,22,2),(392,271,268,2,NULL,23,24,2),(393,271,268,2,NULL,25,26,2),(394,271,268,2,NULL,27,28,2),(395,269,269,1,NULL,2,3,1),(396,269,269,1,NULL,4,5,1),(397,269,269,1,NULL,6,7,1),(398,269,269,1,NULL,8,9,1),(399,269,269,1,NULL,10,11,1),(400,269,269,1,NULL,12,13,1),(401,269,269,1,NULL,14,15,1),(402,269,269,1,NULL,16,17,1),(403,269,269,1,NULL,18,19,1),(404,269,269,1,NULL,20,21,1),(405,269,269,1,NULL,22,23,1),(406,270,270,1,NULL,2,3,1),(407,270,270,1,NULL,4,5,1),(408,270,270,1,NULL,6,7,1),(409,270,270,1,NULL,8,9,1),(410,270,270,1,NULL,10,11,1),(411,270,270,1,NULL,12,13,1),(412,270,270,1,NULL,14,15,1),(413,270,270,1,NULL,16,17,1),(414,270,270,1,NULL,18,19,1),(415,270,270,1,NULL,20,21,1),(416,270,270,1,NULL,22,23,1),(417,270,270,1,NULL,24,25,1),(418,270,270,1,NULL,26,27,1),(419,270,270,1,NULL,28,29,1),(420,270,270,1,NULL,30,31,1),(421,270,270,1,NULL,32,33,1),(422,270,270,1,NULL,34,35,1),(423,270,270,1,NULL,36,37,1),(424,270,270,1,NULL,38,39,1),(425,270,270,1,NULL,40,41,1),(426,270,270,1,NULL,42,43,1),(427,270,270,1,NULL,44,45,1),(428,270,270,1,NULL,46,47,1),(429,270,270,1,NULL,48,49,1),(430,270,270,1,NULL,50,51,1),(431,270,270,1,NULL,52,53,1),(432,270,270,1,NULL,54,55,1),(433,270,270,1,NULL,56,57,1),(434,270,270,1,NULL,58,59,1),(435,270,270,1,NULL,60,61,1),(436,270,270,1,NULL,62,63,1),(437,270,270,1,NULL,64,65,1),(438,270,270,1,NULL,66,67,1),(439,270,270,1,NULL,68,69,1),(440,270,270,1,NULL,70,71,1),(441,270,270,1,NULL,72,73,1),(442,270,270,1,NULL,74,75,1),(443,270,270,1,NULL,76,77,1),(444,270,270,1,NULL,78,79,1),(445,270,270,1,NULL,80,81,1),(447,21,21,3,NULL,12,13,1),(448,0,448,2,NULL,1,36,0),(449,448,448,2,NULL,2,3,1),(450,448,448,2,NULL,4,5,1),(451,448,448,2,NULL,6,7,1),(452,448,448,2,NULL,8,9,1),(453,448,448,2,NULL,10,11,1),(454,448,448,2,NULL,12,13,1),(455,448,448,2,NULL,14,15,1),(456,448,448,2,NULL,16,17,1),(457,448,448,2,NULL,18,19,1),(458,448,448,2,NULL,20,21,1),(459,448,448,2,NULL,22,23,1),(460,448,448,2,NULL,24,25,1),(461,448,448,2,NULL,26,27,1),(462,448,448,2,NULL,28,29,1),(463,448,448,2,NULL,30,31,1),(464,448,448,2,NULL,32,33,1),(465,448,448,2,NULL,34,35,1),(466,0,466,2,NULL,1,62,0),(467,466,466,2,NULL,2,61,1),(468,467,466,2,NULL,3,4,2),(469,467,466,2,NULL,5,6,2),(470,467,466,2,NULL,7,8,2),(471,467,466,2,NULL,9,10,2),(472,467,466,2,NULL,11,12,2),(473,467,466,2,NULL,13,14,2),(474,467,466,2,NULL,15,16,2),(475,467,466,2,NULL,17,18,2),(476,467,466,2,NULL,19,20,2),(477,467,466,2,NULL,21,22,2),(478,467,466,2,NULL,23,24,2),(479,467,466,2,NULL,25,26,2),(480,467,466,2,NULL,27,28,2),(481,467,466,2,NULL,29,30,2),(482,467,466,2,NULL,31,32,2),(483,467,466,2,NULL,33,34,2),(484,467,466,2,NULL,35,36,2),(485,467,466,2,NULL,37,38,2),(486,467,466,2,NULL,39,40,2),(487,467,466,2,NULL,41,42,2),(488,467,466,2,NULL,43,44,2),(489,467,466,2,NULL,45,46,2),(490,467,466,2,NULL,47,48,2),(491,467,466,2,NULL,49,50,2),(492,467,466,2,NULL,51,52,2),(493,467,466,2,NULL,53,54,2),(494,467,466,2,NULL,55,56,2),(495,467,466,2,NULL,57,58,2),(496,467,466,2,NULL,59,60,2);
/*!40000 ALTER TABLE `categories` ENABLE KEYS */;
UNLOCK TABLES;

--
-- Table structure for table `categoryCodes`
--

DROP TABLE IF EXISTS `categoryCodes`;
/*!40101 SET @saved_cs_client     = @@character_set_client */;
/*!40101 SET character_set_client = utf8 */;
CREATE TABLE `categoryCodes` (
  `id` bigint(20) unsigned NOT NULL AUTO_INCREMENT,
  `idCategories` bigint(20) unsigned NOT NULL,
  `idLanguages` int(10) unsigned NOT NULL DEFAULT '1',
  `code` varchar(64) DEFAULT NULL,
  `idUsers` bigint(20) unsigned NOT NULL,
  `changed` timestamp NOT NULL DEFAULT CURRENT_TIMESTAMP ON UPDATE CURRENT_TIMESTAMP,
  PRIMARY KEY (`id`),
  KEY `idCategories` (`idCategories`),
  CONSTRAINT `categoryCodes_ibfk_1` FOREIGN KEY (`idCategories`) REFERENCES `categories` (`id`) ON DELETE CASCADE
) ENGINE=InnoDB AUTO_INCREMENT=857 DEFAULT CHARSET=utf8 ROW_FORMAT=COMPACT;
/*!40101 SET character_set_client = @saved_cs_client */;

--
-- Dumping data for table `categoryCodes`
--

LOCK TABLES `categoryCodes` WRITE;
/*!40000 ALTER TABLE `categoryCodes` DISABLE KEYS */;
INSERT INTO `categoryCodes` VALUES (1,64,1,'SUB_NAV_PAGES',3,'2010-02-10 16:18:01'),(2,48,1,'STATUS',3,'2010-02-10 16:18:16'),(3,82,1,'MEDIA_DISPLAY_OPTIONS',3,'2010-02-10 16:19:03'),(4,83,1,'LEFT_ALIGNED',3,'2010-02-10 16:20:34'),(5,84,1,'RIGHT_ALIGNED',3,'2010-02-10 16:20:39'),(275,21,1,'',3,'2010-03-15 17:32:41'),(276,11,1,'',3,'2010-03-15 17:32:46'),(277,1,1,'',3,'2010-03-15 17:32:50'),(278,267,1,'',3,'2010-03-19 15:01:21'),(279,267,2,'',3,'2010-03-19 15:01:27'),(281,72,1,'',3,'2010-03-29 11:41:45'),(282,78,1,'',3,'2010-03-29 13:21:33'),(287,268,1,'countries',3,'2010-03-30 14:33:08'),(288,269,1,'lab_types',3,'2010-03-30 14:15:50'),(289,270,1,'sales_functions',3,'2010-03-31 14:30:15'),(290,271,1,'africa',22,'2010-03-30 09:15:54'),(291,272,1,'asia',22,'2010-03-30 09:19:43'),(292,273,1,'australia_oceania',22,'2010-03-30 09:20:04'),(293,274,1,'northamerica',22,'2010-03-30 09:23:24'),(294,275,1,'southamerica',22,'2010-03-30 09:24:11'),(295,276,1,'centralamerica',22,'2010-03-30 09:25:09'),(296,277,1,'europe',22,'2010-03-30 09:22:05'),(297,271,2,'africa',22,'2010-03-30 09:16:28'),(298,272,2,'asia',22,'2010-03-30 09:16:59'),(299,273,2,'australia_oceania',22,'2010-03-30 09:17:42'),(300,277,2,'europe',22,'2010-03-30 09:22:42'),(301,274,2,'northamerica',22,'2010-03-30 09:23:44'),(302,275,2,'southamerica',22,'2010-03-30 09:24:30'),(303,276,2,'centralamerica',22,'2010-03-30 09:25:32'),(304,278,1,'CR',22,'2010-03-30 09:26:19'),(305,278,2,'CR',22,'2010-03-30 09:27:03'),(306,279,1,'DO',22,'2010-03-30 09:27:36'),(307,279,2,'DO',22,'2010-03-30 09:27:54'),(308,280,1,'SV',3,'2010-03-31 09:24:04'),(309,280,2,'SV',3,'2010-03-31 09:24:09'),(310,281,1,'GT',22,'2010-03-30 09:29:26'),(311,281,2,'GT',22,'2010-03-30 09:29:54'),(312,282,1,'HN',22,'2010-03-30 09:30:15'),(313,282,2,'HN',22,'2010-03-30 09:30:42'),(314,283,1,'MX',22,'2010-03-30 09:31:22'),(315,283,2,'MX',22,'2010-03-30 09:31:40'),(316,284,1,'PA',22,'2010-03-30 09:32:17'),(317,284,2,'PA',22,'2010-03-30 09:32:41'),(318,285,1,'RA',22,'2010-03-30 09:33:40'),(319,285,2,'RA',22,'2010-03-30 09:33:58'),(320,286,1,'BO',22,'2010-03-30 09:34:44'),(321,286,2,'BO',22,'2010-03-30 09:35:06'),(322,287,1,'BR',22,'2010-03-30 09:35:33'),(323,287,2,'BR',22,'2010-03-30 09:35:50'),(324,288,1,'CL',22,'2010-03-30 09:37:04'),(325,288,2,'CL',22,'2010-03-30 09:36:46'),(326,289,1,'EC',22,'2010-03-30 09:37:24'),(327,289,2,'EC',22,'2010-03-30 09:38:05'),(328,290,1,'CO',22,'2010-03-30 09:38:42'),(329,290,2,'CO',22,'2010-03-30 09:38:59'),(330,291,1,'NI',22,'2010-03-30 09:39:37'),(331,291,2,'NI',22,'2010-03-30 09:39:50'),(332,292,1,'AN',22,'2010-03-30 09:40:55'),(333,292,2,'AN',22,'2010-03-30 09:42:25'),(334,293,1,'PY',22,'2010-03-30 09:42:44'),(335,293,2,'PY',22,'2010-03-30 09:43:26'),(336,294,1,'PE',22,'2010-03-30 09:43:52'),(337,294,2,'PE',22,'2010-03-30 09:44:11'),(338,295,1,'UY',22,'2010-03-30 09:44:27'),(339,295,2,'UY',22,'2010-03-30 09:44:55'),(340,296,1,'VE',22,'2010-03-30 09:45:31'),(341,296,2,'VE',22,'2010-03-30 09:45:58'),(342,297,1,'CAN',22,'2010-03-30 09:46:42'),(343,297,2,'CAN',22,'2010-03-30 09:46:59'),(344,298,1,'USA',22,'2010-03-30 09:47:19'),(345,298,2,'USA',22,'2010-03-30 09:47:30'),(346,299,1,'AUS',22,'2010-03-30 09:48:22'),(347,299,2,'AUS',22,'2010-03-30 09:48:52'),(348,300,1,'NZ',22,'2010-03-30 09:49:09'),(349,300,2,'NZ',22,'2010-03-30 09:49:22'),(350,301,1,'AL',22,'2010-03-30 09:52:30'),(351,301,2,'AL',22,'2010-03-30 09:52:52'),(352,302,1,'AD',22,'2010-03-30 09:53:20'),(353,302,2,'AD',22,'2010-03-30 09:53:46'),(354,303,1,'B',22,'2010-03-30 11:02:55'),(355,303,2,'B',22,'2010-03-30 09:54:14'),(356,304,1,'BA',22,'2010-03-30 11:03:17'),(357,304,2,'BA',22,'2010-03-30 11:03:30'),(358,305,1,'BG',22,'2010-03-30 11:03:47'),(359,305,2,'BG',22,'2010-03-30 11:04:04'),(360,306,1,'DK',22,'2010-03-30 11:04:19'),(361,306,2,'DK',22,'2010-03-30 11:04:31'),(362,307,1,'D',22,'2010-03-30 11:04:50'),(363,307,2,'D',22,'2010-03-30 11:05:04'),(364,308,1,'est',22,'2010-03-30 11:05:19'),(365,308,2,'est',22,'2010-03-30 11:05:36'),(366,309,1,'FI',22,'2010-03-30 11:05:58'),(367,309,2,'FI',22,'2010-03-30 11:06:15'),(368,310,1,'F',22,'2010-03-30 11:06:29'),(369,310,2,'F',22,'2010-03-30 11:06:42'),(370,311,1,'GR',22,'2010-03-30 11:06:59'),(371,311,2,'GR',22,'2010-03-30 11:07:13'),(372,312,1,'GB',22,'2010-03-30 11:07:27'),(373,312,2,'GB',22,'2010-03-30 11:07:38'),(374,313,1,'IE',22,'2010-03-30 11:08:18'),(375,313,2,'IE',22,'2010-03-30 11:08:28'),(376,314,1,'IS',22,'2010-03-30 11:08:56'),(377,314,2,'IS',22,'2010-03-30 11:09:09'),(378,315,1,'I',22,'2010-03-30 11:09:25'),(379,315,2,'I',22,'2010-03-30 11:09:39'),(380,316,1,'XK',22,'2010-03-30 11:09:59'),(381,316,2,'XK',22,'2010-03-30 11:10:14'),(382,317,1,'HR',22,'2010-03-30 11:10:26'),(383,317,2,'HR',22,'2010-03-30 11:10:37'),(384,318,1,'let',22,'2010-03-30 11:10:53'),(385,318,2,'let',22,'2010-03-30 11:11:06'),(386,319,1,'FL',22,'2010-03-30 11:11:24'),(387,319,2,'FL',22,'2010-03-30 11:11:37'),(388,320,1,'lit',22,'2010-03-30 11:11:51'),(389,320,2,'lit',22,'2010-03-30 11:12:05'),(390,321,1,'L',22,'2010-03-30 11:12:24'),(391,321,2,'L',22,'2010-03-30 11:12:43'),(392,322,1,'MT',22,'2010-03-30 11:12:57'),(393,322,2,'MT',22,'2010-03-30 11:13:15'),(394,323,1,'MK',22,'2010-03-30 11:13:30'),(395,323,2,'MK',22,'2010-03-30 11:13:41'),(396,324,1,'mol',22,'2010-03-30 11:14:05'),(397,324,2,'mol',22,'2010-03-30 11:14:29'),(398,325,1,'XM',22,'2010-03-30 11:14:40'),(399,325,2,'XM',22,'2010-03-30 11:14:54'),(400,326,1,'NL',22,'2010-03-30 11:15:12'),(401,326,2,'NL',22,'2010-03-30 11:15:23'),(402,327,1,'NO',22,'2010-04-19 08:51:12'),(403,327,2,'NO',22,'2010-03-30 11:15:51'),(404,328,1,'A',22,'2010-03-30 11:16:22'),(405,328,2,'A',22,'2010-03-30 11:16:37'),(406,329,1,'PL',22,'2010-03-30 11:16:54'),(407,329,2,'PL',22,'2010-03-30 11:17:06'),(408,330,1,'PT',22,'2010-03-30 11:17:20'),(409,330,2,'PT',22,'2010-03-30 11:17:36'),(410,331,1,'RO',22,'2010-03-30 11:17:49'),(411,331,2,'RO',22,'2010-03-30 11:18:03'),(412,332,1,'GU',22,'2010-03-30 11:18:37'),(413,332,2,'GU',22,'2010-03-30 11:18:51'),(414,333,1,'S',22,'2010-03-30 11:19:14'),(415,333,2,'S',22,'2010-03-30 11:19:28'),(416,334,1,'CH',22,'2010-03-30 11:19:43'),(417,334,2,'CH',22,'2010-03-30 11:19:58'),(418,335,1,'XS',22,'2010-03-30 11:20:13'),(419,335,2,'XS',22,'2010-03-30 11:20:25'),(420,336,1,'SK',22,'2010-03-30 11:20:43'),(421,336,2,'SK',22,'2010-03-30 11:20:59'),(422,337,1,'SLO',22,'2010-03-30 11:21:16'),(423,337,2,'SLO',22,'2010-03-30 11:21:47'),(424,338,1,'ES',22,'2010-03-30 11:22:06'),(425,338,2,'ES',22,'2010-03-30 11:22:35'),(426,339,1,'CZ',22,'2010-03-30 11:22:54'),(427,339,2,'CZ',22,'2010-03-30 11:23:13'),(428,340,1,'TR',22,'2010-03-30 11:23:32'),(429,340,2,'TR',22,'2010-03-30 11:23:47'),(430,341,1,'ukr',22,'2010-03-30 11:24:22'),(431,341,2,'ukr',22,'2010-03-30 11:24:34'),(432,342,1,'HU',22,'2010-03-30 11:24:53'),(433,342,2,'HU',22,'2010-03-30 11:25:07'),(434,343,1,'weis',22,'2010-03-30 11:25:26'),(435,343,2,'weis',22,'2010-03-30 11:25:38'),(436,344,1,'CY',22,'2010-03-30 11:25:58'),(437,344,2,'CY',22,'2010-03-30 11:26:14'),(438,345,1,'AF',22,'2010-03-30 11:26:45'),(439,345,2,'AF',22,'2010-03-30 11:26:59'),(440,346,1,'arm',22,'2010-03-30 11:27:16'),(441,346,2,'arm',22,'2010-03-30 11:27:35'),(442,347,1,'asb',22,'2010-03-30 11:28:00'),(443,347,2,'asb',22,'2010-03-30 11:28:10'),(444,348,1,'BH',22,'2010-03-30 11:28:34'),(445,348,2,'BH',22,'2010-03-30 11:28:40'),(446,349,1,'BD',22,'2010-03-30 11:29:02'),(447,349,2,'BD',22,'2010-03-30 11:29:14'),(448,350,1,'CN',22,'2010-03-30 11:29:26'),(449,350,2,'CN',22,'2010-03-30 11:29:44'),(450,351,1,'geo',22,'2010-03-30 11:30:05'),(451,351,2,'geo',22,'2010-03-30 11:30:17'),(452,352,1,'hon',22,'2010-03-30 11:30:32'),(453,352,2,'hon',22,'2010-03-30 11:30:47'),(454,353,1,'IN',22,'2010-03-30 11:31:07'),(455,353,2,'IN',22,'2010-03-30 11:31:21'),(456,354,1,'ID',22,'2010-03-30 11:31:34'),(457,354,2,'ID',22,'2010-03-30 11:31:45'),(458,355,1,'IQ',22,'2010-03-30 11:32:04'),(459,355,2,'IQ',22,'2010-03-30 11:32:16'),(460,356,1,'IR',22,'2010-03-30 11:32:30'),(461,356,2,'IR',22,'2010-03-30 11:32:44'),(462,357,1,'IL',22,'2010-03-30 11:33:05'),(463,357,2,'IL',22,'2010-03-30 11:33:17'),(464,358,1,'JP',22,'2010-03-30 11:33:31'),(465,358,2,'JP',22,'2010-03-30 11:33:42'),(466,359,1,'YE',22,'2010-03-30 11:33:58'),(467,359,2,'YE',22,'2010-03-30 11:34:09'),(468,360,1,'JO',22,'2010-03-30 11:34:33'),(469,360,2,'JO',22,'2010-03-30 11:34:46'),(470,361,1,'KH',22,'2010-03-30 11:35:06'),(471,361,2,'KH',22,'2010-03-30 11:35:19'),(472,362,1,'kas',22,'2010-03-30 11:35:47'),(473,362,2,'kas',22,'2010-03-30 11:36:01'),(474,363,1,'Qa',22,'2010-03-30 11:36:19'),(475,363,2,'Qa',22,'2010-03-30 11:36:34'),(476,364,1,'KW',22,'2010-03-30 11:36:52'),(477,364,2,'KW',22,'2010-03-30 11:37:46'),(478,365,1,'LB',22,'2010-03-30 11:37:58'),(479,365,2,'LB',22,'2010-03-30 11:38:22'),(480,366,1,'MY',22,'2010-03-30 11:38:36'),(481,366,2,'MY',22,'2010-03-30 11:38:52'),(482,367,1,'MN',22,'2010-03-30 11:39:07'),(483,367,2,'MN',22,'2010-03-30 11:39:30'),(484,368,1,'NP',22,'2010-04-19 08:47:02'),(485,368,2,'NP',22,'2010-03-30 11:39:59'),(486,369,1,'OM',22,'2010-03-30 11:40:12'),(487,369,2,'OM',22,'2010-03-30 11:40:27'),(488,370,1,'PK',22,'2010-03-30 11:40:46'),(489,370,2,'PK',22,'2010-03-30 11:40:58'),(490,371,1,'PH',22,'2010-03-30 11:41:13'),(491,371,2,'PH',22,'2010-03-30 11:41:36'),(492,372,1,'SAR',22,'2010-03-30 11:41:47'),(493,372,2,'SAR',22,'2010-03-30 11:42:08'),(494,373,1,'SG',22,'2010-03-30 11:42:18'),(495,373,2,'SG',22,'2010-03-30 11:42:32'),(496,374,1,'LK',22,'2010-03-30 11:42:52'),(497,374,2,'LK',22,'2010-03-30 11:43:08'),(498,375,1,'KR',22,'2010-03-30 11:43:25'),(499,375,2,'KR',22,'2010-03-30 11:43:38'),(500,376,1,'SY',22,'2010-03-30 11:43:55'),(501,376,2,'SY',22,'2010-03-30 11:44:59'),(502,377,1,'TW',22,'2010-03-30 11:45:20'),(503,377,2,'TW',22,'2010-03-30 11:45:37'),(504,378,1,'TH',22,'2010-03-30 11:45:58'),(505,378,2,'TH',22,'2010-03-30 11:46:08'),(506,379,1,'usz',22,'2010-03-30 11:46:27'),(507,379,2,'usz',22,'2010-03-30 11:46:48'),(508,380,1,'AE',22,'2010-03-30 11:47:07'),(509,380,2,'AE',22,'2010-03-30 11:47:33'),(510,381,1,'VN',22,'2010-03-30 11:47:45'),(511,381,2,'VN',22,'2010-03-30 11:48:02'),(512,382,1,'EG',22,'2010-03-30 11:48:33'),(513,382,2,'EG',22,'2010-03-30 11:48:43'),(514,383,1,'DZ',22,'2010-03-30 11:48:58'),(515,383,2,'DZ',22,'2010-03-30 11:49:13'),(516,384,1,'KO',22,'2010-03-30 11:49:25'),(517,384,2,'KO',22,'2010-03-30 11:49:37'),(518,385,1,'GH',22,'2010-03-30 11:49:51'),(519,385,2,'GH',22,'2010-03-30 11:50:09'),(520,386,1,'KN',22,'2010-03-30 11:50:23'),(521,386,2,'KN',22,'2010-03-30 11:50:34'),(522,387,1,'LY',22,'2010-03-30 11:50:48'),(523,387,2,'LY',22,'2010-03-30 11:51:05'),(524,388,1,'MA',22,'2010-03-30 11:51:20'),(525,388,2,'MA',22,'2010-03-30 11:51:30'),(526,389,1,'MA',22,'2010-03-30 11:51:49'),(527,389,2,'MA',22,'2010-03-30 11:52:00'),(528,390,1,'NG',22,'2010-03-30 11:52:38'),(529,390,2,'NG',22,'2010-03-30 11:52:51'),(530,391,1,'SE',22,'2010-03-30 11:53:15'),(531,391,2,'SE',22,'2010-03-30 11:53:44'),(532,392,1,'SA',22,'2010-03-30 11:53:50'),(533,392,2,'SA',22,'2010-03-30 11:54:14'),(534,393,1,'SU',22,'2010-03-30 11:54:22'),(535,393,2,'SU',22,'2010-03-30 11:54:35'),(536,394,1,'TN',22,'2010-03-30 11:54:50'),(537,394,2,'TN',22,'2010-03-30 11:55:05'),(538,395,1,'bps',22,'2010-03-30 11:57:11'),(539,396,1,'dentist_bps',2,'2010-04-08 13:37:43'),(540,395,2,'bps',22,'2010-03-30 12:04:29'),(541,396,2,'dentist_bps',22,'2010-03-30 12:04:50'),(542,397,1,'esthetic',22,'2010-03-30 12:05:14'),(543,397,2,'esthetic',22,'2010-03-30 12:05:27'),(544,398,1,'empress',22,'2010-03-30 12:05:47'),(545,398,2,'empress',22,'2010-03-30 12:06:14'),(546,399,1,'dsign',22,'2010-03-30 12:06:38'),(547,399,2,'dsign',22,'2010-03-30 12:06:48'),(548,400,1,'emax',22,'2010-03-30 12:07:13'),(549,400,2,'emax',22,'2010-03-30 12:07:21'),(550,401,1,'inline',22,'2010-03-30 12:07:37'),(551,401,2,'inline',22,'2010-03-30 12:07:47'),(552,402,1,'adoro',22,'2010-03-30 12:08:03'),(553,402,2,'adoro',22,'2010-03-30 12:08:12'),(554,403,1,'sradoro',22,'2010-03-30 12:08:35'),(555,403,2,'sradoro',22,'2010-03-30 12:08:45'),(556,404,1,'ivocap',22,'2010-03-30 12:09:02'),(557,404,2,'ivocap',22,'2010-03-30 12:09:12'),(558,405,1,'targis_vectris',22,'2010-03-30 12:09:32'),(559,405,2,'targis_vectris',22,'2010-03-30 12:10:17'),(560,406,1,'',22,'2010-03-30 12:10:58'),(561,406,2,'',22,'2010-03-30 12:11:09'),(562,407,1,'',22,'2010-03-30 12:11:24'),(563,407,2,'',22,'2010-03-30 12:11:29'),(564,408,1,'',22,'2010-03-30 12:11:42'),(565,408,2,'',22,'2010-03-30 12:11:54'),(566,409,1,'',22,'2010-03-30 12:11:58'),(567,409,2,'',22,'2010-03-30 12:12:01'),(568,410,1,'',22,'2010-03-30 12:12:12'),(569,410,2,'',22,'2010-03-30 12:12:32'),(570,411,1,'',22,'2010-03-30 12:12:36'),(571,411,2,'',22,'2010-03-30 12:12:40'),(572,412,1,'',22,'2010-03-30 12:12:52'),(573,412,2,'',22,'2010-03-30 12:13:06'),(574,413,1,'',22,'2010-03-30 12:13:11'),(575,413,2,'',22,'2010-03-30 12:13:24'),(576,414,1,'',22,'2010-03-30 12:13:39'),(577,414,2,'',22,'2010-03-30 12:13:45'),(579,415,1,'',22,'2010-03-30 12:14:18'),(580,415,2,'',22,'2010-03-30 12:14:22'),(581,416,1,'',22,'2010-03-30 12:14:35'),(582,416,2,'',22,'2010-03-30 12:14:39'),(583,417,1,'',22,'2010-03-30 12:14:53'),(584,417,2,'',22,'2010-03-30 12:15:07'),(585,418,1,'',22,'2010-03-30 12:15:14'),(586,418,2,'',22,'2010-03-30 12:15:20'),(587,419,1,'',22,'2010-03-30 12:15:33'),(588,419,2,'',22,'2010-03-30 12:15:36'),(589,420,1,'',22,'2010-03-30 12:15:53'),(590,420,2,'',22,'2010-03-30 12:16:05'),(591,421,1,'',22,'2010-03-30 12:16:11'),(592,421,2,'',22,'2010-03-30 12:16:24'),(593,422,1,'',22,'2010-03-30 12:16:30'),(594,422,2,'',22,'2010-03-30 12:16:45'),(595,423,1,'',22,'2010-03-30 12:16:57'),(596,423,2,'',22,'2010-03-30 12:17:01'),(597,424,1,'',22,'2010-03-30 12:17:19'),(598,424,2,'',22,'2010-03-30 12:17:23'),(599,425,1,'',22,'2010-03-30 12:17:38'),(600,425,2,'',22,'2010-03-30 12:17:46'),(601,426,1,'',22,'2010-03-30 12:18:02'),(602,426,2,'',22,'2010-03-30 12:18:13'),(603,427,1,'',22,'2010-03-30 12:18:28'),(604,427,2,'',22,'2010-03-30 12:18:32'),(605,428,1,'',22,'2010-03-30 12:18:43'),(606,428,2,'',22,'2010-03-30 12:18:46'),(607,429,1,'',22,'2010-03-30 12:19:01'),(608,429,2,'',22,'2010-03-30 12:19:05'),(609,430,1,'',22,'2010-03-30 12:19:18'),(610,430,2,'',22,'2010-03-30 12:19:49'),(611,431,1,'',22,'2010-03-30 12:19:54'),(612,431,2,'',22,'2010-03-30 12:19:58'),(613,432,1,'',22,'2010-03-30 12:20:12'),(614,432,2,'',22,'2010-03-30 12:20:23'),(615,433,1,'',22,'2010-03-30 12:20:32'),(616,433,2,'',22,'2010-03-30 12:20:37'),(617,434,1,'',22,'2010-03-30 12:20:52'),(618,434,2,'',22,'2010-03-30 12:21:11'),(619,435,1,'',22,'2010-03-30 12:21:17'),(620,435,2,'',22,'2010-03-30 12:21:21'),(621,436,1,'',22,'2010-03-30 12:21:35'),(622,436,2,'',22,'2010-03-30 12:21:40'),(623,437,1,'',22,'2010-03-30 12:22:02'),(624,437,2,'',22,'2010-03-30 12:22:06'),(625,438,1,'',22,'2010-03-30 12:22:29'),(626,438,2,'',22,'2010-03-30 12:22:33'),(627,439,1,'',22,'2010-03-30 12:22:42'),(628,439,2,'',22,'2010-03-30 12:22:48'),(629,440,1,'',22,'2010-03-30 12:23:09'),(630,440,2,'',22,'2010-03-30 12:23:13'),(631,441,1,'',22,'2010-03-30 12:23:32'),(632,441,2,'',22,'2010-03-30 12:23:35'),(633,442,1,'',22,'2010-03-30 12:23:46'),(634,442,2,'',22,'2010-03-30 12:23:51'),(635,443,1,'',22,'2010-03-30 12:24:05'),(636,443,2,'',22,'2010-03-30 12:24:10'),(637,444,1,'',22,'2010-03-30 12:24:24'),(638,444,2,'',22,'2010-03-30 12:24:28'),(639,445,1,'',22,'2010-03-30 12:24:49'),(640,445,2,'',22,'2010-03-30 12:25:03'),(643,447,1,'',3,'2010-04-01 13:47:10'),(644,448,1,'',2,'2010-04-02 12:22:17'),(645,449,1,'salutation',2,'2010-04-02 12:22:35'),(646,450,1,'title',2,'2010-04-02 12:22:44'),(647,451,1,'fname',2,'2010-04-02 12:22:55'),(648,452,1,'sname',2,'2010-04-02 12:23:04'),(649,453,1,'company',2,'2010-04-02 12:23:24'),(650,454,1,'email',2,'2010-04-02 12:23:39'),(651,455,1,'phone',2,'2010-04-02 12:23:56'),(652,456,1,'fax',2,'2010-04-02 12:24:04'),(653,457,1,'function',2,'2010-04-02 12:24:16'),(654,458,1,'type',2,'2010-04-02 12:24:44'),(655,459,1,'street',2,'2010-04-02 12:24:54'),(656,460,1,'zip',2,'2010-04-02 12:25:05'),(657,461,1,'city',2,'2010-04-02 12:25:14'),(658,462,1,'state',2,'2010-04-02 12:25:23'),(659,463,1,'country',2,'2010-04-02 12:25:36'),(660,465,1,'message',2,'2010-04-06 15:35:31'),(661,464,1,'attachment',2,'2010-04-06 15:35:31'),(662,464,2,'attachment',2,'2010-04-06 15:35:31'),(663,73,2,'',3,'2010-04-12 06:57:23'),(664,73,3,'',3,'2010-04-12 06:57:26'),(665,75,2,'',3,'2010-04-12 06:57:34'),(666,75,3,'',3,'2010-04-12 06:57:38'),(667,74,2,'',3,'2010-04-12 06:57:44'),(668,74,3,'',3,'2010-04-12 06:57:48'),(669,451,2,'fname',3,'2010-04-12 14:35:05'),(670,449,2,'salutation',2,'2010-04-12 14:36:34'),(671,465,2,'message',2,'2010-04-12 14:36:45'),(672,462,2,'state',2,'2010-04-12 14:37:04'),(673,454,2,'email',2,'2010-04-12 14:37:28'),(674,456,2,'fax',2,'2010-04-12 14:37:38'),(675,453,2,'company',2,'2010-04-12 14:37:49'),(676,457,2,'function',2,'2010-04-12 14:38:01'),(677,463,2,'country',2,'2010-04-12 14:38:12'),(678,452,2,'sname',2,'2010-04-12 14:38:24'),(679,461,2,'city',2,'2010-04-12 14:38:37'),(680,460,2,'zip',2,'2010-04-12 14:38:50'),(681,459,2,'street',2,'2010-04-12 14:39:02'),(682,455,2,'phone',2,'2010-04-12 14:39:13'),(683,450,2,'title',2,'2010-04-12 14:39:24'),(684,458,2,'type',2,'2010-04-12 14:40:12'),(685,466,1,'',3,'2010-04-16 09:44:08'),(686,467,1,'',3,'2010-04-16 09:44:36'),(687,468,1,'DE',22,'2010-04-19 14:42:02'),(688,469,1,'CH',22,'2010-04-19 14:50:35'),(689,470,1,'AT',22,'2010-04-19 14:38:44'),(690,471,1,'LI',3,'2010-04-16 09:47:02'),(691,275,3,'southamerica',3,'2010-04-16 14:21:28'),(692,274,3,'northamerica',3,'2010-04-16 14:22:26'),(693,276,3,'centralamerica',3,'2010-04-16 14:23:19'),(694,277,3,'europe',3,'2010-04-16 14:23:37'),(695,273,3,'australia_oceania',3,'2010-04-16 14:24:02'),(696,272,3,'asia',3,'2010-04-16 14:24:24'),(697,271,3,'africa',3,'2010-04-16 14:24:51'),(698,301,3,'AL',22,'2010-04-19 07:49:31'),(699,338,3,'ES',22,'2010-04-19 09:05:45'),(700,303,3,'B',22,'2010-04-19 07:57:33'),(701,334,3,'CH',22,'2010-04-19 09:07:24'),(702,302,3,'AD',22,'2010-04-19 07:50:34'),(703,383,3,'DZ',22,'2010-04-19 07:48:05'),(704,345,3,'AF',22,'2010-04-19 07:49:01'),(705,285,3,'RA',22,'2010-04-19 08:00:38'),(706,346,3,'arm',22,'2010-04-19 07:52:45'),(707,347,3,'asb',22,'2010-04-19 07:53:38'),(708,299,3,'AUS',22,'2010-04-19 07:54:26'),(709,328,3,'A',22,'2010-04-19 07:55:14'),(710,348,3,'BH',22,'2010-04-19 07:56:20'),(711,349,3,'BD',22,'2010-04-19 07:57:08'),(712,304,3,'BA',22,'2010-04-19 07:58:30'),(713,287,3,'BR',22,'2010-04-19 07:59:30'),(714,286,3,'BO',22,'2010-04-19 08:00:14'),(715,305,3,'BG',22,'2010-04-19 08:01:05'),(716,297,3,'CAN',22,'2010-04-19 08:02:08'),(717,288,3,'CL',22,'2010-04-19 08:02:51'),(718,350,3,'CN',22,'2010-04-19 08:03:50'),(719,350,6,'CN',22,'2010-04-19 08:04:22'),(720,278,3,'CR',22,'2010-04-19 08:06:08'),(721,306,3,'DK',22,'2010-04-19 08:06:54'),(722,384,3,'KO',22,'2010-04-19 08:07:24'),(723,384,6,'KO',22,'2010-04-19 08:07:50'),(724,307,3,'D',22,'2010-04-19 08:08:28'),(725,279,3,'DO',22,'2010-04-19 08:09:19'),(726,280,3,'SV',22,'2010-04-19 08:10:41'),(727,308,3,'est',22,'2010-04-19 08:11:48'),(728,309,3,'FI',22,'2010-04-19 08:12:04'),(729,310,3,'F',22,'2010-04-19 08:12:39'),(730,351,3,'geo',22,'2010-04-19 08:13:11'),(731,311,3,'GR',22,'2010-04-19 08:13:53'),(732,281,3,'GT',22,'2010-04-19 08:14:35'),(733,282,3,'HN',22,'2010-04-19 08:15:12'),(734,352,3,'hon',22,'2010-04-19 09:22:44'),(735,353,3,'IN',22,'2010-04-19 08:16:52'),(736,354,3,'ID',22,'2010-04-19 08:17:12'),(737,355,3,'IQ',22,'2010-04-19 08:17:55'),(738,356,3,'IR',22,'2010-04-19 08:18:29'),(739,357,3,'IL',22,'2010-04-19 08:19:09'),(740,313,3,'IE',22,'2010-04-19 08:19:57'),(741,314,3,'IS',22,'2010-04-19 08:20:57'),(742,315,3,'I',22,'2010-04-19 08:22:12'),(743,358,3,'JP',22,'2010-04-19 08:22:58'),(744,359,3,'YE',22,'2010-04-19 08:23:33'),(745,360,3,'JO',22,'2010-04-19 08:24:16'),(746,361,3,'KH',22,'2010-04-19 08:25:04'),(747,362,3,'kas',22,'2010-04-19 08:25:20'),(748,363,3,'Qa',22,'2010-04-19 08:26:06'),(749,386,3,'KN',22,'2010-04-19 09:24:40'),(750,290,3,'CO',22,'2010-04-19 08:28:19'),(751,316,3,'XK',22,'2010-04-19 08:28:58'),(752,317,3,'HR',22,'2010-04-19 08:29:30'),(753,364,3,'KW',22,'2010-04-19 08:30:39'),(754,318,3,'let',22,'2010-04-19 08:31:15'),(755,319,3,'FL',22,'2010-04-19 08:31:34'),(756,320,3,'lit',22,'2010-04-19 08:32:08'),(757,365,3,'LB',22,'2010-04-19 08:33:16'),(758,290,6,'CO',22,'2010-04-19 08:33:30'),(759,321,3,'L',22,'2010-04-19 08:37:35'),(760,387,3,'LY',22,'2010-04-19 08:38:16'),(761,366,3,'MY',22,'2010-04-19 08:39:09'),(762,322,3,'MT',22,'2010-04-19 08:39:50'),(763,388,3,'MA',22,'2010-04-19 08:40:22'),(764,389,3,'MA',22,'2010-04-19 09:25:17'),(765,283,3,'MX',22,'2010-04-19 08:42:23'),(766,323,3,'MK',22,'2010-04-19 08:43:30'),(767,323,6,'MK',22,'2010-04-19 08:43:07'),(768,324,3,'mol',22,'2010-04-19 08:44:51'),(769,325,3,'XM',22,'2010-04-19 08:45:34'),(770,367,3,'MN',22,'2010-04-19 08:46:33'),(771,368,3,'NP',22,'2010-04-19 08:46:55'),(772,326,3,'NL',22,'2010-04-19 08:47:59'),(773,300,3,'NZ',22,'2010-04-19 08:48:23'),(774,292,3,'AN',22,'2010-04-19 08:49:49'),(775,292,6,'AN',22,'2010-04-19 08:49:23'),(776,327,3,'NO',22,'2010-04-19 08:50:56'),(777,369,3,'OM',22,'2010-04-19 08:51:59'),(778,370,3,'PK',22,'2010-04-19 08:52:23'),(779,284,3,'PA',22,'2010-04-19 08:53:33'),(780,293,3,'PY',22,'2010-04-19 08:54:15'),(781,294,3,'PE',22,'2010-04-19 08:54:45'),(782,371,3,'PH',22,'2010-04-19 08:56:37'),(783,329,3,'PL',22,'2010-04-19 08:57:19'),(784,330,3,'PT',22,'2010-04-19 08:57:37'),(785,331,3,'RO',22,'2010-04-19 08:58:08'),(786,392,3,'SA',22,'2010-04-19 08:59:45'),(787,391,3,'SE',22,'2010-04-19 09:00:32'),(788,372,3,'SAR',22,'2010-04-19 09:01:14'),(789,335,3,'XS',22,'2010-04-19 09:12:36'),(790,373,3,'SG',22,'2010-04-19 09:02:38'),(791,374,3,'LK',22,'2010-04-19 09:08:43'),(792,337,3,'SLO',22,'2010-04-19 09:03:50'),(793,336,3,'SK',22,'2010-04-19 09:04:56'),(794,333,3,'S',22,'2010-04-19 09:06:46'),(795,376,3,'SY',22,'2010-04-19 09:08:02'),(796,375,3,'KR',22,'2010-04-19 09:08:13'),(797,377,3,'TW',22,'2010-04-19 09:09:14'),(798,378,3,'TH',22,'2010-04-19 09:09:55'),(799,394,3,'TN',22,'2010-04-19 09:10:35'),(800,339,3,'CZ',22,'2010-04-19 09:11:11'),(801,340,3,'TR',22,'2010-04-19 09:11:50'),(802,341,3,'ukr',22,'2010-04-19 09:13:04'),(803,342,3,'HU',22,'2010-04-19 09:13:37'),(804,312,3,'GB',22,'2010-04-19 09:14:04'),(805,295,3,'UY',22,'2010-04-19 09:14:39'),(806,298,3,'USA',22,'2010-04-19 09:15:14'),(807,379,3,'usz',22,'2010-04-19 09:16:02'),(808,296,3,'VE',22,'2010-04-19 09:16:40'),(809,380,3,'AE',22,'2010-04-19 09:17:10'),(810,381,3,'VN',22,'2010-04-19 09:18:00'),(811,343,3,'weis',22,'2010-04-19 09:18:50'),(812,344,3,'CY',22,'2010-04-19 09:19:22'),(813,312,6,'GB',22,'2010-04-19 09:20:24'),(814,382,3,'EG',22,'2010-04-19 09:21:58'),(815,464,3,'attachment',2,'2010-04-19 14:27:16'),(816,449,3,'salutation',2,'2010-04-19 14:27:32'),(817,465,3,'message',2,'2010-04-19 14:27:45'),(818,462,3,'state',2,'2010-04-19 14:27:59'),(819,454,3,'email',2,'2010-04-19 14:28:19'),(820,456,3,'fax',2,'2010-04-19 14:28:26'),(821,453,3,'company',2,'2010-04-19 14:28:39'),(822,457,3,'function',2,'2010-04-19 14:28:53'),(823,463,3,'country',2,'2010-04-19 14:29:06'),(824,452,3,'sname',2,'2010-04-19 14:29:20'),(825,461,3,'city',2,'2010-04-19 14:29:33'),(826,460,3,'zip',2,'2010-04-19 14:29:49'),(827,459,3,'street',2,'2010-04-19 14:30:01'),(828,455,3,'phone',2,'2010-04-19 14:30:12'),(829,450,3,'title',2,'2010-04-19 14:30:24'),(830,458,3,'type',2,'2010-04-19 14:30:40'),(831,451,3,'fname',2,'2010-04-19 14:30:54'),(832,472,1,'BE',22,'2010-04-19 14:39:08'),(833,473,1,'BG',22,'2010-04-19 14:39:24'),(834,474,1,'CY ',22,'2010-04-19 14:39:52'),(835,475,1,'CZ',22,'2010-04-19 14:40:38'),(836,476,1,'DK',22,'2010-04-19 14:40:52'),(837,477,1,'EE',22,'2010-04-19 14:41:14'),(838,478,1,'FI',22,'2010-04-19 14:41:40'),(839,479,1,'FR',22,'2010-04-19 14:41:48'),(840,480,1,'GR',22,'2010-04-19 14:42:20'),(841,481,1,'HU',22,'2010-04-19 14:42:40'),(842,482,1,'IE',22,'2010-04-19 14:42:57'),(843,483,1,'IT',22,'2010-04-19 14:43:09'),(844,484,1,'LV',22,'2010-04-19 14:43:39'),(845,485,1,'LT',22,'2010-04-19 14:44:12'),(846,486,1,'LU',22,'2010-04-19 14:44:46'),(847,487,1,'MT',22,'2010-04-19 14:45:10'),(848,488,1,'NL',22,'2010-04-19 14:45:48'),(849,489,1,'PL',22,'2010-04-19 14:46:34'),(850,490,1,'PT',22,'2010-04-19 14:46:27'),(851,491,1,'RO',22,'2010-04-19 14:47:00'),(852,492,1,'SK',22,'2010-04-19 14:47:23'),(853,493,1,'SI',22,'2010-04-19 14:47:54'),(854,494,1,'ES',22,'2010-04-19 14:48:11'),(855,495,1,'SE',22,'2010-04-19 14:48:42'),(856,496,1,'UK',22,'2010-04-19 14:49:01');
/*!40000 ALTER TABLE `categoryCodes` ENABLE KEYS */;
UNLOCK TABLES;

--
-- Table structure for table `categoryTitles`
--

DROP TABLE IF EXISTS `categoryTitles`;
/*!40101 SET @saved_cs_client     = @@character_set_client */;
/*!40101 SET character_set_client = utf8 */;
CREATE TABLE `categoryTitles` (
  `id` bigint(20) unsigned NOT NULL AUTO_INCREMENT,
  `idCategories` bigint(20) unsigned NOT NULL,
  `idLanguages` int(10) unsigned NOT NULL DEFAULT '1',
  `title` varchar(500) DEFAULT NULL,
  `idUsers` bigint(20) unsigned NOT NULL,
  `changed` timestamp NOT NULL DEFAULT CURRENT_TIMESTAMP ON UPDATE CURRENT_TIMESTAMP,
  PRIMARY KEY (`id`),
  KEY `idCategories` (`idCategories`),
  CONSTRAINT `categoryTitles_ibfk_1` FOREIGN KEY (`idCategories`) REFERENCES `categories` (`id`) ON DELETE CASCADE
) ENGINE=InnoDB AUTO_INCREMENT=1023 DEFAULT CHARSET=utf8 ROW_FORMAT=COMPACT;
/*!40101 SET character_set_client = @saved_cs_client */;

--
-- Dumping data for table `categoryTitles`
--

LOCK TABLES `categoryTitles` WRITE;
/*!40000 ALTER TABLE `categoryTitles` DISABLE KEYS */;
INSERT INTO `categoryTitles` VALUES (1,1,1,'Seiten Kategorien',3,'2010-03-15 17:32:50'),(11,11,1,'Sortierung',3,'2010-03-15 17:32:46'),(12,12,1,'Sortierarten',0,'0000-00-00 00:00:00'),(13,13,1,'Reihenfolge',0,'0000-00-00 00:00:00'),(14,14,1,'absteigend',0,'0000-00-00 00:00:00'),(15,15,1,'aufsteigend',0,'0000-00-00 00:00:00'),(16,16,1,'Alphabet',0,'0000-00-00 00:00:00'),(17,17,1,'Sortierung',0,'0000-00-00 00:00:00'),(18,18,1,'Erstelldatum',0,'0000-00-00 00:00:00'),(19,19,1,'Änderungsdatum',0,'0000-00-00 00:00:00'),(21,21,1,'Seiten Etiketten',3,'2010-03-15 17:32:41'),(27,27,1,'Darstellungsformen',0,'0000-00-00 00:00:00'),(28,28,1,'1-spaltig ohne Bilder',0,'0000-00-00 00:00:00'),(29,29,1,'1-spaltig mit Bilder',0,'0000-00-00 00:00:00'),(30,30,1,'2-spaltig ohne Bilder',0,'0000-00-00 00:00:00'),(31,31,1,'2-spaltig mit Bilder',0,'0000-00-00 00:00:00'),(35,35,1,'Liste ohne Bilder',0,'0000-00-00 00:00:00'),(36,36,1,'Liste mit Bilder',0,'0000-00-00 00:00:00'),(40,40,1,'Veröffentlichungsdatum',0,'0000-00-00 00:00:00'),(42,42,1,'Darstellungsoptionen',0,'0000-00-00 00:00:00'),(43,43,1,'Ähnliche Seiten anzeigen',0,'0000-00-00 00:00:00'),(48,48,1,'Status',3,'2010-02-10 16:18:16'),(49,49,1,'Veranstaltung',0,'0000-00-00 00:00:00'),(50,50,1,'Anmeldung offen',0,'0000-00-00 00:00:00'),(51,51,1,'Wenige Restplätze',0,'0000-00-00 00:00:00'),(52,52,1,'Ausgebucht',0,'0000-00-00 00:00:00'),(54,54,1,'Bereiche',1,'2010-01-27 12:33:29'),(56,56,1,'Startseite',1,'2009-11-11 11:17:29'),(59,54,2,'Regions',1,'2010-01-27 12:33:41'),(63,56,2,'Test 1 EN',0,'0000-00-00 00:00:00'),(79,64,1,'Sub-Navigations-Seiten',3,'2010-02-10 16:18:01'),(80,65,1,'nicht miteinbeziehen',3,'2009-06-23 08:28:09'),(81,66,1,'miteinbeziehen',3,'2009-06-23 08:28:34'),(86,71,1,'Startseiten Karussell',1,'2010-01-27 12:34:25'),(87,72,1,'Competences',3,'2010-03-29 11:41:45'),(88,73,1,'All Ceramics',1,'2009-12-21 09:05:26'),(89,74,1,'Implant Esthetics',1,'2009-12-21 09:05:39'),(90,75,1,'Composites',1,'2009-12-21 09:05:50'),(91,76,1,'Labor',1,'2010-01-27 12:34:34'),(92,76,2,'Labor',1,'2010-01-27 12:34:39'),(93,77,1,'Dental',1,'2010-01-27 12:34:44'),(94,77,2,'Dental',1,'2010-01-27 12:34:56'),(95,78,1,'Top Video',3,'2010-03-29 13:21:32'),(97,80,1,'Top Produkt',1,'2010-01-27 12:57:59'),(98,80,2,'Top Product',1,'2010-01-27 12:58:06'),(99,81,1,'Patientenstudie',1,'2010-01-27 12:59:36'),(100,82,1,'Medien-Darstellungsformen',3,'2010-02-10 16:19:03'),(101,83,1,'linksbündig',3,'2010-02-10 16:20:34'),(102,84,1,'rechtsbündig',3,'2010-02-10 16:20:39'),(452,267,1,'Specials',3,'2010-03-19 15:01:21'),(453,267,2,'Specials',3,'2010-03-19 15:01:27'),(454,268,1,'Länder/Kontinente',3,'2010-03-30 14:33:08'),(455,269,1,'Labortypen',3,'2010-03-30 14:15:50'),(456,270,1,'Distributoren/Sales Funktionen',3,'2010-03-31 14:30:15'),(457,271,1,'Afrika',22,'2010-03-30 09:15:54'),(458,272,1,'Asien',22,'2010-03-30 09:19:43'),(459,273,1,'Australien/Ozeanien',22,'2010-03-30 09:20:04'),(460,274,1,'Nordamerika',22,'2010-03-30 09:23:24'),(461,275,1,'Südamerika',22,'2010-03-30 09:24:11'),(462,276,1,'Zentralamerika',22,'2010-03-30 09:25:09'),(463,277,1,'Europa',22,'2010-03-30 09:22:05'),(464,271,2,'Africa',22,'2010-03-30 09:16:28'),(465,272,2,'Asia',22,'2010-03-30 09:16:59'),(466,273,2,'Australia/Oceania',22,'2010-03-30 09:17:42'),(467,277,2,'Europe',22,'2010-03-30 09:22:42'),(468,274,2,'North america',22,'2010-03-30 09:23:44'),(469,275,2,'South america',22,'2010-03-30 09:24:30'),(470,276,2,'Central America',22,'2010-03-30 09:25:32'),(471,278,1,'Costa Rica',22,'2010-03-30 09:26:19'),(472,278,2,'Costa Rica',22,'2010-03-30 09:27:03'),(473,279,1,'Dominikanische Republik',22,'2010-03-30 09:27:36'),(474,279,2,'Dominican Republic',22,'2010-03-30 09:27:54'),(475,280,1,'El Salvador',3,'2010-03-31 09:24:04'),(476,280,2,'El Salvador',3,'2010-03-31 09:24:09'),(477,281,1,'Guatemala',22,'2010-03-30 09:29:26'),(478,281,2,'Guatemala',22,'2010-03-30 09:29:54'),(479,282,1,'Honduras',22,'2010-03-30 09:30:15'),(480,282,2,'Honduras',22,'2010-03-30 09:30:42'),(481,283,1,'Mexiko',22,'2010-03-30 09:31:22'),(482,283,2,'Mexico',22,'2010-03-30 09:31:40'),(483,284,1,'Panama',22,'2010-03-30 09:32:17'),(484,284,2,'Panama',22,'2010-03-30 09:32:41'),(485,285,1,'Argentinien',22,'2010-03-30 09:33:40'),(486,285,2,'Argentina',22,'2010-03-30 09:33:58'),(487,286,1,'Bolivien',22,'2010-03-30 09:34:44'),(488,286,2,'Bolivia',22,'2010-03-30 09:35:06'),(489,287,1,'Brasilien',22,'2010-03-30 09:35:33'),(490,287,2,'Brazil',22,'2010-03-30 09:35:50'),(491,288,1,'Chile',22,'2010-03-30 09:37:04'),(492,288,2,'Chile',22,'2010-03-30 09:36:46'),(493,289,1,'Ecuador',22,'2010-03-30 09:37:24'),(494,289,2,'Ecuador',22,'2010-03-30 09:38:05'),(495,290,1,'Kolumbien',22,'2010-03-30 09:38:42'),(496,290,2,'Colombia',22,'2010-03-30 09:38:59'),(497,291,1,'Nicaragua',22,'2010-03-30 09:39:37'),(498,291,2,'Nicaragua',22,'2010-03-30 09:39:50'),(499,292,1,'Niederländische Antillen',22,'2010-03-30 09:40:55'),(500,292,2,'Netherland Antilles',22,'2010-03-30 09:42:25'),(501,293,1,'Paraguay',22,'2010-03-30 09:42:44'),(502,293,2,'Paraguay',22,'2010-03-30 09:43:26'),(503,294,1,'Peru',22,'2010-03-30 09:43:52'),(504,294,2,'Peru',22,'2010-03-30 09:44:11'),(505,295,1,'Uruguay',22,'2010-03-30 09:44:27'),(506,295,2,'Uruguay',22,'2010-03-30 09:44:55'),(507,296,1,'Venezuela',22,'2010-03-30 09:45:31'),(508,296,2,'Venezuela',22,'2010-03-30 09:45:58'),(509,297,1,'Kanada',22,'2010-03-30 09:46:42'),(510,297,2,'Canada',22,'2010-03-30 09:46:59'),(511,298,1,'USA',22,'2010-03-30 09:47:19'),(512,298,2,'USA',22,'2010-03-30 09:47:30'),(513,299,1,'Australien',22,'2010-03-30 09:48:22'),(514,299,2,'Australia',22,'2010-03-30 09:48:52'),(515,300,1,'Neuseeland',22,'2010-03-30 09:49:09'),(516,300,2,'New Zealand',22,'2010-03-30 09:49:22'),(517,301,1,'Albanien',22,'2010-03-30 09:52:30'),(518,301,2,'Albania',22,'2010-03-30 09:52:52'),(519,302,1,'Andorra',22,'2010-03-30 09:53:20'),(520,302,2,'Andorra',22,'2010-03-30 09:53:46'),(521,303,1,'Belgien',22,'2010-03-30 11:02:55'),(522,303,2,'Belgium',22,'2010-03-30 09:54:14'),(523,304,1,'Bosnien-Herzegowina',22,'2010-03-30 11:03:17'),(524,304,2,'Bosnia-Herzegovina',22,'2010-03-30 11:03:30'),(525,305,1,'Bulgarien',22,'2010-03-30 11:03:47'),(526,305,2,'Bulgaria',22,'2010-03-30 11:04:04'),(527,306,1,'Dänemark',22,'2010-03-30 11:04:19'),(528,306,2,'Danmark',22,'2010-03-30 11:04:31'),(529,307,1,'Deutschland',22,'2010-03-30 11:04:50'),(530,307,2,'Germany',22,'2010-03-30 11:05:04'),(531,308,1,'Estland',22,'2010-03-30 11:05:19'),(532,308,2,'Estonia',22,'2010-03-30 11:05:36'),(533,309,1,'Finnland',22,'2010-03-30 11:05:58'),(534,309,2,'Finland',22,'2010-03-30 11:06:15'),(535,310,1,'Frankreich',22,'2010-03-30 11:06:29'),(536,310,2,'France',22,'2010-03-30 11:06:42'),(537,311,1,'Griechenland',22,'2010-03-30 11:06:59'),(538,311,2,'Greece',22,'2010-03-30 11:07:13'),(539,312,1,'Grossbritannien',22,'2010-03-30 11:07:27'),(540,312,2,'United Kingdom',22,'2010-03-30 11:07:38'),(541,313,1,'Irland',22,'2010-03-30 11:08:18'),(542,313,2,'Ireland',22,'2010-03-30 11:08:28'),(543,314,1,'Island',22,'2010-03-30 11:08:56'),(544,314,2,'Iceland',22,'2010-03-30 11:09:09'),(545,315,1,'Italien',22,'2010-03-30 11:09:25'),(546,315,2,'Italy',22,'2010-03-30 11:09:39'),(547,316,1,'Kosovo',22,'2010-03-30 11:09:59'),(548,316,2,'Kosovo',22,'2010-03-30 11:10:14'),(549,317,1,'Kroatien',22,'2010-03-30 11:10:26'),(550,317,2,'Croatia',22,'2010-03-30 11:10:37'),(551,318,1,'Lettland',22,'2010-03-30 11:10:53'),(552,318,2,'Latvia',22,'2010-03-30 11:11:06'),(553,319,1,'Liechtenstein',22,'2010-03-30 11:11:24'),(554,319,2,'Liechtenstein',22,'2010-03-30 11:11:37'),(555,320,1,'Litauen',22,'2010-03-30 11:11:51'),(556,320,2,'Lithuania',22,'2010-03-30 11:12:05'),(557,321,1,'Luxemburg',22,'2010-03-30 11:12:24'),(558,321,2,'Luxembourg',22,'2010-03-30 11:12:43'),(559,322,1,'Malta',22,'2010-03-30 11:12:57'),(560,322,2,'Malta',22,'2010-03-30 11:13:15'),(561,323,1,'Mazedonien',22,'2010-03-30 11:13:30'),(562,323,2,'Macedonia',22,'2010-03-30 11:13:41'),(563,324,1,'Moldawien',22,'2010-03-30 11:14:05'),(564,324,2,'Moldavia',22,'2010-03-30 11:14:29'),(565,325,1,'Montenegro',22,'2010-03-30 11:14:40'),(566,325,2,'Montenegro',22,'2010-03-30 11:14:54'),(567,326,1,'Niederlande',22,'2010-03-30 11:15:12'),(568,326,2,'Netherlands',22,'2010-03-30 11:15:23'),(569,327,1,'Norwegen',22,'2010-04-19 08:51:12'),(570,327,2,'Norway',22,'2010-03-30 11:15:51'),(571,328,1,'Österreich',22,'2010-03-30 11:16:22'),(572,328,2,'Austria',22,'2010-03-30 11:16:37'),(573,329,1,'Polen',22,'2010-03-30 11:16:54'),(574,329,2,'Poland',22,'2010-03-30 11:17:06'),(575,330,1,'Portugal',22,'2010-03-30 11:17:20'),(576,330,2,'Portugal',22,'2010-03-30 11:17:36'),(577,331,1,'Rumänien',22,'2010-03-30 11:17:49'),(578,331,2,'Romania',22,'2010-03-30 11:18:03'),(579,332,1,'Russland',22,'2010-03-30 11:18:37'),(580,332,2,'Russia',22,'2010-03-30 11:18:51'),(581,333,1,'Schweden',22,'2010-03-30 11:19:14'),(582,333,2,'Sweden',22,'2010-03-30 11:19:28'),(583,334,1,'Schweiz',22,'2010-03-30 11:19:43'),(584,334,2,'Switzerland',22,'2010-03-30 11:19:58'),(585,335,1,'Serbien',22,'2010-03-30 11:20:13'),(586,335,2,'Serbia',22,'2010-03-30 11:20:25'),(587,336,1,'Slowakei',22,'2010-03-30 11:20:43'),(588,336,2,'Slovakia',22,'2010-03-30 11:20:59'),(589,337,1,'Slowenien',22,'2010-03-30 11:21:16'),(590,337,2,'Slovenia',22,'2010-03-30 11:21:47'),(591,338,1,'Spanien',22,'2010-03-30 11:22:06'),(592,338,2,'Spain',22,'2010-03-30 11:22:35'),(593,339,1,'Tschech. Republik',22,'2010-03-30 11:22:54'),(594,339,2,'Czech Republic',22,'2010-03-30 11:23:13'),(595,340,1,'Türkei',22,'2010-03-30 11:23:32'),(596,340,2,'Turkey',22,'2010-03-30 11:23:47'),(597,341,1,'Ukraine',22,'2010-03-30 11:24:22'),(598,341,2,'Ukraine',22,'2010-03-30 11:24:34'),(599,342,1,'Ungarn',22,'2010-03-30 11:24:53'),(600,342,2,'Hungary',22,'2010-03-30 11:25:07'),(601,343,1,'Weissrussland',22,'2010-03-30 11:25:26'),(602,343,2,'Belarus',22,'2010-03-30 11:25:38'),(603,344,1,'Zypern',22,'2010-03-30 11:25:58'),(604,344,2,'Cyprus',22,'2010-03-30 11:26:14'),(605,345,1,'Afganistan',22,'2010-03-30 11:26:45'),(606,345,2,'Afganistan',22,'2010-03-30 11:26:59'),(607,346,1,'Armenien',22,'2010-03-30 11:27:16'),(608,346,2,'Armenia',22,'2010-03-30 11:27:35'),(609,347,1,'Aserbaidschan',22,'2010-03-30 11:28:00'),(610,347,2,'Azerbaidijan',22,'2010-03-30 11:28:10'),(611,348,1,'Bahrain',22,'2010-03-30 11:28:34'),(612,348,2,'Bahrain',22,'2010-03-30 11:28:40'),(613,349,1,'Bangladesch',22,'2010-03-30 11:29:02'),(614,349,2,'Bangladesh',22,'2010-03-30 11:29:14'),(615,350,1,'China',22,'2010-03-30 11:29:26'),(616,350,2,'China',22,'2010-03-30 11:29:44'),(617,351,1,'Georgien',22,'2010-03-30 11:30:05'),(618,351,2,'Georgia',22,'2010-03-30 11:30:17'),(619,352,1,'Hong Kong',22,'2010-03-30 11:30:32'),(620,352,2,'Hong Kong',22,'2010-03-30 11:30:47'),(621,353,1,'Indien',22,'2010-03-30 11:31:07'),(622,353,2,'India',22,'2010-03-30 11:31:21'),(623,354,1,'Indonesien',22,'2010-03-30 11:31:34'),(624,354,2,'Indonesia',22,'2010-03-30 11:31:45'),(625,355,1,'Irak',22,'2010-03-30 11:32:04'),(626,355,2,'Iraq',22,'2010-03-30 11:32:16'),(627,356,1,'Iran',22,'2010-03-30 11:32:30'),(628,356,2,'Iran',22,'2010-03-30 11:32:44'),(629,357,1,'Israel',22,'2010-03-30 11:33:05'),(630,357,2,'Israel',22,'2010-03-30 11:33:17'),(631,358,1,'Japan',22,'2010-03-30 11:33:31'),(632,358,2,'Japan',22,'2010-03-30 11:33:42'),(633,359,1,'Jemen',22,'2010-03-30 11:33:58'),(634,359,2,'Republic of Yemen',22,'2010-03-30 11:34:09'),(635,360,1,'Jordanien',22,'2010-03-30 11:34:33'),(636,360,2,'Jordan',22,'2010-03-30 11:34:46'),(637,361,1,'Kambodscha',22,'2010-03-30 11:35:06'),(638,361,2,'Cambodia',22,'2010-03-30 11:35:19'),(639,362,1,'Kasachstan',22,'2010-03-30 11:35:47'),(640,362,2,'Kazakhstan',22,'2010-03-30 11:36:01'),(641,363,1,'Katar',22,'2010-03-30 11:36:19'),(642,363,2,'Qatar',22,'2010-03-30 11:36:34'),(643,364,1,'Kuwait',22,'2010-03-30 11:36:52'),(644,364,2,'Kuwait',22,'2010-03-30 11:37:46'),(645,365,1,'Libanon',22,'2010-03-30 11:37:58'),(646,365,2,'Lebanon',22,'2010-03-30 11:38:22'),(647,366,1,'Malaysien',22,'2010-03-30 11:38:36'),(648,366,2,'Malaysia',22,'2010-03-30 11:38:52'),(649,367,1,'Myanmar',22,'2010-03-30 11:39:07'),(650,367,2,'Myanmar',22,'2010-03-30 11:39:30'),(651,368,1,'Nepal',22,'2010-04-19 08:47:02'),(652,368,2,'Nepal',22,'2010-03-30 11:39:59'),(653,369,1,'Oman',22,'2010-03-30 11:40:12'),(654,369,2,'Oman',22,'2010-03-30 11:40:27'),(655,370,1,'Pakistan',22,'2010-03-30 11:40:46'),(656,370,2,'Pakistan',22,'2010-03-30 11:40:58'),(657,371,1,'Philippinen',22,'2010-03-30 11:41:13'),(658,371,2,'Philippines',22,'2010-03-30 11:41:36'),(659,372,1,'Saudi Arabien',22,'2010-03-30 11:41:47'),(660,372,2,'Saudi Arabia',22,'2010-03-30 11:42:08'),(661,373,1,'Singapur',22,'2010-03-30 11:42:18'),(662,373,2,'Singapore',22,'2010-03-30 11:42:32'),(663,374,1,'Sri Lanka',22,'2010-03-30 11:42:52'),(664,374,2,'Sri Lanka',22,'2010-03-30 11:43:08'),(665,375,1,'Süd Korea',22,'2010-03-30 11:43:25'),(666,375,2,'South Korea',22,'2010-03-30 11:43:38'),(667,376,1,'Syrien',22,'2010-03-30 11:43:55'),(668,376,2,'Syria',22,'2010-03-30 11:44:59'),(669,377,1,'Taiwan',22,'2010-03-30 11:45:20'),(670,377,2,'Taiwan',22,'2010-03-30 11:45:37'),(671,378,1,'Thailand',22,'2010-03-30 11:45:58'),(672,378,2,'Thailand',22,'2010-03-30 11:46:08'),(673,379,1,'Usbekistan',22,'2010-03-30 11:46:27'),(674,379,2,'Uzbekistan',22,'2010-03-30 11:46:48'),(675,380,1,'Vereinigte Arabische Emirate',22,'2010-03-30 11:47:07'),(676,380,2,'United Arab Emirates',22,'2010-03-30 11:47:33'),(677,381,1,'Vietnam',22,'2010-03-30 11:47:45'),(678,381,2,'Vietnam',22,'2010-03-30 11:48:02'),(679,382,1,'Ägypten',22,'2010-03-30 11:48:33'),(680,382,2,'Egypt',22,'2010-03-30 11:48:43'),(681,383,1,'Algerien',22,'2010-03-30 11:48:58'),(682,383,2,'Algeria',22,'2010-03-30 11:49:13'),(683,384,1,'Demokratische Republik Kongo',22,'2010-03-30 11:49:25'),(684,384,2,'Democratic Republic Kongo',22,'2010-03-30 11:49:37'),(685,385,1,'Ghana',22,'2010-03-30 11:49:51'),(686,385,2,'Ghana',22,'2010-03-30 11:50:09'),(687,386,1,'Kenia',22,'2010-03-30 11:50:23'),(688,386,2,'Kenia',22,'2010-03-30 11:50:34'),(689,387,1,'Lybien',22,'2010-03-30 11:50:48'),(690,387,2,'Lybia',22,'2010-03-30 11:51:05'),(691,388,1,'Marokko',22,'2010-03-30 11:51:20'),(692,388,2,'Marocco',22,'2010-03-30 11:51:30'),(693,389,1,'Mauritius',22,'2010-03-30 11:51:49'),(694,389,2,'Mauritius',22,'2010-03-30 11:52:00'),(695,390,1,'Nigeria',22,'2010-03-30 11:52:38'),(696,390,2,'Nigeria',22,'2010-03-30 11:52:51'),(697,391,1,'Senegal',22,'2010-03-30 11:53:15'),(698,391,2,'Senegal',22,'2010-03-30 11:53:44'),(699,392,1,'Südafrika',22,'2010-03-30 11:53:50'),(700,392,2,'Republic of South Africa',22,'2010-03-30 11:54:14'),(701,393,1,'Sudan',22,'2010-03-30 11:54:22'),(702,393,2,'Sudan',22,'2010-03-30 11:54:35'),(703,394,1,'Tunesien',22,'2010-03-30 11:54:50'),(704,394,2,'Tunisia',22,'2010-03-30 11:55:05'),(705,395,1,'BPS® Labor',22,'2010-03-30 11:57:11'),(706,396,1,'BPS Dentist',2,'2010-04-08 13:37:43'),(707,395,2,'BPS® Labor',22,'2010-03-30 12:04:29'),(708,396,2,'BSP Dentist',22,'2010-03-30 12:04:50'),(709,397,1,'Empress Esthetic Labor',22,'2010-03-30 12:05:14'),(710,397,2,'Empress Esthetic Labor',22,'2010-03-30 12:05:27'),(711,398,1,'Empress Labor',22,'2010-03-30 12:05:47'),(712,398,2,'Empress Labor',22,'2010-03-30 12:06:14'),(713,399,1,'IPS d.sign',22,'2010-03-30 12:06:38'),(714,399,2,'IPS d.sign',22,'2010-03-30 12:06:48'),(715,400,1,'IPS e.max',22,'2010-03-30 12:07:13'),(716,400,2,'IPS e.max',22,'2010-03-30 12:07:21'),(717,401,1,'IPS inline',22,'2010-03-30 12:07:37'),(718,401,2,'IPS inline',22,'2010-03-30 12:07:47'),(719,402,1,'SR Adoro',22,'2010-03-30 12:08:03'),(720,402,2,'SR Adoro',22,'2010-03-30 12:08:12'),(721,403,1,'SR Adoro / Vectris Labor',22,'2010-03-30 12:08:35'),(722,403,2,'SR Adoro / Vectris Labor',22,'2010-03-30 12:08:45'),(723,404,1,'SR Ivocap',22,'2010-03-30 12:09:02'),(724,404,2,'SR Ivocap',22,'2010-03-30 12:09:12'),(725,405,1,'Targis / Vectris Labor',22,'2010-03-30 12:09:32'),(726,405,2,'Targis / Vectris Labor',22,'2010-03-30 12:10:17'),(727,406,1,'Area Manager',22,'2010-03-30 12:10:58'),(728,406,2,'Area Manager',22,'2010-03-30 12:11:09'),(729,407,1,'AREA SALES MANAGER RUSSIA HEAD OF REPRESENTATIVE OFFICE',22,'2010-03-30 12:11:24'),(730,407,2,'AREA SALES MANAGER RUSSIA HEAD OF REPRESENTATIVE OFFICE',22,'2010-03-30 12:11:29'),(731,408,1,'ASSISTENT GEBIETSVERKAUFSLEITER',22,'2010-03-30 12:11:42'),(732,408,2,'ASSISTENT GEBIETSVERKAUFSLEITER',22,'2010-03-30 12:11:54'),(733,409,1,'CHIEF EXECUTIVE OFFICER',22,'2010-03-30 12:11:58'),(734,409,2,'CHIEF EXECUTIVE OFFICER',22,'2010-03-30 12:12:01'),(735,410,1,'CHIEF SALES OFFICER',22,'2010-03-30 12:12:12'),(736,410,2,'CHIEF SALES OFFICER',22,'2010-03-30 12:12:32'),(737,411,1,'CM SALES & DISTRIBUTION',22,'2010-03-30 12:12:36'),(738,411,2,'CM SALES & DISTRIBUTION',22,'2010-03-30 12:12:40'),(739,412,1,'Consulente di Area',22,'2010-03-30 12:12:52'),(740,412,2,'Consulente di Area',22,'2010-03-30 12:13:06'),(741,413,1,'CONSULTANT TECHNICAL',22,'2010-03-30 12:13:11'),(742,413,2,'CONSULTANT TECHNICAL',22,'2010-03-30 12:13:24'),(743,414,1,'COUNTRY MANAGER INDIA',22,'2010-03-30 12:13:39'),(744,414,2,'COUNTRY MANAGER INDIA',22,'2010-03-30 12:13:45'),(745,415,1,'DIRECTOR OF CANADIAN OPERATIONS',22,'2010-03-30 12:14:18'),(746,415,2,'DIRECTOR OF CANADIAN OPERATIONS',22,'2010-03-30 12:14:22'),(747,416,1,'GEBIETSVERKAUFSLEITER /IN',22,'2010-03-30 12:14:35'),(748,416,2,'GEBIETSVERKAUFSLEITER /IN',22,'2010-03-30 12:14:39'),(749,417,1,'GEBIETSVERKAUFSLEITER /IN clinical',22,'2010-03-30 12:14:53'),(750,417,2,'GEBIETSVERKAUFSLEITER /IN clinical',22,'2010-03-30 12:15:07'),(751,418,1,'GEBIETSVERKAUFSLEITER /IN technical',22,'2010-03-30 12:15:14'),(752,418,2,'GEBIETSVERKAUFSLEITER /IN technical',22,'2010-03-30 12:15:20'),(753,419,1,'GENERAL MANAGER',22,'2010-03-30 12:15:33'),(754,419,2,'GENERAL MANAGER',22,'2010-03-30 12:15:36'),(755,420,1,'INTERNATIONAL CUSTOMER SERVICE / SALES OPERATIONS',22,'2010-03-30 12:15:53'),(756,420,2,'INTERNATIONAL CUSTOMER SERVICE / SALES OPERATIONS',22,'2010-03-30 12:16:05'),(757,421,1,'INTERNATIONAL PROFESSIONAL SERVICES / ICDE',22,'2010-03-30 12:16:11'),(758,421,2,'INTERNATIONAL PROFESSIONAL SERVICES / ICDE',22,'2010-03-30 12:16:24'),(759,422,1,'MANAGING DIRECTOR',22,'2010-03-30 12:16:30'),(760,422,2,'MANAGING DIRECTOR',22,'2010-03-30 12:16:45'),(761,423,1,'MARKETING MANAGER',22,'2010-03-30 12:16:57'),(762,423,2,'MARKETING MANAGER',22,'2010-03-30 12:17:01'),(763,424,1,'PRODUCT MANAGER',22,'2010-03-30 12:17:19'),(764,424,2,'PRODUCT MANAGER',22,'2010-03-30 12:17:23'),(765,425,1,'PRODUKTE-BERATER /IN CLINICAL',22,'2010-03-30 12:17:38'),(766,425,2,'PRODUKTE-BERATER /IN CLINICAL',22,'2010-03-30 12:17:46'),(767,426,1,'PRODUKTE-BERATER /IN TECHNICAL',22,'2010-03-30 12:18:02'),(768,426,2,'PRODUKTE-BERATER /IN TECHNICAL',22,'2010-03-30 12:18:13'),(769,427,1,'PROFESSIONAL SERVICE MANAGER',22,'2010-03-30 12:18:28'),(770,427,2,'PROFESSIONAL SERVICE MANAGER',22,'2010-03-30 12:18:32'),(771,428,1,'Rivenditore Clinical',22,'2010-03-30 12:18:43'),(772,428,2,'Rivenditore Clinical',22,'2010-03-30 12:18:46'),(773,429,1,'Rivenditore Leghe',22,'2010-03-30 12:19:01'),(774,429,2,'Rivenditore Leghe',22,'2010-03-30 12:19:05'),(775,430,1,'Rivenditore Technical',22,'2010-03-30 12:19:18'),(776,430,2,'Rivenditore Technical',22,'2010-03-30 12:19:49'),(777,431,1,'Rivenditore Technical/Clinical',22,'2010-03-30 12:19:54'),(778,431,2,'Rivenditore Technical/Clinical',22,'2010-03-30 12:19:58'),(779,432,1,'SALES AND MARKETING DIRECTOR',22,'2010-03-30 12:20:12'),(780,432,2,'SALES AND MARKETING DIRECTOR',22,'2010-03-30 12:20:23'),(781,433,1,'SALES AND MARKETING MANAGER',22,'2010-03-30 12:20:32'),(782,433,2,'SALES AND MARKETING MANAGER',22,'2010-03-30 12:20:37'),(783,434,1,'SALES DIRECTOR CIS',22,'2010-03-30 12:20:52'),(784,434,2,'SALES DIRECTOR CIS',22,'2010-03-30 12:21:11'),(785,435,1,'SALES REPRESENTATIVE',22,'2010-03-30 12:21:17'),(786,435,2,'SALES REPRESENTATIVE',22,'2010-03-30 12:21:21'),(787,436,1,'SALES REPRESENTATIVE CLINICAL',22,'2010-03-30 12:21:35'),(788,436,2,'SALES REPRESENTATIVE CLINICAL',22,'2010-03-30 12:21:40'),(789,437,1,'SALES REPRESENTATIVE TECHNICAL',22,'2010-03-30 12:22:02'),(790,437,2,'SALES REPRESENTATIVE TECHNICAL',22,'2010-03-30 12:22:06'),(791,438,1,'SENIOR GEBIETSVERKAUFSLEITER',22,'2010-03-30 12:22:29'),(792,438,2,'SENIOR GEBIETSVERKAUFSLEITER',22,'2010-03-30 12:22:33'),(793,439,1,'State Manager',22,'2010-03-30 12:22:42'),(794,439,2,'State Manager',22,'2010-03-30 12:22:48'),(795,440,1,'TECHNICAL INSTRUCTOR',22,'2010-03-30 12:23:09'),(796,440,2,'TECHNICAL INSTRUCTOR',22,'2010-03-30 12:23:13'),(797,441,1,'VERKAUFSDIREKTOR',22,'2010-03-30 12:23:32'),(798,441,2,'VERKAUFSDIREKTOR',22,'2010-03-30 12:23:35'),(799,442,1,'VERKAUFSDIREKTOR ASIEN',22,'2010-03-30 12:23:46'),(800,442,2,'VERKAUFSDIREKTOR ASIEN',22,'2010-03-30 12:23:51'),(801,443,1,'VERKAUFSDIREKTOR SÜDAMERIKA',22,'2010-03-30 12:24:05'),(802,443,2,'VERKAUFSDIREKTOR SÜDAMERIKA',22,'2010-03-30 12:24:10'),(803,444,1,'VICE PRESIDENT SALES CLINICAL',22,'2010-03-30 12:24:24'),(804,444,2,'VICE PRESIDENT SALES CLINICAL',22,'2010-03-30 12:24:28'),(805,445,1,'VICE PRESIDENT SALES TECHNICAL',22,'2010-03-30 12:24:49'),(806,445,2,'VICE PRESIDENT SALES TECHNICAL',22,'2010-03-30 12:25:03'),(809,447,1,'Karussell',3,'2010-04-01 13:47:10'),(810,448,1,'Formularfelder',2,'2010-04-02 12:22:17'),(811,449,1,'Anrede',2,'2010-04-02 12:22:35'),(812,450,1,'Titel',2,'2010-04-02 12:22:44'),(813,451,1,'Vorname',2,'2010-04-02 12:22:55'),(814,452,1,'Nachname',2,'2010-04-02 12:23:04'),(815,453,1,'Firma',2,'2010-04-02 12:23:24'),(816,454,1,'E-Mail',2,'2010-04-02 12:23:39'),(817,455,1,'Telefon',2,'2010-04-02 12:23:56'),(818,456,1,'Fax',2,'2010-04-02 12:24:04'),(819,457,1,'Funktion',2,'2010-04-02 12:24:16'),(820,458,1,'Typ des Unternehmens',2,'2010-04-02 12:24:44'),(821,459,1,'Straße',2,'2010-04-02 12:24:54'),(822,460,1,'PLZ',2,'2010-04-02 12:25:05'),(823,461,1,'Ort',2,'2010-04-02 12:25:14'),(824,462,1,'Bundesland',2,'2010-04-02 12:25:23'),(825,463,1,'Land',2,'2010-04-02 12:25:36'),(826,465,1,'Bemerkungen',2,'2010-04-06 15:33:57'),(827,464,1,'Anhang/Beilage',2,'2010-04-06 15:33:57'),(828,464,2,'CV/Resume',2,'2010-04-06 15:33:57'),(829,73,2,'All Ceramics',3,'2010-04-12 06:57:23'),(830,73,3,'All Ceramics',3,'2010-04-12 06:57:26'),(831,75,2,'Composites',3,'2010-04-12 06:57:34'),(832,75,3,'Composites',3,'2010-04-12 06:57:38'),(833,74,2,'Implant Esthetics',3,'2010-04-12 06:57:44'),(834,74,3,'Implant Esthetics',3,'2010-04-12 06:57:48'),(835,451,2,'First name',3,'2010-04-12 14:35:05'),(836,449,2,'Salutation',2,'2010-04-12 14:36:34'),(837,465,2,'Message',2,'2010-04-12 14:36:45'),(838,462,2,'State',2,'2010-04-12 14:37:04'),(839,454,2,'E-mail',2,'2010-04-12 14:37:22'),(840,456,2,'Fax',2,'2010-04-12 14:37:38'),(841,453,2,'Company',2,'2010-04-12 14:37:49'),(842,457,2,'Function',2,'2010-04-12 14:38:01'),(843,463,2,'Country',2,'2010-04-12 14:38:12'),(844,452,2,'Last name',2,'2010-04-12 14:38:24'),(845,461,2,'City',2,'2010-04-12 14:38:36'),(846,460,2,'ZIP',2,'2010-04-12 14:38:50'),(847,459,2,'Street',2,'2010-04-12 14:39:02'),(848,455,2,'Phone',2,'2010-04-12 14:39:13'),(849,450,2,'Title',2,'2010-04-12 14:39:23'),(850,458,2,'Company type',2,'2010-04-12 14:40:12'),(851,466,1,'Regionen',3,'2010-04-16 09:44:08'),(852,467,1,'Europa eNews',3,'2010-04-16 09:44:36'),(853,468,1,'Germany',22,'2010-04-19 14:42:02'),(854,469,1,'Switzerland',22,'2010-04-19 14:50:35'),(855,470,1,'Austria',22,'2010-04-19 14:38:44'),(856,471,1,'Liechtenstein',3,'2010-04-16 09:47:02'),(857,275,3,'Sudamérica',3,'2010-04-16 14:21:28'),(858,274,3,'Norteamérica',3,'2010-04-16 14:22:26'),(859,276,3,'América Central',3,'2010-04-16 14:23:03'),(860,277,3,'Europa',3,'2010-04-16 14:23:37'),(861,273,3,'Australia / Oceanía',3,'2010-04-16 14:23:59'),(862,272,3,'Asia',3,'2010-04-16 14:24:24'),(863,271,3,'África',3,'2010-04-16 14:24:51'),(864,301,3,'Albania',22,'2010-04-19 07:49:31'),(865,338,3,'España',22,'2010-04-19 09:05:45'),(866,303,3,'Bélgica',22,'2010-04-19 07:57:33'),(867,334,3,'Suiza',22,'2010-04-19 09:07:24'),(868,302,3,'Andorra',22,'2010-04-19 07:50:34'),(869,383,3,'Argelia',22,'2010-04-19 07:48:05'),(870,345,3,'Afganistan',22,'2010-04-19 07:49:01'),(871,285,3,'Argentina',22,'2010-04-19 08:00:38'),(872,346,3,'Armenia',22,'2010-04-19 07:52:45'),(873,347,3,'Azerbaiyán',22,'2010-04-19 07:53:38'),(874,299,3,'Australia',22,'2010-04-19 07:54:26'),(875,328,3,'Austria',22,'2010-04-19 07:55:14'),(876,348,3,'Bahrein',22,'2010-04-19 07:56:20'),(877,349,3,'Bangladesch',22,'2010-04-19 07:57:08'),(878,304,3,'Bosnia- Herzegovina',22,'2010-04-19 07:58:30'),(879,287,3,'Brasil',22,'2010-04-19 07:59:30'),(880,286,3,'Bolivia',22,'2010-04-19 08:00:14'),(881,305,3,'Bulgaria',22,'2010-04-19 08:01:05'),(882,297,3,'Canadá',22,'2010-04-19 08:02:08'),(883,288,3,'Chile',22,'2010-04-19 08:02:51'),(884,350,3,'China',22,'2010-04-19 08:03:50'),(885,350,6,'Chine',22,'2010-04-19 08:04:22'),(886,278,3,'Costa Rica',22,'2010-04-19 08:06:08'),(887,306,3,'Dinamarca',22,'2010-04-19 08:06:54'),(888,384,3,'Democratic Republic Kongo',22,'2010-04-19 08:07:24'),(889,384,6,'Democratic Republic Kongo',22,'2010-04-19 08:07:50'),(890,307,3,'Alemania',22,'2010-04-19 08:08:28'),(891,279,3,'República Dominicana',22,'2010-04-19 08:09:19'),(892,280,3,'El Salvador',22,'2010-04-19 08:10:41'),(893,308,3,'Estonia',22,'2010-04-19 08:11:48'),(894,309,3,'Finlandia',22,'2010-04-19 08:12:04'),(895,310,3,'Francia',22,'2010-04-19 08:12:39'),(896,351,3,'Georgia',22,'2010-04-19 08:13:11'),(897,311,3,'Grecia',22,'2010-04-19 08:13:53'),(898,281,3,'Guatemala',22,'2010-04-19 08:14:35'),(899,282,3,'Honduras',22,'2010-04-19 08:15:12'),(900,352,3,'Hong Kong',22,'2010-04-19 09:22:44'),(901,353,3,'India',22,'2010-04-19 08:16:52'),(902,354,3,'Indonesia',22,'2010-04-19 08:17:12'),(903,355,3,'Iraq',22,'2010-04-19 08:17:55'),(904,356,3,'Irán',22,'2010-04-19 08:18:29'),(905,357,3,'Israel',22,'2010-04-19 08:19:09'),(906,313,3,'Irlanda',22,'2010-04-19 08:19:57'),(907,314,3,'Island',22,'2010-04-19 08:20:57'),(908,315,3,'Italia',22,'2010-04-19 08:22:12'),(909,358,3,'Japón',22,'2010-04-19 08:22:58'),(910,359,3,'Yemen',22,'2010-04-19 08:23:33'),(911,360,3,'Jordania',22,'2010-04-19 08:24:16'),(912,361,3,'Camboya',22,'2010-04-19 08:25:04'),(913,362,3,'Kazajistán',22,'2010-04-19 08:25:20'),(914,363,3,'Qatar',22,'2010-04-19 08:26:06'),(915,386,3,'Kenia',22,'2010-04-19 09:24:40'),(916,290,3,'Colombia',22,'2010-04-19 08:28:19'),(917,316,3,'Kosovo',22,'2010-04-19 08:28:58'),(918,317,3,'Croacia',22,'2010-04-19 08:29:30'),(919,364,3,'Kuwait',22,'2010-04-19 08:30:39'),(920,318,3,'Letonia',22,'2010-04-19 08:31:15'),(921,319,3,'Liechtenstein',22,'2010-04-19 08:31:34'),(922,320,3,'Lituania',22,'2010-04-19 08:32:08'),(923,365,3,'Líbano',22,'2010-04-19 08:33:16'),(924,290,6,'Colombia',22,'2010-04-19 08:33:30'),(925,321,3,'Luxemburgo',22,'2010-04-19 08:37:35'),(926,387,3,'Libia',22,'2010-04-19 08:38:16'),(927,366,3,'Malasia',22,'2010-04-19 08:39:09'),(928,322,3,'Malta',22,'2010-04-19 08:39:50'),(929,388,3,'Marruecos',22,'2010-04-19 08:40:22'),(930,389,3,'Mauritius',22,'2010-04-19 09:25:17'),(931,283,3,'México',22,'2010-04-19 08:42:23'),(932,323,3,'Macedonia',22,'2010-04-19 08:43:30'),(933,323,6,'Macedonia',22,'2010-04-19 08:43:07'),(934,324,3,'Moldavia',22,'2010-04-19 08:44:51'),(935,325,3,'Montenegro',22,'2010-04-19 08:45:34'),(936,367,3,'Myanmar',22,'2010-04-19 08:46:33'),(937,368,3,'Nepal',22,'2010-04-19 08:46:55'),(938,326,3,'Países Bajos (Holanda)',22,'2010-04-19 08:47:59'),(939,300,3,'Nueva Zelanda',22,'2010-04-19 08:48:23'),(940,292,3,'Antillas Holandesas',22,'2010-04-19 08:49:49'),(941,292,6,'Netherland Antilles',22,'2010-04-19 08:49:23'),(942,327,3,'Noruega',22,'2010-04-19 08:50:56'),(943,369,3,'Omán',22,'2010-04-19 08:51:59'),(944,370,3,'Pakistán',22,'2010-04-19 08:52:23'),(945,284,3,'Panamá',22,'2010-04-19 08:53:33'),(946,293,3,'Paraguay',22,'2010-04-19 08:54:15'),(947,294,3,'Perú',22,'2010-04-19 08:54:45'),(948,371,3,'Filipinas',22,'2010-04-19 08:56:37'),(949,329,3,'Polonia',22,'2010-04-19 08:57:19'),(950,330,3,'Portugal',22,'2010-04-19 08:57:37'),(951,331,3,'Rumania',22,'2010-04-19 08:58:08'),(952,392,3,'República de Sudáfrica',22,'2010-04-19 08:59:45'),(953,391,3,'Senegal',22,'2010-04-19 09:00:32'),(954,372,3,'Arabia Saudita',22,'2010-04-19 09:01:14'),(955,335,3,'Serbia',22,'2010-04-19 09:12:36'),(956,373,3,'Singapur',22,'2010-04-19 09:02:38'),(957,374,3,'Sri Lanka',22,'2010-04-19 09:08:43'),(958,337,3,'Eslovenia',22,'2010-04-19 09:03:50'),(959,336,3,'Eslovaquia',22,'2010-04-19 09:04:56'),(960,333,3,'Suecia',22,'2010-04-19 09:06:46'),(961,376,3,'Siria',22,'2010-04-19 09:08:02'),(962,375,3,'Corea del Sur',22,'2010-04-19 09:08:13'),(963,377,3,'Taiwán',22,'2010-04-19 09:09:14'),(964,378,3,'Tailandia',22,'2010-04-19 09:09:55'),(965,394,3,'Túnez',22,'2010-04-19 09:10:35'),(966,339,3,'República Checa',22,'2010-04-19 09:11:11'),(967,340,3,'Turquía',22,'2010-04-19 09:11:50'),(968,341,3,'Ucrania',22,'2010-04-19 09:13:04'),(969,342,3,'Hungría',22,'2010-04-19 09:13:37'),(970,312,3,'Reino Unido',22,'2010-04-19 09:14:04'),(971,295,3,'Uruguay',22,'2010-04-19 09:14:39'),(972,298,3,'Estados Unidos',22,'2010-04-19 09:15:14'),(973,379,3,'Uzbekistán',22,'2010-04-19 09:16:02'),(974,296,3,'Venezuela',22,'2010-04-19 09:16:40'),(975,380,3,'Emiratos Árabes Unidos',22,'2010-04-19 09:17:10'),(976,381,3,'Vietnam',22,'2010-04-19 09:18:00'),(977,343,3,'Bielorrousia',22,'2010-04-19 09:18:50'),(978,344,3,'Chipre',22,'2010-04-19 09:19:22'),(979,312,6,'Grande Bretagne',22,'2010-04-19 09:20:24'),(980,382,3,'Egipto',22,'2010-04-19 09:21:58'),(981,464,3,'CV/Resume',2,'2010-04-19 14:27:16'),(982,449,3,'Salutation',2,'2010-04-19 14:27:32'),(983,465,3,'Message',2,'2010-04-19 14:27:45'),(984,462,3,'State',2,'2010-04-19 14:27:59'),(985,454,3,'E-mail',2,'2010-04-19 14:28:19'),(986,456,3,'Fax',2,'2010-04-19 14:28:26'),(987,453,3,'Company',2,'2010-04-19 14:28:39'),(988,457,3,'Function',2,'2010-04-19 14:28:53'),(989,463,3,'Country',2,'2010-04-19 14:29:06'),(990,452,3,'Last name',2,'2010-04-19 14:29:20'),(991,461,3,'City',2,'2010-04-19 14:29:33'),(992,460,3,'ZIP',2,'2010-04-19 14:29:49'),(993,459,3,'Street',2,'2010-04-19 14:30:01'),(994,455,3,'Phone',2,'2010-04-19 14:30:12'),(995,450,3,'Title',2,'2010-04-19 14:30:24'),(996,458,3,'Company type',2,'2010-04-19 14:30:40'),(997,451,3,'First name',2,'2010-04-19 14:30:54'),(998,472,1,'Belgium',22,'2010-04-19 14:39:08'),(999,473,1,'Bulgaria',22,'2010-04-19 14:39:24'),(1000,474,1,'Cyprus',22,'2010-04-19 14:39:52'),(1001,475,1,'Czech Republic',22,'2010-04-19 14:40:37'),(1002,476,1,'Denmark',22,'2010-04-19 14:40:52'),(1003,477,1,'Estonia',22,'2010-04-19 14:41:14'),(1004,478,1,'Finland',22,'2010-04-19 14:41:40'),(1005,479,1,'France',22,'2010-04-19 14:41:48'),(1006,480,1,'Greece',22,'2010-04-19 14:42:20'),(1007,481,1,'Hungary',22,'2010-04-19 14:42:40'),(1008,482,1,'Ireland',22,'2010-04-19 14:42:57'),(1009,483,1,'Italy',22,'2010-04-19 14:43:09'),(1010,484,1,'Latvia',22,'2010-04-19 14:43:39'),(1011,485,1,'Lithuania',22,'2010-04-19 14:44:12'),(1012,486,1,'Luxembourg',22,'2010-04-19 14:44:46'),(1013,487,1,'Malta',22,'2010-04-19 14:45:10'),(1014,488,1,'Netherlands',22,'2010-04-19 14:45:48'),(1015,489,1,'Poland',22,'2010-04-19 14:46:34'),(1016,490,1,'Portugal',22,'2010-04-19 14:46:27'),(1017,491,1,'Romania',22,'2010-04-19 14:47:00'),(1018,492,1,'Slovakia',22,'2010-04-19 14:47:23'),(1019,493,1,'Slovenia',22,'2010-04-19 14:47:54'),(1020,494,1,'Spain',22,'2010-04-19 14:48:11'),(1021,495,1,'Sweden',22,'2010-04-19 14:48:42'),(1022,496,1,'United Kingdom',22,'2010-04-19 14:49:01');
/*!40000 ALTER TABLE `categoryTitles` ENABLE KEYS */;
UNLOCK TABLES;

--
-- Table structure for table `categoryTypes`
--

DROP TABLE IF EXISTS `categoryTypes`;
/*!40101 SET @saved_cs_client     = @@character_set_client */;
/*!40101 SET character_set_client = utf8 */;
CREATE TABLE `categoryTypes` (
  `id` bigint(20) unsigned NOT NULL AUTO_INCREMENT,
  `title` varchar(255) NOT NULL,
  PRIMARY KEY (`id`)
) ENGINE=InnoDB AUTO_INCREMENT=4 DEFAULT CHARSET=utf8;
/*!40101 SET character_set_client = @saved_cs_client */;

--
-- Dumping data for table `categoryTypes`
--

LOCK TABLES `categoryTypes` WRITE;
/*!40000 ALTER TABLE `categoryTypes` DISABLE KEYS */;
INSERT INTO `categoryTypes` VALUES (1,'default'),(2,'system'),(3,'label');
/*!40000 ALTER TABLE `categoryTypes` ENABLE KEYS */;
UNLOCK TABLES;

--
-- Table structure for table `contact-DEFAULT_CONTACT-1-InstanceFiles`
--

DROP TABLE IF EXISTS `contact-DEFAULT_CONTACT-1-InstanceFiles`;
/*!40101 SET @saved_cs_client     = @@character_set_client */;
/*!40101 SET character_set_client = utf8 */;
CREATE TABLE `contact-DEFAULT_CONTACT-1-InstanceFiles` (
  `id` bigint(20) unsigned NOT NULL AUTO_INCREMENT,
  `idContacts` bigint(20) unsigned NOT NULL,
  `sortPosition` int(10) unsigned NOT NULL,
  `idFiles` bigint(20) unsigned NOT NULL,
  `idFields` bigint(20) unsigned NOT NULL,
  PRIMARY KEY (`id`),
  KEY `idContacts` (`idContacts`),
  KEY `idFiles` (`idFiles`),
  CONSTRAINT `contact-DEFAULT_CONTACT-1-InstanceFiles_ibfk_1` FOREIGN KEY (`idContacts`) REFERENCES `contacts` (`id`) ON DELETE CASCADE,
  CONSTRAINT `contact-DEFAULT_CONTACT-1-InstanceFiles_ibfk_2` FOREIGN KEY (`idFiles`) REFERENCES `files` (`id`) ON DELETE CASCADE
) ENGINE=InnoDB AUTO_INCREMENT=8 DEFAULT CHARSET=utf8 ROW_FORMAT=COMPACT;
/*!40101 SET character_set_client = @saved_cs_client */;

--
-- Dumping data for table `contact-DEFAULT_CONTACT-1-InstanceFiles`
--

LOCK TABLES `contact-DEFAULT_CONTACT-1-InstanceFiles` WRITE;
/*!40000 ALTER TABLE `contact-DEFAULT_CONTACT-1-InstanceFiles` DISABLE KEYS */;
INSERT INTO `contact-DEFAULT_CONTACT-1-InstanceFiles` VALUES (6,6,1,1,84),(7,6,1,2,175);
/*!40000 ALTER TABLE `contact-DEFAULT_CONTACT-1-InstanceFiles` ENABLE KEYS */;
UNLOCK TABLES;

--
-- Table structure for table `contact-DEFAULT_CONTACT-1-InstanceMultiFields`
--

DROP TABLE IF EXISTS `contact-DEFAULT_CONTACT-1-InstanceMultiFields`;
/*!40101 SET @saved_cs_client     = @@character_set_client */;
/*!40101 SET character_set_client = utf8 */;
CREATE TABLE `contact-DEFAULT_CONTACT-1-InstanceMultiFields` (
  `id` bigint(20) unsigned NOT NULL AUTO_INCREMENT,
  `idContacts` bigint(20) unsigned NOT NULL,
  `idRelation` bigint(20) unsigned NOT NULL,
  `value` varchar(255) DEFAULT NULL,
  `idFields` bigint(20) unsigned NOT NULL,
  PRIMARY KEY (`id`),
  KEY `idContacts` (`idContacts`),
  CONSTRAINT `contact-DEFAULT_CONTACT-1-InstanceMultiFields_ibfk_1` FOREIGN KEY (`idContacts`) REFERENCES `contacts` (`id`) ON DELETE CASCADE
) ENGINE=InnoDB DEFAULT CHARSET=utf8 ROW_FORMAT=COMPACT;
/*!40101 SET character_set_client = @saved_cs_client */;

--
-- Dumping data for table `contact-DEFAULT_CONTACT-1-InstanceMultiFields`
--

LOCK TABLES `contact-DEFAULT_CONTACT-1-InstanceMultiFields` WRITE;
/*!40000 ALTER TABLE `contact-DEFAULT_CONTACT-1-InstanceMultiFields` DISABLE KEYS */;
/*!40000 ALTER TABLE `contact-DEFAULT_CONTACT-1-InstanceMultiFields` ENABLE KEYS */;
UNLOCK TABLES;

--
-- Table structure for table `contact-DEFAULT_CONTACT-1-Instances`
--

DROP TABLE IF EXISTS `contact-DEFAULT_CONTACT-1-Instances`;
/*!40101 SET @saved_cs_client     = @@character_set_client */;
/*!40101 SET character_set_client = utf8 */;
CREATE TABLE `contact-DEFAULT_CONTACT-1-Instances` (
  `id` bigint(20) unsigned NOT NULL AUTO_INCREMENT,
  `idContacts` bigint(20) unsigned NOT NULL,
  `idUsers` bigint(20) unsigned NOT NULL,
  `creator` bigint(20) unsigned NOT NULL,
  `created` timestamp NULL DEFAULT NULL,
  `changed` timestamp NOT NULL DEFAULT CURRENT_TIMESTAMP ON UPDATE CURRENT_TIMESTAMP,
  PRIMARY KEY (`id`),
  KEY `idContacts` (`idContacts`),
  CONSTRAINT `contact-DEFAULT_CONTACT-1-Instances_ibfk_1` FOREIGN KEY (`idContacts`) REFERENCES `contacts` (`id`) ON DELETE CASCADE
) ENGINE=InnoDB DEFAULT CHARSET=utf8 ROW_FORMAT=COMPACT;
/*!40101 SET character_set_client = @saved_cs_client */;

--
-- Dumping data for table `contact-DEFAULT_CONTACT-1-Instances`
--

LOCK TABLES `contact-DEFAULT_CONTACT-1-Instances` WRITE;
/*!40000 ALTER TABLE `contact-DEFAULT_CONTACT-1-Instances` DISABLE KEYS */;
/*!40000 ALTER TABLE `contact-DEFAULT_CONTACT-1-Instances` ENABLE KEYS */;
UNLOCK TABLES;

--
-- Table structure for table `contacts`
--

DROP TABLE IF EXISTS `contacts`;
/*!40101 SET @saved_cs_client     = @@character_set_client */;
/*!40101 SET character_set_client = utf8 */;
CREATE TABLE `contacts` (
  `id` bigint(20) unsigned NOT NULL AUTO_INCREMENT,
  `idGenericForms` bigint(20) unsigned NOT NULL,
  `idUsers` bigint(20) unsigned NOT NULL COMMENT 'Person, letzte Änderung',
  `creator` bigint(20) unsigned NOT NULL,
  `idUnits` bigint(20) unsigned NOT NULL,
  `salutation` varchar(255) DEFAULT NULL,
  `title` varchar(255) DEFAULT NULL,
  `fname` varchar(255) NOT NULL,
  `sname` varchar(255) NOT NULL,
  `position` varchar(255) DEFAULT NULL,
  `phone` varchar(128) DEFAULT NULL,
  `mobile` varchar(128) DEFAULT NULL,
  `fax` varchar(128) DEFAULT NULL,
  `email` varchar(128) DEFAULT NULL,
  `website` varchar(128) DEFAULT NULL,
  `street` text,
  `city` varchar(128) DEFAULT NULL,
  `state` varchar(128) DEFAULT NULL,
  `zip` varchar(64) DEFAULT NULL,
  `country` bigint(20) unsigned DEFAULT NULL,
  `created` timestamp NULL DEFAULT NULL,
  `changed` timestamp NOT NULL DEFAULT CURRENT_TIMESTAMP ON UPDATE CURRENT_TIMESTAMP,
  PRIMARY KEY (`id`)
) ENGINE=InnoDB AUTO_INCREMENT=8 DEFAULT CHARSET=utf8;
/*!40101 SET character_set_client = @saved_cs_client */;

--
-- Dumping data for table `contacts`
--

LOCK TABLES `contacts` WRITE;
/*!40000 ALTER TABLE `contacts` DISABLE KEYS */;
INSERT INTO `contacts` VALUES (1,10,3,3,1,'','','Thomas','Schedler','','','','','','',NULL,NULL,NULL,NULL,NULL,'2009-04-24 08:26:40','2010-03-12 10:04:15'),(2,10,3,3,1,'','','Bernd','Hepberger','','','','','','',NULL,NULL,NULL,NULL,NULL,'2009-06-08 14:28:48','2009-06-08 14:28:48'),(3,10,1,1,1,'Herr','DI','Rainer','Schönherr','','+43.699.16609060','+43.699.16609060','+43.699.16609060','rainer.schoenherr@massiveart.com','www.massiveart.com',NULL,NULL,NULL,NULL,NULL,'2009-11-11 11:10:20','2009-11-11 11:10:20'),(5,10,3,3,8,'Herr','','Jürgen','Büchel','Web & Multimedia Projects / Corporate Marketing Services','+423 235 33 80','','+423 235 36 33','juergen.buechel@ivoclarvivadent.com','www.ivoclarvivadent.com','<p>Bendererstrasse 2</p>','Schaan','','9494',319,'2010-03-12 09:47:31','2010-04-01 12:45:06'),(6,10,3,3,4,'','DI','Rainer','Schönherr','CTO','','','','','','','','','',0,'2010-04-13 14:38:53','2010-04-13 14:46:29'),(7,10,3,3,4,'','','Thomas','Schedler','','','','','','','','','','',0,'2010-04-14 14:30:30','2010-04-14 14:30:30');
/*!40000 ALTER TABLE `contacts` ENABLE KEYS */;
UNLOCK TABLES;

--
-- Table structure for table `countries`
--

DROP TABLE IF EXISTS `countries`;
/*!40101 SET @saved_cs_client     = @@character_set_client */;
/*!40101 SET character_set_client = utf8 */;
CREATE TABLE `countries` (
  `id` int(11) NOT NULL AUTO_INCREMENT,
  `continentCode` char(3) NOT NULL,
  `isoCode2` char(2) NOT NULL,
  `isoCode3` char(3) NOT NULL,
  `number` char(3) NOT NULL,
  `name` varchar(64) NOT NULL,
  PRIMARY KEY (`id`)
) ENGINE=InnoDB AUTO_INCREMENT=244 DEFAULT CHARSET=utf8;
/*!40101 SET character_set_client = @saved_cs_client */;

--
-- Dumping data for table `countries`
--

LOCK TABLES `countries` WRITE;
/*!40000 ALTER TABLE `countries` DISABLE KEYS */;
INSERT INTO `countries` VALUES (1,'ME','AF','AFG','004','Afghanistan'),(2,'EU','AX','ALA','248','Åland Islands'),(3,'EU','AL','ALB','008','Albania'),(4,'AF','DZ','DZA','012','Algeria'),(5,'OC','AS','ASM','016','American Samoa'),(6,'EU','AD','AND','020','Andorra'),(7,'AF','AO','AGO','024','Angola'),(8,'NA','AI','AIA','660','Anguilla'),(9,'AN','AQ','ATA','010','Antarctica'),(10,'NA','AG','ATG','028','Antigua and Barbuda'),(11,'SA','AR','ARG','032','Argentina'),(12,'AS','AM','ARM','051','Armenia'),(13,'NA','AW','ABW','533','Aruba'),(14,'OC','AU','AUS','036','Australia'),(15,'EU','AT','AUT','040','Austria'),(16,'ME','AZ','AZE','031','Azerbaijan'),(17,'NA','BS','BHS','044','Bahamas'),(18,'ME','BH','BHR','048','Bahrain'),(19,'AS','BD','BGD','050','Bangladesh'),(20,'NA','BB','BRB','052','Barbados'),(21,'EU','BY','BLR','112','Belarus'),(22,'EU','BE','BEL','056','Belgium'),(23,'NA','BZ','BLZ','084','Belize'),(24,'AF','BJ','BEN','204','Benin'),(25,'NA','BM','BMU','060','Bermuda'),(26,'AS','BT','BTN','064','Bhutan'),(27,'SA','BO','BOL','068','Bolivia'),(28,'EU','BA','BIH','070','Bosnia and Herzegovina'),(29,'AF','BW','BWA','072','Botswana'),(30,'AN','BV','BVT','074','Bouvet Island'),(31,'SA','BR','BRA','076','Brazil'),(32,'AS','IO','IOT','086','British Indian Ocean Territory'),(33,'NA','VG','VGB','092','British Virgin Islands'),(34,'AS','BN','BRN','096','Brunei Darussalam'),(35,'EU','BG','BGR','100','Bulgaria'),(36,'AF','BF','BFA','854','Burkina Faso'),(37,'AF','BI','BDI','108','Burundi'),(38,'AS','KH','KHM','116','Cambodia'),(39,'AF','CM','CMR','120','Cameroon'),(40,'NA','CA','CAN','124','Canada'),(41,'AF','CV','CPV','132','Cape Verde'),(42,'NA','KY','CYM','136','Cayman Islands'),(43,'AF','CF','CAF','140','Central African Republic'),(44,'AF','TD','TCD','148','Chad'),(45,'SA','CL','CHL','152','Chile'),(46,'AS','CN','CHN','156','China'),(47,'AS','CX','CXR','162','Christmas Island'),(48,'AS','CC','CCK','166','Cocos (Keeling) Islands'),(49,'SA','CO','COL','170','Colombia'),(50,'AF','KM','COM','174','Comoros'),(51,'AF','CG','COG','178','Congo'),(52,'OC','CK','COK','184','Cook Islands'),(53,'NA','CR','CRI','188','Costa Rica'),(54,'AF','CI','CIV','384','Cote D\'Ivoire'),(55,'EU','HR','HRV','191','Croatia'),(56,'NA','CU','CUB','192','Cuba'),(57,'AS','CY','CYP','196','Cyprus'),(58,'EU','CZ','CZE','203','Czech Republic'),(59,'EU','DK','DNK','208','Denmark'),(60,'AF','DJ','DJI','262','Djibouti'),(61,'NA','DM','DMA','212','Dominica'),(62,'NA','DO','DOM','214','Dominican Republic'),(63,'SA','EC','ECU','218','Ecuador'),(64,'AF','EG','EGY','818','Egypt'),(65,'NA','SV','SLV','222','El Salvador'),(66,'AF','GQ','GNQ','226','Equatorial Guinea'),(67,'AF','ER','ERI','232','Eritrea'),(68,'EU','EE','EST','233','Estonia'),(69,'AF','ET','ETH','231','Ethiopia'),(70,'EU','FO','FRO','234','Faroe Islands'),(71,'SA','FK','FLK','238','Falkland Islands'),(72,'OC','FJ','FJI','242','Fiji'),(73,'EU','FI','FIN','246','Finland'),(74,'EU','FR','FRA','250','France'),(75,'SA','GF','GUF','254','French Guiana'),(76,'OC','PF','PYF','258','French Polynesia'),(77,'AN','TF','ATF','260','French Southern Territories'),(78,'AF','GA','GAB','266','Gabon'),(79,'AF','GM','GMB','270','Gambia'),(80,'AS','GE','GEO','268','Georgia'),(81,'EU','DE','DEU','276','Germany'),(82,'AF','GH','GHA','288','Ghana'),(83,'EU','GI','GIB','292','Gibraltar'),(84,'EU','GR','GRC','300','Greece'),(85,'NA','GL','GRL','304','Greenland'),(86,'NA','GD','GRD','308','Grenada'),(87,'NA','GP','GLP','312','Guadaloupe'),(88,'OC','GU','GUM','316','Guam'),(89,'NA','GT','GTM','320','Guatemala'),(90,'EU','GG','GGY','831','Guernsey'),(91,'AF','GN','GIN','324','Guinea'),(92,'AF','GW','GNB','624','Guinea-Bissau'),(93,'SA','GY','GUY','328','Guyana'),(94,'NA','HT','HTI','332','Haiti'),(95,'AN','HM','HMD','334','Heard and McDonald Islands'),(96,'EU','VA','VAT','336','Holy See (Vatican City State)'),(97,'NA','HN','HND','340','Honduras'),(98,'AS','HK','HKG','344','Hong Kong'),(99,'EU','HU','HUN','348','Hungary'),(100,'EU','IS','ISL','352','Iceland'),(101,'AS','IN','IND','356','India'),(102,'AS','ID','IDN','360','Indonesia'),(103,'ME','IR','IRN','364','Iran'),(104,'ME','IQ','IRQ','368','Iraq'),(105,'EU','IE','IRL','372','Ireland'),(106,'EU','IM','IMN','833','Isle of Man'),(107,'AS','IL','ISR','376','Israel'),(108,'EU','IT','ITA','380','Italy'),(109,'NA','JM','JAM','388','Jamaica'),(110,'AS','JP','JPN','392','Japan'),(111,'EU','JE','JEY','832','Jersey'),(112,'AS','JO','JOR','400','Jordan'),(113,'ME','KZ','KAZ','398','Kazakhstan'),(114,'AF','KE','KEN','404','Kenya'),(115,'OC','KI','KIR','296','Kiribati'),(116,'AS','KP','PRK','408','Korea, Democratic People\'s Republic of'),(117,'AS','KR','KOR','410','Korea, Republic of'),(118,'ME','KW','KWT','414','Kuwait'),(119,'AS','KG','KGZ','417','Kyrgyz Republic'),(120,'AS','LA','LAO','418','Lao, People\'s Democratic Republic'),(121,'EU','LV','LVA','428','Latvia'),(122,'AS','LB','LBN','422','Lebanon'),(123,'AF','LS','LSO','426','Lesotho'),(124,'AF','LR','LBR','430','Liberia'),(125,'AF','LY','LBY','434','Libyan Arab Jamahiriya'),(126,'EU','LI','LIE','438','Liechtenstein'),(127,'EU','LT','LTU','440','Lithuania'),(128,'EU','LU','LUX','442','Luxembourg'),(129,'AS','MO','MAC','446','Macao'),(130,'EU','MK','MKD','807','Macedonia the former Yugoslav Republic of'),(131,'AF','MG','MDG','450','Madagascar'),(132,'AF','MW','MWI','454','Malawi'),(133,'AS','MY','MYS','458','Malaysia'),(134,'AS','MV','MDV','462','Maldives'),(135,'AF','ML','MLI','466','Mali'),(136,'EU','MT','MLT','470','Malta'),(137,'OC','MH','MHL','584','Marshall Islands'),(138,'NA','MQ','MTQ','474','Martinique'),(139,'AF','MR','MRT','478','Mauritania'),(140,'AF','MU','MUS','480','Mauritius'),(141,'AF','YT','MYT','175','Mayotte'),(142,'NA','MX','MEX','484','Mexico'),(143,'OC','FM','FSM','583','Micronesia'),(144,'EU','MD','MDA','498','Moldova'),(145,'EU','MC','MCO','492','Monaco'),(146,'AS','MN','MNG','496','Mongolia'),(147,'EU','ME','MNE','499','Montenegro'),(148,'NA','MS','MSR','500','Montserrat'),(149,'AF','MA','MAR','504','Morocco'),(150,'AF','MZ','MOZ','508','Mozambique'),(151,'AS','MM','MMR','104','Myanmar'),(152,'AF','NA','NAM','516','Namibia'),(153,'OC','NR','NRU','520','Nauru'),(154,'AS','NP','NPL','524','Nepal'),(155,'NA','AN','ANT','530','Netherlands Antilles'),(156,'EU','NL','NLD','528','Netherlands'),(157,'OC','NC','NCL','540','New Caledonia'),(158,'OC','NZ','NZL','554','New Zealand'),(159,'NA','NI','NIC','558','Nicaragua'),(160,'AF','NE','NER','562','Niger'),(161,'AF','NG','NGA','566','Nigeria'),(162,'OC','NU','NIU','570','Niue'),(163,'OC','NF','NFK','574','Norfolk Island'),(164,'OC','MP','MNP','580','Northern Mariana Islands'),(165,'EU','NO','NOR','578','Norway'),(166,'ME','OM','OMN','512','Oman'),(167,'AS','PK','PAK','586','Pakistan'),(168,'OC','PW','PLW','585','Palau'),(169,'ME','PS','PSE','275','Palestinian Territory'),(170,'NA','PA','PAN','591','Panama'),(171,'OC','PG','PNG','598','Papua New Guinea'),(172,'SA','PY','PRY','600','Paraguay'),(173,'SA','PE','PER','604','Peru'),(174,'AS','PH','PHL','608','Philippines'),(175,'OC','PN','PCN','612','Pitcairn Island'),(176,'EU','PL','POL','616','Poland'),(177,'EU','PT','PRT','620','Portugal'),(178,'NA','PR','PRI','630','Puerto Rico'),(179,'ME','QA','QAT','634','Qatar State of'),(180,'AF','RE','REU','638','Reunion'),(181,'EU','RO','ROU','642','Romania'),(182,'EU','RU','RUS','643','Russian Federation'),(183,'AF','RW','RWA','646','Rwanda'),(184,'AF','SH','SHN','654','St Helena'),(185,'NA','KN','KNA','659','St Kitts and Nevis'),(186,'NA','LC','LCA','662','St Lucia'),(187,'NA','PM','SPM','666','St Pierre and Miquelon'),(188,'NA','VC','VCT','670','St Vincent and the Grenadines'),(189,'OC','WS','WSM','882','Samoa'),(190,'EU','SM','SMR','674','San Marino'),(191,'AF','ST','STP','678','Sao Tome and Principe'),(192,'ME','SA','SAU','682','Saudi Arabia'),(193,'AF','SN','SEN','686','Senegal'),(194,'EU','RS','SRB','688','Serbia'),(195,'AF','SC','SYC','690','Seychelles'),(196,'AF','SL','SLE','694','Sierra Leone'),(197,'AS','SG','SGP','702','Singapore'),(198,'EU','SK','SVK','703','Slovakia'),(199,'EU','SI','SVN','705','Slovenia'),(200,'OC','SB','SLB','090','Solomon Islands'),(201,'AF','SO','SOM','706','Somalia'),(202,'AF','ZA','ZAF','710','South Africa'),(203,'AN','GS','SGS','239','South Georgia and the South Sandwich Islands'),(204,'EU','ES','ESP','724','Spain'),(205,'AS','LK','LKA','144','Sri Lanka'),(206,'AF','SD','SDN','736','Sudan'),(207,'SA','SR','SUR','740','Suriname'),(208,'EU','SJ','SJM','744','Svalbard & Jan Mayen Islands'),(209,'AF','SZ','SWZ','748','Swaziland'),(210,'EU','SE','SWE','752','Sweden'),(211,'EU','CH','CHE','756','Switzerland'),(212,'ME','SY','SYR','760','Syrian Arab Republic'),(213,'AS','TW','TWN','158','Taiwan'),(214,'ME','TJ','TJK','762','Tajikistan'),(215,'AF','TZ','TZA','834','Tanzania'),(216,'AS','TH','THA','764','Thailand'),(217,'AS','TL','TLS','626','Timor-Leste'),(218,'AF','TG','TGO','768','Togo'),(219,'OC','TK','TKL','772','Tokelau'),(220,'OC','TO','TON','776','Tonga'),(221,'NA','TT','TTO','780','Trinidad and Tobago'),(222,'AF','TN','TUN','788','Tunisia'),(223,'EU','TR','TUR','792','Turkey'),(224,'ME','TM','TKM','795','Turkmenistan'),(225,'NA','TC','TCA','796','Turks and Caicos Islands'),(226,'OC','TV','TUV','798','Tuvalu'),(227,'NA','VI','VIR','850','US Virgin Islands'),(228,'AF','UG','UGA','800','Uganda'),(229,'EU','UA','UKR','804','Ukraine'),(230,'ME','AE','ARE','784','United Arab Emirates'),(231,'EU','GB','GBR','826','United Kingdom'),(232,'OC','UM','UMI','581','United States Minor Outlying Islands'),(233,'NA','US','USA','840','United States of America'),(234,'SA','UY','URY','858','Uruguay'),(235,'AS','UZ','UZB','860','Uzbekistan'),(236,'OC','VU','VUT','548','Vanuatu'),(237,'SA','VE','VEN','862','Venezuela'),(238,'AS','VN','VNM','704','Viet Nam'),(239,'OC','WF','WLF','876','Wallis and Futuna Islands'),(240,'AF','EH','ESH','732','Western Sahara'),(241,'ME','YE','YEM','887','Yemen'),(242,'AF','ZM','ZMB','894','Zambia'),(243,'AF','ZW','ZWE','716','Zimbabwe');
/*!40000 ALTER TABLE `countries` ENABLE KEYS */;
UNLOCK TABLES;

--
-- Table structure for table `decorators`
--

DROP TABLE IF EXISTS `decorators`;
/*!40101 SET @saved_cs_client     = @@character_set_client */;
/*!40101 SET character_set_client = utf8 */;
CREATE TABLE `decorators` (
  `id` bigint(20) unsigned NOT NULL AUTO_INCREMENT,
  `title` varchar(255) NOT NULL,
  PRIMARY KEY (`id`)
) ENGINE=InnoDB AUTO_INCREMENT=9 DEFAULT CHARSET=utf8 ROW_FORMAT=COMPACT;
/*!40101 SET character_set_client = @saved_cs_client */;

--
-- Dumping data for table `decorators`
--

LOCK TABLES `decorators` WRITE;
/*!40000 ALTER TABLE `decorators` DISABLE KEYS */;
INSERT INTO `decorators` VALUES (1,'Input'),(2,'Template'),(3,'Tag'),(4,'Overflow'),(5,'Url'),(6,'VideoSelect'),(7,'Gmaps'),(8,'DocumentFilter');
/*!40000 ALTER TABLE `decorators` ENABLE KEYS */;
UNLOCK TABLES;

--
-- Table structure for table `fieldPermissions`
--

DROP TABLE IF EXISTS `fieldPermissions`;
/*!40101 SET @saved_cs_client     = @@character_set_client */;
/*!40101 SET character_set_client = utf8 */;
CREATE TABLE `fieldPermissions` (
  `id` bigint(20) unsigned NOT NULL AUTO_INCREMENT,
  `idFields` bigint(20) unsigned NOT NULL,
  `idPermissions` bigint(20) unsigned NOT NULL,
  `idGroups` bigint(20) unsigned NOT NULL,
  PRIMARY KEY (`id`),
  KEY `idFields` (`idFields`),
  KEY `idPermissions` (`idPermissions`),
  KEY `idGroups` (`idGroups`),
  CONSTRAINT `fieldPermissions_ibfk_1` FOREIGN KEY (`idFields`) REFERENCES `fields` (`id`) ON DELETE CASCADE,
  CONSTRAINT `fieldPermissions_ibfk_2` FOREIGN KEY (`idPermissions`) REFERENCES `permissions` (`id`) ON DELETE CASCADE,
  CONSTRAINT `fieldPermissions_ibfk_3` FOREIGN KEY (`idGroups`) REFERENCES `groups` (`id`) ON DELETE CASCADE
) ENGINE=InnoDB DEFAULT CHARSET=utf8;
/*!40101 SET character_set_client = @saved_cs_client */;

--
-- Dumping data for table `fieldPermissions`
--

LOCK TABLES `fieldPermissions` WRITE;
/*!40000 ALTER TABLE `fieldPermissions` DISABLE KEYS */;
/*!40000 ALTER TABLE `fieldPermissions` ENABLE KEYS */;
UNLOCK TABLES;

--
-- Table structure for table `fieldProperties`
--

DROP TABLE IF EXISTS `fieldProperties`;
/*!40101 SET @saved_cs_client     = @@character_set_client */;
/*!40101 SET character_set_client = utf8 */;
CREATE TABLE `fieldProperties` (
  `id` bigint(20) unsigned NOT NULL AUTO_INCREMENT,
  `idFields` bigint(20) unsigned NOT NULL,
  `idProperties` int(10) unsigned NOT NULL,
  `value` varchar(255) NOT NULL DEFAULT '',
  PRIMARY KEY (`id`),
  KEY `idFields` (`idFields`),
  KEY `idProperties` (`idProperties`)
) ENGINE=InnoDB AUTO_INCREMENT=4 DEFAULT CHARSET=utf8;
/*!40101 SET character_set_client = @saved_cs_client */;

--
-- Dumping data for table `fieldProperties`
--

LOCK TABLES `fieldProperties` WRITE;
/*!40000 ALTER TABLE `fieldProperties` DISABLE KEYS */;
INSERT INTO `fieldProperties` VALUES (1,3,1,'2'),(2,4,1,'1'),(3,1,1,'1');
/*!40000 ALTER TABLE `fieldProperties` ENABLE KEYS */;
UNLOCK TABLES;

--
-- Table structure for table `fieldTitles`
--

DROP TABLE IF EXISTS `fieldTitles`;
/*!40101 SET @saved_cs_client     = @@character_set_client */;
/*!40101 SET character_set_client = utf8 */;
CREATE TABLE `fieldTitles` (
  `id` bigint(20) unsigned NOT NULL AUTO_INCREMENT,
  `idFields` bigint(20) unsigned NOT NULL,
  `idLanguages` int(10) unsigned NOT NULL DEFAULT '1',
  `title` varchar(500) DEFAULT NULL,
  `description` text,
  PRIMARY KEY (`id`),
  KEY `idFields` (`idFields`)
) ENGINE=InnoDB AUTO_INCREMENT=156 DEFAULT CHARSET=utf8;
/*!40101 SET character_set_client = @saved_cs_client */;

--
-- Dumping data for table `fieldTitles`
--

LOCK TABLES `fieldTitles` WRITE;
/*!40000 ALTER TABLE `fieldTitles` DISABLE KEYS */;
INSERT INTO `fieldTitles` VALUES (1,1,1,'Titel',NULL),(2,2,1,'Beschreibung',NULL),(3,3,1,'Titel',NULL),(4,4,1,'Überschrift für den Artikel',NULL),(5,11,1,'Aktuelles Template',NULL),(6,5,1,NULL,NULL),(7,7,1,NULL,NULL),(8,8,1,NULL,NULL),(9,12,1,'Multiselect Test',NULL),(11,15,1,'Radiobuttons',NULL),(12,16,1,'Checkboxes',NULL),(13,17,1,'Titel',NULL),(14,20,1,'Titel',NULL),(15,21,1,'Tags',NULL),(16,22,1,'Kategorien',NULL),(17,24,1,'Embed Code',NULL),(18,23,1,'Titel',NULL),(19,25,1,'Titel',NULL),(20,26,1,'Titel',NULL),(21,28,1,'Verlinkte Seite',NULL),(22,30,1,'Titel',NULL),(23,31,1,'Anzahl',NULL),(26,37,1,'Titel',NULL),(29,34,1,'Nur Seiten mit Kategorie',NULL),(30,41,1,'Anzahl',NULL),(31,42,1,'Nur Seiten mit Kategorie',NULL),(32,43,1,'Titel',NULL),(33,47,1,'Sortierung nach',NULL),(34,48,1,'Reihenfolge',NULL),(35,49,1,'Sortierung nach',NULL),(36,50,1,'Reihenfolge',NULL),(37,51,1,'Sortierung nach',NULL),(38,52,1,'Reihenfolge',NULL),(39,44,1,'Anzahl',NULL),(40,45,1,'Navigationspunkt',NULL),(41,46,1,'Titel',NULL),(42,53,1,'Nur Seiten mit Kategorie',NULL),(43,54,1,'Video Service',NULL),(44,10,1,'Kurzbeschreibung des Artikels',NULL),(45,56,1,'Eigene Etiketten',NULL),(47,59,1,'Darstellungsform',NULL),(49,60,1,'Nur Seiten mit Etikette',NULL),(50,61,1,'Nur Seiten mit Etikette',NULL),(51,62,1,'Nur Seiten mit Etikette',NULL),(53,64,1,'Darstellungsoptionen',NULL),(54,65,1,'Vorname',NULL),(55,66,1,'Nachname',NULL),(56,67,1,'Datum, Zeit (Format: dd.mm.yyyy hh:mm)',NULL),(57,68,1,'Dauer (z.B.: 90 Minuten)',NULL),(58,69,1,'Strasse',NULL),(59,70,1,'Hausnummer',NULL),(60,71,1,'Postleitzahl',NULL),(61,72,1,'Ort',NULL),(62,73,1,'Schauplatz',NULL),(63,74,1,'Max. Teilnehmeranzahl',NULL),(64,75,1,'Kosten (in EUR)',NULL),(65,76,1,'Anrede',NULL),(66,77,1,'Titel',NULL),(67,78,1,'Funktion / Position',NULL),(68,79,1,'Telefon',NULL),(69,80,1,'Mobil',NULL),(70,81,1,'Fax ',NULL),(71,82,1,'E-Mail',NULL),(72,83,1,'Internet URL',NULL),(73,84,1,'Kontaktbilder',NULL),(74,85,1,'Vortragende',NULL),(75,86,1,'Kontakt',NULL),(76,87,1,'Veranstaltungsstatus',NULL),(77,90,1,'Titel',NULL),(78,91,1,'Headerbild',NULL),(79,92,1,'Embed Code',NULL),(80,93,1,'Url (z.B. http://www.getzoolu.com)',NULL),(81,94,1,'Titel',NULL),(82,95,1,'Sub-Navigations-Seiten',NULL),(83,97,1,'Titel',NULL),(84,98,1,'Beschreibung',NULL),(85,99,1,'Beschreibung',NULL),(86,100,1,'Abteilung',NULL),(87,101,1,'Stelle',NULL),(88,102,1,'Inhaltiche Verantwortung',NULL),(89,103,1,'Organisatorische Verantwortung',NULL),(90,104,1,'Aktivität',NULL),(91,105,1,'Beschreibung',NULL),(92,107,1,'Wer?',NULL),(93,110,1,'Beschreibung / Ursache',NULL),(94,111,1,'Titel',NULL),(95,113,1,'Präventive und korrektive Maßnahme',NULL),(96,112,1,'Beschreibung',NULL),(97,119,1,'Titel',NULL),(98,121,1,'Titel',NULL),(99,124,1,'Titel',NULL),(100,125,1,'Url (z.B. http://www.getzoolu.org)',NULL),(101,130,1,'Produktbaum',NULL),(102,131,1,'Nur Produkte mit Kategorie',NULL),(103,132,1,'Nur Produkte mit Etikette',NULL),(104,133,1,'Schlüssel',NULL),(105,134,1,'Datum',NULL),(106,134,2,'Date',NULL),(107,135,1,'Nur Mitteilungen mit Etikette',NULL),(108,136,1,'Nur Mitteilungen mit Kategorie',NULL),(109,137,1,'Pressebereich',NULL),(110,138,1,'Kursort',NULL),(111,139,1,'Start',NULL),(112,140,1,'Ende',NULL),(113,141,1,'Zeiten',NULL),(114,142,1,'Titel',NULL),(115,143,1,'Produktbaum',NULL),(116,144,1,'Nur Produkte mit Kategorie',NULL),(117,145,1,'Nur Produkte mit Etikette',NULL),(118,146,1,'Portal Produktbaum',NULL),(119,147,1,'Iframe-Url (z.B. http://www.getzoolu.com od. /de/xxx/yyy)',NULL),(120,148,1,'Breite (z.B. 100px)',NULL),(121,149,1,'Höhe (z.B. 100px)',NULL),(122,151,1,'Name',NULL),(123,152,1,'Funktion',NULL),(124,153,1,'Typ',NULL),(125,154,1,'Extra Information',NULL),(126,155,1,'Land',NULL),(127,156,1,'Straße',NULL),(128,157,1,'Bundesland',NULL),(129,158,1,'Ort',NULL),(130,159,1,'PLZ',NULL),(131,160,1,'Nur Bilder mit Tag ',NULL),(132,161,1,'Sortierung nach',NULL),(133,162,1,'Name',NULL),(134,163,1,'E-Mail',NULL),(135,164,1,'Name',NULL),(136,165,1,'E-Mail',NULL),(137,166,1,'Formularfelder definieren',NULL),(138,167,1,'Pflichtfelder definieren',NULL),(139,168,1,'Betreff',NULL),(140,168,2,'Subject',NULL),(141,169,1,'Bestätigungstext',NULL),(142,171,1,'Standorte',NULL),(143,172,1,'Nur Kontakte mit Typ',NULL),(144,173,1,'Slogan für Karussell',NULL),(145,175,1,'Curriculum Vitae',NULL),(146,176,1,'Referenten',NULL),(147,177,1,'Titel',NULL),(148,180,1,'Kurse',NULL),(149,179,1,'Nur Kurse mit Kategorie',NULL),(150,178,1,'Nur Kurse mit Etikette',NULL),(151,181,1,'Gebühren',NULL),(152,182,1,'Sprache',NULL),(153,185,1,'Veranstaltungen',NULL),(154,184,1,'Nur Veranstaltungen mit Kategorie',NULL),(155,183,1,'Nur Veranstaltungen mit Etikette',NULL);
/*!40000 ALTER TABLE `fieldTitles` ENABLE KEYS */;
UNLOCK TABLES;

--
-- Table structure for table `fieldTypeGroups`
--

DROP TABLE IF EXISTS `fieldTypeGroups`;
/*!40101 SET @saved_cs_client     = @@character_set_client */;
/*!40101 SET character_set_client = utf8 */;
CREATE TABLE `fieldTypeGroups` (
  `id` int(10) unsigned NOT NULL AUTO_INCREMENT,
  `title` varchar(255) CHARACTER SET latin1 NOT NULL,
  PRIMARY KEY (`id`)
) ENGINE=InnoDB AUTO_INCREMENT=7 DEFAULT CHARSET=utf8;
/*!40101 SET character_set_client = @saved_cs_client */;

--
-- Dumping data for table `fieldTypeGroups`
--

LOCK TABLES `fieldTypeGroups` WRITE;
/*!40000 ALTER TABLE `fieldTypeGroups` DISABLE KEYS */;
INSERT INTO `fieldTypeGroups` VALUES (1,'files'),(2,'selects'),(3,'multi_fields'),(4,'special_fields'),(5,'zend'),(6,'file_filters');
/*!40000 ALTER TABLE `fieldTypeGroups` ENABLE KEYS */;
UNLOCK TABLES;

--
-- Table structure for table `fieldTypes`
--

DROP TABLE IF EXISTS `fieldTypes`;
/*!40101 SET @saved_cs_client     = @@character_set_client */;
/*!40101 SET character_set_client = utf8 */;
CREATE TABLE `fieldTypes` (
  `id` bigint(20) unsigned NOT NULL AUTO_INCREMENT,
  `idDecorator` bigint(20) unsigned NOT NULL,
  `sqlType` varchar(30) NOT NULL,
  `size` int(10) NOT NULL,
  `title` varchar(255) NOT NULL,
  `defaultValue` varchar(255) NOT NULL,
  `idFieldTypeGroup` int(10) unsigned NOT NULL DEFAULT '5',
  PRIMARY KEY (`id`)
) ENGINE=InnoDB AUTO_INCREMENT=30 DEFAULT CHARSET=utf8 ROW_FORMAT=COMPACT;
/*!40101 SET character_set_client = @saved_cs_client */;

--
-- Dumping data for table `fieldTypes`
--

LOCK TABLES `fieldTypes` WRITE;
/*!40000 ALTER TABLE `fieldTypes` DISABLE KEYS */;
INSERT INTO `fieldTypes` VALUES (1,1,'',0,'text','',5),(2,1,'',0,'textarea','',5),(3,1,'',0,'multiCheckbox','',3),(4,1,'',0,'radio','',5),(5,1,'',0,'submit','',5),(6,1,'',0,'button','',5),(7,1,'',0,'reset','',5),(8,1,'',0,'hidden','',5),(9,1,'',0,'select','',2),(10,1,'',0,'texteditor','',5),(11,2,'',0,'template','',5),(12,1,'',0,'media','',1),(13,1,'',0,'document','',1),(14,1,'',0,'multiselect','',3),(15,1,'',0,'dselect','',5),(16,3,'',0,'tag','',4),(17,4,'',0,'multiCheckboxTree','',3),(18,5,'',0,'url','',4),(19,1,'',0,'internalLink','',4),(20,1,'',0,'selectTree','',2),(21,1,'',0,'textDisplay','',5),(22,6,'',0,'videoSelect','',4),(24,1,'',0,'contact','',4),(25,7,'',0,'gmaps','',4),(26,1,'',0,'internalLinks','',4),(27,1,'',0,'collection','',4),(28,8,'',0,'documentFilter','',6),(29,1,'',0,'video','',1);
/*!40000 ALTER TABLE `fieldTypes` ENABLE KEYS */;
UNLOCK TABLES;

--
-- Table structure for table `fieldValidators`
--

DROP TABLE IF EXISTS `fieldValidators`;
/*!40101 SET @saved_cs_client     = @@character_set_client */;
/*!40101 SET character_set_client = utf8 */;
CREATE TABLE `fieldValidators` (
  `id` bigint(20) unsigned NOT NULL AUTO_INCREMENT,
  `idFields` bigint(20) unsigned NOT NULL,
  `idValidators` bigint(20) unsigned NOT NULL,
  PRIMARY KEY (`id`)
) ENGINE=InnoDB AUTO_INCREMENT=11 DEFAULT CHARSET=utf8;
/*!40101 SET character_set_client = @saved_cs_client */;

--
-- Dumping data for table `fieldValidators`
--

LOCK TABLES `fieldValidators` WRITE;
/*!40000 ALTER TABLE `fieldValidators` DISABLE KEYS */;
INSERT INTO `fieldValidators` VALUES (1,1,17),(2,3,17),(3,1,2),(4,31,17),(5,32,17),(6,47,17),(7,48,17),(8,59,17),(9,134,6),(10,82,8);
/*!40000 ALTER TABLE `fieldValidators` ENABLE KEYS */;
UNLOCK TABLES;

--
-- Table structure for table `fields`
--

DROP TABLE IF EXISTS `fields`;
/*!40101 SET @saved_cs_client     = @@character_set_client */;
/*!40101 SET character_set_client = utf8 */;
CREATE TABLE `fields` (
  `id` bigint(20) unsigned NOT NULL AUTO_INCREMENT,
  `idFieldTypes` bigint(20) unsigned NOT NULL,
  `name` varchar(255) NOT NULL,
  `idSearchFieldTypes` int(10) NOT NULL DEFAULT '1',
  `idRelationPage` bigint(20) unsigned DEFAULT NULL,
  `idCategory` bigint(20) unsigned DEFAULT NULL,
  `sqlSelect` varchar(2000) DEFAULT NULL,
  `columns` int(10) unsigned NOT NULL,
  `height` int(10) unsigned NOT NULL DEFAULT '0',
  `isCoreField` tinyint(1) NOT NULL DEFAULT '0',
  `isKeyField` tinyint(1) NOT NULL DEFAULT '0',
  `isSaveField` tinyint(1) NOT NULL DEFAULT '1',
  `isRegionTitle` tinyint(1) NOT NULL DEFAULT '0',
  `isDependentOn` bigint(20) unsigned DEFAULT NULL COMMENT 'must be an ID',
  `showDisplayOptions` varchar(10) NOT NULL DEFAULT '0',
  `copyValue` tinyint(1) NOT NULL DEFAULT '0' COMMENT 'decision if we addittionally write the value into the table (result: id and e.g. title in table)',
  PRIMARY KEY (`id`),
  KEY `name` (`name`)
) ENGINE=InnoDB AUTO_INCREMENT=186 DEFAULT CHARSET=utf8;
/*!40101 SET character_set_client = @saved_cs_client */;

--
-- Dumping data for table `fields`
--

LOCK TABLES `fields` WRITE;
/*!40000 ALTER TABLE `fields` DISABLE KEYS */;
INSERT INTO `fields` VALUES (1,1,'title',1,NULL,NULL,NULL,12,0,1,1,1,0,NULL,'0',0),(2,10,'description',1,NULL,NULL,NULL,12,0,0,0,1,0,NULL,'0',0),(3,1,'title',5,NULL,NULL,NULL,12,0,1,1,1,0,NULL,'0',0),(4,1,'articletitle',5,NULL,NULL,NULL,12,0,0,0,1,0,NULL,'0',0),(5,12,'mainpics',3,NULL,NULL,NULL,12,0,0,0,1,0,NULL,'0',0),(6,10,'description',6,NULL,NULL,NULL,12,0,0,0,1,0,NULL,'0',0),(7,12,'pics',1,NULL,NULL,NULL,12,0,0,0,1,0,NULL,'0',0),(8,13,'docs',1,NULL,NULL,NULL,12,0,0,0,1,0,NULL,'0',0),(10,2,'shortdescription',5,NULL,NULL,NULL,9,0,0,0,1,0,NULL,'0',0),(11,11,'template',1,NULL,NULL,NULL,12,0,0,0,0,0,NULL,'0',0),(17,1,'title',1,NULL,NULL,NULL,12,0,1,1,1,0,NULL,'0',0),(18,12,'block_pics',1,NULL,NULL,NULL,3,0,0,0,1,0,NULL,'010101010',0),(19,10,'block_description',1,NULL,NULL,NULL,9,0,0,0,1,0,NULL,'0',0),(20,1,'block_title',1,NULL,NULL,NULL,12,0,0,0,1,1,NULL,'0',0),(21,16,'page_tags',6,NULL,NULL,NULL,12,0,0,0,1,0,NULL,'0',0),(22,17,'category',6,NULL,NULL,'SELECT tbl.id AS id, categoryTitles.title AS title, tbl.depth AS depth FROM categories AS tbl INNER JOIN categoryTitles ON categoryTitles.idCategories = tbl.id AND categoryTitles.idLanguages = %LANGUAGE_ID%, categories AS rootCat WHERE rootCat.id = 1 AND tbl.idRootCategory = rootCat.idRootCategory AND tbl.lft BETWEEN (rootCat.lft + 1) AND rootCat.rgt %WHERE_ADDON% ORDER BY tbl.lft, categoryTitles.title',12,0,1,0,1,0,NULL,'0',0),(23,1,'video_title',6,NULL,NULL,NULL,12,0,0,0,1,0,NULL,'0',0),(24,2,'video_embed_code',1,NULL,NULL,NULL,12,0,0,0,1,0,NULL,'0',0),(25,1,'pics_title',6,NULL,NULL,NULL,12,0,0,0,1,0,NULL,'0',0),(26,1,'docs_title',6,NULL,NULL,NULL,12,0,0,0,1,1,NULL,'0',0),(27,18,'url',3,NULL,NULL,NULL,12,0,0,0,1,0,NULL,'0',0),(28,19,'internal_link',1,NULL,NULL,NULL,12,0,0,0,1,0,NULL,'0',0),(29,10,'sidebar_description',6,NULL,NULL,NULL,12,0,0,0,1,0,NULL,'0',0),(30,1,'sidebar_title',6,NULL,NULL,NULL,12,0,0,0,1,1,NULL,'0',0),(31,1,'entry_number',1,NULL,NULL,NULL,4,0,0,0,1,0,NULL,'0',0),(34,20,'entry_category',1,NULL,NULL,'SELECT tbl.id AS id, categoryTitles.title AS title, (tbl.depth-1) AS depth FROM categories AS tbl INNER JOIN categoryTitles ON categoryTitles.idCategories = tbl.id AND categoryTitles.idLanguages = %LANGUAGE_ID%, categories AS rootCat WHERE rootCat.id = 1 AND tbl.idRootCategory = rootCat.idRootCategory AND tbl.lft BETWEEN (rootCat.lft + 1) AND rootCat.rgt %WHERE_ADDON% ORDER BY tbl.lft, categoryTitles.title',4,0,0,0,1,0,NULL,'0',0),(37,1,'entry_title',6,NULL,NULL,NULL,12,0,0,0,1,1,NULL,'0',0),(40,21,'title',5,NULL,NULL,NULL,12,0,1,0,1,0,NULL,'0',0),(41,1,'top_number',1,NULL,NULL,NULL,4,0,0,0,1,0,NULL,'0',0),(42,20,'top_category',1,NULL,NULL,'SELECT tbl.id AS id, categoryTitles.title AS title, (tbl.depth-1) AS depth FROM categories AS tbl INNER JOIN categoryTitles ON categoryTitles.idCategories = tbl.id AND categoryTitles.idLanguages = %LANGUAGE_ID%, categories AS rootCat WHERE rootCat.id = 1 AND tbl.idRootCategory = rootCat.idRootCategory AND tbl.lft BETWEEN (rootCat.lft + 1) AND rootCat.rgt %WHERE_ADDON% ORDER BY tbl.lft, categoryTitles.title',4,0,0,0,1,0,NULL,'0',0),(43,1,'top_title',6,NULL,NULL,NULL,12,0,0,0,1,0,NULL,'0',0),(44,1,'entry_number',1,NULL,NULL,NULL,4,0,0,0,1,0,NULL,'0',0),(45,20,'entry_nav_point',1,NULL,NULL,'SELECT folders.id, folderTitles.title, folders.depth FROM folders INNER JOIN folderTitles ON folderTitles.folderId = folders.folderId AND folderTitles.version = folders.version AND folderTitles.idLanguages = %LANGUAGE_ID% INNER JOIN rootLevels ON rootLevels.id = folders.idRootLevels INNER JOIN rootLevelTitles ON rootLevelTitles.idRootLevels = rootLevels.id WHERE folders.idRootLevels = %ROOTLEVEL_ID% ORDER BY folders.lft, folders.sortPosition ASC, folders.sortTimestamp DESC',4,0,0,0,1,0,NULL,'0',0),(46,1,'entry_title',5,NULL,NULL,NULL,12,0,0,0,1,1,NULL,'0',0),(47,9,'entry_sorttype',1,NULL,NULL,'SELECT tbl.id AS id, categoryTitles.title AS title FROM categories AS tbl INNER JOIN categoryTitles ON categoryTitles.idCategories = tbl.id AND categoryTitles.idLanguages = %LANGUAGE_ID%, categories AS rootCat WHERE rootCat.id = 12 AND tbl.idRootCategory = rootCat.idRootCategory AND tbl.lft BETWEEN ( rootCat.lft +1 ) AND rootCat.rgt %WHERE_ADDON% ORDER BY tbl.lft, categoryTitles.title',4,0,0,0,1,0,NULL,'0',0),(48,4,'entry_sortorder',1,NULL,NULL,'SELECT tbl.id AS id, categoryTitles.title AS title FROM categories AS tbl INNER JOIN categoryTitles ON categoryTitles.idCategories = tbl.id AND categoryTitles.idLanguages = %LANGUAGE_ID%, categories AS rootCat WHERE rootCat.id = 13 AND tbl.idRootCategory = rootCat.idRootCategory AND tbl.lft BETWEEN ( rootCat.lft +1 ) AND rootCat.rgt %WHERE_ADDON% ORDER BY tbl.lft, categoryTitles.title',4,0,0,0,1,0,NULL,'0',0),(49,9,'top_sorttype',1,NULL,NULL,'SELECT tbl.id AS id, categoryTitles.title AS title FROM categories AS tbl INNER JOIN categoryTitles ON categoryTitles.idCategories = tbl.id AND categoryTitles.idLanguages = %LANGUAGE_ID%, categories AS rootCat WHERE rootCat.id = 12 AND tbl.idRootCategory = rootCat.idRootCategory AND tbl.lft BETWEEN ( rootCat.lft +1 ) AND rootCat.rgt %WHERE_ADDON% ORDER BY tbl.lft, categoryTitles.title',4,0,0,0,1,0,NULL,'0',0),(50,4,'top_sortorder',1,NULL,NULL,'SELECT tbl.id AS id, categoryTitles.title AS title FROM categories AS tbl INNER JOIN categoryTitles ON categoryTitles.idCategories = tbl.id AND categoryTitles.idLanguages = %LANGUAGE_ID%, categories AS rootCat WHERE rootCat.id = 13 AND tbl.idRootCategory = rootCat.idRootCategory AND tbl.lft BETWEEN ( rootCat.lft +1 ) AND rootCat.rgt %WHERE_ADDON% ORDER BY tbl.lft, categoryTitles.title',4,0,0,0,1,0,NULL,'0',0),(51,9,'entry_sorttype',1,NULL,NULL,'SELECT tbl.id AS id, categoryTitles.title AS title FROM categories AS tbl INNER JOIN categoryTitles ON categoryTitles.idCategories = tbl.id AND categoryTitles.idLanguages = %LANGUAGE_ID%, categories AS rootCat WHERE rootCat.id = 12 AND tbl.idRootCategory = rootCat.idRootCategory AND tbl.lft BETWEEN ( rootCat.lft +1 ) AND rootCat.rgt %WHERE_ADDON% ORDER BY tbl.lft, categoryTitles.title',4,0,0,0,1,0,NULL,'0',0),(52,4,'entry_sortorder',1,NULL,NULL,'SELECT tbl.id AS id, categoryTitles.title AS title FROM categories AS tbl INNER JOIN categoryTitles ON categoryTitles.idCategories = tbl.id AND categoryTitles.idLanguages = %LANGUAGE_ID%, categories AS rootCat WHERE rootCat.id = 13 AND tbl.idRootCategory = rootCat.idRootCategory AND tbl.lft BETWEEN ( rootCat.lft +1 ) AND rootCat.rgt %WHERE_ADDON% ORDER BY tbl.lft, categoryTitles.title',4,0,0,0,1,0,NULL,'0',0),(53,20,'entry_category',1,NULL,NULL,'SELECT tbl.id AS id, categoryTitles.title AS title, (tbl.depth-1) AS depth FROM categories AS tbl INNER JOIN categoryTitles ON categoryTitles.idCategories = tbl.id AND categoryTitles.idLanguages = %LANGUAGE_ID%, categories AS rootCat WHERE rootCat.id = 1 AND tbl.idRootCategory = rootCat.idRootCategory AND tbl.lft BETWEEN (rootCat.lft + 1) AND rootCat.rgt %WHERE_ADDON% ORDER BY tbl.lft, categoryTitles.title',4,0,0,0,1,0,NULL,'0',0),(54,22,'video',1,NULL,NULL,'SELECT tbl.id AS id, tbl.title AS title FROM videoTypes AS tbl',12,0,0,0,1,0,NULL,'0',0),(55,12,'pic_shortdescription',3,NULL,NULL,NULL,3,0,0,0,1,0,NULL,'0',0),(56,17,'label',6,NULL,NULL,'SELECT tbl.id AS id, categoryTitles.title AS title, tbl.depth AS depth FROM categories AS tbl INNER JOIN categoryTitles ON categoryTitles.idCategories = tbl.id AND categoryTitles.idLanguages = %LANGUAGE_ID%, categories AS rootCat WHERE rootCat.id = 21 AND tbl.idRootCategory = rootCat.idRootCategory AND tbl.lft BETWEEN (rootCat.lft + 1) AND rootCat.rgt %WHERE_ADDON% ORDER BY tbl.lft, categoryTitles.title',12,0,1,0,1,0,NULL,'0',0),(59,9,'entry_viewtype',1,NULL,NULL,'SELECT tbl.id AS id, categoryTitles.title AS title FROM categories AS tbl INNER JOIN categoryTitles ON categoryTitles.idCategories = tbl.id AND categoryTitles.idLanguages = %LANGUAGE_ID%, categories AS rootCat WHERE rootCat.id = 27 AND tbl.idRootCategory = rootCat.idRootCategory AND tbl.lft BETWEEN (rootCat.lft + 1) AND rootCat.rgt %WHERE_ADDON% ORDER BY tbl.lft, categoryTitles.title',4,0,0,0,1,0,NULL,'0',0),(60,20,'entry_label',6,NULL,NULL,'SELECT tbl.id AS id, categoryTitles.title AS title, (tbl.depth-1) AS depth FROM categories AS tbl INNER JOIN categoryTitles ON categoryTitles.idCategories = tbl.id AND categoryTitles.idLanguages = %LANGUAGE_ID%, categories AS rootCat WHERE rootCat.id = 21 AND tbl.idRootCategory = rootCat.idRootCategory AND tbl.lft BETWEEN (rootCat.lft + 1) AND rootCat.rgt %WHERE_ADDON% ORDER BY tbl.lft, categoryTitles.title',4,0,0,0,1,0,NULL,'0',0),(61,20,'top_label',6,NULL,NULL,'SELECT tbl.id AS id, categoryTitles.title AS title, (tbl.depth-1) AS depth FROM categories AS tbl INNER JOIN categoryTitles ON categoryTitles.idCategories = tbl.id AND categoryTitles.idLanguages = %LANGUAGE_ID%, categories AS rootCat WHERE rootCat.id = 21 AND tbl.idRootCategory = rootCat.idRootCategory AND tbl.lft BETWEEN (rootCat.lft + 1) AND rootCat.rgt %WHERE_ADDON% ORDER BY tbl.lft, categoryTitles.title',4,0,0,0,1,0,NULL,'0',0),(62,20,'entry_label',6,NULL,NULL,'SELECT tbl.id AS id, categoryTitles.title AS title, (tbl.depth-1) AS depth FROM categories AS tbl INNER JOIN categoryTitles ON categoryTitles.idCategories = tbl.id AND categoryTitles.idLanguages = %LANGUAGE_ID%, categories AS rootCat WHERE rootCat.id = 21 AND tbl.idRootCategory = rootCat.idRootCategory AND tbl.lft BETWEEN (rootCat.lft + 1) AND rootCat.rgt %WHERE_ADDON% ORDER BY tbl.lft, categoryTitles.title',4,0,0,0,1,0,NULL,'0',0),(64,3,'option',1,NULL,NULL,'SELECT tbl.id AS id, categoryTitles.title AS title FROM categories AS tbl INNER JOIN categoryTitles ON categoryTitles.idCategories = tbl.id AND categoryTitles.idLanguages = %LANGUAGE_ID%, categories AS rootCat WHERE rootCat.id = 42 AND tbl.idRootCategory = rootCat.idRootCategory AND tbl.lft BETWEEN ( rootCat.lft +1 ) AND rootCat.rgt %WHERE_ADDON% ORDER BY tbl.lft, categoryTitles.title',12,0,0,0,1,0,NULL,'0',0),(65,1,'fname',1,NULL,NULL,NULL,6,0,1,1,1,0,NULL,'0',0),(66,1,'sname',1,NULL,NULL,NULL,6,0,1,1,1,0,NULL,'0',0),(67,1,'datetime',1,NULL,NULL,NULL,6,0,1,0,1,0,NULL,'0',0),(68,1,'event_duration',1,NULL,NULL,NULL,6,0,0,0,1,0,NULL,'0',0),(69,1,'event_street',1,NULL,NULL,NULL,9,0,0,0,1,0,NULL,'0',0),(70,1,'event_streetnr',1,NULL,NULL,NULL,3,0,0,0,1,0,NULL,'0',0),(71,1,'event_plz',1,NULL,NULL,NULL,3,0,0,0,1,0,NULL,'0',0),(72,1,'event_city',1,NULL,NULL,NULL,9,0,0,0,1,0,NULL,'0',0),(73,1,'event_location',1,NULL,NULL,NULL,12,0,0,0,1,0,NULL,'0',0),(74,1,'event_max_members',1,NULL,NULL,NULL,6,0,0,0,1,0,NULL,'0',0),(75,1,'event_costs',1,NULL,NULL,NULL,6,0,0,0,1,0,NULL,'0',0),(76,1,'salutation',1,NULL,NULL,NULL,6,0,1,0,1,0,NULL,'0',0),(77,1,'title',1,NULL,NULL,NULL,6,0,1,0,1,0,NULL,'0',0),(78,1,'position',1,NULL,NULL,NULL,12,0,1,0,1,0,NULL,'0',0),(79,1,'phone',1,NULL,NULL,NULL,4,0,1,0,1,0,NULL,'0',0),(80,1,'mobile',1,NULL,NULL,NULL,4,0,1,0,1,0,NULL,'0',0),(81,1,'fax',1,NULL,NULL,NULL,4,0,1,0,1,0,NULL,'0',0),(82,1,'email',1,NULL,NULL,NULL,6,0,1,0,1,0,NULL,'0',0),(83,1,'website',1,NULL,NULL,NULL,6,0,1,0,1,0,NULL,'0',0),(84,12,'pics',1,NULL,NULL,NULL,12,0,0,0,1,0,NULL,'0',0),(85,24,'speakers',1,NULL,NULL,NULL,12,0,0,0,1,0,NULL,'0',0),(86,9,'contact',1,NULL,NULL,'SELECT tbl.id AS id, CONCAT(tbl.fname,\' \',tbl.sname) AS title FROM contacts AS tbl INNER JOIN units ON tbl.idUnits = units.id INNER JOIN unitTitles ON unitTitles.idUnits = units.id AND unitTitles.idLanguages = %LANGUAGE_ID%, units AS rootUnit WHERE rootUnit.id = 3 AND units.lft BETWEEN (rootUnit.lft + 1) AND rootUnit.rgt %WHERE_ADDON% ORDER BY tbl.fname ASC',12,0,0,0,1,0,NULL,'0',0),(87,9,'event_status',1,NULL,NULL,'SELECT tbl.id AS id, categoryTitles.title AS title FROM categories AS tbl INNER JOIN categoryTitles ON categoryTitles.idCategories = tbl.id AND categoryTitles.idLanguages = %LANGUAGE_ID%, categories AS rootCat WHERE rootCat.id = 49 AND tbl.idRootCategory = rootCat.idRootCategory AND tbl.lft BETWEEN ( rootCat.lft +1 ) AND rootCat.rgt %WHERE_ADDON% ORDER BY tbl.lft, categoryTitles.title',6,0,0,0,1,0,NULL,'0',0),(88,12,'banner_pics',1,NULL,NULL,NULL,3,0,0,0,1,0,NULL,'0',0),(89,10,'banner_description',1,NULL,NULL,NULL,9,0,0,0,1,0,NULL,'0',0),(90,1,'banner_title',1,NULL,NULL,NULL,12,0,0,0,1,0,NULL,'0',0),(91,12,'headerpics',1,NULL,NULL,NULL,12,0,0,0,1,0,NULL,'0',0),(92,2,'header_embed_code',1,NULL,NULL,NULL,12,0,0,0,1,0,NULL,'0',0),(93,1,'external',1,NULL,NULL,NULL,12,0,1,0,1,0,NULL,'0',0),(94,1,'title',1,NULL,NULL,NULL,12,0,1,1,1,0,NULL,'0',0),(95,4,'entry_depth',1,NULL,NULL,'SELECT tbl.id AS id, categoryTitles.title AS title FROM categories AS tbl INNER JOIN categoryTitles ON categoryTitles.idCategories = tbl.id AND categoryTitles.idLanguages = %LANGUAGE_ID%, categories AS rootCat WHERE rootCat.id = 64 AND tbl.idRootCategory = rootCat.idRootCategory AND tbl.lft %WHERE_ADDON% BETWEEN (rootCat.lft+1) AND rootCat.rgt ORDER BY tbl.lft, categoryTitles.title',4,0,0,0,1,0,NULL,'0',0),(96,21,'title',5,NULL,NULL,NULL,12,0,1,0,1,0,NULL,'0',0),(97,1,'instruction_title',6,NULL,NULL,NULL,12,0,0,0,1,1,NULL,'0',0),(98,10,'instruction_description',6,NULL,NULL,NULL,12,0,0,0,1,0,NULL,'0',0),(99,1,'description',6,NULL,NULL,NULL,12,0,0,0,1,0,NULL,'0',0),(100,1,'department',1,NULL,NULL,NULL,6,0,0,0,1,0,NULL,'0',0),(101,1,'position',1,NULL,NULL,NULL,6,0,0,0,1,0,NULL,'0',0),(102,1,'content_responsible',1,NULL,NULL,'SELECT tbl.id AS id, CONCAT(tbl.fname,\' \',tbl.sname) AS title FROM contacts AS tbl WHERE tbl.idUnits = 1 ORDER BY tbl.fname ASC',6,0,0,0,1,0,NULL,'0',0),(103,1,'organizational_responsible',1,NULL,NULL,'SELECT tbl.id AS id, CONCAT(tbl.fname,\' \',tbl.sname) AS title FROM contacts AS tbl WHERE tbl.idUnits = 1 ORDER BY tbl.fname ASC',6,0,0,0,1,0,NULL,'0',0),(104,1,'steps_title',1,NULL,NULL,NULL,12,0,0,0,1,1,NULL,'0',0),(105,10,'steps_text',1,NULL,NULL,NULL,12,0,0,0,1,0,NULL,'0',0),(106,10,'shortdescription',5,NULL,NULL,NULL,12,0,0,0,1,0,NULL,'0',0),(107,1,'steps_who',1,NULL,NULL,NULL,12,0,0,0,1,0,NULL,'0',0),(108,12,'process_pic',1,NULL,NULL,NULL,12,0,0,0,1,0,NULL,'0',0),(109,10,'process_inputs',1,NULL,NULL,NULL,12,0,0,0,1,0,NULL,'0',0),(110,10,'risk_description',1,NULL,NULL,NULL,12,0,0,0,1,0,NULL,'0',0),(111,1,'rule_title',1,NULL,NULL,NULL,12,0,0,0,1,1,NULL,'0',0),(112,10,'rule_text',1,NULL,NULL,NULL,12,0,0,0,1,0,NULL,'0',0),(113,10,'risk_measure',1,NULL,NULL,NULL,12,0,0,0,1,0,NULL,'0',0),(114,10,'process_output',1,NULL,NULL,NULL,12,0,0,0,1,0,NULL,'0',0),(115,10,'process_indicator',1,NULL,NULL,NULL,12,0,0,0,1,0,NULL,'0',0),(116,10,'process_instructions',1,NULL,NULL,NULL,12,0,0,0,1,0,NULL,'0',0),(117,10,'process_techniques',1,NULL,NULL,NULL,12,0,0,0,1,0,NULL,'0',0),(118,25,'gmaps',1,NULL,NULL,NULL,12,0,0,0,1,0,NULL,'0',0),(119,1,'internal_links_title',6,NULL,NULL,NULL,12,0,0,0,1,0,NULL,'0',0),(120,26,'internal_links',1,NULL,NULL,NULL,12,0,0,0,1,0,NULL,'0',0),(121,1,'collection_title',6,NULL,NULL,NULL,12,0,0,0,1,0,NULL,'0',0),(122,27,'collection',1,NULL,NULL,NULL,12,0,0,0,1,0,NULL,'0',0),(123,13,'block_docs',1,NULL,NULL,NULL,12,0,0,0,1,0,NULL,'0',0),(124,1,'link_title',6,NULL,NULL,NULL,12,0,0,0,1,1,NULL,'0',0),(125,1,'link_url',1,NULL,NULL,NULL,12,0,0,0,1,0,NULL,'0',0),(126,12,'header_pics',1,NULL,NULL,NULL,3,0,0,0,1,0,NULL,'0',0),(127,10,'header_description',1,NULL,NULL,NULL,9,0,0,0,1,0,NULL,'0',0),(128,12,'sidebar_pics',1,NULL,NULL,NULL,12,0,0,0,1,0,NULL,'0',0),(129,28,'docs',1,NULL,NULL,NULL,12,0,0,0,1,0,NULL,'0',0),(130,20,'entry_point',1,NULL,NULL,'SELECT folders.id, folderTitles.title, folders.depth FROM folders INNER JOIN folderTitles ON folderTitles.folderId = folders.folderId AND folderTitles.version = folders.version AND folderTitles.idLanguages = %LANGUAGE_ID% INNER JOIN rootLevels ON rootLevels.id = folders.idRootLevels INNER JOIN rootLevelTitles ON rootLevelTitles.idRootLevels = rootLevels.id WHERE folders.idRootLevels = 12 ORDER BY folders.lft, folders.sortPosition ASC, folders.sortTimestamp DESC',4,0,0,0,1,0,NULL,'0',0),(131,20,'entry_category',1,NULL,NULL,'SELECT tbl.id AS id, categoryTitles.title AS title, (tbl.depth-1) AS depth FROM categories AS tbl INNER JOIN categoryTitles ON categoryTitles.idCategories = tbl.id AND categoryTitles.idLanguages = %LANGUAGE_ID%, categories AS rootCat WHERE rootCat.id = 1 AND tbl.idRootCategory = rootCat.idRootCategory AND tbl.lft BETWEEN (rootCat.lft + 1) AND rootCat.rgt %WHERE_ADDON% ORDER BY tbl.lft, categoryTitles.title',4,0,0,0,1,0,NULL,'0',0),(132,20,'entry_label',6,NULL,NULL,'SELECT tbl.id AS id, categoryTitles.title AS title, (tbl.depth-1) AS depth FROM categories AS tbl INNER JOIN categoryTitles ON categoryTitles.idCategories = tbl.id AND categoryTitles.idLanguages = %LANGUAGE_ID%, categories AS rootCat WHERE rootCat.id = 21 AND tbl.idRootCategory = rootCat.idRootCategory AND tbl.lft BETWEEN (rootCat.lft + 1) AND rootCat.rgt %WHERE_ADDON% ORDER BY tbl.lft, categoryTitles.title',4,0,0,0,1,0,NULL,'0',0),(133,1,'code',1,NULL,NULL,NULL,12,0,1,0,1,0,NULL,'0',0),(134,1,'datetime',5,NULL,NULL,NULL,12,0,1,1,1,0,NULL,'0',0),(135,20,'entry_label',6,NULL,NULL,'SELECT tbl.id AS id, categoryTitles.title AS title, (tbl.depth-1) AS depth FROM categories AS tbl INNER JOIN categoryTitles ON categoryTitles.idCategories = tbl.id AND categoryTitles.idLanguages = %LANGUAGE_ID%, categories AS rootCat WHERE rootCat.id = 21 AND tbl.idRootCategory = rootCat.idRootCategory AND tbl.lft BETWEEN (rootCat.lft + 1) AND rootCat.rgt %WHERE_ADDON% ORDER BY tbl.lft, categoryTitles.title',4,0,0,0,1,0,NULL,'0',0),(136,20,'entry_category',1,NULL,NULL,'SELECT tbl.id AS id, categoryTitles.title AS title, (tbl.depth-1) AS depth FROM categories AS tbl INNER JOIN categoryTitles ON categoryTitles.idCategories = tbl.id AND categoryTitles.idLanguages = %LANGUAGE_ID%, categories AS rootCat WHERE rootCat.id = 1 AND tbl.idRootCategory = rootCat.idRootCategory AND tbl.lft BETWEEN (rootCat.lft + 1) AND rootCat.rgt %WHERE_ADDON% ORDER BY tbl.lft, categoryTitles.title',4,0,0,0,1,0,NULL,'0',0),(137,20,'entry_point',1,NULL,NULL,'SELECT folders.id, folderTitles.title, folders.depth FROM folders INNER JOIN folderTitles ON folderTitles.folderId = folders.folderId AND folderTitles.version = folders.version AND folderTitles.idLanguages = %LANGUAGE_ID% INNER JOIN rootLevels ON rootLevels.id = folders.idRootLevels INNER JOIN rootLevelTitles ON rootLevelTitles.idRootLevels = rootLevels.id WHERE folders.idRootLevels = 15 ORDER BY folders.lft, folders.sortPosition ASC, folders.sortTimestamp DESC',4,0,0,0,1,0,NULL,'0',0),(138,9,'location',1,NULL,NULL,'SELECT tbl.id AS id, CONCAT(categoryTitles.title, \', \', tbl.city, \' - \',tbl.name) AS title FROM locations AS tbl LEFT JOIN categoryTitles ON categoryTitles.idCategories = tbl.country AND categoryTitles.idLanguages = %LANGUAGE_ID% WHERE tbl.idUnits = 43 %WHERE_ADDON% ORDER BY title',6,0,0,0,1,0,NULL,'0',0),(139,1,'start_datetime',5,NULL,NULL,NULL,6,0,0,0,1,0,NULL,'0',0),(140,1,'end_datetime',5,NULL,NULL,NULL,6,0,0,0,1,0,NULL,'0',0),(141,2,'duration',1,NULL,NULL,NULL,6,0,0,0,1,0,NULL,'0',0),(142,1,'global_entry_title',6,NULL,NULL,NULL,12,0,0,0,1,1,NULL,'0',0),(143,20,'global_entry_point',1,NULL,NULL,'SELECT folders.id, folderTitles.title, folders.depth FROM folders INNER JOIN folderTitles ON folderTitles.folderId = folders.folderId AND folderTitles.version = folders.version AND folderTitles.idLanguages = %LANGUAGE_ID% INNER JOIN rootLevels ON rootLevels.id = folders.idRootLevels INNER JOIN rootLevelTitles ON rootLevelTitles.idRootLevels = rootLevels.id WHERE folders.idRootLevels = 12 ORDER BY folders.lft, folders.sortPosition ASC, folders.sortTimestamp DESC',4,0,0,0,1,0,NULL,'0',0),(144,20,'global_entry_category',1,NULL,NULL,'SELECT tbl.id AS id, categoryTitles.title AS title, (tbl.depth-1) AS depth FROM categories AS tbl INNER JOIN categoryTitles ON categoryTitles.idCategories = tbl.id AND categoryTitles.idLanguages = %LANGUAGE_ID%, categories AS rootCat WHERE rootCat.id = 1 AND tbl.idRootCategory = rootCat.idRootCategory AND tbl.lft BETWEEN (rootCat.lft + 1) AND rootCat.rgt %WHERE_ADDON% ORDER BY tbl.lft, categoryTitles.title',4,0,0,0,1,0,NULL,'0',0),(145,20,'global_entry_label',6,NULL,NULL,'SELECT tbl.id AS id, categoryTitles.title AS title, (tbl.depth-1) AS depth FROM categories AS tbl INNER JOIN categoryTitles ON categoryTitles.idCategories = tbl.id AND categoryTitles.idLanguages = %LANGUAGE_ID%, categories AS rootCat WHERE rootCat.id = 21 AND tbl.idRootCategory = rootCat.idRootCategory AND tbl.lft BETWEEN (rootCat.lft + 1) AND rootCat.rgt %WHERE_ADDON% ORDER BY tbl.lft, categoryTitles.title',4,0,0,0,1,0,NULL,'0',0),(146,20,'global_entry_nav_point',1,NULL,NULL,'SELECT pages.id, pageTitles.title, folders.depth FROM folders INNER JOIN pages ON pages.idParent = folders.id AND pages.idParentTypes = 2 AND pages.isStartPage = 1 INNER JOIN pageProperties ON pageProperties.pageId = pages.pageId AND pageProperties.version = pages.version AND pageProperties.idLanguages = %LANGUAGE_ID% INNER JOIN pageTitles ON pageTitles.pageId = pages.pageId AND pageTitles.version = pages.version AND pageTitles.idLanguages = %LANGUAGE_ID% WHERE folders.idRootLevels = %ROOTLEVEL_ID% ORDER BY folders.lft, folders.sortPosition ASC, folders.sortTimestamp DESC',4,0,0,0,1,0,NULL,'0',0),(147,1,'iframe',1,NULL,NULL,NULL,12,0,1,1,1,0,NULL,'0',0),(148,1,'iframeWidth',1,NULL,NULL,NULL,6,0,0,0,1,0,NULL,'0',0),(149,1,'iframeHeight',1,NULL,NULL,NULL,6,0,0,0,1,0,NULL,'0',0),(150,29,'videoIntern',1,NULL,NULL,NULL,12,0,0,0,1,0,NULL,'0',0),(151,1,'name',1,NULL,NULL,NULL,12,0,1,1,1,0,NULL,'0',0),(152,9,'position',6,NULL,NULL,'SELECT tbl.id AS id, categoryTitles.title AS title FROM categories AS tbl LEFT JOIN categoryTitles ON categoryTitles.idCategories = tbl.id AND categoryTitles.idLanguages = %LANGUAGE_ID%, categories AS rootCat WHERE rootCat.id = 270 AND tbl.idRootCategory = rootCat.idRootCategory %WHERE_ADDON% ORDER BY categoryTitles.title',6,0,1,0,1,0,NULL,'0',0),(153,9,'type',6,NULL,NULL,'SELECT tbl.id AS id, categoryTitles.title AS title FROM categories AS tbl LEFT JOIN categoryTitles ON categoryTitles.idCategories = tbl.id AND categoryTitles.idLanguages = %LANGUAGE_ID%, categories AS rootCat WHERE rootCat.id = 269 AND tbl.idRootCategory = rootCat.idRootCategory %WHERE_ADDON% ORDER BY categoryTitles.title',6,0,1,0,1,0,NULL,'0',0),(154,1,'comment',1,NULL,NULL,NULL,12,0,1,0,1,0,NULL,'0',0),(155,20,'country',1,NULL,NULL,'SELECT tbl.id AS id, categoryTitles.title AS title, (tbl.depth-1) AS depth FROM categories AS tbl INNER JOIN categoryTitles ON categoryTitles.idCategories = tbl.id AND categoryTitles.idLanguages = %LANGUAGE_ID%, categories AS rootCat WHERE rootCat.id = 268 AND tbl.idRootCategory = rootCat.idRootCategory AND tbl.lft BETWEEN (rootCat.lft + 1) AND rootCat.rgt %WHERE_ADDON% ORDER BY tbl.lft, categoryTitles.title',6,0,1,0,1,0,NULL,'0',0),(156,10,'street',1,NULL,NULL,NULL,12,0,1,0,1,0,NULL,'0',0),(157,1,'state',1,NULL,NULL,NULL,6,0,1,0,1,0,NULL,'0',0),(158,1,'city',1,NULL,NULL,NULL,6,0,1,0,1,0,NULL,'0',0),(159,1,'zip',1,NULL,NULL,NULL,6,0,1,0,1,0,NULL,'0',0),(160,9,'entry_pic_tag',1,NULL,NULL,'SELECT tbl.id AS id, tbl.title AS title FROM tags AS tbl ORDER BY tbl.title',4,0,0,0,1,0,NULL,'0',0),(161,9,'entry_sorttype',1,NULL,NULL,'SELECT tbl.id AS id, categoryTitles.title AS title FROM categories AS tbl INNER JOIN categoryTitles ON categoryTitles.idCategories = tbl.id AND categoryTitles.idLanguages = %LANGUAGE_ID% WHERE tbl.id IN (16,17) %WHERE_ADDON% ORDER BY categoryTitles.title',4,0,0,0,1,0,NULL,'0',0),(162,1,'sender_name',1,NULL,NULL,NULL,6,0,0,0,1,0,NULL,'0',0),(163,1,'sender_mail',1,NULL,NULL,NULL,6,0,0,0,1,0,NULL,'0',0),(164,1,'receiver_name',1,NULL,NULL,NULL,6,0,0,0,1,0,NULL,'0',0),(165,1,'receiver_mail',1,NULL,NULL,NULL,6,0,0,0,1,0,NULL,'0',0),(166,3,'form_fields',1,NULL,NULL,'SELECT tbl.id AS id, categoryTitles.title AS title, categoryCodes.code FROM categories AS tbl INNER JOIN categoryTitles ON categoryTitles.idCategories = tbl.id AND categoryTitles.idLanguages = %LANGUAGE_ID% INNER JOIN categoryCodes ON categoryCodes.idCategories = tbl.id AND categoryCodes.idLanguages = %LANGUAGE_ID% WHERE tbl.idParentCategory = 448 %WHERE_ADDON% ORDER BY tbl.id ASC',6,0,0,0,1,0,NULL,'0',0),(167,3,'form_mandatory_fields',1,NULL,NULL,'SELECT tbl.id AS id, categoryTitles.title AS title, categoryCodes.code FROM categories AS tbl INNER JOIN categoryTitles ON categoryTitles.idCategories = tbl.id AND categoryTitles.idLanguages = %LANGUAGE_ID% INNER JOIN categoryCodes ON categoryCodes.idCategories = tbl.id AND categoryCodes.idLanguages = %LANGUAGE_ID% WHERE tbl.idParentCategory = 448 %WHERE_ADDON% ORDER BY tbl.id ASC',6,0,0,0,1,0,NULL,'0',0),(168,1,'subject',6,NULL,NULL,NULL,12,0,0,0,1,0,NULL,'0',0),(169,10,'success_message',6,NULL,NULL,NULL,12,0,0,0,1,0,NULL,'0',0),(170,1,'title_externe_links',6,NULL,NULL,NULL,12,0,0,0,1,0,NULL,'0',0),(171,20,'entry_location',1,NULL,NULL,'SELECT tbl.id, unitTitles.title, tbl.depth FROM units AS tbl INNER JOIN unitTitles ON unitTitles.IdUnits = tbl.id AND unitTitles.idLanguages = %LANGUAGE_ID% WHERE tbl.idRootLevels = 19 %WHERE_ADDON% ORDER BY tbl.idRootUnit, tbl.lft ASC',6,0,0,0,1,0,NULL,'0',0),(172,20,'entry_type',1,NULL,NULL,'SELECT tbl.id AS id, categoryTitles.title AS title FROM categories AS tbl INNER JOIN categoryTitles ON categoryTitles.idCategories = tbl.id AND categoryTitles.idLanguages = %LANGUAGE_ID% WHERE tbl.idParentCategory = 269 %WHERE_ADDON% ORDER BY categoryTitles.title',6,0,0,0,1,0,NULL,'0',0),(173,1,'slogan',5,NULL,NULL,NULL,12,0,0,0,1,0,NULL,'0',0),(174,12,'slogan_pics',3,NULL,NULL,NULL,12,0,0,0,1,0,NULL,'0',0),(175,13,'curriculum_vitae',1,NULL,NULL,NULL,12,0,0,0,1,0,NULL,'0',0),(176,14,'speakers',1,NULL,NULL,'SELECT tbl.id AS id, CONCAT(tbl.fname,\' \',tbl.sname) AS title FROM contacts AS tbl INNER JOIN units ON tbl.idUnits = units.id INNER JOIN unitTitles ON unitTitles.idUnits = units.id AND unitTitles.idLanguages = %LANGUAGE_ID%, units AS rootUnit WHERE rootUnit.id = 4 AND units.idRootUnit = rootUnit.id AND units.lft BETWEEN rootUnit.lft AND rootUnit.rgt %WHERE_ADDON% ORDER BY tbl.fname ASC',6,0,0,0,1,0,NULL,'0',0),(177,1,'event_title',6,NULL,NULL,NULL,6,0,0,0,1,1,NULL,'0',0),(178,20,'entry_label',6,NULL,NULL,'SELECT tbl.id AS id, categoryTitles.title AS title, (tbl.depth-1) AS depth FROM categories AS tbl INNER JOIN categoryTitles ON categoryTitles.idCategories = tbl.id AND categoryTitles.idLanguages = %LANGUAGE_ID%, categories AS rootCat WHERE rootCat.id = 21 AND tbl.idRootCategory = rootCat.idRootCategory AND tbl.lft BETWEEN (rootCat.lft + 1) AND rootCat.rgt %WHERE_ADDON% ORDER BY tbl.lft, categoryTitles.title',4,0,0,0,1,0,NULL,'0',0),(179,20,'entry_category',1,NULL,NULL,'SELECT tbl.id AS id, categoryTitles.title AS title, (tbl.depth-1) AS depth FROM categories AS tbl INNER JOIN categoryTitles ON categoryTitles.idCategories = tbl.id AND categoryTitles.idLanguages = %LANGUAGE_ID%, categories AS rootCat WHERE rootCat.id = 1 AND tbl.idRootCategory = rootCat.idRootCategory AND tbl.lft BETWEEN (rootCat.lft + 1) AND rootCat.rgt %WHERE_ADDON% ORDER BY tbl.lft, categoryTitles.title',4,0,0,0,1,0,NULL,'0',0),(180,20,'entry_point',1,NULL,NULL,'SELECT folders.id, folderTitles.title, folders.depth FROM folders INNER JOIN folderTitles ON folderTitles.folderId = folders.folderId AND folderTitles.version = folders.version AND folderTitles.idLanguages = %LANGUAGE_ID% INNER JOIN rootLevels ON rootLevels.id = folders.idRootLevels INNER JOIN rootLevelTitles ON rootLevelTitles.idRootLevels = rootLevels.id WHERE folders.idRootLevels = 17 ORDER BY folders.lft, folders.sortPosition ASC, folders.sortTimestamp DESC',4,0,0,0,1,0,NULL,'0',0),(181,2,'fees',1,NULL,NULL,NULL,6,0,0,0,1,0,NULL,'0',0),(182,2,'language',6,NULL,NULL,NULL,6,0,0,0,1,0,NULL,'0',0),(183,20,'entry_label',6,NULL,NULL,'SELECT tbl.id AS id, categoryTitles.title AS title, (tbl.depth-1) AS depth FROM categories AS tbl INNER JOIN categoryTitles ON categoryTitles.idCategories = tbl.id AND categoryTitles.idLanguages = %LANGUAGE_ID%, categories AS rootCat WHERE rootCat.id = 21 AND tbl.idRootCategory = rootCat.idRootCategory AND tbl.lft BETWEEN (rootCat.lft + 1) AND rootCat.rgt %WHERE_ADDON% ORDER BY tbl.lft, categoryTitles.title',4,0,0,0,1,0,NULL,'0',0),(184,20,'entry_category',1,NULL,NULL,'SELECT tbl.id AS id, categoryTitles.title AS title, (tbl.depth-1) AS depth FROM categories AS tbl INNER JOIN categoryTitles ON categoryTitles.idCategories = tbl.id AND categoryTitles.idLanguages = %LANGUAGE_ID%, categories AS rootCat WHERE rootCat.id = 1 AND tbl.idRootCategory = rootCat.idRootCategory AND tbl.lft BETWEEN (rootCat.lft + 1) AND rootCat.rgt %WHERE_ADDON% ORDER BY tbl.lft, categoryTitles.title',4,0,0,0,1,0,NULL,'0',0),(185,20,'entry_point',1,NULL,NULL,'SELECT folders.id, folderTitles.title, folders.depth FROM folders INNER JOIN folderTitles ON folderTitles.folderId = folders.folderId AND folderTitles.version = folders.version AND folderTitles.idLanguages = %LANGUAGE_ID% INNER JOIN rootLevels ON rootLevels.id = folders.idRootLevels INNER JOIN rootLevelTitles ON rootLevelTitles.idRootLevels = rootLevels.id WHERE folders.idRootLevels = 20 ORDER BY folders.lft, folders.sortPosition ASC, folders.sortTimestamp DESC',4,0,0,0,1,0,NULL,'0',0);
/*!40000 ALTER TABLE `fields` ENABLE KEYS */;
UNLOCK TABLES;

--
-- Table structure for table `fileAttributes`
--

DROP TABLE IF EXISTS `fileAttributes`;
/*!40101 SET @saved_cs_client     = @@character_set_client */;
/*!40101 SET character_set_client = utf8 */;
CREATE TABLE `fileAttributes` (
  `id` bigint(20) unsigned NOT NULL AUTO_INCREMENT,
  `idFiles` bigint(20) unsigned NOT NULL,
  `xDim` int(10) DEFAULT NULL,
  `yDim` int(10) DEFAULT NULL,
  PRIMARY KEY (`id`),
  KEY `idFiles` (`idFiles`),
  CONSTRAINT `fileAttributes_ibfk_1` FOREIGN KEY (`idFiles`) REFERENCES `files` (`id`) ON DELETE CASCADE
) ENGINE=InnoDB AUTO_INCREMENT=78 DEFAULT CHARSET=utf8;
/*!40101 SET character_set_client = @saved_cs_client */;

--
-- Dumping data for table `fileAttributes`
--

LOCK TABLES `fileAttributes` WRITE;
/*!40000 ALTER TABLE `fileAttributes` DISABLE KEYS */;
INSERT INTO `fileAttributes` VALUES (1,1,2716,1810),(2,4,2800,4200),(3,5,2124,1398),(4,6,2360,2304),(5,7,4288,2848),(6,8,2124,1398),(7,9,2360,2304),(8,10,1755,1869),(9,11,3382,2285),(10,12,4288,2848),(11,13,1640,1230),(12,14,2314,1791),(13,15,2592,1944),(72,81,1640,1230),(73,82,1275,956),(74,83,1800,1350),(75,84,2716,1810),(76,85,2800,4200),(77,86,933,386);
/*!40000 ALTER TABLE `fileAttributes` ENABLE KEYS */;
UNLOCK TABLES;

--
-- Table structure for table `filePermissions`
--

DROP TABLE IF EXISTS `filePermissions`;
/*!40101 SET @saved_cs_client     = @@character_set_client */;
/*!40101 SET character_set_client = utf8 */;
CREATE TABLE `filePermissions` (
  `id` bigint(20) unsigned NOT NULL AUTO_INCREMENT,
  `idFiles` bigint(20) unsigned NOT NULL,
  `idPermissions` bigint(20) unsigned NOT NULL,
  `idGroups` bigint(20) unsigned NOT NULL,
  PRIMARY KEY (`id`)
) ENGINE=InnoDB DEFAULT CHARSET=utf8;
/*!40101 SET character_set_client = @saved_cs_client */;

--
-- Dumping data for table `filePermissions`
--

LOCK TABLES `filePermissions` WRITE;
/*!40000 ALTER TABLE `filePermissions` DISABLE KEYS */;
/*!40000 ALTER TABLE `filePermissions` ENABLE KEYS */;
UNLOCK TABLES;

--
-- Table structure for table `fileTitles`
--

DROP TABLE IF EXISTS `fileTitles`;
/*!40101 SET @saved_cs_client     = @@character_set_client */;
/*!40101 SET character_set_client = utf8 */;
CREATE TABLE `fileTitles` (
  `id` bigint(20) unsigned NOT NULL AUTO_INCREMENT,
  `idFiles` bigint(20) unsigned NOT NULL,
  `idLanguages` int(10) unsigned NOT NULL DEFAULT '1',
  `isDisplayTitle` tinyint(1) NOT NULL DEFAULT '0',
  `title` varchar(500) DEFAULT NULL,
  `description` text,
  `changed` timestamp NOT NULL DEFAULT CURRENT_TIMESTAMP ON UPDATE CURRENT_TIMESTAMP,
  PRIMARY KEY (`id`),
  KEY `idFiles` (`idFiles`),
  CONSTRAINT `fileTitles_ibfk_1` FOREIGN KEY (`idFiles`) REFERENCES `files` (`id`) ON DELETE CASCADE
) ENGINE=InnoDB AUTO_INCREMENT=78 DEFAULT CHARSET=utf8;
/*!40101 SET character_set_client = @saved_cs_client */;

--
-- Dumping data for table `fileTitles`
--

LOCK TABLES `fileTitles` WRITE;
/*!40000 ALTER TABLE `fileTitles` DISABLE KEYS */;
INSERT INTO `fileTitles` VALUES (3,2,1,1,'JavaScript Performance Rocks Checklist','','2010-02-27 06:44:53'),(4,1,1,1,'Marathonläufer in der Wüste','','2010-03-01 13:07:24'),(5,3,2,1,'Caching-Sharding','','2010-03-02 13:28:50'),(6,4,1,1,'Marathonläufer','Beschreibung hinzufügen...','2010-03-01 13:10:08'),(7,5,1,1,'photocase4a2stvqe426p','','2010-03-01 13:27:56'),(8,7,1,1,'photocaser67k227n4mt6','','2010-03-01 13:27:56'),(9,6,1,1,'photocase4f2s7zjfpqke','','2010-03-01 13:31:25'),(10,8,1,1,'photocase4a2stvqe426p','','2010-03-16 15:37:20'),(11,9,1,1,'photocase4f2s7zjfpqke','','2010-03-16 15:37:20'),(12,10,1,1,'photocase4ns59d8z4hm9','','2010-03-16 15:37:20'),(13,11,1,1,'photocase347858782664','','2010-03-16 15:37:20'),(14,12,1,1,'photocaser67k227n4mt6','','2010-03-16 15:37:20'),(15,13,1,1,'bluephase_c8_product.v1','','2010-03-23 07:38:18'),(16,14,1,1,'Apple look alike','','2010-03-23 07:39:53'),(17,15,1,1,'background','','2010-03-23 07:39:53'),(22,20,1,1,'bluephase_trailer','','2010-03-24 15:21:56'),(23,21,1,1,'Image_Video','','2010-03-24 15:39:27'),(24,22,1,1,'phonares','','2010-03-24 15:39:27'),(70,81,1,1,'bluephase_c8_product.v1','','2010-04-01 08:28:27'),(71,82,1,1,'Helimolar+Flow_product','','2010-04-01 08:28:18'),(72,83,1,1,'Programat+P700_product','','2010-04-01 08:28:36'),(73,84,1,1,'Marathonläufer in der Wüste','','2010-03-31 12:32:09'),(74,85,1,1,'Marathonläuferin','','2010-03-31 12:32:09'),(75,2,2,0,'JavaScript Performance Rocks Checklist','','2010-04-06 07:17:37'),(76,86,1,1,'Platzhalter','','2010-04-07 12:21:49'),(77,21,2,0,'Image_Video','','2010-04-22 09:12:05');
/*!40000 ALTER TABLE `fileTitles` ENABLE KEYS */;
UNLOCK TABLES;

--
-- Table structure for table `fileTypes`
--

DROP TABLE IF EXISTS `fileTypes`;
/*!40101 SET @saved_cs_client     = @@character_set_client */;
/*!40101 SET character_set_client = utf8 */;
CREATE TABLE `fileTypes` (
  `id` bigint(20) unsigned NOT NULL AUTO_INCREMENT,
  `title` varchar(255) NOT NULL,
  `isImage` tinyint(1) DEFAULT NULL COMMENT 'If filetyp ecan be rendered to image',
  PRIMARY KEY (`id`)
) ENGINE=InnoDB AUTO_INCREMENT=3 DEFAULT CHARSET=utf8;
/*!40101 SET character_set_client = @saved_cs_client */;

--
-- Dumping data for table `fileTypes`
--

LOCK TABLES `fileTypes` WRITE;
/*!40000 ALTER TABLE `fileTypes` DISABLE KEYS */;
INSERT INTO `fileTypes` VALUES (1,'Work',NULL),(2,'Private',NULL);
/*!40000 ALTER TABLE `fileTypes` ENABLE KEYS */;
UNLOCK TABLES;

--
-- Table structure for table `fileVersions`
--

DROP TABLE IF EXISTS `fileVersions`;
/*!40101 SET @saved_cs_client     = @@character_set_client */;
/*!40101 SET character_set_client = utf8 */;
CREATE TABLE `fileVersions` (
  `id` bigint(20) unsigned NOT NULL AUTO_INCREMENT,
  `idFiles` bigint(20) unsigned NOT NULL,
  `fileId` varchar(64) NOT NULL,
  `idUsers` bigint(20) unsigned NOT NULL,
  `path` varchar(500) NOT NULL,
  `idParent` bigint(20) unsigned NOT NULL,
  `idParentTypes` int(10) unsigned NOT NULL,
  `isS3Stored` tinyint(4) NOT NULL DEFAULT '0',
  `isImage` tinyint(4) NOT NULL DEFAULT '0',
  `isLanguageSpecific` tinyint(1) NOT NULL DEFAULT '0',
  `filename` varchar(500) DEFAULT NULL,
  `idFileTypes` bigint(20) unsigned DEFAULT NULL,
  `creator` bigint(20) unsigned NOT NULL,
  `created` timestamp NOT NULL DEFAULT '0000-00-00 00:00:00',
  `changed` timestamp NOT NULL DEFAULT '0000-00-00 00:00:00',
  `size` bigint(20) unsigned NOT NULL COMMENT 'Filesize in KB',
  `extension` varchar(10) NOT NULL,
  `mimeType` varchar(255) NOT NULL,
  `version` int(10) NOT NULL,
  `archiver` bigint(20) unsigned DEFAULT NULL,
  `archived` timestamp NULL DEFAULT NULL,
  `downloadCounter` int(10) unsigned NOT NULL DEFAULT '0',
  PRIMARY KEY (`id`),
  KEY `idFiles` (`idFiles`),
  KEY `version` (`version`),
  KEY `idFiles_2` (`idFiles`,`version`),
  CONSTRAINT `fileVersions_ibfk_1` FOREIGN KEY (`idFiles`) REFERENCES `files` (`id`) ON DELETE CASCADE
) ENGINE=InnoDB AUTO_INCREMENT=107 DEFAULT CHARSET=utf8;
/*!40101 SET character_set_client = @saved_cs_client */;

--
-- Dumping data for table `fileVersions`
--

LOCK TABLES `fileVersions` WRITE;
/*!40000 ALTER TABLE `fileVersions` DISABLE KEYS */;
INSERT INTO `fileVersions` VALUES (1,1,'marathonlaeufer-in-der-wueste',3,'02/',16,2,0,1,0,'marathonlaeufer-in-der-wueste.jpg',NULL,3,'2010-02-26 21:11:14','0000-00-00 00:00:00',4461836,'jpg','image/jpeg',1,3,'2010-02-27 05:34:16',2),(2,2,'javascript_performance_rocks_checklist',3,'03/',27,2,0,0,0,'javascript_performance_rocks_checklist.pdf',NULL,3,'2010-02-26 21:11:54','0000-00-00 00:00:00',141286,'pdf','application/pdf',1,3,'2010-02-27 05:18:29',8),(3,2,'javascript_performance_rocks_checklist',3,'03/',27,2,0,0,0,'javascript_performance_rocks_checklist.pdf',NULL,3,'2010-02-27 05:18:29','0000-00-00 00:00:00',833693,'pdf','application/pdf',2,3,'2010-02-27 05:18:51',8),(4,2,'javascript_performance_rocks_checklist',3,'03/',27,2,0,0,0,'javascript_performance_rocks_checklist.pdf',NULL,3,'2010-02-27 05:18:51','0000-00-00 00:00:00',833693,'pdf','application/pdf',3,3,'2010-02-27 05:23:04',11),(5,2,'javascript_performance_rocks_checklist',3,'03/',27,2,0,0,0,'javascript_performance_rocks_checklist.pdf',NULL,3,'2010-02-27 05:23:04','0000-00-00 00:00:00',141286,'pdf','application/pdf',4,3,'2010-02-27 06:19:31',13),(6,1,'marathonlaeufer-in-der-wueste',3,'02/',16,2,0,1,0,'marathonlaeufer-in-der-wueste.jpg',NULL,3,'2010-02-27 05:34:45','0000-00-00 00:00:00',10583640,'jpg','image/jpeg',2,3,'2010-02-27 05:40:07',2),(7,1,'marathonlaeufer-in-der-wueste',3,'02/',16,2,0,1,0,'marathonlaeufer-in-der-wueste.jpg',NULL,3,'2010-02-27 05:40:23','0000-00-00 00:00:00',4461836,'jpg','image/jpeg',3,3,'2010-02-27 06:14:21',2),(8,1,'marathonlaeufer-in-der-wueste',3,'02/',16,2,0,1,0,'marathonlaeufer-in-der-wueste.jpg',NULL,3,'2010-02-27 06:14:52','0000-00-00 00:00:00',10583640,'jpg','image/jpeg',4,3,'2010-02-27 06:50:03',2),(9,2,'javascript_performance_rocks_checklist',3,'03/',27,2,0,0,0,'javascript_performance_rocks_checklist.zip',NULL,3,'2010-02-27 06:19:31','0000-00-00 00:00:00',507510,'zip','application/zip',5,3,'2010-02-27 06:21:26',13),(10,2,'javascript_performance_rocks_checklist',3,'03/',27,2,0,0,0,'javascript_performance_rocks_checklist.pdf',NULL,3,'2010-02-27 06:21:26','0000-00-00 00:00:00',833693,'pdf','application/pdf',6,3,'2010-02-27 06:24:43',13),(11,2,'javascript_performance_rocks_checklist',3,'03/',27,2,0,0,0,'javascript_performance_rocks_checklist.pdf',NULL,3,'2010-02-27 06:24:43','0000-00-00 00:00:00',833693,'pdf','application/pdf',7,3,'2010-02-27 06:27:19',13),(12,2,'javascript_performance_rocks_checklist',3,'03/',27,2,0,0,0,'javascript_performance_rocks_checklist.pdf',NULL,3,'2010-02-27 06:27:19','0000-00-00 00:00:00',833693,'pdf','application/pdf',8,3,'2010-02-27 06:34:32',13),(13,2,'javascript_performance_rocks_checklist',3,'03/',27,2,0,0,0,'javascript_performance_rocks_checklist.zip',NULL,3,'2010-02-27 06:34:32','0000-00-00 00:00:00',507510,'zip','application/zip',9,3,'2010-02-27 06:40:41',13),(14,2,'javascript_performance_rocks_checklist',3,'03/',27,2,0,0,0,'javascript_performance_rocks_checklist.pdf',NULL,3,'2010-02-27 06:40:41','0000-00-00 00:00:00',833693,'pdf','application/pdf',10,NULL,NULL,0),(15,1,'marathonlaeufer-in-der-wueste',3,'02/',16,2,0,1,0,'marathonlaeufer-in-der-wueste.jpg',NULL,3,'2010-02-27 06:50:20','0000-00-00 00:00:00',4461836,'jpg','image/jpeg',5,3,'2010-03-01 12:57:34',18),(16,3,'caching-sharding',3,'04/',27,2,0,0,0,'caching-sharding.pdf',NULL,3,'2010-03-02 13:28:15','0000-00-00 00:00:00',360266,'pdf','application/pdf',1,NULL,NULL,0),(17,1,'marathonlaeufer-in-der-wueste',3,'02/',16,2,0,1,0,'marathonlaeufer-in-der-wueste.jpg',NULL,3,'2010-03-01 12:58:10','0000-00-00 00:00:00',10583640,'jpg','image/jpeg',6,3,'2010-03-01 12:58:42',18),(18,1,'marathonlaeufer-in-der-wueste',3,'02/',16,2,0,1,0,'marathonlaeufer-in-der-wueste.jpg',NULL,3,'2010-03-01 12:58:59','0000-00-00 00:00:00',4461836,'jpg','image/jpeg',7,3,'2010-03-01 13:00:53',18),(19,1,'marathonlaeufer-in-der-wueste',3,'02/',16,2,0,1,0,'marathonlaeufer-in-der-wueste.jpg',NULL,3,'2010-03-01 13:01:25','0000-00-00 00:00:00',10583640,'jpg','image/jpeg',8,3,'2010-03-01 13:02:01',18),(20,1,'marathonlaeufer-in-der-wueste',3,'02/',16,2,0,1,0,'marathonlaeufer-in-der-wueste.jpg',NULL,3,'2010-03-01 13:02:18','0000-00-00 00:00:00',4461836,'jpg','image/jpeg',9,3,'2010-03-01 13:04:40',18),(21,1,'marathonlaeufer-in-der-wueste',3,'02/',16,2,0,1,0,'marathonlaeufer-in-der-wueste.jpg',NULL,3,'2010-03-01 13:05:18','0000-00-00 00:00:00',10583640,'jpg','image/jpeg',10,3,'2010-03-01 13:07:06',18),(22,1,'marathonlaeufer-in-der-wueste',3,'02/',16,2,0,1,0,'marathonlaeufer-in-der-wueste.jpg',NULL,3,'2010-03-01 13:07:24','0000-00-00 00:00:00',4461836,'jpg','image/jpeg',11,NULL,NULL,0),(23,4,'marathonlaeuferin',3,'05/',16,2,0,1,0,'marathonlaeuferin.jpg',NULL,3,'2010-03-01 13:08:17','0000-00-00 00:00:00',10583640,'jpg','image/jpeg',1,NULL,NULL,0),(24,5,'photocase4a2stvqe426p',3,'06/',16,2,0,1,0,'photocase4a2stvqe426p.jpg',NULL,3,'2010-03-01 13:10:38','0000-00-00 00:00:00',132089,'jpg','image/jpeg',1,NULL,NULL,0),(25,6,'photocase4f2s7zjfpqke',3,'07/',16,2,0,1,0,'photocase4f2s7zjfpqke.jpg',NULL,3,'2010-03-01 13:26:24','0000-00-00 00:00:00',3827797,'jpg','image/jpeg',1,3,'2010-03-01 13:31:14',0),(26,7,'photocaser67k227n4mt6',3,'08/',16,2,0,1,0,'photocaser67k227n4mt6.jpg',NULL,3,'2010-03-01 13:27:51','0000-00-00 00:00:00',2531372,'jpg','image/jpeg',1,NULL,NULL,0),(27,6,'photocase4f2s7zjfpqke',3,'07/',16,2,0,1,0,'photocase4f2s7zjfpqke.jpg',NULL,3,'2010-03-01 13:31:25','0000-00-00 00:00:00',3827797,'jpg','image/jpeg',2,NULL,NULL,0),(28,8,'photocase4a2stvqe426p-1',3,'09/',45,2,0,1,0,'photocase4a2stvqe426p-1.jpg',NULL,3,'2010-03-16 15:36:13','0000-00-00 00:00:00',132089,'jpg','image/jpeg',1,NULL,NULL,0),(29,9,'photocase4f2s7zjfpqke-1',3,'10/',45,2,0,1,0,'photocase4f2s7zjfpqke-1.jpg',NULL,3,'2010-03-16 15:36:22','0000-00-00 00:00:00',3827797,'jpg','image/jpeg',1,NULL,NULL,0),(30,10,'photocase4ns59d8z4hm9',3,'01/',45,2,0,1,0,'photocase4ns59d8z4hm9.jpg',NULL,3,'2010-03-16 15:36:30','0000-00-00 00:00:00',3339556,'jpg','image/jpeg',1,NULL,NULL,0),(31,11,'photocase347858782664',3,'02/',45,2,0,1,0,'photocase347858782664.jpg',NULL,3,'2010-03-16 15:36:42','0000-00-00 00:00:00',2792816,'jpg','image/jpeg',1,NULL,NULL,0),(32,12,'photocaser67k227n4mt6-1',3,'03/',45,2,0,1,0,'photocaser67k227n4mt6-1.jpg',NULL,3,'2010-03-16 15:36:58','0000-00-00 00:00:00',2531372,'jpg','image/jpeg',1,NULL,NULL,0),(33,13,'bluephase_c8_product-v1',3,'04/',16,2,0,1,0,'bluephase_c8_product-v1.jpg',NULL,3,'2010-03-23 07:38:17','0000-00-00 00:00:00',129528,'jpg','image/jpeg',1,NULL,NULL,0),(34,14,'apple-look-alike',3,'05/',16,2,0,1,0,'apple-look-alike.jpg',NULL,3,'2010-03-23 07:39:42','0000-00-00 00:00:00',1678165,'jpg','image/jpeg',1,NULL,NULL,0),(35,15,'background',3,'06/',16,2,0,1,0,'background.jpg',NULL,3,'2010-03-23 07:39:49','0000-00-00 00:00:00',1302088,'jpg','image/jpeg',1,NULL,NULL,0),(41,20,'bluephase_trailer',2,'01/',72,2,0,0,0,'bluephase_trailer.flv',NULL,2,'2010-03-24 15:21:52','0000-00-00 00:00:00',2356882,'flv','video/x-flv',1,NULL,NULL,0),(42,21,'image_video',2,'02/',72,2,0,0,0,'image_video.flv',NULL,2,'2010-03-24 15:39:24','0000-00-00 00:00:00',11858629,'flv','video/x-flv',1,NULL,NULL,0),(43,22,'phonares',2,'03/',72,2,0,0,0,'phonares.flv',NULL,2,'2010-03-24 15:39:24','0000-00-00 00:00:00',8716638,'flv','video/x-flv',1,NULL,NULL,0),(101,81,'bluephase_c8_product-v1-1',3,'02/',16,2,0,1,0,'bluephase_c8_product-v1-1.jpg',NULL,3,'2010-03-31 12:30:29','0000-00-00 00:00:00',129528,'jpg','image/jpeg',1,NULL,NULL,0),(102,82,'helimolar-flow_product',3,'03/',16,2,0,1,0,'helimolar-flow_product.jpg',NULL,3,'2010-03-31 12:30:33','0000-00-00 00:00:00',573704,'jpg','image/jpeg',1,NULL,NULL,0),(103,83,'programat-p700_product',3,'04/',16,2,0,1,0,'programat-p700_product.jpg',NULL,3,'2010-03-31 12:30:38','0000-00-00 00:00:00',565966,'jpg','image/jpeg',1,NULL,NULL,0),(104,84,'marathonlaeufer-in-der-wueste-1',3,'05/',16,2,0,1,0,'marathonlaeufer-in-der-wueste-1.jpg',NULL,3,'2010-03-31 12:31:45','0000-00-00 00:00:00',4461836,'jpg','image/jpeg',1,NULL,NULL,0),(105,85,'marathonlaeuferin-1',3,'06/',16,2,0,1,0,'marathonlaeuferin-1.jpg',NULL,3,'2010-03-31 12:32:05','0000-00-00 00:00:00',10583640,'jpg','image/jpeg',1,NULL,NULL,0),(106,86,'platzhalter',3,'07/',16,2,0,1,0,'platzhalter.jpeg',NULL,3,'2010-04-07 12:21:47','0000-00-00 00:00:00',82379,'jpeg','image/jpeg',1,NULL,NULL,0);
/*!40000 ALTER TABLE `fileVersions` ENABLE KEYS */;
UNLOCK TABLES;

--
-- Table structure for table `files`
--

DROP TABLE IF EXISTS `files`;
/*!40101 SET @saved_cs_client     = @@character_set_client */;
/*!40101 SET character_set_client = utf8 */;
CREATE TABLE `files` (
  `id` bigint(20) unsigned NOT NULL AUTO_INCREMENT,
  `fileId` varchar(64) NOT NULL,
  `idUsers` bigint(20) unsigned NOT NULL,
  `path` varchar(500) NOT NULL,
  `idParent` bigint(20) unsigned NOT NULL,
  `idParentTypes` int(10) unsigned NOT NULL,
  `isS3Stored` tinyint(4) NOT NULL DEFAULT '0',
  `isImage` tinyint(4) NOT NULL DEFAULT '0',
  `isLanguageSpecific` tinyint(1) NOT NULL DEFAULT '0',
  `filename` varchar(500) DEFAULT NULL,
  `idFileTypes` bigint(20) unsigned DEFAULT NULL,
  `creator` bigint(20) unsigned NOT NULL,
  `created` timestamp NOT NULL DEFAULT '0000-00-00 00:00:00',
  `changed` timestamp NOT NULL DEFAULT '0000-00-00 00:00:00',
  `size` bigint(20) unsigned NOT NULL,
  `extension` varchar(10) NOT NULL,
  `mimeType` varchar(255) NOT NULL,
  `version` int(10) NOT NULL,
  `downloadCounter` int(10) unsigned NOT NULL DEFAULT '0',
  PRIMARY KEY (`id`)
) ENGINE=InnoDB AUTO_INCREMENT=87 DEFAULT CHARSET=utf8;
/*!40101 SET character_set_client = @saved_cs_client */;

--
-- Dumping data for table `files`
--

LOCK TABLES `files` WRITE;
/*!40000 ALTER TABLE `files` DISABLE KEYS */;
INSERT INTO `files` VALUES (1,'marathonlaeufer-in-der-wueste',3,'02/',16,2,0,1,0,'marathonlaeufer-in-der-wueste.jpg',NULL,3,'2010-02-26 21:11:03','0000-00-00 00:00:00',4461836,'jpg','image/jpeg',11,20),(2,'javascript_performance_rocks_checklist',3,'03/',27,2,0,0,0,'javascript_performance_rocks_checklist.pdf',NULL,3,'2010-02-26 21:11:54','0000-00-00 00:00:00',833693,'pdf','application/pdf',10,22),(3,'caching-sharding',3,'04/',27,2,0,0,1,'caching-sharding.pdf',NULL,3,'2010-03-02 13:28:15','0000-00-00 00:00:00',360266,'pdf','application/pdf',1,1),(4,'marathonlaeuferin',3,'05/',16,2,0,1,0,'marathonlaeuferin.jpg',NULL,3,'2010-03-01 13:07:39','0000-00-00 00:00:00',10583640,'jpg','image/jpeg',1,0),(5,'photocase4a2stvqe426p',3,'06/',16,2,0,1,0,'photocase4a2stvqe426p.jpg',NULL,3,'2010-03-01 13:10:34','0000-00-00 00:00:00',132089,'jpg','image/jpeg',1,0),(6,'photocase4f2s7zjfpqke',3,'07/',16,2,0,1,0,'photocase4f2s7zjfpqke.jpg',NULL,3,'2010-03-01 13:26:08','0000-00-00 00:00:00',3827797,'jpg','image/jpeg',2,1),(7,'photocaser67k227n4mt6',3,'08/',16,2,0,1,0,'photocaser67k227n4mt6.jpg',NULL,3,'2010-03-01 13:27:19','0000-00-00 00:00:00',2531372,'jpg','image/jpeg',1,0),(8,'photocase4a2stvqe426p-1',3,'09/',45,2,0,1,0,'photocase4a2stvqe426p-1.jpg',NULL,3,'2010-03-16 15:36:09','0000-00-00 00:00:00',132089,'jpg','image/jpeg',1,0),(9,'photocase4f2s7zjfpqke-1',3,'10/',45,2,0,1,0,'photocase4f2s7zjfpqke-1.jpg',NULL,3,'2010-03-16 15:36:15','0000-00-00 00:00:00',3827797,'jpg','image/jpeg',1,0),(10,'photocase4ns59d8z4hm9',3,'01/',45,2,0,1,0,'photocase4ns59d8z4hm9.jpg',NULL,3,'2010-03-16 15:36:23','0000-00-00 00:00:00',3339556,'jpg','image/jpeg',1,0),(11,'photocase347858782664',3,'02/',16,2,0,1,0,'photocase347858782664.jpg',NULL,3,'2010-03-16 15:36:32','0000-00-00 00:00:00',2792816,'jpg','image/jpeg',1,0),(12,'photocaser67k227n4mt6-1',3,'03/',45,2,0,1,0,'photocaser67k227n4mt6-1.jpg',NULL,3,'2010-03-16 15:36:43','0000-00-00 00:00:00',2531372,'jpg','image/jpeg',1,0),(13,'bluephase_c8_product-v1',3,'04/',45,2,0,1,0,'bluephase_c8_product-v1.jpg',NULL,3,'2010-03-23 07:38:13','0000-00-00 00:00:00',129528,'jpg','image/jpeg',1,0),(14,'apple-look-alike',3,'05/',16,2,0,1,0,'apple-look-alike.jpg',NULL,3,'2010-03-23 07:39:36','0000-00-00 00:00:00',1678165,'jpg','image/jpeg',1,0),(15,'background',3,'06/',16,2,0,1,0,'background.jpg',NULL,3,'2010-03-23 07:39:43','0000-00-00 00:00:00',1302088,'jpg','image/jpeg',1,0),(20,'bluephase_trailer',2,'01/',72,2,0,0,0,'bluephase_trailer.flv',NULL,2,'2010-03-24 15:21:52','0000-00-00 00:00:00',2356882,'flv','video/x-flv',1,19),(21,'image_video',2,'02/',72,2,0,0,0,'image_video.flv',NULL,2,'2010-03-24 15:39:23','0000-00-00 00:00:00',11858629,'flv','video/x-flv',1,83),(22,'phonares',2,'03/',72,2,0,0,0,'phonares.flv',NULL,2,'2010-03-24 15:39:24','0000-00-00 00:00:00',8716638,'flv','video/x-flv',1,32),(81,'bluephase_c8_product-v1-1',3,'02/',16,2,0,1,0,'bluephase_c8_product-v1-1.jpg',NULL,3,'2010-03-31 12:30:25','0000-00-00 00:00:00',129528,'jpg','image/jpeg',1,0),(82,'helimolar-flow_product',3,'03/',16,2,0,1,0,'helimolar-flow_product.jpg',NULL,3,'2010-03-31 12:30:29','0000-00-00 00:00:00',573704,'jpg','image/jpeg',1,0),(83,'programat-p700_product',3,'04/',16,2,0,1,0,'programat-p700_product.jpg',NULL,3,'2010-03-31 12:30:33','0000-00-00 00:00:00',565966,'jpg','image/jpeg',1,1),(84,'marathonlaeufer-in-der-wueste-1',3,'05/',16,2,0,1,0,'marathonlaeufer-in-der-wueste-1.jpg',NULL,3,'2010-03-31 12:31:37','0000-00-00 00:00:00',4461836,'jpg','image/jpeg',1,1),(85,'marathonlaeuferin-1',3,'06/',16,2,0,1,0,'marathonlaeuferin-1.jpg',NULL,3,'2010-03-31 12:31:47','0000-00-00 00:00:00',10583640,'jpg','image/jpeg',1,0),(86,'platzhalter',3,'07/',16,2,0,1,0,'platzhalter.jpeg',NULL,3,'2010-04-07 12:21:46','0000-00-00 00:00:00',82379,'jpeg','image/jpeg',1,0);
/*!40000 ALTER TABLE `files` ENABLE KEYS */;
UNLOCK TABLES;

--
-- Table structure for table `folder-DEFAULT_FOLDER-1-Instances`
--

DROP TABLE IF EXISTS `folder-DEFAULT_FOLDER-1-Instances`;
/*!40101 SET @saved_cs_client     = @@character_set_client */;
/*!40101 SET character_set_client = utf8 */;
CREATE TABLE `folder-DEFAULT_FOLDER-1-Instances` (
  `id` bigint(20) unsigned NOT NULL AUTO_INCREMENT,
  `folderId` varchar(32) NOT NULL,
  `version` int(10) unsigned NOT NULL,
  `idLanguages` int(10) unsigned NOT NULL DEFAULT '1',
  `description` text,
  `idUsers` bigint(20) unsigned NOT NULL,
  `creator` bigint(20) unsigned NOT NULL,
  `created` timestamp NULL DEFAULT NULL,
  `changed` timestamp NOT NULL DEFAULT CURRENT_TIMESTAMP ON UPDATE CURRENT_TIMESTAMP,
  PRIMARY KEY (`id`),
  KEY `folderId` (`folderId`),
  CONSTRAINT `folder-DEFAULT_FOLDER-1-Instances_ibfk_1` FOREIGN KEY (`folderId`) REFERENCES `folders` (`folderId`) ON DELETE CASCADE
) ENGINE=InnoDB AUTO_INCREMENT=120 DEFAULT CHARSET=utf8;
/*!40101 SET character_set_client = @saved_cs_client */;

--
-- Dumping data for table `folder-DEFAULT_FOLDER-1-Instances`
--

LOCK TABLES `folder-DEFAULT_FOLDER-1-Instances` WRITE;
/*!40000 ALTER TABLE `folder-DEFAULT_FOLDER-1-Instances` DISABLE KEYS */;
INSERT INTO `folder-DEFAULT_FOLDER-1-Instances` VALUES (1,'4b4da1506da54',1,1,'',3,3,'2010-01-13 10:32:48','2010-02-04 08:24:30'),(2,'4b4da2626c26e',1,1,'',3,3,'2010-01-13 10:37:22','2010-01-19 14:27:19'),(3,'4b4da2f3d8262',1,1,'',3,3,'2010-01-13 10:39:47','2010-01-19 14:27:10'),(4,'4b4da3e1ad508',1,1,'',3,3,'2010-01-13 10:43:45','2010-01-13 10:43:45'),(5,'4b4da3edf28c7',1,1,'',3,3,'2010-01-13 10:43:58','2010-03-25 13:50:50'),(6,'4b4da40d9c160',1,1,'',3,3,'2010-01-13 10:44:29','2010-01-13 10:44:29'),(7,'4b4da41aece41',1,1,'',3,3,'2010-01-13 10:44:42','2010-01-13 10:44:42'),(9,'4b4da6aa0a4a3',1,1,'',3,3,'2010-01-13 10:55:38','2010-01-19 14:32:46'),(10,'4b4da6bddd20a',1,1,'',3,3,'2010-01-13 10:55:57','2010-01-19 14:32:51'),(11,'4b4da6c8a2c78',1,1,'',3,3,'2010-01-13 10:56:08','2010-01-19 14:32:54'),(12,'4b4da6d555ee4',1,1,'',3,3,'2010-01-13 10:56:21','2010-01-19 14:32:57'),(13,'4b4dc2cc9ce44',1,1,'',3,3,'2010-01-13 12:55:40','2010-01-14 18:15:34'),(15,'4b558571344f9',1,1,'',3,3,'2010-01-19 10:12:01','2010-04-02 12:48:19'),(16,'4b5812d626983',1,1,'',3,3,'2010-01-21 08:39:50','2010-02-25 13:05:42'),(17,'4b5860d16f5ef',1,1,'',3,3,'2010-01-21 14:12:33','2010-03-12 10:20:19'),(18,'4b5860df6fe3a',1,1,'',3,3,'2010-01-21 14:12:47','2010-01-21 14:12:47'),(19,'4b5860fbec736',1,1,'',3,3,'2010-01-21 14:13:15','2010-03-12 14:34:22'),(20,'4b58612aaedcc',1,1,'',3,3,'2010-01-21 14:14:02','2010-02-15 17:38:42'),(21,'4b58619f3bbb3',1,1,'',3,3,'2010-01-21 14:15:59','2010-03-11 11:19:26'),(22,'4b5861a9e7d3a',1,1,'',3,3,'2010-01-21 14:16:09','2010-01-21 14:16:09'),(23,'4b5861b97748a',1,1,'',3,3,'2010-01-21 14:16:25','2010-01-21 14:16:25'),(24,'4b5861c7cbbb0',1,1,'',3,3,'2010-01-21 14:16:39','2010-01-21 14:16:39'),(25,'4b4da1506da54',1,2,'',3,3,'2010-02-01 13:56:30','2010-04-02 13:05:27'),(26,'4b4da2626c26e',1,2,'',3,3,'2010-02-01 13:56:45','2010-02-03 14:43:52'),(27,'4b4da2f3d8262',1,2,'',3,3,'2010-02-01 13:56:59','2010-02-03 14:44:15'),(28,'4b4da3e1ad508',1,2,'',3,3,'2010-02-01 13:57:41','2010-02-03 14:44:25'),(29,'4b4da3edf28c7',1,2,'',3,3,'2010-02-01 13:57:51','2010-04-07 09:11:13'),(30,'4b4da40d9c160',1,2,'',3,3,'2010-02-01 13:58:40','2010-02-03 14:44:40'),(31,'4b558571344f9',1,2,'',3,3,'2010-02-01 14:00:56','2010-04-02 12:48:24'),(32,'4b4da41aece41',1,2,'',3,3,'2010-02-01 14:01:09','2010-02-03 14:44:48'),(33,'4b5860d16f5ef',1,2,'',3,3,'2010-02-02 15:29:18','2010-04-02 12:35:33'),(34,'4b5860fbec736',1,3,'',3,3,'2010-02-02 15:32:27','2010-02-02 15:32:27'),(35,'4b5860fbec736',1,2,'',3,3,'2010-02-02 15:32:43','2010-02-03 15:10:48'),(37,'4b5860df6fe3a',1,2,'',3,3,'2010-02-03 15:09:37','2010-02-03 15:09:37'),(38,'4b58612aaedcc',1,2,'',3,3,'2010-02-03 15:27:23','2010-02-03 15:27:23'),(40,'4b6a8acc8ed3e',1,1,'',3,3,'2010-02-04 08:52:28','2010-02-04 08:52:28'),(41,'4b6fc9a0ef8e3',1,1,'',3,3,'2010-02-08 08:21:53','2010-03-18 14:42:08'),(42,'4b5860fbec736',1,4,'',3,3,'2010-02-08 16:13:42','2010-02-08 16:13:42'),(43,'4b58612aaedcc',1,4,'',3,3,'2010-02-09 08:22:40','2010-02-09 08:22:40'),(48,'4b5812d626983',1,2,'',3,3,'2010-02-17 16:11:46','2010-02-17 16:11:46'),(49,'4b98d6153a770',1,1,'',3,3,'2010-03-11 11:37:57','2010-03-12 13:41:24'),(50,'4b98ec74d6960',1,1,'',3,3,'2010-03-11 13:13:24','2010-03-11 13:13:29'),(51,'4b99213f23db0',1,1,'',3,3,'2010-03-11 16:58:39','2010-04-08 14:04:02'),(56,'4b99301c0ebf0',1,1,'',3,3,'2010-03-11 18:02:04','2010-03-24 11:38:34'),(57,'4b9e37a583f95',1,1,'',3,3,'2010-03-15 13:35:33','2010-03-24 11:38:27'),(62,'4b9e5ad3d6f73',1,1,'',3,3,'2010-03-15 16:05:39','2010-04-14 10:24:04'),(63,'4b9e5aefbe5d0',1,1,'',3,3,'2010-03-15 16:06:07','2010-04-14 11:53:55'),(64,'4b9e5bb9c2902',1,1,'',3,3,'2010-03-15 16:09:29','2010-03-15 16:09:29'),(65,'4b9fa5427854f',1,1,'',3,3,'2010-03-16 15:35:30','2010-03-16 15:35:30'),(66,'4ba0d68f3c65a',1,1,'',3,3,'2010-03-17 13:18:07','2010-03-17 13:25:55'),(68,'4ba0d8770eff6',1,1,'',3,3,'2010-03-17 13:26:15','2010-04-02 12:48:52'),(69,'4b99213f23db0',1,2,'',3,3,'2010-03-17 16:30:46','2010-03-17 16:30:46'),(70,'4b99301c0ebf0',1,2,'',3,3,'2010-03-17 16:37:36','2010-03-17 16:37:36'),(71,'4b4da3edf28c7',1,3,'',3,3,'2010-03-17 17:11:55','2010-03-17 17:11:55'),(72,'4b99213f23db0',1,3,'',3,3,'2010-03-17 17:13:15','2010-03-17 17:13:15'),(73,'4ba204605c434',1,1,'',3,3,'2010-03-18 10:45:52','2010-03-18 10:46:17'),(76,'4ba0d68f3c65a',1,2,'',3,3,'2010-03-19 09:07:12','2010-04-02 12:42:47'),(78,'4ba0d8770eff6',1,2,'',3,3,'2010-03-19 09:12:52','2010-04-02 13:03:53'),(85,'4ba37f44c7e8b',1,2,'',3,3,'2010-03-19 13:42:28','2010-03-19 13:42:28'),(86,'4ba37f44c7e8b',1,1,'',3,3,'2010-03-19 13:42:41','2010-03-19 13:43:03'),(96,'4ba38d4635fe0',1,1,'',3,3,'2010-03-19 14:42:14','2010-03-19 14:42:21'),(97,'4ba75422a5ec3',1,1,'',3,3,'2010-03-22 11:27:30','2010-03-22 11:27:30'),(98,'4ba754462a094',1,1,'',3,3,'2010-03-22 11:28:06','2010-03-22 11:28:06'),(99,'4ba75453a6fe5',1,1,'',3,3,'2010-03-22 11:28:19','2010-03-22 11:28:19'),(102,'4ba9f7aa829a0',1,1,'',3,3,'2010-03-24 11:29:46','2010-03-24 11:29:46'),(103,'4baa16da0d669',1,1,'',2,2,'2010-03-24 13:42:50','2010-03-24 13:42:50'),(104,'4bab6a5b21487',1,1,'',3,3,'2010-03-25 13:51:23','2010-03-25 13:51:29'),(105,'4ba0d68f3c65a',1,3,'',3,3,'2010-04-02 12:42:56','2010-04-02 12:42:56'),(106,'4ba0d8770eff6',1,3,'',3,3,'2010-04-02 12:49:09','2010-04-02 13:03:35'),(107,'4ba75422a5ec3',1,2,'',3,3,'2010-04-02 13:13:01','2010-04-02 13:25:22'),(108,'4bab6a5b21487',1,2,'',3,3,'2010-04-07 09:11:41','2010-04-07 09:11:45'),(109,'4bc334f4cff3b',1,1,'',3,3,'2010-04-12 14:57:56','2010-04-12 14:57:56'),(110,'4bc590c48b0aa',1,1,'',3,3,'2010-04-14 09:54:12','2010-04-14 09:54:12'),(112,'4bc5ae1214232',1,1,'',3,3,'2010-04-14 11:59:14','2010-04-14 11:59:14'),(113,'4bc5b69084457',1,1,'',3,3,'2010-04-14 12:35:28','2010-04-14 12:35:28'),(114,'4bc71c5cae3da',1,1,'',3,3,'2010-04-15 14:02:04','2010-04-15 14:02:04'),(117,'4bcdc339b57b5',1,1,'',3,3,'2010-04-20 15:07:37','2010-04-21 10:11:42'),(118,'4bcec4a2a78eb',1,1,'',3,3,'2010-04-21 09:25:54','2010-04-21 10:05:34'),(119,'4bcecd0995ad2',1,1,'',3,3,'2010-04-21 10:01:45','2010-04-21 10:01:45');
/*!40000 ALTER TABLE `folder-DEFAULT_FOLDER-1-Instances` ENABLE KEYS */;
UNLOCK TABLES;

--
-- Table structure for table `folderCategories`
--

DROP TABLE IF EXISTS `folderCategories`;
/*!40101 SET @saved_cs_client     = @@character_set_client */;
/*!40101 SET character_set_client = utf8 */;
CREATE TABLE `folderCategories` (
  `id` bigint(20) unsigned NOT NULL AUTO_INCREMENT,
  `folderId` varchar(32) NOT NULL,
  `version` int(10) unsigned NOT NULL,
  `idLanguages` int(10) unsigned NOT NULL DEFAULT '1',
  `category` bigint(20) unsigned NOT NULL,
  `idUsers` bigint(20) unsigned NOT NULL,
  `creator` bigint(20) unsigned NOT NULL,
  `created` timestamp NULL DEFAULT NULL,
  `changed` timestamp NOT NULL DEFAULT CURRENT_TIMESTAMP ON UPDATE CURRENT_TIMESTAMP,
  PRIMARY KEY (`id`),
  KEY `folderId` (`folderId`),
  KEY `version` (`version`)
) ENGINE=InnoDB DEFAULT CHARSET=utf8;
/*!40101 SET character_set_client = @saved_cs_client */;

--
-- Dumping data for table `folderCategories`
--

LOCK TABLES `folderCategories` WRITE;
/*!40000 ALTER TABLE `folderCategories` DISABLE KEYS */;
/*!40000 ALTER TABLE `folderCategories` ENABLE KEYS */;
UNLOCK TABLES;

--
-- Table structure for table `folderPermissions`
--

DROP TABLE IF EXISTS `folderPermissions`;
/*!40101 SET @saved_cs_client     = @@character_set_client */;
/*!40101 SET character_set_client = utf8 */;
CREATE TABLE `folderPermissions` (
  `idFolders` bigint(20) unsigned NOT NULL,
  `environment` int(10) unsigned NOT NULL COMMENT '1 => ZOOLU, 2 => Website, 3 ... ???',
  `idGroups` bigint(20) unsigned NOT NULL,
  PRIMARY KEY (`idFolders`,`environment`,`idGroups`),
  KEY `idFolders` (`idFolders`),
  KEY `idGroups` (`idGroups`),
  CONSTRAINT `folderPermissions_ibfk_1` FOREIGN KEY (`idFolders`) REFERENCES `folders` (`id`) ON DELETE CASCADE,
  CONSTRAINT `folderPermissions_ibfk_2` FOREIGN KEY (`idGroups`) REFERENCES `groups` (`id`) ON DELETE CASCADE
) ENGINE=InnoDB DEFAULT CHARSET=utf8;
/*!40101 SET character_set_client = @saved_cs_client */;

--
-- Dumping data for table `folderPermissions`
--

LOCK TABLES `folderPermissions` WRITE;
/*!40000 ALTER TABLE `folderPermissions` DISABLE KEYS */;
INSERT INTO `folderPermissions` VALUES (46,1,1);
/*!40000 ALTER TABLE `folderPermissions` ENABLE KEYS */;
UNLOCK TABLES;

--
-- Table structure for table `folderProperties`
--

DROP TABLE IF EXISTS `folderProperties`;
/*!40101 SET @saved_cs_client     = @@character_set_client */;
/*!40101 SET character_set_client = utf8 */;
CREATE TABLE `folderProperties` (
  `id` bigint(20) unsigned NOT NULL AUTO_INCREMENT,
  `folderId` varchar(32) NOT NULL,
  `version` int(10) unsigned NOT NULL,
  `idLanguages` int(10) unsigned NOT NULL,
  `idGenericForms` bigint(20) unsigned NOT NULL,
  `idFolderTypes` bigint(20) unsigned NOT NULL,
  `showInNavigation` smallint(5) unsigned NOT NULL DEFAULT '0',
  `isUrlFolder` tinyint(1) NOT NULL DEFAULT '1',
  `isVirtualFolder` tinyint(1) NOT NULL DEFAULT '0',
  `virtualFolderType` int(10) unsigned DEFAULT NULL,
  `idUsers` bigint(20) unsigned NOT NULL,
  `creator` bigint(20) unsigned NOT NULL,
  `publisher` bigint(20) unsigned NOT NULL,
  `created` timestamp NULL DEFAULT NULL,
  `changed` timestamp NOT NULL DEFAULT CURRENT_TIMESTAMP ON UPDATE CURRENT_TIMESTAMP,
  `published` timestamp NULL DEFAULT NULL,
  `idStatus` bigint(20) unsigned NOT NULL DEFAULT '0',
  PRIMARY KEY (`id`),
  UNIQUE KEY `folderId_2` (`folderId`,`version`,`idLanguages`),
  KEY `version` (`version`),
  KEY `idLanguages` (`idLanguages`),
  KEY `publisher` (`publisher`),
  KEY `creator` (`creator`),
  KEY `idUsers` (`idUsers`),
  KEY `folderId` (`folderId`),
  CONSTRAINT `folderProperties_ibfk_1` FOREIGN KEY (`folderId`) REFERENCES `folders` (`folderId`) ON DELETE CASCADE
) ENGINE=InnoDB AUTO_INCREMENT=144 DEFAULT CHARSET=utf8;
/*!40101 SET character_set_client = @saved_cs_client */;

--
-- Dumping data for table `folderProperties`
--

LOCK TABLES `folderProperties` WRITE;
/*!40000 ALTER TABLE `folderProperties` DISABLE KEYS */;
INSERT INTO `folderProperties` VALUES (1,'4b4da1506da54',1,1,1,1,2,1,0,NULL,3,3,0,'2010-01-13 10:32:48','2010-02-04 08:24:30',NULL,2),(2,'4b4da2626c26e',1,1,1,1,2,1,0,NULL,3,3,0,'2010-01-13 10:37:22','2010-02-02 15:37:59',NULL,2),(3,'4b4da2f3d8262',1,1,1,1,2,1,0,NULL,3,3,0,'2010-01-13 10:39:47','2010-02-02 15:38:04',NULL,2),(4,'4b4da3e1ad508',1,1,1,1,1,1,0,NULL,3,3,0,'2010-01-13 10:43:45','2010-02-02 15:38:09',NULL,2),(5,'4b4da3edf28c7',1,1,1,1,1,1,0,NULL,3,3,0,'2010-01-13 10:43:57','2010-03-25 13:50:50',NULL,2),(6,'4b4da40d9c160',1,1,1,1,1,1,0,NULL,3,3,0,'2010-01-13 10:44:29','2010-02-02 15:38:18',NULL,2),(7,'4b4da41aece41',1,1,1,1,1,1,0,NULL,3,3,0,'2010-01-13 10:44:42','2010-02-02 15:38:23',NULL,2),(8,'4b4da6aa0a4a3',1,1,1,1,1,1,0,NULL,3,3,0,'2010-01-13 10:55:38','2010-01-19 14:33:38',NULL,2),(9,'4b4da6bddd20a',1,1,1,1,1,1,0,NULL,3,3,0,'2010-01-13 10:55:57','2010-01-19 14:33:38',NULL,2),(10,'4b4da6c8a2c78',1,1,1,1,1,1,0,NULL,3,3,0,'2010-01-13 10:56:08','2010-01-19 14:33:38',NULL,2),(11,'4b4da6d555ee4',1,1,1,1,1,1,0,NULL,3,3,0,'2010-01-13 10:56:21','2010-01-19 14:33:38',NULL,2),(12,'4b4dc2cc9ce44',1,1,1,1,1,1,0,NULL,3,3,0,'2010-01-13 12:55:40','2010-01-19 14:33:38',NULL,2),(13,'4b558571344f9',1,1,1,1,1,1,0,NULL,3,3,0,'2010-01-19 10:12:01','2010-04-02 12:48:19',NULL,2),(14,'4b5812d626983',1,1,1,1,0,1,0,NULL,3,3,0,'2010-01-21 08:39:50','2010-02-25 13:05:42',NULL,1),(15,'4b5860d16f5ef',1,1,1,1,0,1,0,NULL,3,3,0,'2010-01-21 14:12:33','2010-03-12 10:20:19',NULL,2),(16,'4b5860df6fe3a',1,1,1,1,0,1,0,NULL,3,3,0,'2010-01-21 14:12:47','2010-01-21 14:16:39',NULL,2),(17,'4b5860fbec736',1,1,1,1,1,1,0,NULL,3,3,0,'2010-01-21 14:13:15','2010-03-12 14:34:22',NULL,2),(18,'4b58612aaedcc',1,1,1,1,1,1,0,NULL,3,3,0,'2010-01-21 14:14:02','2010-02-15 17:38:42',NULL,2),(19,'4b58619f3bbb3',1,1,1,1,1,1,0,NULL,3,3,0,'2010-01-21 14:15:59','2010-03-11 11:19:26',NULL,2),(20,'4b5861a9e7d3a',1,1,1,1,1,1,0,NULL,3,3,0,'2010-01-21 14:16:09','2010-01-21 14:16:09',NULL,2),(21,'4b5861b97748a',1,1,1,1,1,1,0,NULL,3,3,0,'2010-01-21 14:16:25','2010-01-21 14:16:25',NULL,2),(22,'4b5861c7cbbb0',1,1,1,1,1,1,0,NULL,3,3,0,'2010-01-21 14:16:39','2010-01-21 14:16:39',NULL,2),(24,'4b4da1506da54',1,2,1,1,2,1,0,NULL,3,3,3,'2010-02-03 14:37:58','2010-04-02 13:05:27',NULL,2),(25,'4b4da2626c26e',1,2,1,1,2,1,0,NULL,3,3,3,'2010-02-03 14:43:52','2010-02-03 14:43:52',NULL,2),(26,'4b4da2f3d8262',1,2,1,1,2,1,0,NULL,3,3,3,'2010-02-03 14:44:15','2010-02-03 14:44:15',NULL,2),(27,'4b4da3e1ad508',1,2,1,1,1,1,0,NULL,3,3,3,'2010-02-03 14:44:25','2010-02-03 14:44:25',NULL,2),(28,'4b4da3edf28c7',1,2,1,1,1,1,0,NULL,3,3,3,'2010-02-03 14:44:34','2010-04-07 09:11:13',NULL,2),(29,'4b4da40d9c160',1,2,1,1,1,1,0,NULL,3,3,3,'2010-02-03 14:44:40','2010-02-03 14:44:40',NULL,2),(30,'4b4da41aece41',1,2,1,1,1,1,0,NULL,3,3,3,'2010-02-03 14:44:48','2010-02-03 14:44:48',NULL,2),(31,'4b558571344f9',1,2,1,1,1,1,0,NULL,3,3,3,'2010-02-03 14:44:56','2010-04-02 12:48:24',NULL,2),(32,'4b5860df6fe3a',1,2,1,1,0,1,0,NULL,3,3,3,'2010-02-03 15:09:37','2010-02-03 15:09:37',NULL,2),(33,'4b5860d16f5ef',1,2,1,1,0,1,0,NULL,3,3,3,'2010-02-03 15:09:48','2010-04-02 12:35:33',NULL,2),(34,'4b5860fbec736',1,2,1,1,1,1,0,NULL,3,3,3,'2010-02-03 15:10:14','2010-02-03 15:10:48',NULL,2),(35,'4b58612aaedcc',1,2,1,1,1,1,0,NULL,3,3,3,'2010-02-03 15:27:23','2010-02-03 15:27:23',NULL,2),(37,'4b6a8acc8ed3e',1,1,1,1,0,1,0,NULL,3,3,3,'2010-02-04 08:52:28','2010-02-04 08:52:28',NULL,1),(38,'4b6fc9a0ef8e3',1,1,1,1,1,1,0,NULL,3,3,3,'2010-02-08 08:21:53','2010-03-18 14:42:08',NULL,2),(39,'4b5860fbec736',1,4,1,1,1,1,0,NULL,3,3,3,'2010-02-08 16:13:42','2010-02-08 16:13:42',NULL,2),(40,'4b58612aaedcc',1,4,1,1,1,1,0,NULL,3,3,3,'2010-02-09 08:22:40','2010-02-09 08:22:40',NULL,2),(45,'4b5812d626983',1,2,1,1,0,1,0,NULL,3,3,3,'2010-02-17 16:11:46','2010-02-17 16:11:46',NULL,1),(46,'4b98d6153a770',1,1,1,1,1,1,0,NULL,3,3,3,'2010-03-11 11:37:57','2010-03-12 13:41:24',NULL,2),(47,'4b98ec74d6960',1,1,1,1,1,1,0,NULL,3,3,3,'2010-03-11 13:13:24','2010-03-11 13:13:29',NULL,2),(48,'4b99213f23db0',1,1,1,1,1,1,0,NULL,3,3,3,'2010-03-11 16:58:39','2010-04-08 14:04:02',NULL,2),(53,'4b99301c0ebf0',1,1,1,1,1,1,0,NULL,3,3,3,'2010-03-11 18:02:04','2010-03-24 11:38:34',NULL,2),(54,'4b9e37a583f95',1,1,1,1,1,1,0,NULL,3,3,3,'2010-03-15 13:35:33','2010-03-24 11:38:27',NULL,2),(59,'4b9e5ad3d6f73',1,1,1,1,0,1,0,NULL,3,3,3,'2010-03-15 16:05:39','2010-04-14 10:24:04',NULL,2),(60,'4b9e5aefbe5d0',1,1,1,1,1,1,0,NULL,3,3,3,'2010-03-15 16:06:07','2010-04-14 11:53:55',NULL,2),(61,'4b9e5bb9c2902',1,1,1,1,1,1,0,NULL,3,3,3,'2010-03-15 16:09:29','2010-03-15 16:09:29',NULL,2),(62,'4b9fa5427854f',1,1,1,1,0,1,0,NULL,3,3,3,'2010-03-16 15:35:30','2010-03-16 15:35:30',NULL,1),(63,'4ba0d68f3c65a',1,1,1,1,1,1,0,NULL,3,3,3,'2010-03-17 13:18:07','2010-03-17 13:25:55',NULL,2),(65,'4ba0d8770eff6',1,1,1,1,1,1,0,NULL,3,3,3,'2010-03-17 13:26:15','2010-04-02 12:48:52',NULL,2),(66,'4b99213f23db0',1,2,1,1,0,1,0,NULL,3,3,3,'2010-03-17 16:30:46','2010-03-17 16:30:46',NULL,1),(67,'4b99301c0ebf0',1,2,1,1,0,1,0,NULL,3,3,3,'2010-03-17 16:37:36','2010-03-17 16:37:36',NULL,2),(68,'4b4da3edf28c7',1,3,1,1,0,1,0,NULL,3,3,3,'2010-03-17 17:11:55','2010-03-17 17:11:55',NULL,1),(69,'4b99213f23db0',1,3,1,1,0,1,0,NULL,3,3,3,'2010-03-17 17:13:15','2010-03-17 17:13:15',NULL,1),(70,'4ba204605c434',1,1,1,1,0,1,0,NULL,3,3,3,'2010-03-18 10:45:52','2010-03-18 10:46:17',NULL,2),(73,'4ba0d68f3c65a',1,2,1,1,1,1,0,NULL,3,3,3,'2010-03-19 09:07:12','2010-04-02 12:42:47',NULL,2),(75,'4ba0d8770eff6',1,2,1,1,1,1,0,NULL,3,3,3,'2010-03-19 09:12:52','2010-04-02 13:03:53',NULL,2),(86,'4ba37f44c7e8b',1,2,1,1,1,1,0,NULL,3,3,3,'2010-03-19 13:42:28','2010-03-19 13:42:28',NULL,2),(87,'4ba37f44c7e8b',1,1,1,1,1,1,0,NULL,3,3,3,'2010-03-19 13:42:28','2010-03-19 13:43:03',NULL,2),(102,'4ba38d4635fe0',1,1,1,1,1,1,0,NULL,3,3,3,'2010-03-19 14:42:14','2010-03-19 14:42:21',NULL,2),(103,'4ba38d4635fe0',1,2,1,1,0,1,0,NULL,3,3,3,'2010-03-19 14:42:14','2010-03-19 14:42:14',NULL,1),(104,'4ba75422a5ec3',1,1,1,1,1,1,0,NULL,3,3,3,'2010-03-22 11:27:30','2010-03-22 11:27:30',NULL,2),(105,'4ba75422a5ec3',1,2,1,1,1,1,0,NULL,3,3,3,'2010-03-22 11:27:30','2010-04-02 13:25:22',NULL,2),(106,'4ba754462a094',1,1,1,1,1,1,0,NULL,3,3,3,'2010-03-22 11:28:06','2010-03-22 11:28:06',NULL,2),(107,'4ba754462a094',1,2,1,1,1,1,0,NULL,3,3,3,'2010-03-22 11:28:06','2010-03-22 11:28:06',NULL,1),(108,'4ba75453a6fe5',1,1,1,1,1,1,0,NULL,3,3,3,'2010-03-22 11:28:19','2010-03-22 11:28:19',NULL,2),(109,'4ba75453a6fe5',1,2,1,1,1,1,0,NULL,3,3,3,'2010-03-22 11:28:19','2010-03-22 11:28:19',NULL,1),(114,'4ba9f7aa829a0',1,1,1,1,1,1,0,NULL,3,3,3,'2010-03-24 11:29:46','2010-03-24 11:29:46',NULL,2),(115,'4ba9f7aa829a0',1,2,1,1,1,1,0,NULL,3,3,3,'2010-03-24 11:29:46','2010-03-24 11:29:46',NULL,1),(116,'4baa16da0d669',1,1,1,1,0,1,0,NULL,2,2,2,'2010-03-24 13:42:50','2010-03-24 13:42:50',NULL,1),(117,'4baa16da0d669',1,2,1,1,0,1,0,NULL,2,2,2,'2010-03-24 13:42:50','2010-03-24 13:42:50',NULL,1),(118,'4bab6a5b21487',1,1,1,1,1,1,0,NULL,3,3,3,'2010-03-25 13:51:23','2010-03-25 13:51:29',NULL,2),(119,'4bab6a5b21487',1,2,1,1,1,1,0,NULL,3,3,3,'2010-03-25 13:51:23','2010-04-07 09:11:45',NULL,2),(120,'4ba0d68f3c65a',1,3,1,1,0,1,0,NULL,3,3,3,'2010-04-02 12:42:56','2010-04-02 12:42:56',NULL,1),(121,'4ba0d8770eff6',1,3,1,1,0,1,0,NULL,3,3,3,'2010-04-02 12:49:09','2010-04-02 13:03:35',NULL,1),(122,'4bc334f4cff3b',1,1,1,1,1,1,0,NULL,3,3,3,'2010-04-12 14:57:56','2010-04-12 14:57:56',NULL,2),(123,'4bc334f4cff3b',1,2,1,1,1,1,0,NULL,3,3,3,'2010-04-12 14:57:56','2010-04-12 14:57:56',NULL,1),(124,'4bc590c48b0aa',1,1,1,1,1,1,0,NULL,3,3,3,'2010-04-14 09:54:12','2010-04-14 09:54:12',NULL,2),(125,'4bc590c48b0aa',1,2,1,1,1,1,0,NULL,3,3,3,'2010-04-14 09:54:12','2010-04-14 09:54:12',NULL,1),(128,'4bc5ae1214232',1,1,1,1,1,1,0,NULL,3,3,3,'2010-04-14 11:59:14','2010-04-14 11:59:14',NULL,2),(129,'4bc5ae1214232',1,2,1,1,1,1,0,NULL,3,3,3,'2010-04-14 11:59:14','2010-04-14 11:59:14',NULL,1),(130,'4bc5b69084457',1,1,1,1,1,1,0,NULL,3,3,3,'2010-04-14 12:35:28','2010-04-14 12:35:28',NULL,2),(131,'4bc5b69084457',1,2,1,1,1,1,0,NULL,3,3,3,'2010-04-14 12:35:28','2010-04-14 12:35:28',NULL,1),(132,'4bc71c5cae3da',1,1,1,1,0,1,0,NULL,3,3,3,'2010-04-15 14:02:04','2010-04-15 14:02:04',NULL,2),(133,'4bc71c5cae3da',1,2,1,1,0,1,0,NULL,3,3,3,'2010-04-15 14:02:04','2010-04-15 14:02:04',NULL,1),(138,'4bcdc339b57b5',1,1,1,1,0,1,0,NULL,3,3,3,'2010-04-20 15:07:37','2010-04-21 10:11:42',NULL,2),(139,'4bcdc339b57b5',1,2,1,1,0,1,0,NULL,3,3,3,'2010-04-20 15:07:37','2010-04-20 15:07:37',NULL,1),(140,'4bcec4a2a78eb',1,1,1,1,1,1,0,NULL,3,3,3,'2010-04-21 09:25:54','2010-04-21 10:05:34',NULL,2),(141,'4bcec4a2a78eb',1,2,1,1,1,1,0,NULL,3,3,3,'2010-04-21 09:25:54','2010-04-21 09:25:54',NULL,1),(142,'4bcecd0995ad2',1,1,1,1,1,1,0,NULL,3,3,3,'2010-04-21 10:01:45','2010-04-21 10:01:45',NULL,2),(143,'4bcecd0995ad2',1,2,1,1,1,1,0,NULL,3,3,3,'2010-04-21 10:01:45','2010-04-21 10:01:45',NULL,1);
/*!40000 ALTER TABLE `folderProperties` ENABLE KEYS */;
UNLOCK TABLES;

--
-- Table structure for table `folderTitles`
--

DROP TABLE IF EXISTS `folderTitles`;
/*!40101 SET @saved_cs_client     = @@character_set_client */;
/*!40101 SET character_set_client = utf8 */;
CREATE TABLE `folderTitles` (
  `id` bigint(20) unsigned NOT NULL AUTO_INCREMENT,
  `folderId` varchar(32) NOT NULL,
  `version` int(10) unsigned NOT NULL,
  `idLanguages` bigint(20) unsigned NOT NULL,
  `title` varchar(255) NOT NULL,
  `idUsers` bigint(20) unsigned NOT NULL,
  `creator` bigint(20) unsigned NOT NULL,
  `created` timestamp NULL DEFAULT NULL,
  `changed` timestamp NOT NULL DEFAULT CURRENT_TIMESTAMP ON UPDATE CURRENT_TIMESTAMP,
  PRIMARY KEY (`id`),
  KEY `folderId` (`folderId`),
  CONSTRAINT `folderTitles_ibfk_1` FOREIGN KEY (`folderId`) REFERENCES `folders` (`folderId`) ON DELETE CASCADE
) ENGINE=InnoDB AUTO_INCREMENT=146 DEFAULT CHARSET=utf8;
/*!40101 SET character_set_client = @saved_cs_client */;

--
-- Dumping data for table `folderTitles`
--

LOCK TABLES `folderTitles` WRITE;
/*!40000 ALTER TABLE `folderTitles` DISABLE KEYS */;
INSERT INTO `folderTitles` VALUES (1,'4b4da1506da54',1,1,'Dental Professional',3,3,'2010-01-13 10:32:48','2010-02-04 08:24:30'),(2,'4b4da2626c26e',1,1,'Laboratory Professional',3,3,'2010-01-13 10:37:22','2010-01-19 14:27:19'),(3,'4b4da2f3d8262',1,1,'Alle Produkte',3,3,'2010-01-13 10:39:47','2010-01-19 14:27:10'),(4,'4b4da3e1ad508',1,1,'Unternehmen',3,3,'2010-01-13 10:43:45','2010-01-13 10:43:45'),(5,'4b4da3edf28c7',1,1,'Medien',3,3,'2010-01-13 10:43:58','2010-03-25 13:50:50'),(6,'4b4da40d9c160',1,1,'Karriere',3,3,'2010-01-13 10:44:29','2010-01-13 10:44:29'),(7,'4b4da41aece41',1,1,'Support',3,3,'2010-01-13 10:44:42','2010-01-13 10:44:42'),(9,'4b4da6aa0a4a3',1,1,'Passion x Vision x Innovation',3,3,'2010-01-13 10:55:38','2010-01-19 14:32:46'),(10,'4b4da6bddd20a',1,1,'Geschichte',3,3,'2010-01-13 10:55:57','2010-01-19 14:32:51'),(11,'4b4da6c8a2c78',1,1,'Zahlen und Fakten',3,3,'2010-01-13 10:56:08','2010-01-19 14:32:54'),(12,'4b4da6d555ee4',1,1,'Management',3,3,'2010-01-13 10:56:21','2010-01-19 14:32:57'),(13,'4b4dc2cc9ce44',1,1,'Jobs',3,3,'2010-01-13 12:55:40','2010-01-14 18:15:34'),(15,'4b558571344f9',1,1,'Kontakt',3,3,'2010-01-19 10:12:01','2010-04-02 12:48:19'),(16,'4b5812d626983',1,1,'Test',3,3,'2010-01-21 08:39:50','2010-02-25 13:05:42'),(17,'4b5860d16f5ef',1,1,'Produkte',3,3,'2010-01-21 14:12:33','2010-03-12 10:20:19'),(18,'4b5860df6fe3a',1,1,'Kompetenzen',3,3,'2010-01-21 14:12:47','2010-01-21 14:12:47'),(19,'4b5860fbec736',1,1,'Zähne',3,3,'2010-01-21 14:13:15','2010-03-12 14:34:22'),(20,'4b58612aaedcc',1,1,'Zahnzubehör',3,3,'2010-01-21 14:14:02','2010-02-15 17:38:42'),(21,'4b58619f3bbb3',1,1,'Füllungsmaterialie',3,3,'2010-01-21 14:15:59','2010-03-11 11:19:26'),(22,'4b5861a9e7d3a',1,1,'Composites',3,3,'2010-01-21 14:16:09','2010-01-21 14:16:09'),(23,'4b5861b97748a',1,1,'Compomere',3,3,'2010-01-21 14:16:25','2010-01-21 14:16:25'),(24,'4b5861c7cbbb0',1,1,'Amalgame',3,3,'2010-01-21 14:16:39','2010-01-21 14:16:39'),(25,'4b4da1506da54',1,2,'Dental Professional',3,3,'2010-02-01 13:56:30','2010-04-02 13:05:27'),(26,'4b4da2626c26e',1,2,'Laboratory Professional',3,3,'2010-02-01 13:56:45','2010-02-03 14:43:52'),(27,'4b4da2f3d8262',1,2,'All Products',3,3,'2010-02-01 13:56:59','2010-02-03 14:44:15'),(28,'4b4da3e1ad508',1,2,'Company',3,3,'2010-02-01 13:57:41','2010-02-03 14:44:25'),(29,'4b4da3edf28c7',1,2,'Media',3,3,'2010-02-01 13:57:51','2010-04-07 09:11:13'),(30,'4b4da40d9c160',1,2,'Career',3,3,'2010-02-01 13:58:40','2010-02-03 14:44:40'),(31,'4b558571344f9',1,2,'Contact',3,3,'2010-02-01 14:00:56','2010-04-02 12:48:24'),(32,'4b4da41aece41',1,2,'Support',3,3,'2010-02-01 14:01:09','2010-02-03 14:44:48'),(33,'4b5860d16f5ef',1,2,'Products',3,3,'2010-02-02 15:29:18','2010-04-02 12:35:33'),(34,'4b5860fbec736',1,3,'Teeths',3,3,'2010-02-02 15:32:27','2010-02-02 15:32:27'),(35,'4b5860fbec736',1,2,'Teeths',3,3,'2010-02-02 15:32:43','2010-02-03 15:10:48'),(37,'4b5860df6fe3a',1,2,'Competences',3,3,'2010-02-03 15:09:37','2010-02-03 15:09:37'),(38,'4b58612aaedcc',1,2,'Teeth Accessory',3,3,'2010-02-03 15:27:23','2010-02-03 15:27:23'),(40,'4b6a8acc8ed3e',1,1,'Test',3,3,'2010-02-04 08:52:28','2010-02-04 08:52:28'),(41,'4b6fc9a0ef8e3',1,1,'Zahnschrank',3,3,'2010-02-08 08:21:53','2010-03-18 14:42:08'),(42,'4b5860fbec736',1,4,'Zähne',3,3,'2010-02-08 16:13:42','2010-02-08 16:13:42'),(43,'4b58612aaedcc',1,4,'Zahnzubehör',3,3,'2010-02-09 08:22:40','2010-02-09 08:22:40'),(48,'4b5812d626983',1,2,'Test 2',3,3,'2010-02-17 16:11:46','2010-02-17 16:11:46'),(49,'4b98d6153a770',1,1,'Test  Produktgruppe',3,3,'2010-03-11 11:37:57','2010-03-12 13:41:24'),(50,'4b98ec74d6960',1,1,'Sub Gruppe',3,3,'2010-03-11 13:13:24','2010-03-11 13:13:29'),(51,'4b99213f23db0',1,1,'Pressespiegel',3,3,'2010-03-11 16:58:39','2010-04-08 14:04:02'),(56,'4b99301c0ebf0',1,1,'2010',3,3,'2010-03-11 18:02:04','2010-03-24 11:38:34'),(57,'4b9e37a583f95',1,1,'2009',3,3,'2010-03-15 13:35:33','2010-03-24 11:38:27'),(62,'4b9e5ad3d6f73',1,1,'Kurse',3,3,'2010-03-15 16:05:39','2010-04-14 10:24:04'),(63,'4b9e5aefbe5d0',1,1,'Liechtenstein',3,3,'2010-03-15 16:06:07','2010-04-14 11:53:55'),(64,'4b9e5bb9c2902',1,1,'Kurse',3,3,'2010-03-15 16:09:29','2010-03-15 16:09:29'),(65,'4b9fa5427854f',1,1,'Test2',3,3,'2010-03-16 15:35:30','2010-03-16 15:35:30'),(66,'4ba0d68f3c65a',1,1,'Produkte',3,3,'2010-03-17 13:18:07','2010-03-17 13:25:55'),(68,'4ba0d8770eff6',1,1,'Presse',3,3,'2010-03-17 13:26:15','2010-04-02 12:48:52'),(69,'4b99213f23db0',1,2,'Press',3,3,'2010-03-17 16:30:46','2010-03-17 16:30:46'),(70,'4b99301c0ebf0',1,2,'2010',3,3,'2010-03-17 16:37:36','2010-03-17 16:37:36'),(71,'4b4da3edf28c7',1,3,'Press',3,3,'2010-03-17 17:11:55','2010-03-17 17:11:55'),(72,'4b99213f23db0',1,3,'Press',3,3,'2010-03-17 17:13:15','2010-03-17 17:13:15'),(73,'4ba204605c434',1,1,'Specials',3,3,'2010-03-18 10:45:52','2010-03-18 10:46:17'),(76,'4ba0d68f3c65a',1,2,'Products',3,3,'2010-03-19 09:07:12','2010-04-02 12:42:47'),(78,'4ba0d8770eff6',1,2,'Press',3,3,'2010-03-19 09:12:52','2010-04-02 13:03:53'),(88,'4ba37f44c7e8b',1,2,'Sub Sub Group',3,3,'2010-03-19 13:42:28','2010-03-19 13:42:28'),(89,'4ba37f44c7e8b',1,1,'Sub Sub Group',3,3,'2010-03-19 13:42:28','2010-03-19 13:43:03'),(104,'4ba38d4635fe0',1,1,'Zubehör',3,3,'2010-03-19 14:42:14','2010-03-19 14:42:21'),(105,'4ba38d4635fe0',1,2,'Zubehör',3,3,'2010-03-19 14:42:14','2010-03-19 14:42:14'),(106,'4ba75422a5ec3',1,1,'Produkte',3,3,'2010-03-22 11:27:30','2010-03-22 11:27:30'),(107,'4ba75422a5ec3',1,2,'Produkte',3,3,'2010-03-22 11:27:30','2010-04-02 13:25:22'),(108,'4ba754462a094',1,1,'Kurse',3,3,'2010-03-22 11:28:06','2010-03-22 11:28:06'),(109,'4ba754462a094',1,2,'Kurse',3,3,'2010-03-22 11:28:06','2010-03-22 11:28:06'),(110,'4ba75453a6fe5',1,1,'Service',3,3,'2010-03-22 11:28:19','2010-03-22 11:28:19'),(111,'4ba75453a6fe5',1,2,'Service',3,3,'2010-03-22 11:28:19','2010-03-22 11:28:19'),(116,'4ba9f7aa829a0',1,1,'2008',3,3,'2010-03-24 11:29:46','2010-03-24 11:29:46'),(117,'4ba9f7aa829a0',1,2,'2008',3,3,'2010-03-24 11:29:46','2010-03-24 11:29:46'),(118,'4baa16da0d669',1,1,'Testvideos',2,2,'2010-03-24 13:42:50','2010-03-24 13:42:50'),(119,'4baa16da0d669',1,2,'Testvideos',2,2,'2010-03-24 13:42:50','2010-03-24 13:42:50'),(120,'4bab6a5b21487',1,1,'Presse',3,3,'2010-03-25 13:51:23','2010-03-25 13:51:29'),(121,'4bab6a5b21487',1,2,'Press',3,3,'2010-03-25 13:51:23','2010-04-07 09:11:45'),(122,'4ba0d68f3c65a',1,3,'Products',3,3,'2010-04-02 12:42:56','2010-04-02 12:42:56'),(123,'4ba0d8770eff6',1,3,'Press',3,3,'2010-04-02 12:49:09','2010-04-02 13:03:35'),(124,'4bc334f4cff3b',1,1,'Alle Produkte',3,3,'2010-04-12 14:57:56','2010-04-12 14:57:56'),(125,'4bc334f4cff3b',1,2,'Alle Produkte',3,3,'2010-04-12 14:57:56','2010-04-12 14:57:56'),(126,'4bc590c48b0aa',1,1,'Kurse',3,3,'2010-04-14 09:54:12','2010-04-14 09:54:12'),(127,'4bc590c48b0aa',1,2,'Kurse',3,3,'2010-04-14 09:54:12','2010-04-14 09:54:12'),(130,'4bc5ae1214232',1,1,'ICDE Liechtenstein',3,3,'2010-04-14 11:59:14','2010-04-14 11:59:14'),(131,'4bc5ae1214232',1,2,'ICDE Liechtenstein',3,3,'2010-04-14 11:59:14','2010-04-14 11:59:14'),(132,'4bc5b69084457',1,1,'Kurse',3,3,'2010-04-14 12:35:28','2010-04-14 12:35:28'),(133,'4bc5b69084457',1,2,'Kurse',3,3,'2010-04-14 12:35:28','2010-04-14 12:35:28'),(134,'4bc71c5cae3da',1,1,'Specials',3,3,'2010-04-15 14:02:04','2010-04-15 14:02:04'),(135,'4bc71c5cae3da',1,2,'Specials',3,3,'2010-04-15 14:02:04','2010-04-15 14:02:04'),(140,'4bcdc339b57b5',1,1,'2010',3,3,'2010-04-20 15:07:37','2010-04-21 10:11:42'),(141,'4bcdc339b57b5',1,2,'Messen',3,3,'2010-04-20 15:07:37','2010-04-20 15:07:37'),(142,'4bcec4a2a78eb',1,1,'Messen',3,3,'2010-04-21 09:25:54','2010-04-21 10:05:34'),(143,'4bcec4a2a78eb',1,2,'Messen und Events',3,3,'2010-04-21 09:25:54','2010-04-21 09:25:54'),(144,'4bcecd0995ad2',1,1,'Messen',3,3,'2010-04-21 10:01:45','2010-04-21 10:01:45'),(145,'4bcecd0995ad2',1,2,'Messen',3,3,'2010-04-21 10:01:45','2010-04-21 10:01:45');
/*!40000 ALTER TABLE `folderTitles` ENABLE KEYS */;
UNLOCK TABLES;

--
-- Table structure for table `folderTypes`
--

DROP TABLE IF EXISTS `folderTypes`;
/*!40101 SET @saved_cs_client     = @@character_set_client */;
/*!40101 SET character_set_client = utf8 */;
CREATE TABLE `folderTypes` (
  `id` bigint(20) unsigned NOT NULL AUTO_INCREMENT,
  `title` varchar(255) NOT NULL,
  PRIMARY KEY (`id`)
) ENGINE=InnoDB AUTO_INCREMENT=3 DEFAULT CHARSET=utf8;
/*!40101 SET character_set_client = @saved_cs_client */;

--
-- Dumping data for table `folderTypes`
--

LOCK TABLES `folderTypes` WRITE;
/*!40000 ALTER TABLE `folderTypes` DISABLE KEYS */;
INSERT INTO `folderTypes` VALUES (1,'folder'),(2,'blog');
/*!40000 ALTER TABLE `folderTypes` ENABLE KEYS */;
UNLOCK TABLES;

--
-- Table structure for table `folders`
--

DROP TABLE IF EXISTS `folders`;
/*!40101 SET @saved_cs_client     = @@character_set_client */;
/*!40101 SET character_set_client = utf8 */;
CREATE TABLE `folders` (
  `id` bigint(20) unsigned NOT NULL AUTO_INCREMENT,
  `idParentFolder` bigint(20) unsigned DEFAULT NULL,
  `idRootLevels` bigint(20) unsigned DEFAULT NULL,
  `lft` int(10) unsigned DEFAULT NULL,
  `rgt` int(10) unsigned DEFAULT NULL,
  `depth` int(10) unsigned DEFAULT NULL,
  `idSortTypes` bigint(20) unsigned NOT NULL,
  `sortOrder` varchar(255) DEFAULT NULL,
  `sortPosition` bigint(20) unsigned NOT NULL,
  `sortTimestamp` timestamp NULL DEFAULT NULL,
  `folderId` varchar(32) NOT NULL,
  `version` int(10) unsigned NOT NULL,
  `idUsers` bigint(20) unsigned NOT NULL,
  `creator` bigint(20) unsigned NOT NULL,
  `created` timestamp NULL DEFAULT NULL,
  `changed` timestamp NOT NULL DEFAULT CURRENT_TIMESTAMP ON UPDATE CURRENT_TIMESTAMP,
  PRIMARY KEY (`id`),
  KEY `folderId` (`folderId`),
  KEY `idParentFolder` (`idParentFolder`),
  KEY `idRootLevels` (`idRootLevels`),
  KEY `lft` (`lft`),
  KEY `rgt` (`rgt`)
) ENGINE=InnoDB AUTO_INCREMENT=85 DEFAULT CHARSET=utf8;
/*!40101 SET character_set_client = @saved_cs_client */;

--
-- Dumping data for table `folders`
--

LOCK TABLES `folders` WRITE;
/*!40000 ALTER TABLE `folders` DISABLE KEYS */;
INSERT INTO `folders` VALUES (1,0,1,1,10,0,0,NULL,1,'2010-04-15 14:02:35','4b4da1506da54',1,3,3,'2010-01-13 10:32:48','2010-04-21 09:25:54'),(2,0,1,11,12,0,0,NULL,2,'2010-04-15 14:02:35','4b4da2626c26e',1,3,3,'2010-01-13 10:37:22','2010-04-21 09:25:54'),(3,0,1,13,22,0,0,NULL,3,'2010-04-15 14:02:35','4b4da2f3d8262',1,3,3,'2010-01-13 10:39:47','2010-04-21 09:25:54'),(4,0,1,23,36,0,0,NULL,4,'2010-04-15 14:02:35','4b4da3e1ad508',1,3,3,'2010-01-13 10:43:45','2010-04-21 09:25:54'),(5,0,1,37,40,0,0,NULL,5,'2010-04-15 14:02:35','4b4da3edf28c7',1,3,3,'2010-01-13 10:43:57','2010-04-21 09:25:54'),(6,0,1,41,42,0,0,NULL,6,'2010-04-15 14:02:35','4b4da40d9c160',1,3,3,'2010-01-13 10:44:29','2010-04-21 09:25:54'),(7,0,1,43,46,0,0,NULL,7,'2010-04-15 14:02:35','4b4da41aece41',1,3,3,'2010-01-13 10:44:42','2010-04-21 09:25:54'),(9,4,1,24,25,1,0,NULL,1,'2010-03-15 16:18:32','4b4da6aa0a4a3',1,3,3,'2010-01-13 10:55:38','2010-04-21 09:25:54'),(10,4,1,26,27,1,0,NULL,2,'2010-03-15 16:18:32','4b4da6bddd20a',1,3,3,'2010-01-13 10:55:57','2010-04-21 09:25:54'),(11,4,1,28,29,1,0,NULL,3,'2010-03-15 16:18:32','4b4da6c8a2c78',1,3,3,'2010-01-13 10:56:08','2010-04-21 09:25:54'),(12,4,1,30,31,1,0,NULL,4,'2010-03-15 16:18:32','4b4da6d555ee4',1,3,3,'2010-01-13 10:56:21','2010-04-21 09:25:54'),(13,4,1,32,33,1,0,NULL,7,'2010-03-15 16:18:32','4b4dc2cc9ce44',1,3,3,'2010-01-13 12:55:40','2010-04-21 09:25:54'),(15,0,1,47,48,0,0,NULL,8,'2010-04-15 14:02:35','4b558571344f9',1,3,3,'2010-01-19 10:12:01','2010-04-21 09:25:54'),(16,0,2,1,4,0,0,NULL,0,'2010-01-21 08:39:50','4b5812d626983',1,3,3,'2010-01-21 08:39:50','2010-03-16 15:35:30'),(17,0,12,1,18,0,0,NULL,0,'2010-01-21 14:12:33','4b5860d16f5ef',1,3,3,'2010-01-21 14:12:33','2010-04-02 12:35:33'),(18,0,12,19,20,0,0,NULL,1,'2010-01-21 14:12:47','4b5860df6fe3a',1,3,3,'2010-01-21 14:12:47','2010-03-19 14:42:14'),(19,17,12,2,9,1,0,NULL,0,'2010-01-21 14:13:15','4b5860fbec736',1,3,3,'2010-01-21 14:13:15','2010-03-19 14:42:14'),(20,19,12,3,8,2,0,NULL,1,'2010-03-19 13:22:01','4b58612aaedcc',1,3,3,'2010-01-21 14:14:02','2010-03-19 14:42:14'),(21,17,12,10,17,1,0,NULL,1,'2010-01-21 14:15:59','4b58619f3bbb3',1,3,3,'2010-01-21 14:15:59','2010-03-19 14:42:14'),(22,21,12,11,12,2,0,NULL,0,'2010-01-21 14:16:09','4b5861a9e7d3a',1,3,3,'2010-01-21 14:16:09','2010-03-19 14:42:14'),(23,21,12,13,14,2,0,NULL,1,'2010-01-21 14:16:25','4b5861b97748a',1,3,3,'2010-01-21 14:16:25','2010-03-19 14:42:14'),(24,21,12,15,16,2,0,NULL,2,'2010-01-21 14:16:39','4b5861c7cbbb0',1,3,3,'2010-01-21 14:16:39','2010-03-19 14:42:14'),(27,0,3,1,2,0,0,NULL,0,'2010-02-04 08:52:28','4b6a8acc8ed3e',1,3,3,'2010-02-04 08:52:28','2010-02-19 10:34:15'),(28,20,12,4,7,3,0,NULL,2,'2010-03-19 14:31:47','4b6fc9a0ef8e3',1,3,3,'2010-02-08 08:21:52','2010-03-19 14:42:14'),(29,0,12,21,26,0,0,NULL,2,'2010-03-11 11:37:57','4b98d6153a770',1,3,3,'2010-03-11 11:37:57','2010-03-19 14:42:14'),(30,29,12,22,25,1,0,NULL,0,'2010-03-11 13:13:24','4b98ec74d6960',1,3,3,'2010-03-11 13:13:24','2010-03-19 14:42:14'),(31,0,15,1,8,0,0,NULL,0,'2010-03-11 16:58:39','4b99213f23db0',1,3,3,'2010-03-11 16:58:39','2010-04-08 14:04:02'),(36,31,15,2,3,1,0,NULL,1,'2010-03-24 11:29:52','4b99301c0ebf0',1,3,3,'2010-03-11 18:02:04','2010-03-24 11:38:34'),(37,31,15,4,5,1,0,NULL,2,'2010-03-24 11:29:52','4b9e37a583f95',1,3,3,'2010-03-15 13:35:33','2010-03-24 11:38:27'),(42,0,17,1,6,0,0,NULL,0,'2010-03-15 16:05:39','4b9e5ad3d6f73',1,3,3,'2010-03-15 16:05:39','2010-04-14 11:59:14'),(43,42,17,2,3,1,0,NULL,0,'2010-03-15 16:06:07','4b9e5aefbe5d0',1,3,3,'2010-03-15 16:06:07','2010-04-14 11:53:55'),(44,4,1,34,35,1,0,NULL,6,'2010-03-15 16:18:32','4b9e5bb9c2902',1,3,3,'2010-03-15 16:09:29','2010-04-21 09:25:54'),(45,16,2,2,3,1,0,NULL,0,'2010-03-16 15:35:30','4b9fa5427854f',1,3,3,'2010-03-16 15:35:30','2010-03-16 15:35:30'),(46,1,1,2,3,1,0,NULL,1,'2010-04-21 09:26:02','4ba0d68f3c65a',1,3,3,'2010-03-17 13:18:07','2010-04-21 09:26:02'),(48,1,1,4,5,1,0,NULL,2,'2010-04-21 09:26:02','4ba0d8770eff6',1,3,3,'2010-03-17 13:26:15','2010-04-21 09:26:02'),(49,3,1,20,21,1,0,NULL,4,'2010-04-16 12:18:43','4ba204605c434',1,3,3,'2010-03-18 10:45:52','2010-04-21 09:25:54'),(57,30,12,23,24,2,0,NULL,0,'2010-03-19 13:42:28','4ba37f44c7e8b',1,3,3,'2010-03-19 13:42:28','2010-03-19 14:42:14'),(65,28,12,5,6,4,0,NULL,0,'2010-03-19 14:42:14','4ba38d4635fe0',1,3,3,'2010-03-19 14:42:14','2010-03-19 14:42:21'),(66,3,1,14,15,1,0,NULL,1,'2010-04-16 12:18:43','4ba75422a5ec3',1,3,3,'2010-03-22 11:27:30','2010-04-21 09:25:54'),(67,3,1,16,17,1,0,NULL,2,'2010-04-16 12:18:43','4ba754462a094',1,3,3,'2010-03-22 11:28:06','2010-04-21 09:25:54'),(68,3,1,18,19,1,0,NULL,3,'2010-04-16 12:18:43','4ba75453a6fe5',1,3,3,'2010-03-22 11:28:19','2010-04-21 09:25:54'),(71,31,15,6,7,1,0,NULL,3,'2010-03-24 11:29:52','4ba9f7aa829a0',1,3,3,'2010-03-24 11:29:46','2010-03-24 11:29:52'),(72,0,18,1,2,0,0,NULL,0,'2010-03-24 13:42:50','4baa16da0d669',1,2,2,'2010-03-24 13:42:50','2010-03-24 13:42:50'),(73,5,1,38,39,1,0,NULL,1,'2010-03-25 13:51:23','4bab6a5b21487',1,3,3,'2010-03-25 13:51:23','2010-04-21 09:25:54'),(74,0,14,1,2,0,0,NULL,0,'2010-04-12 14:57:56','4bc334f4cff3b',1,3,3,'2010-04-12 14:57:56','2010-04-12 14:57:56'),(75,1,1,6,7,1,0,NULL,3,'2010-04-21 09:26:02','4bc590c48b0aa',1,3,3,'2010-04-14 09:54:12','2010-04-21 09:26:02'),(77,42,17,4,5,1,0,NULL,1,'2010-04-14 11:59:14','4bc5ae1214232',1,3,3,'2010-04-14 11:59:14','2010-04-14 11:59:14'),(78,7,1,44,45,1,0,NULL,1,'2010-04-14 12:35:28','4bc5b69084457',1,3,3,'2010-04-14 12:35:28','2010-04-21 09:25:54'),(79,0,1,49,50,0,0,NULL,9,'2010-04-15 14:02:35','4bc71c5cae3da',1,3,3,'2010-04-15 14:02:04','2010-04-21 09:25:54'),(82,84,20,2,3,1,0,NULL,0,'2010-04-20 15:07:37','4bcdc339b57b5',1,3,3,'2010-04-20 15:07:37','2010-04-21 10:11:42'),(83,1,1,8,9,1,0,NULL,4,'2010-04-21 09:26:02','4bcec4a2a78eb',1,3,3,'2010-04-21 09:25:54','2010-04-21 10:05:34'),(84,0,20,1,4,0,0,NULL,1,'2010-04-21 10:01:45','4bcecd0995ad2',1,3,3,'2010-04-21 10:01:45','2010-04-21 10:01:50');
/*!40000 ALTER TABLE `folders` ENABLE KEYS */;
UNLOCK TABLES;

--
-- Table structure for table `genericFormTabs`
--

DROP TABLE IF EXISTS `genericFormTabs`;
/*!40101 SET @saved_cs_client     = @@character_set_client */;
/*!40101 SET character_set_client = utf8 */;
CREATE TABLE `genericFormTabs` (
  `id` bigint(20) NOT NULL AUTO_INCREMENT,
  `idGenericForms` bigint(20) NOT NULL,
  `idTabs` bigint(20) NOT NULL,
  `order` int(10) NOT NULL,
  PRIMARY KEY (`id`)
) ENGINE=InnoDB AUTO_INCREMENT=37 DEFAULT CHARSET=utf8;
/*!40101 SET character_set_client = @saved_cs_client */;

--
-- Dumping data for table `genericFormTabs`
--

LOCK TABLES `genericFormTabs` WRITE;
/*!40000 ALTER TABLE `genericFormTabs` DISABLE KEYS */;
INSERT INTO `genericFormTabs` VALUES (1,1,1,1),(2,2,2,1),(3,3,3,1),(4,4,4,1),(5,5,5,1),(6,6,6,1),(7,7,7,1),(8,8,8,1),(9,9,9,1),(10,10,10,1),(11,11,11,1),(12,12,12,1),(13,13,13,1),(14,14,14,1),(15,14,15,2),(16,14,16,3),(17,14,17,4),(18,14,18,5),(19,14,19,6),(20,15,7,1),(21,16,20,1),(22,17,21,1),(23,18,22,1),(24,21,23,1),(25,22,24,1),(26,23,25,1),(27,24,26,1),(28,25,27,1),(29,26,28,1),(30,27,29,1),(31,28,31,1),(32,28,30,2),(33,29,32,1),(34,24,30,2),(35,30,33,1),(36,31,34,1);
/*!40000 ALTER TABLE `genericFormTabs` ENABLE KEYS */;
UNLOCK TABLES;

--
-- Table structure for table `genericFormTitles`
--

DROP TABLE IF EXISTS `genericFormTitles`;
/*!40101 SET @saved_cs_client     = @@character_set_client */;
/*!40101 SET character_set_client = utf8 */;
CREATE TABLE `genericFormTitles` (
  `id` bigint(20) unsigned NOT NULL AUTO_INCREMENT,
  `idGenericForms` bigint(20) unsigned NOT NULL,
  `idLanguages` int(10) unsigned NOT NULL DEFAULT '1',
  `title` varchar(255) DEFAULT NULL,
  `idAction` int(10) unsigned NOT NULL,
  PRIMARY KEY (`id`),
  KEY `genericFormTitles_ibfk_1` (`idGenericForms`),
  CONSTRAINT `genericFormTitles_ibfk_1` FOREIGN KEY (`idGenericForms`) REFERENCES `genericForms` (`id`) ON DELETE CASCADE
) ENGINE=InnoDB AUTO_INCREMENT=5 DEFAULT CHARSET=utf8;
/*!40101 SET character_set_client = @saved_cs_client */;

--
-- Dumping data for table `genericFormTitles`
--

LOCK TABLES `genericFormTitles` WRITE;
/*!40000 ALTER TABLE `genericFormTitles` DISABLE KEYS */;
INSERT INTO `genericFormTitles` VALUES (1,6,1,'Interne Verlinkung',1),(2,6,1,'Interne Verlinkung',2),(3,13,1,'Externe Verlinkung',1),(4,13,1,'Externe Verlinkung',2);
/*!40000 ALTER TABLE `genericFormTitles` ENABLE KEYS */;
UNLOCK TABLES;

--
-- Table structure for table `genericFormTypes`
--

DROP TABLE IF EXISTS `genericFormTypes`;
/*!40101 SET @saved_cs_client     = @@character_set_client */;
/*!40101 SET character_set_client = utf8 */;
CREATE TABLE `genericFormTypes` (
  `id` int(10) unsigned NOT NULL AUTO_INCREMENT,
  `title` varchar(255) NOT NULL,
  PRIMARY KEY (`id`)
) ENGINE=InnoDB AUTO_INCREMENT=8 DEFAULT CHARSET=utf8;
/*!40101 SET character_set_client = @saved_cs_client */;

--
-- Dumping data for table `genericFormTypes`
--

LOCK TABLES `genericFormTypes` WRITE;
/*!40000 ALTER TABLE `genericFormTypes` DISABLE KEYS */;
INSERT INTO `genericFormTypes` VALUES (1,'folder'),(2,'page'),(3,'category'),(4,'unit'),(5,'contact'),(6,'global'),(7,'location');
/*!40000 ALTER TABLE `genericFormTypes` ENABLE KEYS */;
UNLOCK TABLES;

--
-- Table structure for table `genericForms`
--

DROP TABLE IF EXISTS `genericForms`;
/*!40101 SET @saved_cs_client     = @@character_set_client */;
/*!40101 SET character_set_client = utf8 */;
CREATE TABLE `genericForms` (
  `id` bigint(20) unsigned NOT NULL AUTO_INCREMENT,
  `idUsers` bigint(20) unsigned NOT NULL,
  `genericFormId` varchar(32) NOT NULL,
  `version` int(10) NOT NULL,
  `created` timestamp NULL DEFAULT NULL,
  `changed` timestamp NOT NULL DEFAULT CURRENT_TIMESTAMP ON UPDATE CURRENT_TIMESTAMP,
  `idGenericFormTypes` int(10) unsigned NOT NULL,
  `mandatoryUpgrade` tinyint(1) NOT NULL DEFAULT '0',
  PRIMARY KEY (`id`),
  UNIQUE KEY `genericFormId` (`genericFormId`)
) ENGINE=InnoDB AUTO_INCREMENT=32 DEFAULT CHARSET=utf8;
/*!40101 SET character_set_client = @saved_cs_client */;

--
-- Dumping data for table `genericForms`
--

LOCK TABLES `genericForms` WRITE;
/*!40000 ALTER TABLE `genericForms` DISABLE KEYS */;
INSERT INTO `genericForms` VALUES (1,2,'DEFAULT_FOLDER',1,'2008-11-14 08:54:39','2008-11-14 08:54:39',1,0),(2,2,'DEFAULT_PAGE_1',1,'2009-01-29 07:27:34','2009-01-29 07:27:34',2,0),(5,2,'DEFAULT_CATEGORY',1,'2009-03-17 16:01:58','2009-03-17 16:01:58',3,0),(6,3,'DEFAULT_LINKING',1,'2009-02-11 15:37:37','2009-02-11 15:37:37',2,0),(7,2,'DEFAULT_OVERVIEW',1,'2009-02-17 13:30:42','2009-02-17 13:30:42',2,0),(8,2,'DEFAULT_STARTPAGE',1,'2009-02-27 09:51:14','2009-02-27 09:51:14',2,0),(9,3,'DEFAULT_UNIT',1,'2009-04-07 19:23:58','2009-04-07 19:23:58',4,0),(10,3,'DEFAULT_CONTACT',1,'2009-04-07 19:23:58','2009-04-07 19:23:58',5,0),(11,2,'DEFAULT_EVENT',1,'2009-04-09 15:04:57','2010-04-20 15:07:24',6,0),(12,2,'DEFAULT_EVENT_OVERVIEW',1,'2009-04-17 08:09:45','2010-04-20 15:07:24',6,0),(13,2,'DEFAULT_EXTERNAL',1,'2009-05-18 13:15:16','2009-02-11 15:37:37',2,0),(14,3,'DEFAULT_PROCESS',1,'2009-08-28 12:04:14','2009-08-28 12:04:14',2,0),(15,3,'DEFAULT_COLLECTION',1,'2009-08-28 12:04:01','2009-08-28 12:04:01',2,0),(16,3,'DEFAULT_PRODUCT',1,'2009-10-30 09:53:00','2009-10-30 09:53:00',6,0),(17,3,'DEFAULT_PRODUCT_OVERVIEW',1,'2009-12-09 14:37:56','2009-12-09 14:37:56',6,0),(18,2,'DEFAULT_PRODUCT_TREE',1,'2009-12-23 13:52:14','2009-02-17 13:30:42',2,0),(19,3,'DEFAULT_CONTENT',1,'2010-03-11 15:46:05','2010-03-11 15:46:05',6,0),(20,3,'DEFAULT_CONTENT_OVERVIEW',1,'2010-03-11 15:46:32','2010-03-11 15:46:05',6,0),(21,3,'DEFAULT_PRESS',1,'2010-03-11 15:46:59','2010-03-11 15:46:59',6,0),(22,3,'DEFAULT_PRESS_OVERVIEW',1,'2010-03-11 15:46:59','2010-03-11 15:46:59',6,0),(23,3,'DEFAULT_PRESS_AREA',1,'2010-03-12 15:19:08','2010-03-12 15:19:08',2,0),(24,3,'DEFAULT_COURSE',1,'2010-03-15 14:07:35','2010-03-15 14:07:35',6,0),(25,3,'DEFAULT_COURSE_OVERVIEW',1,'2010-03-15 14:07:35','2010-03-15 14:07:35',6,0),(26,2,'DEFAULT_IFRAME',1,'2010-03-23 13:04:13','2009-02-11 15:37:37',2,0),(27,3,'DEFAULT_LOCATION',1,'2010-03-29 12:33:17','2010-03-29 12:33:17',7,0),(28,2,'DEFAULT_FORM',1,'2010-04-02 09:38:58','2009-01-29 07:27:34',2,0),(29,2,'DEFAULT_LOCATION_C',1,'2010-04-08 13:33:11','2010-04-08 13:33:11',2,0),(30,3,'DEFAULT_COURSES',1,'2010-04-14 09:34:48','2010-03-12 15:19:08',2,0),(31,3,'DEFAULT_EVENTS',1,'2010-04-14 09:34:48','2010-04-14 09:34:48',2,0);
/*!40000 ALTER TABLE `genericForms` ENABLE KEYS */;
UNLOCK TABLES;

--
-- Table structure for table `global-DEFAULT_COURSE-1-InstanceFiles`
--

DROP TABLE IF EXISTS `global-DEFAULT_COURSE-1-InstanceFiles`;
/*!40101 SET @saved_cs_client     = @@character_set_client */;
/*!40101 SET character_set_client = utf8 */;
CREATE TABLE `global-DEFAULT_COURSE-1-InstanceFiles` (
  `id` bigint(20) unsigned NOT NULL AUTO_INCREMENT,
  `globalId` varchar(255) NOT NULL,
  `version` int(10) unsigned NOT NULL,
  `idLanguages` int(10) unsigned NOT NULL DEFAULT '1',
  `sortPosition` int(10) unsigned NOT NULL,
  `idFiles` bigint(20) unsigned NOT NULL,
  `displayOption` varchar(64) DEFAULT NULL,
  `idFields` bigint(20) unsigned NOT NULL,
  PRIMARY KEY (`id`),
  KEY `idFiles` (`idFiles`),
  KEY `globalId` (`globalId`),
  CONSTRAINT `global-DEFAULT_COURSE-1-InstanceFiles_ibfk_1` FOREIGN KEY (`globalId`) REFERENCES `globals` (`globalId`) ON DELETE CASCADE,
  CONSTRAINT `global-DEFAULT_COURSE-1-InstanceFiles_ibfk_2` FOREIGN KEY (`idFiles`) REFERENCES `files` (`id`) ON DELETE CASCADE
) ENGINE=InnoDB AUTO_INCREMENT=8 DEFAULT CHARSET=utf8 ROW_FORMAT=COMPACT;
/*!40101 SET character_set_client = @saved_cs_client */;

--
-- Dumping data for table `global-DEFAULT_COURSE-1-InstanceFiles`
--

LOCK TABLES `global-DEFAULT_COURSE-1-InstanceFiles` WRITE;
/*!40000 ALTER TABLE `global-DEFAULT_COURSE-1-InstanceFiles` DISABLE KEYS */;
INSERT INTO `global-DEFAULT_COURSE-1-InstanceFiles` VALUES (5,'4b9e5b472ef28',1,1,1,11,NULL,7),(6,'4b9e5b472ef28',1,1,2,7,NULL,7),(7,'4b9e5b472ef28',1,1,1,2,NULL,8);
/*!40000 ALTER TABLE `global-DEFAULT_COURSE-1-InstanceFiles` ENABLE KEYS */;
UNLOCK TABLES;

--
-- Table structure for table `global-DEFAULT_COURSE-1-InstanceMultiFields`
--

DROP TABLE IF EXISTS `global-DEFAULT_COURSE-1-InstanceMultiFields`;
/*!40101 SET @saved_cs_client     = @@character_set_client */;
/*!40101 SET character_set_client = utf8 */;
CREATE TABLE `global-DEFAULT_COURSE-1-InstanceMultiFields` (
  `id` bigint(20) unsigned NOT NULL AUTO_INCREMENT,
  `globalId` varchar(255) NOT NULL,
  `version` int(10) unsigned NOT NULL,
  `idLanguages` int(10) unsigned NOT NULL DEFAULT '1',
  `idRelation` bigint(20) unsigned NOT NULL,
  `value` varchar(255) DEFAULT NULL,
  `idFields` bigint(20) unsigned NOT NULL,
  PRIMARY KEY (`id`),
  KEY `globalId` (`globalId`),
  CONSTRAINT `global-DEFAULT_COURSE-1-InstanceMultiFields_ibfk_1` FOREIGN KEY (`globalId`) REFERENCES `globals` (`globalId`) ON DELETE CASCADE
) ENGINE=InnoDB AUTO_INCREMENT=292 DEFAULT CHARSET=utf8 ROW_FORMAT=COMPACT;
/*!40101 SET character_set_client = @saved_cs_client */;

--
-- Dumping data for table `global-DEFAULT_COURSE-1-InstanceMultiFields`
--

LOCK TABLES `global-DEFAULT_COURSE-1-InstanceMultiFields` WRITE;
/*!40000 ALTER TABLE `global-DEFAULT_COURSE-1-InstanceMultiFields` DISABLE KEYS */;
INSERT INTO `global-DEFAULT_COURSE-1-InstanceMultiFields` VALUES (151,'4b9e5b472ef28',1,1,449,NULL,166),(152,'4b9e5b472ef28',1,1,450,NULL,166),(153,'4b9e5b472ef28',1,1,451,NULL,166),(154,'4b9e5b472ef28',1,1,452,NULL,166),(155,'4b9e5b472ef28',1,1,454,NULL,166),(156,'4b9e5b472ef28',1,1,455,NULL,166),(157,'4b9e5b472ef28',1,1,451,NULL,167),(158,'4b9e5b472ef28',1,1,452,NULL,167),(159,'4b9e5b472ef28',1,1,454,NULL,167),(281,'4bc5b7f1da58c',1,1,449,NULL,166),(282,'4bc5b7f1da58c',1,1,450,NULL,166),(283,'4bc5b7f1da58c',1,1,451,NULL,166),(284,'4bc5b7f1da58c',1,1,452,NULL,166),(285,'4bc5b7f1da58c',1,1,453,NULL,166),(286,'4bc5b7f1da58c',1,1,454,NULL,166),(287,'4bc5b7f1da58c',1,1,455,NULL,166),(288,'4bc5b7f1da58c',1,1,456,NULL,166),(289,'4bc5b7f1da58c',1,1,451,NULL,167),(290,'4bc5b7f1da58c',1,1,452,NULL,167),(291,'4bc5b7f1da58c',1,1,454,NULL,167);
/*!40000 ALTER TABLE `global-DEFAULT_COURSE-1-InstanceMultiFields` ENABLE KEYS */;
UNLOCK TABLES;

--
-- Table structure for table `global-DEFAULT_COURSE-1-Instances`
--

DROP TABLE IF EXISTS `global-DEFAULT_COURSE-1-Instances`;
/*!40101 SET @saved_cs_client     = @@character_set_client */;
/*!40101 SET character_set_client = utf8 */;
CREATE TABLE `global-DEFAULT_COURSE-1-Instances` (
  `id` bigint(20) unsigned NOT NULL AUTO_INCREMENT,
  `globalId` varchar(32) NOT NULL,
  `version` int(10) unsigned NOT NULL,
  `idLanguages` int(10) unsigned NOT NULL DEFAULT '1',
  `idUsers` bigint(20) unsigned NOT NULL,
  `articletitle` text NOT NULL,
  `description` text,
  `header_embed_code` text,
  `pics_title` varchar(255) DEFAULT NULL,
  `docs_title` varchar(255) DEFAULT '',
  `internal_links_title` varchar(255) DEFAULT NULL,
  `video_title` varchar(255) DEFAULT NULL,
  `video_embed_code` text,
  `shortdescription` text NOT NULL,
  `subject` varchar(255) DEFAULT NULL,
  `sender_name` varchar(255) DEFAULT NULL,
  `sender_mail` varchar(255) DEFAULT NULL,
  `receiver_name` varchar(255) DEFAULT NULL,
  `receiver_mail` varchar(255) DEFAULT NULL,
  `success_message` text,
  `contact` varchar(255) DEFAULT NULL,
  `creator` bigint(20) unsigned NOT NULL,
  `created` timestamp NULL DEFAULT NULL,
  `changed` timestamp NOT NULL DEFAULT CURRENT_TIMESTAMP ON UPDATE CURRENT_TIMESTAMP,
  PRIMARY KEY (`id`),
  KEY `globalId` (`globalId`),
  CONSTRAINT `global-DEFAULT_COURSE-1-Instances_ibfk_1` FOREIGN KEY (`globalId`) REFERENCES `globals` (`globalId`) ON DELETE CASCADE
) ENGINE=InnoDB AUTO_INCREMENT=10 DEFAULT CHARSET=utf8 ROW_FORMAT=COMPACT;
/*!40101 SET character_set_client = @saved_cs_client */;

--
-- Dumping data for table `global-DEFAULT_COURSE-1-Instances`
--

LOCK TABLES `global-DEFAULT_COURSE-1-Instances` WRITE;
/*!40000 ALTER TABLE `global-DEFAULT_COURSE-1-Instances` DISABLE KEYS */;
INSERT INTO `global-DEFAULT_COURSE-1-Instances` VALUES (8,'4b9e5b472ef28',1,1,3,'','',NULL,'','',NULL,NULL,NULL,'','Tipps und Tricks Anfrage','Thomas Schedler','thomas.schedler@massiveart.com','Thomas Schedler','thomas.schedler@massiveart.com','','',3,'2010-03-15 16:07:35','2010-04-15 08:06:43'),(9,'4bc5b7f1da58c',1,1,3,'','<p><b>Konstruktion:</b><br /> Implantatprothetik ist die neue Herausforderung f&uuml;r den modernen Zahntechniker. Oftmals ist es weniger das Implantat an sich, sondern vielmehr die Suprakonstruktion, die die gestiegenen Bed&uuml;rfnisse wie z.B. einer kaustabilen Seitenzahnaufstellung befriedigen muss. In derartigen F&auml;llen wird in der Literatur vor allem auf die lingualisierte Aufstellung verwiesen.</p>\n<p><b>Okklusion:</b><br /> Der Workshop vermittelt das lingualisierte Okklusionskonzept in der praktischen Anwendung des SR Phonares&reg;Lingual NHC. Neben der Ber&uuml;cksichtigung funktioneller Anspr&uuml;che einer hochwertigen implantatprothetischen Versorgung, soll auch &auml;sthetischen und phonetischen Kriterien Rechnung getragen werden.</p>\n<p><b>Pr&auml;zision:</b><br /> Das SR Ivocap&reg; Prothesenmaterial-Injektionssystem &uuml;berzeugt seit mehr als 25 Jahren Benutzer in aller Welt durch kontinuierliche, pr&auml;zise Injektion w&auml;hrend der Heisspolimerisation des schlagz&auml;hen SR Ivocap High Impact-Prothesenmaterials. Der Kursteilnehmer kann das Ausschliessen der Bisserh&ouml;hung und die hohe Passgenauigkeit an einem praktischen Fall aus seinem Labor testen. Oder die Probe aufs Exempel an einem zur Verf&uuml;gung gestellten Oberkiefer- oder Unterkiefermodell machen.</p>\n<p><b>Kursinhalt:<br /> \n<ul>\n<li><span style=\"font-weight: normal;\">Vermitteln der theoretischen Grundlagen der Modellanalyse und des lingualisierten Okklusionskonzepts</span></li>\n<li><span style=\"font-weight: normal;\">Umsetzung einer &auml;sthetischen, individuellen und nat&uuml;rlichen Frontzahnaufstellung mit SR Phonares NHC</span></li>\n<li><span style=\"font-weight: normal;\">Lingualisierte Aufstellung mit den SR Phonares Lingual NHC wahlweise im Stratos 100, 200 oder 300</span></li>\n<li><span style=\"font-weight: normal;\">Herstellung einer Prothese (Unterkiefer) mit der bew&auml;hrten Heisspolymerisat-Injektionstechnik SR Ivocap-System</span></li>\n<li><span style=\"font-weight: normal;\">Nat&uuml;rliche, &auml;sthetische Zahnfleischgestaltung (Gingiva) durch Modellieren und Charakterisieren (einf&auml;rben)</span></li>\n</ul>\n</b></p>\n<p><span style=\"font-weight: bold;\">Kursziel:<br /><span style=\"font-weight: normal;\">Interessierte Prothetiker/-innen und Zahntechniker/-innen erfahren die Vorteile der lingualisierten Okklusion f&uuml;r die Implantatprothetik in Theorie und Praxis. Durch das praktische Umsetzen einer Prothese in Kunststoff k&ouml;nnen sie sich von der Pr&auml;zision und Qualit&auml;t der bew&auml;hrten Heisspolymerisat-Injektionstechnik des SR Ivocap-Systems &uuml;berzeugen.</span></span></p>',NULL,'','',NULL,NULL,NULL,'','Kursanfrage','Thomas Schedler','thomas.schedler@massiveart.com','Thomas Schedler','thomas.schedler@massiveart.com','','5',3,'2010-04-14 12:41:21','2010-04-15 12:42:21');
/*!40000 ALTER TABLE `global-DEFAULT_COURSE-1-Instances` ENABLE KEYS */;
UNLOCK TABLES;

--
-- Table structure for table `global-DEFAULT_COURSE-1-Region11-InstanceFiles`
--

DROP TABLE IF EXISTS `global-DEFAULT_COURSE-1-Region11-InstanceFiles`;
/*!40101 SET @saved_cs_client     = @@character_set_client */;
/*!40101 SET character_set_client = utf8 */;
CREATE TABLE `global-DEFAULT_COURSE-1-Region11-InstanceFiles` (
  `id` bigint(20) unsigned NOT NULL AUTO_INCREMENT,
  `globalId` varchar(255) NOT NULL,
  `version` int(10) unsigned NOT NULL,
  `idLanguages` int(10) unsigned NOT NULL DEFAULT '1',
  `idRegionInstances` bigint(20) unsigned NOT NULL,
  `idFiles` bigint(20) unsigned NOT NULL,
  `displayOption` varchar(64) DEFAULT NULL,
  `idFields` bigint(20) unsigned NOT NULL,
  PRIMARY KEY (`id`),
  KEY `idRegionInstances` (`idRegionInstances`),
  KEY `idFiles` (`idFiles`),
  KEY `globalId` (`globalId`),
  CONSTRAINT `global-DEFAULT_COURSE-1-Region11-InstanceFiles_ibfk_1` FOREIGN KEY (`globalId`) REFERENCES `globals` (`globalId`) ON DELETE CASCADE,
  CONSTRAINT `global-DEFAULT_COURSE-1-Region11-InstanceFiles_ibfk_2` FOREIGN KEY (`idRegionInstances`) REFERENCES `global-DEFAULT_COURSE-1-Region11-Instances` (`id`) ON DELETE CASCADE,
  CONSTRAINT `global-DEFAULT_COURSE-1-Region11-InstanceFiles_ibfk_3` FOREIGN KEY (`idFiles`) REFERENCES `files` (`id`) ON DELETE CASCADE
) ENGINE=InnoDB DEFAULT CHARSET=utf8 ROW_FORMAT=COMPACT;
/*!40101 SET character_set_client = @saved_cs_client */;

--
-- Dumping data for table `global-DEFAULT_COURSE-1-Region11-InstanceFiles`
--

LOCK TABLES `global-DEFAULT_COURSE-1-Region11-InstanceFiles` WRITE;
/*!40000 ALTER TABLE `global-DEFAULT_COURSE-1-Region11-InstanceFiles` DISABLE KEYS */;
/*!40000 ALTER TABLE `global-DEFAULT_COURSE-1-Region11-InstanceFiles` ENABLE KEYS */;
UNLOCK TABLES;

--
-- Table structure for table `global-DEFAULT_COURSE-1-Region11-InstanceMultiFields`
--

DROP TABLE IF EXISTS `global-DEFAULT_COURSE-1-Region11-InstanceMultiFields`;
/*!40101 SET @saved_cs_client     = @@character_set_client */;
/*!40101 SET character_set_client = utf8 */;
CREATE TABLE `global-DEFAULT_COURSE-1-Region11-InstanceMultiFields` (
  `id` bigint(20) unsigned NOT NULL AUTO_INCREMENT,
  `globalId` varchar(255) NOT NULL,
  `version` int(10) unsigned NOT NULL,
  `idLanguages` int(10) unsigned NOT NULL DEFAULT '1',
  `idRegionInstances` bigint(20) unsigned NOT NULL,
  `idRelation` bigint(20) unsigned NOT NULL,
  `value` varchar(255) DEFAULT NULL,
  `idFields` bigint(20) unsigned NOT NULL,
  PRIMARY KEY (`id`),
  KEY `idRegionInstances` (`idRegionInstances`),
  KEY `globalId` (`globalId`),
  CONSTRAINT `global-DEFAULT_COURSE-1-Region11-InstanceMultiFields_ibfk_1` FOREIGN KEY (`globalId`) REFERENCES `globals` (`globalId`) ON DELETE CASCADE,
  CONSTRAINT `global-DEFAULT_COURSE-1-Region11-InstanceMultiFields_ibfk_2` FOREIGN KEY (`idRegionInstances`) REFERENCES `global-DEFAULT_COURSE-1-Region11-Instances` (`id`) ON DELETE CASCADE
) ENGINE=InnoDB DEFAULT CHARSET=utf8 ROW_FORMAT=COMPACT;
/*!40101 SET character_set_client = @saved_cs_client */;

--
-- Dumping data for table `global-DEFAULT_COURSE-1-Region11-InstanceMultiFields`
--

LOCK TABLES `global-DEFAULT_COURSE-1-Region11-InstanceMultiFields` WRITE;
/*!40000 ALTER TABLE `global-DEFAULT_COURSE-1-Region11-InstanceMultiFields` DISABLE KEYS */;
/*!40000 ALTER TABLE `global-DEFAULT_COURSE-1-Region11-InstanceMultiFields` ENABLE KEYS */;
UNLOCK TABLES;

--
-- Table structure for table `global-DEFAULT_COURSE-1-Region11-Instances`
--

DROP TABLE IF EXISTS `global-DEFAULT_COURSE-1-Region11-Instances`;
/*!40101 SET @saved_cs_client     = @@character_set_client */;
/*!40101 SET character_set_client = utf8 */;
CREATE TABLE `global-DEFAULT_COURSE-1-Region11-Instances` (
  `id` bigint(20) unsigned NOT NULL AUTO_INCREMENT,
  `globalId` varchar(32) NOT NULL,
  `version` int(10) unsigned NOT NULL,
  `idLanguages` int(10) unsigned NOT NULL DEFAULT '1',
  `sortPosition` int(10) unsigned NOT NULL,
  `block_title` varchar(255) DEFAULT NULL,
  `block_description` text,
  PRIMARY KEY (`id`),
  KEY `globalId` (`globalId`),
  CONSTRAINT `global-DEFAULT_COURSE-1-Region11-Instances_ibfk_1` FOREIGN KEY (`globalId`) REFERENCES `globals` (`globalId`) ON DELETE CASCADE
) ENGINE=InnoDB AUTO_INCREMENT=81 DEFAULT CHARSET=utf8 ROW_FORMAT=COMPACT;
/*!40101 SET character_set_client = @saved_cs_client */;

--
-- Dumping data for table `global-DEFAULT_COURSE-1-Region11-Instances`
--

LOCK TABLES `global-DEFAULT_COURSE-1-Region11-Instances` WRITE;
/*!40000 ALTER TABLE `global-DEFAULT_COURSE-1-Region11-Instances` DISABLE KEYS */;
INSERT INTO `global-DEFAULT_COURSE-1-Region11-Instances` VALUES (63,'4b9e5b472ef28',1,1,1,'',''),(80,'4bc5b7f1da58c',1,1,1,'','');
/*!40000 ALTER TABLE `global-DEFAULT_COURSE-1-Region11-Instances` ENABLE KEYS */;
UNLOCK TABLES;

--
-- Table structure for table `global-DEFAULT_COURSE-1-Region14-InstanceFiles`
--

DROP TABLE IF EXISTS `global-DEFAULT_COURSE-1-Region14-InstanceFiles`;
/*!40101 SET @saved_cs_client     = @@character_set_client */;
/*!40101 SET character_set_client = utf8 */;
CREATE TABLE `global-DEFAULT_COURSE-1-Region14-InstanceFiles` (
  `id` bigint(20) unsigned NOT NULL AUTO_INCREMENT,
  `globalId` varchar(32) NOT NULL,
  `version` int(10) unsigned NOT NULL,
  `idLanguages` int(10) unsigned NOT NULL DEFAULT '1',
  `idRegionInstances` bigint(20) unsigned NOT NULL,
  `idFiles` bigint(20) unsigned NOT NULL,
  `displayOption` varchar(64) DEFAULT NULL,
  `idFields` bigint(20) unsigned NOT NULL,
  PRIMARY KEY (`id`),
  KEY `idRegionInstances` (`idRegionInstances`),
  KEY `idFiles` (`idFiles`),
  KEY `globalId` (`globalId`),
  CONSTRAINT `global-DEFAULT_COURSE-1-Region14-InstanceFiles_ibfk_1` FOREIGN KEY (`globalId`) REFERENCES `globals` (`globalId`) ON DELETE CASCADE,
  CONSTRAINT `global-DEFAULT_COURSE-1-Region14-InstanceFiles_ibfk_2` FOREIGN KEY (`idRegionInstances`) REFERENCES `global-DEFAULT_COURSE-1-Region14-Instances` (`id`) ON DELETE CASCADE,
  CONSTRAINT `global-DEFAULT_COURSE-1-Region14-InstanceFiles_ibfk_3` FOREIGN KEY (`idFiles`) REFERENCES `files` (`id`) ON DELETE CASCADE
) ENGINE=InnoDB DEFAULT CHARSET=utf8 ROW_FORMAT=COMPACT;
/*!40101 SET character_set_client = @saved_cs_client */;

--
-- Dumping data for table `global-DEFAULT_COURSE-1-Region14-InstanceFiles`
--

LOCK TABLES `global-DEFAULT_COURSE-1-Region14-InstanceFiles` WRITE;
/*!40000 ALTER TABLE `global-DEFAULT_COURSE-1-Region14-InstanceFiles` DISABLE KEYS */;
/*!40000 ALTER TABLE `global-DEFAULT_COURSE-1-Region14-InstanceFiles` ENABLE KEYS */;
UNLOCK TABLES;

--
-- Table structure for table `global-DEFAULT_COURSE-1-Region14-Instances`
--

DROP TABLE IF EXISTS `global-DEFAULT_COURSE-1-Region14-Instances`;
/*!40101 SET @saved_cs_client     = @@character_set_client */;
/*!40101 SET character_set_client = utf8 */;
CREATE TABLE `global-DEFAULT_COURSE-1-Region14-Instances` (
  `id` bigint(20) unsigned NOT NULL AUTO_INCREMENT,
  `globalId` varchar(32) NOT NULL,
  `version` int(10) unsigned NOT NULL,
  `idLanguages` int(10) unsigned NOT NULL DEFAULT '1',
  `sortPosition` int(10) unsigned NOT NULL,
  `sidebar_title` varchar(255) DEFAULT NULL,
  `sidebar_description` text,
  PRIMARY KEY (`id`),
  KEY `globalId` (`globalId`),
  CONSTRAINT `global-DEFAULT_COURSE-1-Region14-Instances_ibfk_1` FOREIGN KEY (`globalId`) REFERENCES `globals` (`globalId`) ON DELETE CASCADE
) ENGINE=InnoDB DEFAULT CHARSET=utf8 ROW_FORMAT=COMPACT;
/*!40101 SET character_set_client = @saved_cs_client */;

--
-- Dumping data for table `global-DEFAULT_COURSE-1-Region14-Instances`
--

LOCK TABLES `global-DEFAULT_COURSE-1-Region14-Instances` WRITE;
/*!40000 ALTER TABLE `global-DEFAULT_COURSE-1-Region14-Instances` DISABLE KEYS */;
/*!40000 ALTER TABLE `global-DEFAULT_COURSE-1-Region14-Instances` ENABLE KEYS */;
UNLOCK TABLES;

--
-- Table structure for table `global-DEFAULT_COURSE-1-Region56-InstanceMultiFields`
--

DROP TABLE IF EXISTS `global-DEFAULT_COURSE-1-Region56-InstanceMultiFields`;
/*!40101 SET @saved_cs_client     = @@character_set_client */;
/*!40101 SET character_set_client = utf8 */;
CREATE TABLE `global-DEFAULT_COURSE-1-Region56-InstanceMultiFields` (
  `id` bigint(20) unsigned NOT NULL AUTO_INCREMENT,
  `globalId` varchar(255) NOT NULL,
  `version` int(10) unsigned NOT NULL,
  `idLanguages` int(10) unsigned NOT NULL DEFAULT '1',
  `idRegionInstances` bigint(20) unsigned NOT NULL,
  `idRelation` bigint(20) unsigned NOT NULL,
  `value` varchar(255) DEFAULT NULL,
  `idFields` bigint(20) unsigned NOT NULL,
  PRIMARY KEY (`id`),
  KEY `idRegionInstances` (`idRegionInstances`),
  KEY `globalId` (`globalId`),
  CONSTRAINT `global-DEFAULT_COURSE-1-Region56-InstanceMultiFields_ibfk_1` FOREIGN KEY (`globalId`) REFERENCES `globals` (`globalId`) ON DELETE CASCADE,
  CONSTRAINT `global-DEFAULT_COURSE-1-Region56-InstanceMultiFields_ibfk_2` FOREIGN KEY (`idRegionInstances`) REFERENCES `global-DEFAULT_COURSE-1-Region56-Instances` (`id`) ON DELETE CASCADE
) ENGINE=InnoDB AUTO_INCREMENT=65 DEFAULT CHARSET=utf8 ROW_FORMAT=COMPACT;
/*!40101 SET character_set_client = @saved_cs_client */;

--
-- Dumping data for table `global-DEFAULT_COURSE-1-Region56-InstanceMultiFields`
--

LOCK TABLES `global-DEFAULT_COURSE-1-Region56-InstanceMultiFields` WRITE;
/*!40000 ALTER TABLE `global-DEFAULT_COURSE-1-Region56-InstanceMultiFields` DISABLE KEYS */;
INSERT INTO `global-DEFAULT_COURSE-1-Region56-InstanceMultiFields` VALUES (33,'4b9e5b472ef28',1,1,49,6,NULL,176),(34,'4b9e5b472ef28',1,1,50,6,NULL,176),(35,'4b9e5b472ef28',1,1,50,7,NULL,176),(62,'4bc5b7f1da58c',1,1,83,6,NULL,176),(63,'4bc5b7f1da58c',1,1,83,7,NULL,176),(64,'4bc5b7f1da58c',1,1,84,6,NULL,176);
/*!40000 ALTER TABLE `global-DEFAULT_COURSE-1-Region56-InstanceMultiFields` ENABLE KEYS */;
UNLOCK TABLES;

--
-- Table structure for table `global-DEFAULT_COURSE-1-Region56-Instances`
--

DROP TABLE IF EXISTS `global-DEFAULT_COURSE-1-Region56-Instances`;
/*!40101 SET @saved_cs_client     = @@character_set_client */;
/*!40101 SET character_set_client = utf8 */;
CREATE TABLE `global-DEFAULT_COURSE-1-Region56-Instances` (
  `id` bigint(20) unsigned NOT NULL AUTO_INCREMENT,
  `globalId` varchar(32) NOT NULL,
  `version` int(10) unsigned NOT NULL,
  `idLanguages` int(10) unsigned NOT NULL DEFAULT '1',
  `sortPosition` int(10) unsigned NOT NULL,
  `event_title` varchar(255) DEFAULT NULL,
  `location` bigint(20) unsigned DEFAULT NULL,
  `start_datetime` varchar(64) NOT NULL,
  `end_datetime` varchar(64) NOT NULL,
  `duration` varchar(500) DEFAULT NULL,
  `fees` varchar(500) DEFAULT NULL,
  `language` varchar(500) DEFAULT NULL,
  PRIMARY KEY (`id`),
  KEY `globalId` (`globalId`),
  CONSTRAINT `global-DEFAULT_COURSE-1-Region56-Instances_ibfk_1` FOREIGN KEY (`globalId`) REFERENCES `globals` (`globalId`) ON DELETE CASCADE
) ENGINE=InnoDB AUTO_INCREMENT=85 DEFAULT CHARSET=utf8 ROW_FORMAT=COMPACT;
/*!40101 SET character_set_client = @saved_cs_client */;

--
-- Dumping data for table `global-DEFAULT_COURSE-1-Region56-Instances`
--

LOCK TABLES `global-DEFAULT_COURSE-1-Region56-Instances` WRITE;
/*!40000 ALTER TABLE `global-DEFAULT_COURSE-1-Region56-Instances` DISABLE KEYS */;
INSERT INTO `global-DEFAULT_COURSE-1-Region56-Instances` VALUES (49,'4b9e5b472ef28',1,1,1,'Tipps und Tricks',3334,'15.04.2010','16.04.2010','09:00 - 12:00\n14:00 - 18:00',NULL,NULL),(50,'4b9e5b472ef28',1,1,2,'Tipps und Tricks Teil 2',3334,'17.06.2010','18.06.2010','09:00 - 12:00\n14:00 - 18:00',NULL,NULL),(83,'4bc5b7f1da58c',1,1,1,'Implantatprothetik: Mit SR Phonares zum Erfolg',3334,'12.05.2010','13.05.2010','09:00 - 12:00 14:00 - 17:00 ','CHF 400,-- / € 260,-- ','Deutsch'),(84,'4bc5b7f1da58c',1,1,2,'Implantatprothetik: Mit SR Phonares zum Erfolg',3334,'14.08.2010','15.08.2010','','€ 1200,--','Deutsch');
/*!40000 ALTER TABLE `global-DEFAULT_COURSE-1-Region56-Instances` ENABLE KEYS */;
UNLOCK TABLES;

--
-- Table structure for table `global-DEFAULT_COURSE_OVERVIEW-1-InstanceFiles`
--

DROP TABLE IF EXISTS `global-DEFAULT_COURSE_OVERVIEW-1-InstanceFiles`;
/*!40101 SET @saved_cs_client     = @@character_set_client */;
/*!40101 SET character_set_client = utf8 */;
CREATE TABLE `global-DEFAULT_COURSE_OVERVIEW-1-InstanceFiles` (
  `id` bigint(20) unsigned NOT NULL AUTO_INCREMENT,
  `globalId` varchar(255) NOT NULL,
  `version` int(10) unsigned NOT NULL,
  `idLanguages` int(10) unsigned NOT NULL DEFAULT '1',
  `sortPosition` int(10) unsigned NOT NULL,
  `idFiles` bigint(20) unsigned NOT NULL,
  `displayOption` varchar(64) DEFAULT NULL,
  `idFields` bigint(20) unsigned NOT NULL,
  PRIMARY KEY (`id`),
  KEY `idFiles` (`idFiles`),
  KEY `globalId` (`globalId`),
  CONSTRAINT `global-DEFAULT_COURSE_OVERVIEW-1-InstanceFiles_ibfk_1` FOREIGN KEY (`globalId`) REFERENCES `globals` (`globalId`) ON DELETE CASCADE,
  CONSTRAINT `global-DEFAULT_COURSE_OVERVIEW-1-InstanceFiles_ibfk_2` FOREIGN KEY (`idFiles`) REFERENCES `files` (`id`) ON DELETE CASCADE
) ENGINE=InnoDB DEFAULT CHARSET=utf8 ROW_FORMAT=COMPACT;
/*!40101 SET character_set_client = @saved_cs_client */;

--
-- Dumping data for table `global-DEFAULT_COURSE_OVERVIEW-1-InstanceFiles`
--

LOCK TABLES `global-DEFAULT_COURSE_OVERVIEW-1-InstanceFiles` WRITE;
/*!40000 ALTER TABLE `global-DEFAULT_COURSE_OVERVIEW-1-InstanceFiles` DISABLE KEYS */;
/*!40000 ALTER TABLE `global-DEFAULT_COURSE_OVERVIEW-1-InstanceFiles` ENABLE KEYS */;
UNLOCK TABLES;

--
-- Table structure for table `global-DEFAULT_COURSE_OVERVIEW-1-InstanceMultiFields`
--

DROP TABLE IF EXISTS `global-DEFAULT_COURSE_OVERVIEW-1-InstanceMultiFields`;
/*!40101 SET @saved_cs_client     = @@character_set_client */;
/*!40101 SET character_set_client = utf8 */;
CREATE TABLE `global-DEFAULT_COURSE_OVERVIEW-1-InstanceMultiFields` (
  `id` bigint(20) unsigned NOT NULL AUTO_INCREMENT,
  `globalId` varchar(255) NOT NULL,
  `version` int(10) unsigned NOT NULL,
  `idLanguages` int(10) unsigned NOT NULL DEFAULT '1',
  `idRelation` bigint(20) unsigned NOT NULL,
  `value` varchar(255) DEFAULT NULL,
  `idFields` bigint(20) unsigned NOT NULL,
  PRIMARY KEY (`id`),
  KEY `globalId` (`globalId`),
  CONSTRAINT `global-DEFAULT_COURSE_OVERVIEW-1-InstanceMultiFields_ibfk_1` FOREIGN KEY (`globalId`) REFERENCES `globals` (`globalId`) ON DELETE CASCADE
) ENGINE=InnoDB DEFAULT CHARSET=utf8 ROW_FORMAT=COMPACT;
/*!40101 SET character_set_client = @saved_cs_client */;

--
-- Dumping data for table `global-DEFAULT_COURSE_OVERVIEW-1-InstanceMultiFields`
--

LOCK TABLES `global-DEFAULT_COURSE_OVERVIEW-1-InstanceMultiFields` WRITE;
/*!40000 ALTER TABLE `global-DEFAULT_COURSE_OVERVIEW-1-InstanceMultiFields` DISABLE KEYS */;
/*!40000 ALTER TABLE `global-DEFAULT_COURSE_OVERVIEW-1-InstanceMultiFields` ENABLE KEYS */;
UNLOCK TABLES;

--
-- Table structure for table `global-DEFAULT_COURSE_OVERVIEW-1-Instances`
--

DROP TABLE IF EXISTS `global-DEFAULT_COURSE_OVERVIEW-1-Instances`;
/*!40101 SET @saved_cs_client     = @@character_set_client */;
/*!40101 SET character_set_client = utf8 */;
CREATE TABLE `global-DEFAULT_COURSE_OVERVIEW-1-Instances` (
  `id` bigint(20) unsigned NOT NULL AUTO_INCREMENT,
  `globalId` varchar(32) NOT NULL,
  `version` int(10) unsigned NOT NULL,
  `idLanguages` int(10) unsigned NOT NULL DEFAULT '1',
  `idUsers` bigint(20) unsigned NOT NULL,
  `articletitle` varchar(255) DEFAULT NULL,
  `shortdescription` text,
  `description` text NOT NULL,
  `header_embed_code` text,
  `contact` varchar(255) DEFAULT NULL,
  `creator` bigint(20) unsigned NOT NULL,
  `created` timestamp NULL DEFAULT NULL,
  `changed` timestamp NOT NULL DEFAULT CURRENT_TIMESTAMP ON UPDATE CURRENT_TIMESTAMP,
  PRIMARY KEY (`id`),
  KEY `globalId` (`globalId`),
  CONSTRAINT `global-DEFAULT_COURSE_OVERVIEW-1-Instances_ibfk_1` FOREIGN KEY (`globalId`) REFERENCES `globals` (`globalId`) ON DELETE CASCADE
) ENGINE=InnoDB AUTO_INCREMENT=11 DEFAULT CHARSET=utf8 ROW_FORMAT=COMPACT;
/*!40101 SET character_set_client = @saved_cs_client */;

--
-- Dumping data for table `global-DEFAULT_COURSE_OVERVIEW-1-Instances`
--

LOCK TABLES `global-DEFAULT_COURSE_OVERVIEW-1-Instances` WRITE;
/*!40000 ALTER TABLE `global-DEFAULT_COURSE_OVERVIEW-1-Instances` DISABLE KEYS */;
INSERT INTO `global-DEFAULT_COURSE_OVERVIEW-1-Instances` VALUES (8,'4b9e5ad3e2ed3',1,1,3,'Kurse weltweit','','',NULL,'5',3,'2010-03-15 16:05:39','2010-04-15 09:54:58'),(9,'4b9e5aefc8f29',1,1,3,'Kurse in Liechtenstein','','',NULL,'',3,'2010-03-15 16:06:07','2010-04-14 13:04:20'),(10,'4bc5ae12201b2',1,1,3,'','','',NULL,'',3,'2010-04-14 11:59:14','2010-04-14 13:04:33');
/*!40000 ALTER TABLE `global-DEFAULT_COURSE_OVERVIEW-1-Instances` ENABLE KEYS */;
UNLOCK TABLES;

--
-- Table structure for table `global-DEFAULT_COURSE_OVERVIEW-1-Region14-InstanceFiles`
--

DROP TABLE IF EXISTS `global-DEFAULT_COURSE_OVERVIEW-1-Region14-InstanceFiles`;
/*!40101 SET @saved_cs_client     = @@character_set_client */;
/*!40101 SET character_set_client = utf8 */;
CREATE TABLE `global-DEFAULT_COURSE_OVERVIEW-1-Region14-InstanceFiles` (
  `id` bigint(20) unsigned NOT NULL AUTO_INCREMENT,
  `globalId` varchar(32) NOT NULL,
  `version` int(10) unsigned NOT NULL,
  `idLanguages` int(10) unsigned NOT NULL DEFAULT '1',
  `idRegionInstances` bigint(20) unsigned NOT NULL,
  `idFiles` bigint(20) unsigned NOT NULL,
  `displayOption` varchar(64) DEFAULT NULL,
  `idFields` bigint(20) unsigned NOT NULL,
  PRIMARY KEY (`id`),
  KEY `idRegionInstances` (`idRegionInstances`),
  KEY `idFiles` (`idFiles`),
  KEY `globalId` (`globalId`),
  CONSTRAINT `global-DEFAULT_COURSE_OVERVIEW-1-Region14-InstanceFiles_ibfk_1` FOREIGN KEY (`idFiles`) REFERENCES `files` (`id`) ON DELETE CASCADE,
  CONSTRAINT `global-DEFAULT_COURSE_OVERVIEW-1-Region14-InstanceFiles_ibfk_2` FOREIGN KEY (`globalId`) REFERENCES `globals` (`globalId`) ON DELETE CASCADE,
  CONSTRAINT `global-DEFAULT_COURSE_OVERVIEW-1-Region14-InstanceFiles_ibfk_3` FOREIGN KEY (`idRegionInstances`) REFERENCES `global-DEFAULT_COURSE_OVERVIEW-1-Region14-Instances` (`id`) ON DELETE CASCADE
) ENGINE=InnoDB AUTO_INCREMENT=8 DEFAULT CHARSET=utf8 ROW_FORMAT=COMPACT;
/*!40101 SET character_set_client = @saved_cs_client */;

--
-- Dumping data for table `global-DEFAULT_COURSE_OVERVIEW-1-Region14-InstanceFiles`
--

LOCK TABLES `global-DEFAULT_COURSE_OVERVIEW-1-Region14-InstanceFiles` WRITE;
/*!40000 ALTER TABLE `global-DEFAULT_COURSE_OVERVIEW-1-Region14-InstanceFiles` DISABLE KEYS */;
INSERT INTO `global-DEFAULT_COURSE_OVERVIEW-1-Region14-InstanceFiles` VALUES (7,'4b9e5ad3e2ed3',1,1,7,5,NULL,128);
/*!40000 ALTER TABLE `global-DEFAULT_COURSE_OVERVIEW-1-Region14-InstanceFiles` ENABLE KEYS */;
UNLOCK TABLES;

--
-- Table structure for table `global-DEFAULT_COURSE_OVERVIEW-1-Region14-Instances`
--

DROP TABLE IF EXISTS `global-DEFAULT_COURSE_OVERVIEW-1-Region14-Instances`;
/*!40101 SET @saved_cs_client     = @@character_set_client */;
/*!40101 SET character_set_client = utf8 */;
CREATE TABLE `global-DEFAULT_COURSE_OVERVIEW-1-Region14-Instances` (
  `id` bigint(20) unsigned NOT NULL AUTO_INCREMENT,
  `globalId` varchar(32) NOT NULL,
  `version` int(10) unsigned NOT NULL,
  `idLanguages` int(10) unsigned NOT NULL DEFAULT '1',
  `sortPosition` int(10) unsigned NOT NULL,
  `sidebar_title` varchar(255) DEFAULT NULL,
  `sidebar_description` text,
  PRIMARY KEY (`id`),
  KEY `globalId` (`globalId`),
  CONSTRAINT `global-DEFAULT_COURSE_OVERVIEW-1-Region14-Instances_ibfk_1` FOREIGN KEY (`globalId`) REFERENCES `globals` (`globalId`) ON DELETE CASCADE
) ENGINE=InnoDB AUTO_INCREMENT=8 DEFAULT CHARSET=utf8 ROW_FORMAT=COMPACT;
/*!40101 SET character_set_client = @saved_cs_client */;

--
-- Dumping data for table `global-DEFAULT_COURSE_OVERVIEW-1-Region14-Instances`
--

LOCK TABLES `global-DEFAULT_COURSE_OVERVIEW-1-Region14-Instances` WRITE;
/*!40000 ALTER TABLE `global-DEFAULT_COURSE_OVERVIEW-1-Region14-Instances` DISABLE KEYS */;
INSERT INTO `global-DEFAULT_COURSE_OVERVIEW-1-Region14-Instances` VALUES (7,'4b9e5ad3e2ed3',1,1,1,'Lorem ipsum dolor sit ame','<p>Lorem ipsum dolor sit amet, consectetuer adipiscing elit. Aenean commodo ligula eget dolor. Aenean massa. Cum sociis natoque penatibus et magnis dis parturient montes, nascetur ridiculus mus. Donec quam felis, ultricies nec, pellentesque eu, pretium quis, sem. Nulla consequat massa quis enim.</p>');
/*!40000 ALTER TABLE `global-DEFAULT_COURSE_OVERVIEW-1-Region14-Instances` ENABLE KEYS */;
UNLOCK TABLES;

--
-- Table structure for table `global-DEFAULT_COURSE_OVERVIEW-1-Region15-Instances`
--

DROP TABLE IF EXISTS `global-DEFAULT_COURSE_OVERVIEW-1-Region15-Instances`;
/*!40101 SET @saved_cs_client     = @@character_set_client */;
/*!40101 SET character_set_client = utf8 */;
CREATE TABLE `global-DEFAULT_COURSE_OVERVIEW-1-Region15-Instances` (
  `id` bigint(20) unsigned NOT NULL AUTO_INCREMENT,
  `globalId` varchar(32) NOT NULL,
  `version` int(10) unsigned NOT NULL,
  `idLanguages` int(10) unsigned NOT NULL DEFAULT '1',
  `sortPosition` int(10) unsigned NOT NULL,
  `entry_title` varchar(255) DEFAULT NULL,
  `entry_category` bigint(20) unsigned DEFAULT NULL,
  `entry_label` bigint(20) unsigned DEFAULT NULL,
  `entry_viewtype` bigint(20) unsigned DEFAULT NULL,
  `entry_number` bigint(20) unsigned DEFAULT NULL,
  `entry_sorttype` bigint(20) unsigned DEFAULT NULL,
  `entry_sortorder` bigint(20) unsigned DEFAULT NULL,
  `entry_depth` bigint(20) unsigned DEFAULT NULL,
  PRIMARY KEY (`id`),
  KEY `globalId` (`globalId`),
  CONSTRAINT `global-DEFAULT_COURSE_OVERVIEW-1-Region15-Instances_ibfk_1` FOREIGN KEY (`globalId`) REFERENCES `globals` (`globalId`) ON DELETE CASCADE
) ENGINE=InnoDB AUTO_INCREMENT=24 DEFAULT CHARSET=utf8 ROW_FORMAT=COMPACT;
/*!40101 SET character_set_client = @saved_cs_client */;

--
-- Dumping data for table `global-DEFAULT_COURSE_OVERVIEW-1-Region15-Instances`
--

LOCK TABLES `global-DEFAULT_COURSE_OVERVIEW-1-Region15-Instances` WRITE;
/*!40000 ALTER TABLE `global-DEFAULT_COURSE_OVERVIEW-1-Region15-Instances` DISABLE KEYS */;
INSERT INTO `global-DEFAULT_COURSE_OVERVIEW-1-Region15-Instances` VALUES (11,'4b9e5aefc8f29',1,1,1,'',0,0,29,99,0,0,0),(12,'4bc5ae12201b2',1,1,1,'',0,0,29,99,0,0,0),(23,'4b9e5ad3e2ed3',1,1,1,'',0,0,29,100,0,0,66);
/*!40000 ALTER TABLE `global-DEFAULT_COURSE_OVERVIEW-1-Region15-Instances` ENABLE KEYS */;
UNLOCK TABLES;

--
-- Table structure for table `global-DEFAULT_EVENT-1-InstanceFiles`
--

DROP TABLE IF EXISTS `global-DEFAULT_EVENT-1-InstanceFiles`;
/*!40101 SET @saved_cs_client     = @@character_set_client */;
/*!40101 SET character_set_client = utf8 */;
CREATE TABLE `global-DEFAULT_EVENT-1-InstanceFiles` (
  `id` bigint(20) unsigned NOT NULL AUTO_INCREMENT,
  `globalId` varchar(255) NOT NULL,
  `version` int(10) unsigned NOT NULL,
  `idLanguages` int(10) unsigned NOT NULL DEFAULT '1',
  `sortPosition` int(10) unsigned NOT NULL,
  `idFiles` bigint(20) unsigned NOT NULL,
  `displayOption` varchar(64) DEFAULT NULL,
  `idFields` bigint(20) unsigned NOT NULL,
  PRIMARY KEY (`id`),
  KEY `globalId` (`globalId`),
  KEY `idFiles` (`idFiles`),
  CONSTRAINT `global-DEFAULT_EVENT-1-InstanceFiles_ibfk_1` FOREIGN KEY (`globalId`) REFERENCES `globals` (`globalId`) ON DELETE CASCADE,
  CONSTRAINT `global-DEFAULT_EVENT-1-InstanceFiles_ibfk_2` FOREIGN KEY (`idFiles`) REFERENCES `files` (`id`) ON DELETE CASCADE
) ENGINE=InnoDB DEFAULT CHARSET=utf8 ROW_FORMAT=COMPACT;
/*!40101 SET character_set_client = @saved_cs_client */;

--
-- Dumping data for table `global-DEFAULT_EVENT-1-InstanceFiles`
--

LOCK TABLES `global-DEFAULT_EVENT-1-InstanceFiles` WRITE;
/*!40000 ALTER TABLE `global-DEFAULT_EVENT-1-InstanceFiles` DISABLE KEYS */;
/*!40000 ALTER TABLE `global-DEFAULT_EVENT-1-InstanceFiles` ENABLE KEYS */;
UNLOCK TABLES;

--
-- Table structure for table `global-DEFAULT_EVENT-1-InstanceMultiFields`
--

DROP TABLE IF EXISTS `global-DEFAULT_EVENT-1-InstanceMultiFields`;
/*!40101 SET @saved_cs_client     = @@character_set_client */;
/*!40101 SET character_set_client = utf8 */;
CREATE TABLE `global-DEFAULT_EVENT-1-InstanceMultiFields` (
  `id` bigint(20) unsigned NOT NULL AUTO_INCREMENT,
  `globalId` varchar(255) NOT NULL,
  `version` int(10) unsigned NOT NULL,
  `idLanguages` int(10) unsigned NOT NULL DEFAULT '1',
  `idRelation` bigint(20) unsigned NOT NULL,
  `value` varchar(255) DEFAULT NULL,
  `idFields` bigint(20) unsigned NOT NULL,
  PRIMARY KEY (`id`),
  KEY `globalId` (`globalId`),
  CONSTRAINT `global-DEFAULT_EVENT-1-InstanceMultiFields_ibfk_1` FOREIGN KEY (`globalId`) REFERENCES `globals` (`globalId`) ON DELETE CASCADE
) ENGINE=InnoDB DEFAULT CHARSET=utf8 ROW_FORMAT=COMPACT;
/*!40101 SET character_set_client = @saved_cs_client */;

--
-- Dumping data for table `global-DEFAULT_EVENT-1-InstanceMultiFields`
--

LOCK TABLES `global-DEFAULT_EVENT-1-InstanceMultiFields` WRITE;
/*!40000 ALTER TABLE `global-DEFAULT_EVENT-1-InstanceMultiFields` DISABLE KEYS */;
/*!40000 ALTER TABLE `global-DEFAULT_EVENT-1-InstanceMultiFields` ENABLE KEYS */;
UNLOCK TABLES;

--
-- Table structure for table `global-DEFAULT_EVENT-1-Instances`
--

DROP TABLE IF EXISTS `global-DEFAULT_EVENT-1-Instances`;
/*!40101 SET @saved_cs_client     = @@character_set_client */;
/*!40101 SET character_set_client = utf8 */;
CREATE TABLE `global-DEFAULT_EVENT-1-Instances` (
  `id` bigint(20) unsigned NOT NULL AUTO_INCREMENT,
  `globalId` varchar(32) NOT NULL,
  `version` int(10) unsigned NOT NULL,
  `idLanguages` int(10) unsigned NOT NULL DEFAULT '1',
  `idUsers` bigint(20) unsigned NOT NULL,
  `articletitle` text NOT NULL,
  `description` text,
  `pics_title` varchar(255) DEFAULT NULL,
  `docs_title` varchar(255) DEFAULT '',
  `video_title` varchar(255) DEFAULT NULL,
  `video_embed_code` text,
  `shortdescription` text NOT NULL,
  `start_datetime` varchar(64) DEFAULT NULL,
  `end_datetime` varchar(64) DEFAULT NULL,
  `event_duration` varchar(255) DEFAULT NULL,
  `event_street` varchar(255) DEFAULT NULL,
  `event_streetnr` varchar(255) DEFAULT NULL,
  `event_plz` varchar(255) DEFAULT NULL,
  `event_city` varchar(255) DEFAULT NULL,
  `event_location` varchar(255) DEFAULT NULL,
  `event_max_members` varchar(255) DEFAULT NULL,
  `event_costs` varchar(255) DEFAULT NULL,
  `event_status` varchar(255) DEFAULT NULL,
  `contact` varchar(255) DEFAULT NULL,
  `creator` bigint(20) unsigned NOT NULL,
  `created` timestamp NULL DEFAULT NULL,
  `changed` timestamp NOT NULL DEFAULT CURRENT_TIMESTAMP ON UPDATE CURRENT_TIMESTAMP,
  PRIMARY KEY (`id`),
  KEY `globalId` (`globalId`),
  CONSTRAINT `global-DEFAULT_EVENT-1-Instances_ibfk_1` FOREIGN KEY (`globalId`) REFERENCES `globals` (`globalId`) ON DELETE CASCADE
) ENGINE=InnoDB AUTO_INCREMENT=4 DEFAULT CHARSET=utf8 ROW_FORMAT=COMPACT;
/*!40101 SET character_set_client = @saved_cs_client */;

--
-- Dumping data for table `global-DEFAULT_EVENT-1-Instances`
--

LOCK TABLES `global-DEFAULT_EVENT-1-Instances` WRITE;
/*!40000 ALTER TABLE `global-DEFAULT_EVENT-1-Instances` DISABLE KEYS */;
INSERT INTO `global-DEFAULT_EVENT-1-Instances` VALUES (1,'4bcdcf1d42a52',1,1,3,'','','','','','','','24.04.2010','26.04.2010','','','','','','','','','','',3,'2010-04-20 15:58:21','2010-04-21 11:37:31'),(2,'4bcec0931974d',1,1,3,'','',NULL,'',NULL,NULL,'','26.04.2010','29.04.2010',NULL,NULL,NULL,NULL,NULL,NULL,NULL,NULL,NULL,'',3,'2010-04-21 09:08:35','2010-04-21 11:37:35'),(3,'4bcec0a8930ee',1,1,3,'','',NULL,'',NULL,NULL,'','27.04.2010','01.05.2010',NULL,NULL,NULL,NULL,NULL,NULL,NULL,NULL,NULL,'',3,'2010-04-21 09:08:56','2010-04-21 11:48:00');
/*!40000 ALTER TABLE `global-DEFAULT_EVENT-1-Instances` ENABLE KEYS */;
UNLOCK TABLES;

--
-- Table structure for table `global-DEFAULT_EVENT_OVERVIEW-1-InstanceFiles`
--

DROP TABLE IF EXISTS `global-DEFAULT_EVENT_OVERVIEW-1-InstanceFiles`;
/*!40101 SET @saved_cs_client     = @@character_set_client */;
/*!40101 SET character_set_client = utf8 */;
CREATE TABLE `global-DEFAULT_EVENT_OVERVIEW-1-InstanceFiles` (
  `id` bigint(20) unsigned NOT NULL AUTO_INCREMENT,
  `globalId` varchar(255) NOT NULL,
  `version` int(10) unsigned NOT NULL,
  `idLanguages` int(10) unsigned NOT NULL DEFAULT '1',
  `sortPosition` int(10) unsigned NOT NULL,
  `idFiles` bigint(20) unsigned NOT NULL,
  `displayOption` varchar(64) DEFAULT NULL,
  `idFields` bigint(20) unsigned NOT NULL,
  PRIMARY KEY (`id`),
  KEY `globalId` (`globalId`),
  KEY `idFiles` (`idFiles`),
  CONSTRAINT `global-DEFAULT_EVENT_OVERVIEW-1-InstanceFiles_ibfk_1` FOREIGN KEY (`globalId`) REFERENCES `globals` (`globalId`) ON DELETE CASCADE,
  CONSTRAINT `global-DEFAULT_EVENT_OVERVIEW-1-InstanceFiles_ibfk_2` FOREIGN KEY (`idFiles`) REFERENCES `files` (`id`) ON DELETE CASCADE
) ENGINE=InnoDB DEFAULT CHARSET=utf8 ROW_FORMAT=COMPACT;
/*!40101 SET character_set_client = @saved_cs_client */;

--
-- Dumping data for table `global-DEFAULT_EVENT_OVERVIEW-1-InstanceFiles`
--

LOCK TABLES `global-DEFAULT_EVENT_OVERVIEW-1-InstanceFiles` WRITE;
/*!40000 ALTER TABLE `global-DEFAULT_EVENT_OVERVIEW-1-InstanceFiles` DISABLE KEYS */;
/*!40000 ALTER TABLE `global-DEFAULT_EVENT_OVERVIEW-1-InstanceFiles` ENABLE KEYS */;
UNLOCK TABLES;

--
-- Table structure for table `global-DEFAULT_EVENT_OVERVIEW-1-InstanceMultiFields`
--

DROP TABLE IF EXISTS `global-DEFAULT_EVENT_OVERVIEW-1-InstanceMultiFields`;
/*!40101 SET @saved_cs_client     = @@character_set_client */;
/*!40101 SET character_set_client = utf8 */;
CREATE TABLE `global-DEFAULT_EVENT_OVERVIEW-1-InstanceMultiFields` (
  `id` bigint(20) unsigned NOT NULL AUTO_INCREMENT,
  `globalId` varchar(255) NOT NULL,
  `version` int(10) unsigned NOT NULL,
  `idLanguages` int(10) unsigned NOT NULL DEFAULT '1',
  `idRelation` bigint(20) unsigned NOT NULL,
  `value` varchar(255) DEFAULT NULL,
  `idFields` bigint(20) unsigned NOT NULL,
  PRIMARY KEY (`id`),
  KEY `globalId` (`globalId`),
  CONSTRAINT `global-DEFAULT_EVENT_OVERVIEW-1-InstanceMultiFields_ibfk_1` FOREIGN KEY (`globalId`) REFERENCES `globals` (`globalId`) ON DELETE CASCADE
) ENGINE=InnoDB DEFAULT CHARSET=utf8 ROW_FORMAT=COMPACT;
/*!40101 SET character_set_client = @saved_cs_client */;

--
-- Dumping data for table `global-DEFAULT_EVENT_OVERVIEW-1-InstanceMultiFields`
--

LOCK TABLES `global-DEFAULT_EVENT_OVERVIEW-1-InstanceMultiFields` WRITE;
/*!40000 ALTER TABLE `global-DEFAULT_EVENT_OVERVIEW-1-InstanceMultiFields` DISABLE KEYS */;
/*!40000 ALTER TABLE `global-DEFAULT_EVENT_OVERVIEW-1-InstanceMultiFields` ENABLE KEYS */;
UNLOCK TABLES;

--
-- Table structure for table `global-DEFAULT_EVENT_OVERVIEW-1-Instances`
--

DROP TABLE IF EXISTS `global-DEFAULT_EVENT_OVERVIEW-1-Instances`;
/*!40101 SET @saved_cs_client     = @@character_set_client */;
/*!40101 SET character_set_client = utf8 */;
CREATE TABLE `global-DEFAULT_EVENT_OVERVIEW-1-Instances` (
  `id` bigint(20) unsigned NOT NULL AUTO_INCREMENT,
  `globalId` varchar(32) NOT NULL,
  `version` int(10) unsigned NOT NULL,
  `idLanguages` int(10) unsigned NOT NULL DEFAULT '1',
  `idUsers` bigint(20) unsigned NOT NULL,
  `articletitle` varchar(255) DEFAULT NULL,
  `shortdescription` text NOT NULL,
  `description` text NOT NULL,
  `contact` varchar(255) DEFAULT NULL,
  `creator` bigint(20) unsigned NOT NULL,
  `created` timestamp NULL DEFAULT NULL,
  `changed` timestamp NOT NULL DEFAULT CURRENT_TIMESTAMP ON UPDATE CURRENT_TIMESTAMP,
  PRIMARY KEY (`id`),
  KEY `globalId` (`globalId`),
  CONSTRAINT `global-DEFAULT_EVENT_OVERVIEW-1-Instances_ibfk_1` FOREIGN KEY (`globalId`) REFERENCES `globals` (`globalId`) ON DELETE CASCADE
) ENGINE=InnoDB AUTO_INCREMENT=3 DEFAULT CHARSET=utf8 ROW_FORMAT=COMPACT;
/*!40101 SET character_set_client = @saved_cs_client */;

--
-- Dumping data for table `global-DEFAULT_EVENT_OVERVIEW-1-Instances`
--

LOCK TABLES `global-DEFAULT_EVENT_OVERVIEW-1-Instances` WRITE;
/*!40000 ALTER TABLE `global-DEFAULT_EVENT_OVERVIEW-1-Instances` DISABLE KEYS */;
INSERT INTO `global-DEFAULT_EVENT_OVERVIEW-1-Instances` VALUES (1,'4bcdc339c24b3',1,1,3,'','','','',3,'2010-04-20 15:48:46','2010-04-21 10:03:06'),(2,'4bcecd09a3373',1,1,3,'','','','',3,'2010-04-21 10:01:45','2010-04-21 10:42:33');
/*!40000 ALTER TABLE `global-DEFAULT_EVENT_OVERVIEW-1-Instances` ENABLE KEYS */;
UNLOCK TABLES;

--
-- Table structure for table `global-DEFAULT_EVENT_OVERVIEW-1-Region14-InstanceFiles`
--

DROP TABLE IF EXISTS `global-DEFAULT_EVENT_OVERVIEW-1-Region14-InstanceFiles`;
/*!40101 SET @saved_cs_client     = @@character_set_client */;
/*!40101 SET character_set_client = utf8 */;
CREATE TABLE `global-DEFAULT_EVENT_OVERVIEW-1-Region14-InstanceFiles` (
  `id` bigint(20) unsigned NOT NULL AUTO_INCREMENT,
  `globalId` varchar(32) NOT NULL,
  `version` int(10) unsigned NOT NULL,
  `idLanguages` int(10) unsigned NOT NULL DEFAULT '1',
  `idRegionInstances` bigint(20) unsigned NOT NULL,
  `idFiles` bigint(20) unsigned NOT NULL,
  `displayOption` varchar(64) DEFAULT NULL,
  `idFields` bigint(20) unsigned NOT NULL,
  PRIMARY KEY (`id`),
  KEY `idRegionInstances` (`idRegionInstances`),
  KEY `idFiles` (`idFiles`),
  KEY `globalId` (`globalId`),
  CONSTRAINT `global-DEFAULT_EVENT_OVERVIEW-1-Region14-InstanceFiles_ibfk_3` FOREIGN KEY (`idFiles`) REFERENCES `files` (`id`) ON DELETE CASCADE,
  CONSTRAINT `global-DEFAULT_EVENT_OVERVIEW-1-Region14-InstanceFiles_ibfk_1` FOREIGN KEY (`globalId`) REFERENCES `globals` (`globalId`) ON DELETE CASCADE,
  CONSTRAINT `global-DEFAULT_EVENT_OVERVIEW-1-Region14-InstanceFiles_ibfk_2` FOREIGN KEY (`idRegionInstances`) REFERENCES `global-DEFAULT_EVENT_OVERVIEW-1-Region14-Instances` (`id`) ON DELETE CASCADE
) ENGINE=InnoDB AUTO_INCREMENT=2 DEFAULT CHARSET=utf8 ROW_FORMAT=COMPACT;
/*!40101 SET character_set_client = @saved_cs_client */;

--
-- Dumping data for table `global-DEFAULT_EVENT_OVERVIEW-1-Region14-InstanceFiles`
--

LOCK TABLES `global-DEFAULT_EVENT_OVERVIEW-1-Region14-InstanceFiles` WRITE;
/*!40000 ALTER TABLE `global-DEFAULT_EVENT_OVERVIEW-1-Region14-InstanceFiles` DISABLE KEYS */;
INSERT INTO `global-DEFAULT_EVENT_OVERVIEW-1-Region14-InstanceFiles` VALUES (1,'4bcecd09a3373',1,1,9,5,NULL,128);
/*!40000 ALTER TABLE `global-DEFAULT_EVENT_OVERVIEW-1-Region14-InstanceFiles` ENABLE KEYS */;
UNLOCK TABLES;

--
-- Table structure for table `global-DEFAULT_EVENT_OVERVIEW-1-Region14-Instances`
--

DROP TABLE IF EXISTS `global-DEFAULT_EVENT_OVERVIEW-1-Region14-Instances`;
/*!40101 SET @saved_cs_client     = @@character_set_client */;
/*!40101 SET character_set_client = utf8 */;
CREATE TABLE `global-DEFAULT_EVENT_OVERVIEW-1-Region14-Instances` (
  `id` bigint(20) unsigned NOT NULL AUTO_INCREMENT,
  `globalId` varchar(32) NOT NULL,
  `version` int(10) unsigned NOT NULL,
  `idLanguages` int(10) unsigned NOT NULL DEFAULT '1',
  `sortPosition` int(10) unsigned NOT NULL,
  `sidebar_title` varchar(255) DEFAULT NULL,
  `sidebar_description` text,
  PRIMARY KEY (`id`),
  KEY `globalId` (`globalId`),
  CONSTRAINT `global-DEFAULT_EVENT_OVERVIEW-1-Region14-Instances_ibfk_1` FOREIGN KEY (`globalId`) REFERENCES `globals` (`globalId`) ON DELETE CASCADE
) ENGINE=InnoDB AUTO_INCREMENT=10 DEFAULT CHARSET=utf8 ROW_FORMAT=COMPACT;
/*!40101 SET character_set_client = @saved_cs_client */;

--
-- Dumping data for table `global-DEFAULT_EVENT_OVERVIEW-1-Region14-Instances`
--

LOCK TABLES `global-DEFAULT_EVENT_OVERVIEW-1-Region14-Instances` WRITE;
/*!40000 ALTER TABLE `global-DEFAULT_EVENT_OVERVIEW-1-Region14-Instances` DISABLE KEYS */;
INSERT INTO `global-DEFAULT_EVENT_OVERVIEW-1-Region14-Instances` VALUES (7,'4bcdc339c24b3',1,1,1,'',''),(9,'4bcecd09a3373',1,1,1,'Lorem ipsum dolor sit ame ','<p>Lorem ipsum dolor sit amet, consectetuer adipiscing elit. Aenean commodo ligula eget dolor. Aenean massa. Cum sociis natoque penatibus et magnis dis parturient montes, nascetur ridiculus mus. Donec quam felis, ultricies nec, pellentesque eu, pretium quis, sem. Nulla consequat massa quis enim.</p>');
/*!40000 ALTER TABLE `global-DEFAULT_EVENT_OVERVIEW-1-Region14-Instances` ENABLE KEYS */;
UNLOCK TABLES;

--
-- Table structure for table `global-DEFAULT_EVENT_OVERVIEW-1-Region15-Instances`
--

DROP TABLE IF EXISTS `global-DEFAULT_EVENT_OVERVIEW-1-Region15-Instances`;
/*!40101 SET @saved_cs_client     = @@character_set_client */;
/*!40101 SET character_set_client = utf8 */;
CREATE TABLE `global-DEFAULT_EVENT_OVERVIEW-1-Region15-Instances` (
  `id` bigint(20) unsigned NOT NULL AUTO_INCREMENT,
  `globalId` varchar(32) NOT NULL,
  `version` int(10) unsigned NOT NULL,
  `idLanguages` int(10) unsigned NOT NULL DEFAULT '1',
  `sortPosition` int(10) unsigned NOT NULL,
  `entry_title` varchar(255) DEFAULT NULL,
  `entry_category` bigint(20) unsigned DEFAULT NULL,
  `entry_label` bigint(20) unsigned DEFAULT NULL,
  `entry_viewtype` bigint(20) unsigned DEFAULT NULL,
  `entry_number` bigint(20) unsigned DEFAULT NULL,
  `entry_sorttype` bigint(20) unsigned DEFAULT NULL,
  `entry_sortorder` bigint(20) unsigned DEFAULT NULL,
  `entry_depth` bigint(20) unsigned DEFAULT NULL,
  PRIMARY KEY (`id`),
  KEY `globalId` (`globalId`),
  CONSTRAINT `global-DEFAULT_EVENT_OVERVIEW-1-Region15-Instances_ibfk_1` FOREIGN KEY (`globalId`) REFERENCES `globals` (`globalId`) ON DELETE CASCADE
) ENGINE=InnoDB AUTO_INCREMENT=10 DEFAULT CHARSET=utf8 ROW_FORMAT=COMPACT;
/*!40101 SET character_set_client = @saved_cs_client */;

--
-- Dumping data for table `global-DEFAULT_EVENT_OVERVIEW-1-Region15-Instances`
--

LOCK TABLES `global-DEFAULT_EVENT_OVERVIEW-1-Region15-Instances` WRITE;
/*!40000 ALTER TABLE `global-DEFAULT_EVENT_OVERVIEW-1-Region15-Instances` DISABLE KEYS */;
INSERT INTO `global-DEFAULT_EVENT_OVERVIEW-1-Region15-Instances` VALUES (7,'4bcdc339c24b3',1,1,1,'',0,0,28,50,0,0,65),(9,'4bcecd09a3373',1,1,1,'',0,0,28,20,40,0,66);
/*!40000 ALTER TABLE `global-DEFAULT_EVENT_OVERVIEW-1-Region15-Instances` ENABLE KEYS */;
UNLOCK TABLES;

--
-- Table structure for table `global-DEFAULT_PRESS-1-InstanceFiles`
--

DROP TABLE IF EXISTS `global-DEFAULT_PRESS-1-InstanceFiles`;
/*!40101 SET @saved_cs_client     = @@character_set_client */;
/*!40101 SET character_set_client = utf8 */;
CREATE TABLE `global-DEFAULT_PRESS-1-InstanceFiles` (
  `id` bigint(20) unsigned NOT NULL AUTO_INCREMENT,
  `globalId` varchar(255) NOT NULL,
  `version` int(10) unsigned NOT NULL,
  `idLanguages` int(10) unsigned NOT NULL DEFAULT '1',
  `sortPosition` int(10) unsigned NOT NULL,
  `idFiles` bigint(20) unsigned NOT NULL,
  `displayOption` varchar(64) DEFAULT NULL,
  `idFields` bigint(20) unsigned NOT NULL,
  PRIMARY KEY (`id`),
  KEY `idFiles` (`idFiles`),
  KEY `globalId` (`globalId`),
  CONSTRAINT `global-DEFAULT_PRESS-1-InstanceFiles_ibfk_1` FOREIGN KEY (`globalId`) REFERENCES `globals` (`globalId`) ON DELETE CASCADE,
  CONSTRAINT `global-DEFAULT_PRESS-1-InstanceFiles_ibfk_2` FOREIGN KEY (`idFiles`) REFERENCES `files` (`id`) ON DELETE CASCADE
) ENGINE=InnoDB AUTO_INCREMENT=60 DEFAULT CHARSET=utf8 ROW_FORMAT=COMPACT;
/*!40101 SET character_set_client = @saved_cs_client */;

--
-- Dumping data for table `global-DEFAULT_PRESS-1-InstanceFiles`
--

LOCK TABLES `global-DEFAULT_PRESS-1-InstanceFiles` WRITE;
/*!40000 ALTER TABLE `global-DEFAULT_PRESS-1-InstanceFiles` DISABLE KEYS */;
INSERT INTO `global-DEFAULT_PRESS-1-InstanceFiles` VALUES (56,'4b99fc7f1e684',1,1,1,5,NULL,5),(57,'4b99fc7f1e684',1,1,1,84,NULL,7),(58,'4b99fc7f1e684',1,1,2,83,NULL,7),(59,'4b99fc7f1e684',1,1,1,2,NULL,8);
/*!40000 ALTER TABLE `global-DEFAULT_PRESS-1-InstanceFiles` ENABLE KEYS */;
UNLOCK TABLES;

--
-- Table structure for table `global-DEFAULT_PRESS-1-InstanceMultiFields`
--

DROP TABLE IF EXISTS `global-DEFAULT_PRESS-1-InstanceMultiFields`;
/*!40101 SET @saved_cs_client     = @@character_set_client */;
/*!40101 SET character_set_client = utf8 */;
CREATE TABLE `global-DEFAULT_PRESS-1-InstanceMultiFields` (
  `id` bigint(20) unsigned NOT NULL AUTO_INCREMENT,
  `globalId` varchar(255) NOT NULL,
  `version` int(10) unsigned NOT NULL,
  `idLanguages` int(10) unsigned NOT NULL DEFAULT '1',
  `idRelation` bigint(20) unsigned NOT NULL,
  `value` varchar(255) DEFAULT NULL,
  `idFields` bigint(20) unsigned NOT NULL,
  PRIMARY KEY (`id`),
  KEY `globalId` (`globalId`),
  CONSTRAINT `global-DEFAULT_PRESS-1-InstanceMultiFields_ibfk_1` FOREIGN KEY (`globalId`) REFERENCES `globals` (`globalId`) ON DELETE CASCADE
) ENGINE=InnoDB DEFAULT CHARSET=utf8 ROW_FORMAT=COMPACT;
/*!40101 SET character_set_client = @saved_cs_client */;

--
-- Dumping data for table `global-DEFAULT_PRESS-1-InstanceMultiFields`
--

LOCK TABLES `global-DEFAULT_PRESS-1-InstanceMultiFields` WRITE;
/*!40000 ALTER TABLE `global-DEFAULT_PRESS-1-InstanceMultiFields` DISABLE KEYS */;
/*!40000 ALTER TABLE `global-DEFAULT_PRESS-1-InstanceMultiFields` ENABLE KEYS */;
UNLOCK TABLES;

--
-- Table structure for table `global-DEFAULT_PRESS-1-Instances`
--

DROP TABLE IF EXISTS `global-DEFAULT_PRESS-1-Instances`;
/*!40101 SET @saved_cs_client     = @@character_set_client */;
/*!40101 SET character_set_client = utf8 */;
CREATE TABLE `global-DEFAULT_PRESS-1-Instances` (
  `id` bigint(20) unsigned NOT NULL AUTO_INCREMENT,
  `globalId` varchar(32) NOT NULL,
  `version` int(10) unsigned NOT NULL,
  `idLanguages` int(10) unsigned NOT NULL DEFAULT '1',
  `idUsers` bigint(20) unsigned NOT NULL,
  `articletitle` text NOT NULL,
  `description` text,
  `header_embed_code` text,
  `pics_title` varchar(255) DEFAULT NULL,
  `docs_title` varchar(255) DEFAULT '',
  `internal_links_title` varchar(255) DEFAULT NULL,
  `video_title` varchar(255) DEFAULT NULL,
  `video_embed_code` text,
  `shortdescription` text,
  `title_externe_links` varchar(255) DEFAULT NULL,
  `contact` bigint(20) unsigned DEFAULT NULL,
  `creator` bigint(20) unsigned NOT NULL,
  `created` timestamp NULL DEFAULT NULL,
  `changed` timestamp NOT NULL DEFAULT CURRENT_TIMESTAMP ON UPDATE CURRENT_TIMESTAMP,
  PRIMARY KEY (`id`),
  KEY `globalId` (`globalId`),
  CONSTRAINT `global-DEFAULT_PRESS-1-Instances_ibfk_1` FOREIGN KEY (`globalId`) REFERENCES `globals` (`globalId`) ON DELETE CASCADE
) ENGINE=InnoDB AUTO_INCREMENT=11 DEFAULT CHARSET=utf8 ROW_FORMAT=COMPACT;
/*!40101 SET character_set_client = @saved_cs_client */;

--
-- Dumping data for table `global-DEFAULT_PRESS-1-Instances`
--

LOCK TABLES `global-DEFAULT_PRESS-1-Instances` WRITE;
/*!40000 ALTER TABLE `global-DEFAULT_PRESS-1-Instances` DISABLE KEYS */;
INSERT INTO `global-DEFAULT_PRESS-1-Instances` VALUES (3,'4b99213f386f5',1,1,3,'','',NULL,'','','','','','',NULL,0,3,'2010-03-11 17:29:35','2010-03-11 17:34:24'),(5,'4b99301c199fc',1,1,3,'','',NULL,'','','','','','',NULL,0,3,'2010-03-11 18:11:24','2010-03-11 18:13:25'),(6,'4b99fc7f1e684',1,1,3,'','<p><strong>Der Programat P500 der zweiten Generation von Ivoclar Vivadent</strong><br /><br />Der Programat P500/G2&nbsp; pr&auml;sentiert sich mit einem neuen Farb-Touch-Display und mehreren neuen Features, die die Qualit&auml;t der Brennergebnisse positiv beeinflussen. Diese zweite Generation des Ofens baut auf den Eigenschaften des Vorg&auml;nger-Modells auf.</p>\n<p>Ivoclar Vivadent hat die zweite Generation des Keramikbrennofens Programat P500 mit einem Farb-Touch-Display entwickelt. Die Benutzeroberfl&auml;che des Displays zeichnet sich durch &uuml;bersichtliche Icons aus. Diese Oberfl&auml;che erm&ouml;glicht es, Daten einfach und bequem einzugeben und relevante Parameter schnell abzulesen. Dabei informiert die farbige Brennkurve bzw. die grosse Restzeitanzeige mit dem farbigen Fortschrittsbalken den Anwender &uuml;ber den aktuellen Prozess-Status.</p>\n<p><strong>Zahlreiche neue Features</strong><strong><br /> </strong>Zu den weiteren Produktvorteilen z&auml;hlen die &bdquo;Cooling Shock Protection&ldquo; (CSP), die durch einen speziellen &Ouml;ffnungsprozess Restspannungen in der Keramik reduziert. Die \"Thermo Shock Protection\" (TSP) verhindert dagegen einen thermischen Schock der Keramik, wenn der Ofenkopf bei zu heisser Temperatur geschlossen wird. Die moderne Stromspar-Technologie (Power Saving Technology) reduziert den Energieverbrauch im Standby-Modus um bis zu 40 Prozent. Das wirkt sich positiv auf die Energiekosten aus und schont die Umwelt.</p>\n<p><strong> Baut auf Bew&auml;hrtem auf </strong><br />Neben all diesen Neuerungen besticht der Programat P500 weiterhin durch seine bew&auml;hrten Produktmerkmale. Dazu z&auml;hlen die Quarzrohr-Heizmuffeltechnologie, die automatische Doppelbereichskalibration, USB-Anschl&uuml;sse sowie die Kombination von Folientastatur und Touch Display.</p>\n<p>Der Programat P500 der zweiten Generation ist ab M&auml;rz 2010 erh&auml;ltlich.</p>',NULL,'Hochauflösende Bilder','Dokumente','','','','','Pressebilder',5,3,'2010-03-12 08:34:07','2010-04-08 15:13:26'),(7,'4b9e39154d52c',1,1,3,'','<h2>Ivoclar Vivadent stellt das Implant Care-Programm vor</h2>\n<p>Bei Implant Care von Ivoclar Vivadent handelt es sich um ein Programm, das aus aufeinander abgestimmten Produkten besteht. Es bietet Implantatversorgungen einen umfassenden Schutz.</p>\n<p>Mit Implant Care pr&auml;sentiert Ivoclar Vivadent ein Produkt-Programm, um Patienten w&auml;hrend der verschiedenen Phasen der Implantatbehandlung und der lebenslangen Nachsorge professionell zu betreuen. Dieses Programm wird den Anforderungen gerecht, die komplexe Strukturen von Versorgungen und individuelle Voraussetzungen im Mund an den Zahnarzt stellen. Implant Care umfasst eine Reihe aufeinander abgestimmter Produkte. Dazu geh&ouml;ren die Indikatorfl&uuml;ssigkeit &bdquo;Plaque Test&ldquo;, die Prophy-Paste mit RDA 7 &bdquo;Proxyt&ldquo;, der Schutzlack mit Chlorhexidin &bdquo;Cervitec Plus&ldquo;, das Mundpflege-Gel mit Chlorhexidin und Fluorid &bdquo;Cervitec Gel&ldquo; sowie der Lippen-Wangenhalter &bdquo;OptraGate&ldquo;. Alle diese Produkte f&uuml;r die professionelle Reinigung und Keimkontrolle sch&uuml;tzen und schonen das empfindliche periimplant&auml;re Gewebe. Damit erhalten anspruchsvolle Suprastrukturen, festsitzender oder abnehmbarer Zahnersatz sowie nat&uuml;rliche Z&auml;hne eine optimale Pflege &ndash; hinsichtlich Funktion und &Auml;sthetik.</p>\n<p>Ein spezielles Implant Care-Kit ist ab sofort erh&auml;ltlich.</p>\n<p>Abb. 1: Implant Care: Das Mundgesundheits-Management bei Implantat-Patienten</p>',NULL,'','',NULL,NULL,NULL,'',NULL,5,3,'2010-03-15 13:41:41','2010-04-08 14:05:03'),(8,'4b99fc7f1e684',1,2,3,'','',NULL,'','',NULL,NULL,NULL,'',NULL,0,3,'2010-03-17 16:31:20','2010-03-17 16:44:45'),(9,'4b99fc7f1e684',1,3,3,'','',NULL,'','',NULL,NULL,NULL,'',NULL,0,3,'2010-03-17 16:48:07','2010-03-17 16:49:38'),(10,'4b99fc7f1e684',1,19,3,'','',NULL,'','',NULL,NULL,NULL,'',NULL,0,3,'2010-03-17 17:04:27','2010-03-17 17:04:27');
/*!40000 ALTER TABLE `global-DEFAULT_PRESS-1-Instances` ENABLE KEYS */;
UNLOCK TABLES;

--
-- Table structure for table `global-DEFAULT_PRESS-1-Region11-InstanceFiles`
--

DROP TABLE IF EXISTS `global-DEFAULT_PRESS-1-Region11-InstanceFiles`;
/*!40101 SET @saved_cs_client     = @@character_set_client */;
/*!40101 SET character_set_client = utf8 */;
CREATE TABLE `global-DEFAULT_PRESS-1-Region11-InstanceFiles` (
  `id` bigint(20) unsigned NOT NULL AUTO_INCREMENT,
  `globalId` varchar(255) NOT NULL,
  `version` int(10) unsigned NOT NULL,
  `idLanguages` int(10) unsigned NOT NULL DEFAULT '1',
  `idRegionInstances` bigint(20) unsigned NOT NULL,
  `idFiles` bigint(20) unsigned NOT NULL,
  `displayOption` varchar(64) DEFAULT NULL,
  `idFields` bigint(20) unsigned NOT NULL,
  PRIMARY KEY (`id`),
  KEY `idRegionInstances` (`idRegionInstances`),
  KEY `idFiles` (`idFiles`),
  KEY `globalId` (`globalId`),
  CONSTRAINT `global-DEFAULT_PRESS-1-Region11-InstanceFiles_ibfk_1` FOREIGN KEY (`globalId`) REFERENCES `globals` (`globalId`) ON DELETE CASCADE,
  CONSTRAINT `global-DEFAULT_PRESS-1-Region11-InstanceFiles_ibfk_2` FOREIGN KEY (`idRegionInstances`) REFERENCES `global-DEFAULT_PRESS-1-Region11-Instances` (`id`) ON DELETE CASCADE,
  CONSTRAINT `global-DEFAULT_PRESS-1-Region11-InstanceFiles_ibfk_3` FOREIGN KEY (`idFiles`) REFERENCES `files` (`id`) ON DELETE CASCADE
) ENGINE=InnoDB AUTO_INCREMENT=15 DEFAULT CHARSET=utf8 ROW_FORMAT=COMPACT;
/*!40101 SET character_set_client = @saved_cs_client */;

--
-- Dumping data for table `global-DEFAULT_PRESS-1-Region11-InstanceFiles`
--

LOCK TABLES `global-DEFAULT_PRESS-1-Region11-InstanceFiles` WRITE;
/*!40000 ALTER TABLE `global-DEFAULT_PRESS-1-Region11-InstanceFiles` DISABLE KEYS */;
INSERT INTO `global-DEFAULT_PRESS-1-Region11-InstanceFiles` VALUES (14,'4b99fc7f1e684',1,1,56,8,'{\'position\':\'LEFT_MIDDLE\',\'size\':\'159x\'}',18);
/*!40000 ALTER TABLE `global-DEFAULT_PRESS-1-Region11-InstanceFiles` ENABLE KEYS */;
UNLOCK TABLES;

--
-- Table structure for table `global-DEFAULT_PRESS-1-Region11-InstanceMultiFields`
--

DROP TABLE IF EXISTS `global-DEFAULT_PRESS-1-Region11-InstanceMultiFields`;
/*!40101 SET @saved_cs_client     = @@character_set_client */;
/*!40101 SET character_set_client = utf8 */;
CREATE TABLE `global-DEFAULT_PRESS-1-Region11-InstanceMultiFields` (
  `id` bigint(20) unsigned NOT NULL AUTO_INCREMENT,
  `globalId` varchar(255) NOT NULL,
  `version` int(10) unsigned NOT NULL,
  `idLanguages` int(10) unsigned NOT NULL DEFAULT '1',
  `idRegionInstances` bigint(20) unsigned NOT NULL,
  `idRelation` bigint(20) unsigned NOT NULL,
  `value` varchar(255) DEFAULT NULL,
  `idFields` bigint(20) unsigned NOT NULL,
  PRIMARY KEY (`id`),
  KEY `idRegionInstances` (`idRegionInstances`),
  KEY `globalId` (`globalId`),
  CONSTRAINT `global-DEFAULT_PRESS-1-Region11-InstanceMultiFields_ibfk_1` FOREIGN KEY (`globalId`) REFERENCES `globals` (`globalId`) ON DELETE CASCADE,
  CONSTRAINT `global-DEFAULT_PRESS-1-Region11-InstanceMultiFields_ibfk_2` FOREIGN KEY (`idRegionInstances`) REFERENCES `global-DEFAULT_PRESS-1-Region11-Instances` (`id`) ON DELETE CASCADE
) ENGINE=InnoDB DEFAULT CHARSET=utf8 ROW_FORMAT=COMPACT;
/*!40101 SET character_set_client = @saved_cs_client */;

--
-- Dumping data for table `global-DEFAULT_PRESS-1-Region11-InstanceMultiFields`
--

LOCK TABLES `global-DEFAULT_PRESS-1-Region11-InstanceMultiFields` WRITE;
/*!40000 ALTER TABLE `global-DEFAULT_PRESS-1-Region11-InstanceMultiFields` DISABLE KEYS */;
/*!40000 ALTER TABLE `global-DEFAULT_PRESS-1-Region11-InstanceMultiFields` ENABLE KEYS */;
UNLOCK TABLES;

--
-- Table structure for table `global-DEFAULT_PRESS-1-Region11-Instances`
--

DROP TABLE IF EXISTS `global-DEFAULT_PRESS-1-Region11-Instances`;
/*!40101 SET @saved_cs_client     = @@character_set_client */;
/*!40101 SET character_set_client = utf8 */;
CREATE TABLE `global-DEFAULT_PRESS-1-Region11-Instances` (
  `id` bigint(20) unsigned NOT NULL AUTO_INCREMENT,
  `globalId` varchar(32) NOT NULL,
  `version` int(10) unsigned NOT NULL,
  `idLanguages` int(10) unsigned NOT NULL DEFAULT '1',
  `sortPosition` int(10) unsigned NOT NULL,
  `block_title` varchar(255) DEFAULT NULL,
  `block_description` text,
  PRIMARY KEY (`id`),
  KEY `globalId` (`globalId`),
  CONSTRAINT `global-DEFAULT_PRESS-1-Region11-Instances_ibfk_1` FOREIGN KEY (`globalId`) REFERENCES `globals` (`globalId`) ON DELETE CASCADE
) ENGINE=InnoDB AUTO_INCREMENT=57 DEFAULT CHARSET=utf8 ROW_FORMAT=COMPACT;
/*!40101 SET character_set_client = @saved_cs_client */;

--
-- Dumping data for table `global-DEFAULT_PRESS-1-Region11-Instances`
--

LOCK TABLES `global-DEFAULT_PRESS-1-Region11-Instances` WRITE;
/*!40000 ALTER TABLE `global-DEFAULT_PRESS-1-Region11-Instances` DISABLE KEYS */;
INSERT INTO `global-DEFAULT_PRESS-1-Region11-Instances` VALUES (10,'4b99213f386f5',1,1,1,'',''),(14,'4b99301c199fc',1,1,1,'',''),(35,'4b99fc7f1e684',1,2,1,'',''),(37,'4b99fc7f1e684',1,3,1,'',''),(38,'4b99fc7f1e684',1,19,1,'',''),(55,'4b9e39154d52c',1,1,1,'',''),(56,'4b99fc7f1e684',1,1,1,'','<p>Der Programat P500/G2&nbsp; pr&auml;sentiert sich mit einem neuen Farb-Touch-Display und mehreren neuen Features, die die Qualit&auml;t der Brennergebnisse positiv beeinflussen. Diese zweite Generation des Ofens baut auf den Eigenschaften des Vorg&auml;nger-Modells auf.</p>');
/*!40000 ALTER TABLE `global-DEFAULT_PRESS-1-Region11-Instances` ENABLE KEYS */;
UNLOCK TABLES;

--
-- Table structure for table `global-DEFAULT_PRESS-1-Region14-InstanceFiles`
--

DROP TABLE IF EXISTS `global-DEFAULT_PRESS-1-Region14-InstanceFiles`;
/*!40101 SET @saved_cs_client     = @@character_set_client */;
/*!40101 SET character_set_client = utf8 */;
CREATE TABLE `global-DEFAULT_PRESS-1-Region14-InstanceFiles` (
  `id` bigint(20) unsigned NOT NULL AUTO_INCREMENT,
  `globalId` varchar(32) NOT NULL,
  `version` int(10) unsigned NOT NULL,
  `idLanguages` int(10) unsigned NOT NULL DEFAULT '1',
  `idRegionInstances` bigint(20) unsigned NOT NULL,
  `idFiles` bigint(20) unsigned NOT NULL,
  `displayOption` varchar(64) DEFAULT NULL,
  `idFields` bigint(20) unsigned NOT NULL,
  PRIMARY KEY (`id`),
  KEY `idRegionInstances` (`idRegionInstances`),
  KEY `idFiles` (`idFiles`),
  KEY `globalId` (`globalId`),
  CONSTRAINT `global-DEFAULT_PRESS-1-Region14-InstanceFiles_ibfk_1` FOREIGN KEY (`globalId`) REFERENCES `globals` (`globalId`) ON DELETE CASCADE,
  CONSTRAINT `global-DEFAULT_PRESS-1-Region14-InstanceFiles_ibfk_2` FOREIGN KEY (`idRegionInstances`) REFERENCES `global-DEFAULT_PRESS-1-Region14-Instances` (`id`) ON DELETE CASCADE,
  CONSTRAINT `global-DEFAULT_PRESS-1-Region14-InstanceFiles_ibfk_3` FOREIGN KEY (`idFiles`) REFERENCES `files` (`id`) ON DELETE CASCADE
) ENGINE=InnoDB DEFAULT CHARSET=utf8 ROW_FORMAT=COMPACT;
/*!40101 SET character_set_client = @saved_cs_client */;

--
-- Dumping data for table `global-DEFAULT_PRESS-1-Region14-InstanceFiles`
--

LOCK TABLES `global-DEFAULT_PRESS-1-Region14-InstanceFiles` WRITE;
/*!40000 ALTER TABLE `global-DEFAULT_PRESS-1-Region14-InstanceFiles` DISABLE KEYS */;
/*!40000 ALTER TABLE `global-DEFAULT_PRESS-1-Region14-InstanceFiles` ENABLE KEYS */;
UNLOCK TABLES;

--
-- Table structure for table `global-DEFAULT_PRESS-1-Region14-Instances`
--

DROP TABLE IF EXISTS `global-DEFAULT_PRESS-1-Region14-Instances`;
/*!40101 SET @saved_cs_client     = @@character_set_client */;
/*!40101 SET character_set_client = utf8 */;
CREATE TABLE `global-DEFAULT_PRESS-1-Region14-Instances` (
  `id` bigint(20) unsigned NOT NULL AUTO_INCREMENT,
  `globalId` varchar(32) NOT NULL,
  `version` int(10) unsigned NOT NULL,
  `idLanguages` int(10) unsigned NOT NULL DEFAULT '1',
  `sortPosition` int(10) unsigned NOT NULL,
  `sidebar_title` varchar(255) DEFAULT NULL,
  `sidebar_description` text,
  PRIMARY KEY (`id`),
  KEY `globalId` (`globalId`),
  CONSTRAINT `global-DEFAULT_PRESS-1-Region14-Instances_ibfk_1` FOREIGN KEY (`globalId`) REFERENCES `globals` (`globalId`) ON DELETE CASCADE
) ENGINE=InnoDB DEFAULT CHARSET=utf8 ROW_FORMAT=COMPACT;
/*!40101 SET character_set_client = @saved_cs_client */;

--
-- Dumping data for table `global-DEFAULT_PRESS-1-Region14-Instances`
--

LOCK TABLES `global-DEFAULT_PRESS-1-Region14-Instances` WRITE;
/*!40000 ALTER TABLE `global-DEFAULT_PRESS-1-Region14-Instances` DISABLE KEYS */;
/*!40000 ALTER TABLE `global-DEFAULT_PRESS-1-Region14-Instances` ENABLE KEYS */;
UNLOCK TABLES;

--
-- Table structure for table `global-DEFAULT_PRESS-1-Region50-Instances`
--

DROP TABLE IF EXISTS `global-DEFAULT_PRESS-1-Region50-Instances`;
/*!40101 SET @saved_cs_client     = @@character_set_client */;
/*!40101 SET character_set_client = utf8 */;
CREATE TABLE `global-DEFAULT_PRESS-1-Region50-Instances` (
  `id` bigint(20) unsigned NOT NULL AUTO_INCREMENT,
  `globalId` varchar(32) NOT NULL,
  `version` int(10) unsigned NOT NULL,
  `idLanguages` int(10) unsigned NOT NULL DEFAULT '1',
  `sortPosition` int(10) unsigned NOT NULL,
  `link_title` varchar(255) NOT NULL,
  `link_url` varchar(255) NOT NULL,
  PRIMARY KEY (`id`),
  KEY `globalId` (`globalId`),
  CONSTRAINT `global-DEFAULT_PRESS-1-Region50-Instances_ibfk_1` FOREIGN KEY (`globalId`) REFERENCES `globals` (`globalId`) ON DELETE CASCADE
) ENGINE=InnoDB AUTO_INCREMENT=3 DEFAULT CHARSET=utf8 ROW_FORMAT=COMPACT;
/*!40101 SET character_set_client = @saved_cs_client */;

--
-- Dumping data for table `global-DEFAULT_PRESS-1-Region50-Instances`
--

LOCK TABLES `global-DEFAULT_PRESS-1-Region50-Instances` WRITE;
/*!40000 ALTER TABLE `global-DEFAULT_PRESS-1-Region50-Instances` DISABLE KEYS */;
INSERT INTO `global-DEFAULT_PRESS-1-Region50-Instances` VALUES (1,'4b99fc7f1e684',1,1,1,'Pixxelbox 1','http://www.getzoolu.org'),(2,'4b99fc7f1e684',1,1,2,'Pixxelbox 1','www.getzoolu.org');
/*!40000 ALTER TABLE `global-DEFAULT_PRESS-1-Region50-Instances` ENABLE KEYS */;
UNLOCK TABLES;

--
-- Table structure for table `global-DEFAULT_PRESS_OVERVIEW-1-InstanceFiles`
--

DROP TABLE IF EXISTS `global-DEFAULT_PRESS_OVERVIEW-1-InstanceFiles`;
/*!40101 SET @saved_cs_client     = @@character_set_client */;
/*!40101 SET character_set_client = utf8 */;
CREATE TABLE `global-DEFAULT_PRESS_OVERVIEW-1-InstanceFiles` (
  `id` bigint(20) unsigned NOT NULL AUTO_INCREMENT,
  `globalId` varchar(255) NOT NULL,
  `version` int(10) unsigned NOT NULL,
  `idLanguages` int(10) unsigned NOT NULL DEFAULT '1',
  `sortPosition` int(10) unsigned NOT NULL,
  `idFiles` bigint(20) unsigned NOT NULL,
  `displayOption` varchar(64) DEFAULT NULL,
  `idFields` bigint(20) unsigned NOT NULL,
  PRIMARY KEY (`id`),
  KEY `idFiles` (`idFiles`),
  KEY `globalId` (`globalId`),
  CONSTRAINT `global-DEFAULT_PRESS_OVERVIEW-1-InstanceFiles_ibfk_1` FOREIGN KEY (`globalId`) REFERENCES `globals` (`globalId`) ON DELETE CASCADE,
  CONSTRAINT `global-DEFAULT_PRESS_OVERVIEW-1-InstanceFiles_ibfk_2` FOREIGN KEY (`idFiles`) REFERENCES `files` (`id`) ON DELETE CASCADE
) ENGINE=InnoDB DEFAULT CHARSET=utf8 ROW_FORMAT=COMPACT;
/*!40101 SET character_set_client = @saved_cs_client */;

--
-- Dumping data for table `global-DEFAULT_PRESS_OVERVIEW-1-InstanceFiles`
--

LOCK TABLES `global-DEFAULT_PRESS_OVERVIEW-1-InstanceFiles` WRITE;
/*!40000 ALTER TABLE `global-DEFAULT_PRESS_OVERVIEW-1-InstanceFiles` DISABLE KEYS */;
/*!40000 ALTER TABLE `global-DEFAULT_PRESS_OVERVIEW-1-InstanceFiles` ENABLE KEYS */;
UNLOCK TABLES;

--
-- Table structure for table `global-DEFAULT_PRESS_OVERVIEW-1-InstanceMultiFields`
--

DROP TABLE IF EXISTS `global-DEFAULT_PRESS_OVERVIEW-1-InstanceMultiFields`;
/*!40101 SET @saved_cs_client     = @@character_set_client */;
/*!40101 SET character_set_client = utf8 */;
CREATE TABLE `global-DEFAULT_PRESS_OVERVIEW-1-InstanceMultiFields` (
  `id` bigint(20) unsigned NOT NULL AUTO_INCREMENT,
  `globalId` varchar(255) NOT NULL,
  `version` int(10) unsigned NOT NULL,
  `idLanguages` int(10) unsigned NOT NULL DEFAULT '1',
  `idRelation` bigint(20) unsigned NOT NULL,
  `value` varchar(255) DEFAULT NULL,
  `idFields` bigint(20) unsigned NOT NULL,
  PRIMARY KEY (`id`),
  KEY `globalId` (`globalId`),
  CONSTRAINT `global-DEFAULT_PRESS_OVERVIEW-1-InstanceMultiFields_ibfk_1` FOREIGN KEY (`globalId`) REFERENCES `globals` (`globalId`) ON DELETE CASCADE
) ENGINE=InnoDB DEFAULT CHARSET=utf8 ROW_FORMAT=COMPACT;
/*!40101 SET character_set_client = @saved_cs_client */;

--
-- Dumping data for table `global-DEFAULT_PRESS_OVERVIEW-1-InstanceMultiFields`
--

LOCK TABLES `global-DEFAULT_PRESS_OVERVIEW-1-InstanceMultiFields` WRITE;
/*!40000 ALTER TABLE `global-DEFAULT_PRESS_OVERVIEW-1-InstanceMultiFields` DISABLE KEYS */;
/*!40000 ALTER TABLE `global-DEFAULT_PRESS_OVERVIEW-1-InstanceMultiFields` ENABLE KEYS */;
UNLOCK TABLES;

--
-- Table structure for table `global-DEFAULT_PRESS_OVERVIEW-1-Instances`
--

DROP TABLE IF EXISTS `global-DEFAULT_PRESS_OVERVIEW-1-Instances`;
/*!40101 SET @saved_cs_client     = @@character_set_client */;
/*!40101 SET character_set_client = utf8 */;
CREATE TABLE `global-DEFAULT_PRESS_OVERVIEW-1-Instances` (
  `id` bigint(20) unsigned NOT NULL AUTO_INCREMENT,
  `globalId` varchar(32) NOT NULL,
  `version` int(10) unsigned NOT NULL,
  `idLanguages` int(10) unsigned NOT NULL DEFAULT '1',
  `idUsers` bigint(20) unsigned NOT NULL,
  `articletitle` varchar(255) DEFAULT NULL,
  `shortdescription` text,
  `description` text NOT NULL,
  `header_embed_code` text,
  `contact` varchar(255) DEFAULT NULL,
  `creator` bigint(20) unsigned NOT NULL,
  `created` timestamp NULL DEFAULT NULL,
  `changed` timestamp NOT NULL DEFAULT CURRENT_TIMESTAMP ON UPDATE CURRENT_TIMESTAMP,
  PRIMARY KEY (`id`),
  KEY `globalId` (`globalId`),
  CONSTRAINT `global-DEFAULT_PRESS_OVERVIEW-1-Instances_ibfk_1` FOREIGN KEY (`globalId`) REFERENCES `globals` (`globalId`) ON DELETE CASCADE
) ENGINE=InnoDB AUTO_INCREMENT=16 DEFAULT CHARSET=utf8 ROW_FORMAT=COMPACT;
/*!40101 SET character_set_client = @saved_cs_client */;

--
-- Dumping data for table `global-DEFAULT_PRESS_OVERVIEW-1-Instances`
--

LOCK TABLES `global-DEFAULT_PRESS_OVERVIEW-1-Instances` WRITE;
/*!40000 ALTER TABLE `global-DEFAULT_PRESS_OVERVIEW-1-Instances` DISABLE KEYS */;
INSERT INTO `global-DEFAULT_PRESS_OVERVIEW-1-Instances` VALUES (1,'4b992fb89f654',1,1,3,'','','',NULL,'',3,'2010-03-11 18:01:22','2010-03-12 07:35:30'),(2,'4b99301c199fc',1,1,3,'','','',NULL,'5',3,'2010-03-11 18:02:04','2010-04-01 13:27:18'),(6,'4b99213f386f5',1,1,3,'','','<p>Nam pretium turpis et arcu. Duis arcu tortor, suscipit eget, imperdiet nec, imperdiet iaculis, ipsum. Sed aliquam ultrices mauris. Integer ante arcu, accumsan a, consectetuer eget, posuere ut, mauris. Praesent adipiscing. Phasellus ullamcorper ipsum rutrum nunc. Nunc nonummy metus. Vestibulum volutpat pretium libero. Cras id dui. Aenean ut eros et nisl sagittis vestibulum. Nullam nulla eros, ultricies sit amet, nonummy id, imperdiet feugiat, pede. Sed lectus. Donec mollis hendrerit risus. Phasellus nec sem in justo pellentesque facilisis. Etiam imperdiet imperdiet orci. Nunc nec neque. Phasellus leo dolor, tempus non, auctor et, hendrerit quis, nisi. Curabitur ligula sapien, tincidunt non, euismod vitae, posuere imperdiet, leo. Maecenas malesuada. Praesent congue erat at massa. Sed cursus turpis vitae tortor. Donec posuere vulputate arcu. Phasellus accumsan cursus velit.</p>',NULL,'5',3,'2010-03-12 10:13:15','2010-04-08 14:04:07'),(7,'4b9e37a5988aa',1,1,3,'','','',NULL,'5',3,'2010-03-15 13:35:33','2010-04-01 13:26:12'),(8,'4b99213f386f5',1,2,3,'','','',NULL,'',3,'2010-03-17 16:30:54','2010-03-17 16:33:04'),(9,'4b99301c199fc',1,2,3,'','','',NULL,'',3,'2010-03-17 16:37:41','2010-03-17 16:37:41'),(10,'4b99213f386f5',1,3,3,'','','',NULL,'',3,'2010-03-17 17:13:20','2010-03-17 17:13:20'),(11,'4ba37fa65add5',1,1,3,'','','',NULL,'',3,'2010-03-19 13:45:06','2010-03-19 13:45:07'),(12,'4ba37fa65add5',1,2,3,'','','',NULL,'',3,'2010-03-19 13:45:14','2010-03-19 13:45:40'),(13,'4ba38069f0c23',1,1,3,'','','',NULL,'',3,'2010-03-19 13:47:21','2010-03-19 13:47:21'),(14,'4ba3822c2cdd2',1,2,3,'','','',NULL,'',3,'2010-03-19 13:54:52','2010-03-19 13:54:52'),(15,'4ba9f7aa92b9b',1,1,3,'','','',NULL,'',3,'2010-03-24 11:29:46','2010-03-24 11:29:46');
/*!40000 ALTER TABLE `global-DEFAULT_PRESS_OVERVIEW-1-Instances` ENABLE KEYS */;
UNLOCK TABLES;

--
-- Table structure for table `global-DEFAULT_PRESS_OVERVIEW-1-Region14-InstanceFiles`
--

DROP TABLE IF EXISTS `global-DEFAULT_PRESS_OVERVIEW-1-Region14-InstanceFiles`;
/*!40101 SET @saved_cs_client     = @@character_set_client */;
/*!40101 SET character_set_client = utf8 */;
CREATE TABLE `global-DEFAULT_PRESS_OVERVIEW-1-Region14-InstanceFiles` (
  `id` bigint(20) unsigned NOT NULL AUTO_INCREMENT,
  `globalId` varchar(32) NOT NULL,
  `version` int(10) unsigned NOT NULL,
  `idLanguages` int(10) unsigned NOT NULL DEFAULT '1',
  `idRegionInstances` bigint(20) unsigned NOT NULL,
  `idFiles` bigint(20) unsigned NOT NULL,
  `displayOption` varchar(64) DEFAULT NULL,
  `idFields` bigint(20) unsigned NOT NULL,
  PRIMARY KEY (`id`),
  KEY `idRegionInstances` (`idRegionInstances`),
  KEY `idFiles` (`idFiles`),
  KEY `globalId` (`globalId`),
  CONSTRAINT `global-DEFAULT_PRESS_OVERVIEW-1-Region14-InstanceFiles_ibfk_1` FOREIGN KEY (`globalId`) REFERENCES `globals` (`globalId`) ON DELETE CASCADE,
  CONSTRAINT `global-DEFAULT_PRESS_OVERVIEW-1-Region14-InstanceFiles_ibfk_2` FOREIGN KEY (`idRegionInstances`) REFERENCES `global-DEFAULT_PRESS_OVERVIEW-1-Region14-Instances` (`id`),
  CONSTRAINT `global-DEFAULT_PRESS_OVERVIEW-1-Region14-InstanceFiles_ibfk_3` FOREIGN KEY (`idFiles`) REFERENCES `files` (`id`) ON DELETE CASCADE
) ENGINE=InnoDB DEFAULT CHARSET=utf8 ROW_FORMAT=COMPACT;
/*!40101 SET character_set_client = @saved_cs_client */;

--
-- Dumping data for table `global-DEFAULT_PRESS_OVERVIEW-1-Region14-InstanceFiles`
--

LOCK TABLES `global-DEFAULT_PRESS_OVERVIEW-1-Region14-InstanceFiles` WRITE;
/*!40000 ALTER TABLE `global-DEFAULT_PRESS_OVERVIEW-1-Region14-InstanceFiles` DISABLE KEYS */;
/*!40000 ALTER TABLE `global-DEFAULT_PRESS_OVERVIEW-1-Region14-InstanceFiles` ENABLE KEYS */;
UNLOCK TABLES;

--
-- Table structure for table `global-DEFAULT_PRESS_OVERVIEW-1-Region14-Instances`
--

DROP TABLE IF EXISTS `global-DEFAULT_PRESS_OVERVIEW-1-Region14-Instances`;
/*!40101 SET @saved_cs_client     = @@character_set_client */;
/*!40101 SET character_set_client = utf8 */;
CREATE TABLE `global-DEFAULT_PRESS_OVERVIEW-1-Region14-Instances` (
  `id` bigint(20) unsigned NOT NULL AUTO_INCREMENT,
  `globalId` varchar(32) NOT NULL,
  `version` int(10) unsigned NOT NULL,
  `idLanguages` int(10) unsigned NOT NULL DEFAULT '1',
  `sortPosition` int(10) unsigned NOT NULL,
  `sidebar_title` varchar(255) DEFAULT NULL,
  `sidebar_description` text,
  PRIMARY KEY (`id`),
  KEY `globalId` (`globalId`),
  CONSTRAINT `global-DEFAULT_PRESS_OVERVIEW-1-Region14-Instances_ibfk_1` FOREIGN KEY (`globalId`) REFERENCES `globals` (`globalId`) ON DELETE CASCADE
) ENGINE=InnoDB AUTO_INCREMENT=38 DEFAULT CHARSET=utf8 ROW_FORMAT=COMPACT;
/*!40101 SET character_set_client = @saved_cs_client */;

--
-- Dumping data for table `global-DEFAULT_PRESS_OVERVIEW-1-Region14-Instances`
--

LOCK TABLES `global-DEFAULT_PRESS_OVERVIEW-1-Region14-Instances` WRITE;
/*!40000 ALTER TABLE `global-DEFAULT_PRESS_OVERVIEW-1-Region14-Instances` DISABLE KEYS */;
INSERT INTO `global-DEFAULT_PRESS_OVERVIEW-1-Region14-Instances` VALUES (5,'4b992fb89f654',1,1,1,'',''),(23,'4b99213f386f5',1,2,1,'',''),(24,'4b99301c199fc',1,2,1,'',''),(25,'4b99213f386f5',1,3,1,'',''),(26,'4ba37fa65add5',1,1,1,'',''),(29,'4ba37fa65add5',1,2,1,'',''),(35,'4b9e37a5988aa',1,1,1,'',''),(36,'4b99301c199fc',1,1,1,'',''),(37,'4b99213f386f5',1,1,1,'','');
/*!40000 ALTER TABLE `global-DEFAULT_PRESS_OVERVIEW-1-Region14-Instances` ENABLE KEYS */;
UNLOCK TABLES;

--
-- Table structure for table `global-DEFAULT_PRESS_OVERVIEW-1-Region15-Instances`
--

DROP TABLE IF EXISTS `global-DEFAULT_PRESS_OVERVIEW-1-Region15-Instances`;
/*!40101 SET @saved_cs_client     = @@character_set_client */;
/*!40101 SET character_set_client = utf8 */;
CREATE TABLE `global-DEFAULT_PRESS_OVERVIEW-1-Region15-Instances` (
  `id` bigint(20) unsigned NOT NULL AUTO_INCREMENT,
  `globalId` varchar(32) NOT NULL,
  `version` int(10) unsigned NOT NULL,
  `idLanguages` int(10) unsigned NOT NULL DEFAULT '1',
  `sortPosition` int(10) unsigned NOT NULL,
  `entry_title` varchar(255) DEFAULT NULL,
  `entry_category` bigint(20) unsigned DEFAULT NULL,
  `entry_label` bigint(20) unsigned DEFAULT NULL,
  `entry_viewtype` bigint(20) unsigned DEFAULT NULL,
  `entry_number` bigint(20) unsigned DEFAULT NULL,
  `entry_sorttype` bigint(20) unsigned DEFAULT NULL,
  `entry_sortorder` bigint(20) unsigned DEFAULT NULL,
  `entry_depth` bigint(20) unsigned DEFAULT NULL,
  PRIMARY KEY (`id`),
  KEY `globalId` (`globalId`),
  CONSTRAINT `global-DEFAULT_PRESS_OVERVIEW-1-Region15-Instances_ibfk_1` FOREIGN KEY (`globalId`) REFERENCES `globals` (`globalId`) ON DELETE CASCADE
) ENGINE=InnoDB AUTO_INCREMENT=38 DEFAULT CHARSET=utf8 ROW_FORMAT=COMPACT;
/*!40101 SET character_set_client = @saved_cs_client */;

--
-- Dumping data for table `global-DEFAULT_PRESS_OVERVIEW-1-Region15-Instances`
--

LOCK TABLES `global-DEFAULT_PRESS_OVERVIEW-1-Region15-Instances` WRITE;
/*!40000 ALTER TABLE `global-DEFAULT_PRESS_OVERVIEW-1-Region15-Instances` DISABLE KEYS */;
INSERT INTO `global-DEFAULT_PRESS_OVERVIEW-1-Region15-Instances` VALUES (5,'4b992fb89f654',1,1,1,'',0,0,0,0,0,0,0),(23,'4b99213f386f5',1,2,1,'',0,0,29,9999,40,15,66),(24,'4b99301c199fc',1,2,1,'',0,0,0,0,0,0,0),(25,'4b99213f386f5',1,3,1,'',0,0,0,0,0,0,0),(26,'4ba37fa65add5',1,1,1,'',0,0,0,0,0,0,0),(29,'4ba37fa65add5',1,2,1,'',0,0,0,0,0,0,0),(35,'4b9e37a5988aa',1,1,1,'',0,0,29,9999,0,0,0),(36,'4b99301c199fc',1,1,1,'',0,0,29,9999,40,14,0),(37,'4b99213f386f5',1,1,1,'',0,0,28,999,40,14,66);
/*!40000 ALTER TABLE `global-DEFAULT_PRESS_OVERVIEW-1-Region15-Instances` ENABLE KEYS */;
UNLOCK TABLES;

--
-- Table structure for table `global-DEFAULT_PRODUCT-1-InstanceFiles`
--

DROP TABLE IF EXISTS `global-DEFAULT_PRODUCT-1-InstanceFiles`;
/*!40101 SET @saved_cs_client     = @@character_set_client */;
/*!40101 SET character_set_client = utf8 */;
CREATE TABLE `global-DEFAULT_PRODUCT-1-InstanceFiles` (
  `id` bigint(20) unsigned NOT NULL AUTO_INCREMENT,
  `globalId` varchar(255) NOT NULL,
  `version` int(10) unsigned NOT NULL,
  `idLanguages` int(10) unsigned NOT NULL DEFAULT '1',
  `sortPosition` int(10) unsigned NOT NULL,
  `idFiles` bigint(20) unsigned NOT NULL,
  `displayOption` varchar(64) DEFAULT NULL,
  `idFields` bigint(20) unsigned NOT NULL,
  PRIMARY KEY (`id`),
  KEY `globalId` (`globalId`),
  KEY `idFiles` (`idFiles`),
  CONSTRAINT `global-DEFAULT_PRODUCT-1-InstanceFiles_ibfk_1` FOREIGN KEY (`globalId`) REFERENCES `globals` (`globalId`) ON DELETE CASCADE,
  CONSTRAINT `global-DEFAULT_PRODUCT-1-InstanceFiles_ibfk_2` FOREIGN KEY (`idFiles`) REFERENCES `files` (`id`) ON DELETE CASCADE
) ENGINE=InnoDB AUTO_INCREMENT=824 DEFAULT CHARSET=utf8 ROW_FORMAT=COMPACT;
/*!40101 SET character_set_client = @saved_cs_client */;

--
-- Dumping data for table `global-DEFAULT_PRODUCT-1-InstanceFiles`
--

LOCK TABLES `global-DEFAULT_PRODUCT-1-InstanceFiles` WRITE;
/*!40000 ALTER TABLE `global-DEFAULT_PRODUCT-1-InstanceFiles` DISABLE KEYS */;
INSERT INTO `global-DEFAULT_PRODUCT-1-InstanceFiles` VALUES (57,'4b5862458f289',1,1,1,12,NULL,55),(58,'4b5862458f289',1,1,1,10,NULL,5),(59,'4b586253af457',1,1,1,10,NULL,5),(61,'4b58620d299c8',1,1,1,4,NULL,5),(62,'4b5861d9d4b67',1,1,1,11,NULL,5),(65,'4b586224046a2',1,1,1,14,NULL,5),(66,'4b586238622fa',1,1,1,6,NULL,55),(67,'4b586238622fa',1,1,1,5,NULL,5),(107,'4b58614f47b56',1,1,1,5,NULL,5),(165,'4b6aa3520f7de',1,1,1,5,NULL,5),(166,'4b58626062fd8',1,1,1,1,NULL,5),(821,'4b6aa33ede16d',1,1,1,5,NULL,55),(822,'4b6aa33ede16d',1,1,1,7,NULL,5),(823,'4b6aa33ede16d',1,1,1,5,NULL,174);
/*!40000 ALTER TABLE `global-DEFAULT_PRODUCT-1-InstanceFiles` ENABLE KEYS */;
UNLOCK TABLES;

--
-- Table structure for table `global-DEFAULT_PRODUCT-1-Instances`
--

DROP TABLE IF EXISTS `global-DEFAULT_PRODUCT-1-Instances`;
/*!40101 SET @saved_cs_client     = @@character_set_client */;
/*!40101 SET character_set_client = utf8 */;
CREATE TABLE `global-DEFAULT_PRODUCT-1-Instances` (
  `id` bigint(20) unsigned NOT NULL AUTO_INCREMENT,
  `globalId` varchar(32) NOT NULL,
  `version` int(10) unsigned NOT NULL,
  `idLanguages` int(10) unsigned NOT NULL DEFAULT '1',
  `idUsers` bigint(20) unsigned NOT NULL,
  `articletitle` text NOT NULL,
  `slogan` varchar(255) DEFAULT NULL,
  `description` text,
  `header_embed_code` text,
  `pics_title` varchar(255) DEFAULT NULL,
  `internal_links_title` varchar(255) DEFAULT NULL,
  `video_title` varchar(255) DEFAULT NULL,
  `video_embed_code` text,
  `shortdescription` text NOT NULL,
  `contact` varchar(255) DEFAULT NULL,
  `creator` bigint(20) unsigned NOT NULL,
  `created` timestamp NULL DEFAULT NULL,
  `changed` timestamp NOT NULL DEFAULT CURRENT_TIMESTAMP ON UPDATE CURRENT_TIMESTAMP,
  PRIMARY KEY (`id`),
  KEY `globalId` (`globalId`),
  CONSTRAINT `global-DEFAULT_PRODUCT-1-Instances_ibfk_1` FOREIGN KEY (`globalId`) REFERENCES `globals` (`globalId`) ON DELETE CASCADE
) ENGINE=InnoDB AUTO_INCREMENT=41 DEFAULT CHARSET=utf8 ROW_FORMAT=COMPACT;
/*!40101 SET character_set_client = @saved_cs_client */;

--
-- Dumping data for table `global-DEFAULT_PRODUCT-1-Instances`
--

LOCK TABLES `global-DEFAULT_PRODUCT-1-Instances` WRITE;
/*!40000 ALTER TABLE `global-DEFAULT_PRODUCT-1-Instances` DISABLE KEYS */;
INSERT INTO `global-DEFAULT_PRODUCT-1-Instances` VALUES (3,'4b585c594f35d',1,1,3,'',NULL,'',NULL,NULL,'','','','','',3,'2010-01-21 13:53:29','2010-03-11 11:37:31'),(4,'4b58613c3c9b0',1,1,3,'',NULL,'',NULL,NULL,'','','','','',3,'2010-01-21 14:14:20','2010-03-12 13:43:48'),(5,'4b58614f47b56',1,1,3,'Zahnschrank Z4 - Das Beste!',NULL,'<h3>Lorem ipsum dolor sit amet</h3>\n<p>consectetuer adipiscing elit. Aenean commodo ligula eget dolor. Aenean massa. Cum sociis natoque penatibus et magnis dis parturient montes, nascetur ridiculus mus. Donec quam felis, ultricies nec, pellentesque eu, pretium quis, sem. Nulla consequat massa quis enim. Donec pede justo, fringilla vel, aliquet nec, vulputate eget, arcu. In enim justo, rhoncus ut, imperdiet a, venenatis vitae, justo. Nullam dictum felis eu pede mollis pretium. Integer tincidunt. Cras dapibus. Vivamus elementum semper nisi. Aenean vulputate eleifend tellus.</p>\n<p>Aenean leo ligula, porttitor eu, consequat vitae, eleifend ac, enim. Aliquam lorem ante, dapibus in, viverra quis, feugiat a, tellus. Phasellus viverra nulla ut metus varius laoreet. Quisque rutrum. Aenean imperdiet. Etiam ultricies nisi vel augue. Curabitur ullamcorper ultricies nisi. Nam eget dui. Etiam rhoncus. Maecenas tempus, tellus eget condimentum rhoncus, sem quam semper libero, sit amet adipiscing sem neque sed ipsum. Nam quam nunc, blandit vel, luctus pulvinar, hendrerit id, lorem. Maecenas nec odio et ante tincidunt tempus.</p>\n<p>Donec vitae sapien ut libero venenatis faucibus. Nullam quis ante. Etiam sit amet orci eget eros faucibus tincidunt. Duis leo. Sed fringilla mauris sit amet nibh. Donec sodales sagittis magna. Sed consequat, leo eget bibendum sodales, augue velit cursus nunc, quis gravida magna mi a libero. Fusce vulputate eleifend sapien. Vestibulum purus quam, scelerisque ut, mollis sed, nonummy id, metus. Nullam accumsan lorem in dui. Cras ultricies mi eu turpis hendrerit fringilla. Vestibulum ante ipsum primis in faucibus orci luctus et ultrices posuere cubilia Curae; In ac dui quis mi consectetuer lacinia.</p>\n<p>Nam pretium turpis et arcu. Duis arcu tortor, suscipit eget, imperdiet nec, imperdiet iaculis, ipsum. Sed aliquam ultrices mauris. Integer ante arcu, accumsan a, consectetuer eget, posuere ut, mauris. Praesent adipiscing. Phasellus ullamcorper ipsum rutrum nunc. Nunc nonummy metus. Vestibulum volutpat pretium libero. Cras id dui. Aenean ut eros et nisl sagittis vestibulum. Nullam nulla eros, ultricies sit amet, nonummy id, imperdiet feugiat, pede. Sed lectus. Donec mollis hendrerit risus. Phasellus nec sem in justo pellentesque facilisis. Etiam imperdiet imperdiet orci. Nunc nec neque. Phasellus leo dolor, tempus non, auctor et, hendrerit quis, nisi. Curabitur ligula sapien, tincidunt non, euismod vitae, posuere imperdiet, leo. Maecenas malesuada. Praesent congue erat at massa. Sed cursus turpis vitae tortor. Donec posuere vulputate arcu. Phasellus accumsan cursus velit.</p>',NULL,NULL,'','','','Lorem ipsum dolor sit amet, consectetuer adipiscing elit. Aenean commodo ligula eget dolor. Aenean massa. Cum sociis natoque penatibus et magnis dis parturient montes, nascetur ridiculus mus. Donec quam felis, ultricies nec, pellentesque eu, pretium quis, sem. Nulla consequat massa quis enim. Donec pede justo, fringilla vel, aliquet nec, vulputate eget, arcu. In enim justo, rhoncus ut, imperdiet a, venenatis vitae, justo. Nullam dictum felis eu pede mollis pretium. Integer tincidunt. Cras dapibus. Vivamus elementum semper nisi. Aenean vulputate eleifend tellus.','',3,'2010-01-21 14:14:39','2010-04-01 08:10:32'),(6,'4b586165d67a2',1,1,3,'',NULL,'',NULL,NULL,'','','','','',3,'2010-01-21 14:15:01','2010-03-12 13:43:41'),(7,'4b586179c1713',1,1,3,'',NULL,'',NULL,NULL,'','','','','',3,'2010-01-21 14:15:21','2010-03-12 13:43:44'),(8,'4b58618e770f0',1,1,3,'',NULL,'',NULL,NULL,'','','','','',3,'2010-01-21 14:15:42','2010-03-12 13:43:34'),(9,'4b5861d9d4b67',1,1,3,'',NULL,'',NULL,NULL,'','','','','',3,'2010-01-21 14:16:57','2010-03-23 07:36:46'),(10,'4b58620d299c8',1,1,3,'',NULL,'',NULL,NULL,'','','','','',3,'2010-01-21 14:17:49','2010-03-23 07:36:33'),(11,'4b586224046a2',1,1,3,'',NULL,'',NULL,NULL,'','','','','',3,'2010-01-21 14:18:12','2010-03-23 07:40:18'),(12,'4b586238622fa',1,1,3,'',NULL,'',NULL,NULL,'','','','','',3,'2010-01-21 14:18:32','2010-03-23 07:52:41'),(13,'4b5862458f289',1,1,3,'',NULL,'',NULL,NULL,'','','','','',3,'2010-01-21 14:18:45','2010-03-23 07:35:29'),(14,'4b586253af457',1,1,3,'',NULL,'',NULL,NULL,'','','','','',3,'2010-01-21 14:18:59','2010-03-23 07:35:55'),(15,'4b58626062fd8',1,1,3,'',NULL,'',NULL,NULL,'','','','','',3,'2010-01-21 14:19:12','2010-04-08 13:53:53'),(16,'4b6aa33ede16d',1,1,3,'','','<ul>\n<li>asdf</li>\n<li>asdf</li>\n<li>asdf                                                                                                                                                                                                                 \n<ul>\n<li>TEST</li>\n<li>TEST</li>\n</ul>\n</li>\n</ul>\n<ol>\n<li>asdf</li>\n<li>asdf</li>\n<li>asdf</li>\n</ol>\n<h5>asdf</h5>',NULL,NULL,'Interne Links','Videos','','Tellus eget condimentum rhoncus, sem quam semper libero, sit amet adipiscing sem neque sed ipsum. Nam quam nunc, blandit vel, luctus pulvinar, hendrerit id, lorem. Maecenas nec odio et ante tincidunt tempus.','',3,'2010-02-04 10:36:46','2010-04-22 08:38:46'),(17,'4b6aa3520f7de',1,1,3,'',NULL,'',NULL,NULL,'','','','','',3,'2010-02-04 10:37:06','2010-04-08 13:13:42'),(18,'4b6aa33ede16d',1,2,3,'','','',NULL,NULL,'Interne Links','','','','',3,'2010-02-19 11:26:57','2010-04-19 15:06:37'),(23,'4b98b9cc10db5',1,1,3,'',NULL,'',NULL,NULL,'','','','','',3,'2010-03-11 09:37:16','2010-03-11 14:07:18'),(24,'4b98ba2201d0c',1,1,3,'',NULL,'',NULL,NULL,'','','','','',3,'2010-03-11 09:38:42','2010-03-11 14:07:41'),(25,'4b98c81ddf160',1,1,3,'',NULL,'',NULL,NULL,'','','','','',3,'2010-03-11 10:38:21','2010-03-11 10:38:21'),(26,'4b99fc7f1e684',1,2,3,'',NULL,'',NULL,NULL,'','','','','',3,'2010-03-17 16:43:32','2010-03-17 16:43:32'),(27,'4ba23bdf6a4f0',1,1,3,'',NULL,'',NULL,NULL,'','','','','',3,'2010-03-18 14:42:39','2010-03-18 14:43:29'),(28,'4ba23cc1d67a6',1,1,3,'',NULL,'',NULL,NULL,'','','','','',3,'2010-03-18 14:46:25','2010-03-18 14:47:19'),(34,'4ba351c55026a',1,1,3,'',NULL,'',NULL,NULL,'','','','','',3,'2010-03-19 10:28:21','2010-03-19 10:28:21'),(35,'4ba351daedd39',1,2,3,'',NULL,'',NULL,NULL,'','','','','',3,'2010-03-19 10:28:43','2010-03-19 10:30:32'),(36,'4ba351daedd39',1,1,3,'',NULL,'',NULL,NULL,'','','','','',3,'2010-03-19 10:29:26','2010-03-19 10:29:26'),(37,'4ba37dfb7f21c',1,1,3,'',NULL,'',NULL,NULL,'','','','','',3,'2010-03-19 13:36:59','2010-03-19 13:36:59'),(38,'4ba38a756ed21',1,1,3,'',NULL,'',NULL,NULL,'','','','','',3,'2010-03-19 14:30:13','2010-03-19 14:30:13'),(39,'4ba38f502085b',1,1,3,'',NULL,'',NULL,NULL,'','','','','',3,'2010-03-19 14:50:56','2010-03-19 14:51:03'),(40,'4b6aa33ede16d',1,3,3,'',NULL,'',NULL,NULL,'','','','','',3,'2010-04-02 12:08:31','2010-04-02 12:25:21');
/*!40000 ALTER TABLE `global-DEFAULT_PRODUCT-1-Instances` ENABLE KEYS */;
UNLOCK TABLES;

--
-- Table structure for table `global-DEFAULT_PRODUCT-1-Region45-InstanceFiles`
--

DROP TABLE IF EXISTS `global-DEFAULT_PRODUCT-1-Region45-InstanceFiles`;
/*!40101 SET @saved_cs_client     = @@character_set_client */;
/*!40101 SET character_set_client = utf8 */;
CREATE TABLE `global-DEFAULT_PRODUCT-1-Region45-InstanceFiles` (
  `id` bigint(20) unsigned NOT NULL AUTO_INCREMENT,
  `globalId` varchar(255) NOT NULL,
  `version` int(10) unsigned NOT NULL,
  `idLanguages` int(10) unsigned NOT NULL DEFAULT '1',
  `idRegionInstances` bigint(20) unsigned NOT NULL,
  `idFiles` bigint(20) unsigned NOT NULL,
  `displayOption` varchar(64) DEFAULT NULL,
  `idFields` bigint(20) unsigned NOT NULL,
  PRIMARY KEY (`id`),
  KEY `globalId` (`globalId`),
  KEY `idRegionInstances` (`idRegionInstances`),
  KEY `idFiles` (`idFiles`),
  CONSTRAINT `global-DEFAULT_PRODUCT-1-Region45-InstanceFiles_ibfk_1` FOREIGN KEY (`globalId`) REFERENCES `globals` (`globalId`) ON DELETE CASCADE,
  CONSTRAINT `global-DEFAULT_PRODUCT-1-Region45-InstanceFiles_ibfk_2` FOREIGN KEY (`idRegionInstances`) REFERENCES `global-DEFAULT_PRODUCT-1-Region45-Instances` (`id`) ON DELETE CASCADE,
  CONSTRAINT `global-DEFAULT_PRODUCT-1-Region45-InstanceFiles_ibfk_3` FOREIGN KEY (`idFiles`) REFERENCES `files` (`id`) ON DELETE CASCADE
) ENGINE=InnoDB AUTO_INCREMENT=809 DEFAULT CHARSET=utf8 ROW_FORMAT=COMPACT;
/*!40101 SET character_set_client = @saved_cs_client */;

--
-- Dumping data for table `global-DEFAULT_PRODUCT-1-Region45-InstanceFiles`
--

LOCK TABLES `global-DEFAULT_PRODUCT-1-Region45-InstanceFiles` WRITE;
/*!40000 ALTER TABLE `global-DEFAULT_PRODUCT-1-Region45-InstanceFiles` DISABLE KEYS */;
INSERT INTO `global-DEFAULT_PRODUCT-1-Region45-InstanceFiles` VALUES (805,'4b6aa33ede16d',1,1,1051,7,'{\'position\':\'CENTER_TOP\',\'size\':\'331x\'}',18),(806,'4b6aa33ede16d',1,1,1052,1,'{\'position\':\'RIGHT_MIDDLE\',\'size\':\'219x\'}',18),(807,'4b6aa33ede16d',1,1,1053,4,'{\'position\':\'LEFT_MIDDLE\',\'size\':\'159x\'}',18),(808,'4b6aa33ede16d',1,1,1054,5,'{\'position\':\'CENTER_BOTTOM\',\'size\':\'331x\'}',18);
/*!40000 ALTER TABLE `global-DEFAULT_PRODUCT-1-Region45-InstanceFiles` ENABLE KEYS */;
UNLOCK TABLES;

--
-- Table structure for table `global-DEFAULT_PRODUCT-1-Region45-Instances`
--

DROP TABLE IF EXISTS `global-DEFAULT_PRODUCT-1-Region45-Instances`;
/*!40101 SET @saved_cs_client     = @@character_set_client */;
/*!40101 SET character_set_client = utf8 */;
CREATE TABLE `global-DEFAULT_PRODUCT-1-Region45-Instances` (
  `id` bigint(20) unsigned NOT NULL AUTO_INCREMENT,
  `globalId` varchar(32) NOT NULL,
  `version` int(10) unsigned NOT NULL,
  `idLanguages` int(10) unsigned NOT NULL DEFAULT '1',
  `sortPosition` int(10) unsigned NOT NULL,
  `block_title` varchar(255) NOT NULL,
  `block_description` text NOT NULL,
  PRIMARY KEY (`id`),
  KEY `globalId` (`globalId`),
  CONSTRAINT `global-DEFAULT_PRODUCT-1-Region45-Instances_ibfk_1` FOREIGN KEY (`globalId`) REFERENCES `globals` (`globalId`) ON DELETE CASCADE
) ENGINE=InnoDB AUTO_INCREMENT=1055 DEFAULT CHARSET=utf8 ROW_FORMAT=COMPACT;
/*!40101 SET character_set_client = @saved_cs_client */;

--
-- Dumping data for table `global-DEFAULT_PRODUCT-1-Region45-Instances`
--

LOCK TABLES `global-DEFAULT_PRODUCT-1-Region45-Instances` WRITE;
/*!40000 ALTER TABLE `global-DEFAULT_PRODUCT-1-Region45-Instances` DISABLE KEYS */;
INSERT INTO `global-DEFAULT_PRODUCT-1-Region45-Instances` VALUES (250,'4b98c81ddf160',1,1,1,'',''),(268,'4b585c594f35d',1,1,1,'',''),(271,'4b98b9cc10db5',1,1,1,'',''),(272,'4b98ba2201d0c',1,1,1,'',''),(294,'4b58618e770f0',1,1,1,'',''),(297,'4b586165d67a2',1,1,1,'',''),(298,'4b586179c1713',1,1,1,'',''),(299,'4b58613c3c9b0',1,1,1,'',''),(318,'4ba23bdf6a4f0',1,1,1,'',''),(321,'4ba23cc1d67a6',1,1,1,'',''),(332,'4ba351c55026a',1,1,1,'',''),(334,'4ba351daedd39',1,1,1,'',''),(335,'4ba351daedd39',1,2,1,'',''),(336,'4ba37dfb7f21c',1,1,1,'',''),(337,'4ba38a756ed21',1,1,1,'',''),(340,'4ba38f502085b',1,1,1,'',''),(353,'4b5862458f289',1,1,1,'',''),(354,'4b586253af457',1,1,1,'',''),(356,'4b58620d299c8',1,1,1,'',''),(357,'4b5861d9d4b67',1,1,1,'',''),(360,'4b586224046a2',1,1,1,'',''),(361,'4b586238622fa',1,1,1,'',''),(410,'4b58614f47b56',1,1,1,'Lorem ipsum dolor sit amet!','<p>In enim justo, rhoncus ut, imperdiet a, venenatis vitae, justo. Nullam dictum felis eu pede mollis pretium. Integer tincidunt. Cras dapibus. Vivamus elementum semper nisi. Aenean vulputate eleifend tellus. Aenean leo ligula, porttitor eu, consequat vitae, eleifend ac, enim. Aliquam lorem ante, dapibus in, viverra quis, feugiat a, tellus.</p>'),(411,'4b58614f47b56',1,1,2,'Aenean leo ligula','<p>Porttitor eu, consequat vitae, eleifend ac, enim. Aliquam lorem ante, dapibus in, viverra quis, feugiat a, tellus. Phasellus viverra nulla ut metus varius laoreet. Quisque rutrum. Aenean imperdiet. Etiam ultricies nisi vel augue. Curabitur ullamcorper ultricies nisi. Nam eget dui. Etiam rhoncus. Maecenas tempus, tellus eget condimentum rhoncus, sem quam semper libero, sit amet adipiscing sem neque sed ipsum. Nam quam nunc, blandit vel, luctus pulvinar, hendrerit id, lorem. Maecenas nec odio et ante tincidunt tempus.</p>'),(417,'4b6aa33ede16d',1,3,1,'',''),(468,'4b6aa3520f7de',1,1,1,'',''),(469,'4b58626062fd8',1,1,1,'',''),(1030,'4b6aa33ede16d',1,2,1,'',''),(1051,'4b6aa33ede16d',1,1,1,'','<p>Dolor sit amet, consectetuer adipiscing elit. Aenean commodo ligula eget dolor. Aenean massa. Cum sociis natoque penatibus et magnis dis parturient montes, nascetur ridiculus mus.</p>'),(1052,'4b6aa33ede16d',1,1,2,'Donec quam felis','<p>Ultricies nec, pellentesque eu, pretium quis, sem. Nulla consequat massa quis enim. Donec pede justo, fringilla vel, aliquet nec, vulputate eget, arcu. In enim justo, rhoncus ut, imperdiet a, venenatis vitae justo.</p>'),(1053,'4b6aa33ede16d',1,1,3,'Nullam dictum','<p>elis eu pede mollis pretium. Integer tincidunt. Cras dapibus. Vivamus elementum semper nisi. Aenean vulputate eleifend tellus. Aenean leo ligula, porttitor eu, consequat vitae, eleifend ac, enim. Aliquam lorem ante, dapibus in, viverra quis, feugiat a tellus.</p>'),(1054,'4b6aa33ede16d',1,1,4,'Maecenas tempus','<p>Tellus eget condimentum rhoncus, sem quam semper libero, sit amet adipiscing sem neque sed ipsum. Nam quam nunc, blandit vel, luctus pulvinar, hendrerit id, lorem. Maecenas nec odio et ante tincidunt tempus.</p>');
/*!40000 ALTER TABLE `global-DEFAULT_PRODUCT-1-Region45-Instances` ENABLE KEYS */;
UNLOCK TABLES;

--
-- Table structure for table `global-DEFAULT_PRODUCT-1-Region47-InstanceFileFilters`
--

DROP TABLE IF EXISTS `global-DEFAULT_PRODUCT-1-Region47-InstanceFileFilters`;
/*!40101 SET @saved_cs_client     = @@character_set_client */;
/*!40101 SET character_set_client = utf8 */;
CREATE TABLE `global-DEFAULT_PRODUCT-1-Region47-InstanceFileFilters` (
  `id` bigint(20) unsigned NOT NULL AUTO_INCREMENT,
  `globalId` varchar(255) NOT NULL,
  `version` int(10) unsigned NOT NULL,
  `idLanguages` int(10) unsigned NOT NULL DEFAULT '1',
  `idRegionInstances` bigint(20) unsigned NOT NULL,
  `idFilterTypes` int(10) unsigned NOT NULL,
  `referenceId` bigint(20) unsigned NOT NULL,
  `idFields` bigint(20) unsigned NOT NULL,
  PRIMARY KEY (`id`),
  KEY `globalId` (`globalId`),
  KEY `idRegionInstances` (`idRegionInstances`),
  CONSTRAINT `global-DEFAULT_PRODUCT-1-Region47-InstanceFileFilters_ibfk_1` FOREIGN KEY (`globalId`) REFERENCES `globals` (`globalId`) ON DELETE CASCADE,
  CONSTRAINT `global-DEFAULT_PRODUCT-1-Region47-InstanceFileFilters_ibfk_2` FOREIGN KEY (`idRegionInstances`) REFERENCES `global-DEFAULT_PRODUCT-1-Region47-Instances` (`id`) ON DELETE CASCADE
) ENGINE=InnoDB AUTO_INCREMENT=332 DEFAULT CHARSET=utf8 ROW_FORMAT=COMPACT;
/*!40101 SET character_set_client = @saved_cs_client */;

--
-- Dumping data for table `global-DEFAULT_PRODUCT-1-Region47-InstanceFileFilters`
--

LOCK TABLES `global-DEFAULT_PRODUCT-1-Region47-InstanceFileFilters` WRITE;
/*!40000 ALTER TABLE `global-DEFAULT_PRODUCT-1-Region47-InstanceFileFilters` DISABLE KEYS */;
INSERT INTO `global-DEFAULT_PRODUCT-1-Region47-InstanceFileFilters` VALUES (324,'4b6aa33ede16d',1,2,399,1,1,129),(325,'4b6aa33ede16d',1,2,399,3,3,129),(331,'4b6aa33ede16d',1,1,405,3,3,129);
/*!40000 ALTER TABLE `global-DEFAULT_PRODUCT-1-Region47-InstanceFileFilters` ENABLE KEYS */;
UNLOCK TABLES;

--
-- Table structure for table `global-DEFAULT_PRODUCT-1-Region47-InstanceFiles`
--

DROP TABLE IF EXISTS `global-DEFAULT_PRODUCT-1-Region47-InstanceFiles`;
/*!40101 SET @saved_cs_client     = @@character_set_client */;
/*!40101 SET character_set_client = utf8 */;
CREATE TABLE `global-DEFAULT_PRODUCT-1-Region47-InstanceFiles` (
  `id` bigint(20) unsigned NOT NULL AUTO_INCREMENT,
  `globalId` varchar(255) NOT NULL,
  `version` int(10) unsigned NOT NULL,
  `idLanguages` int(10) unsigned NOT NULL DEFAULT '1',
  `idRegionInstances` bigint(20) unsigned NOT NULL,
  `idFiles` bigint(20) unsigned NOT NULL,
  `displayOption` varchar(64) DEFAULT NULL,
  `idFields` bigint(20) unsigned NOT NULL,
  PRIMARY KEY (`id`),
  KEY `globalId` (`globalId`),
  KEY `idRegionInstances` (`idRegionInstances`),
  KEY `idFiles` (`idFiles`),
  CONSTRAINT `global-DEFAULT_PRODUCT-1-Region47-InstanceFiles_ibfk_1` FOREIGN KEY (`globalId`) REFERENCES `globals` (`globalId`) ON DELETE CASCADE,
  CONSTRAINT `global-DEFAULT_PRODUCT-1-Region47-InstanceFiles_ibfk_2` FOREIGN KEY (`idRegionInstances`) REFERENCES `global-DEFAULT_PRODUCT-1-Region47-Instances` (`id`) ON DELETE CASCADE,
  CONSTRAINT `global-DEFAULT_PRODUCT-1-Region47-InstanceFiles_ibfk_3` FOREIGN KEY (`idFiles`) REFERENCES `files` (`id`) ON DELETE CASCADE
) ENGINE=InnoDB DEFAULT CHARSET=utf8 ROW_FORMAT=COMPACT;
/*!40101 SET character_set_client = @saved_cs_client */;

--
-- Dumping data for table `global-DEFAULT_PRODUCT-1-Region47-InstanceFiles`
--

LOCK TABLES `global-DEFAULT_PRODUCT-1-Region47-InstanceFiles` WRITE;
/*!40000 ALTER TABLE `global-DEFAULT_PRODUCT-1-Region47-InstanceFiles` DISABLE KEYS */;
/*!40000 ALTER TABLE `global-DEFAULT_PRODUCT-1-Region47-InstanceFiles` ENABLE KEYS */;
UNLOCK TABLES;

--
-- Table structure for table `global-DEFAULT_PRODUCT-1-Region47-Instances`
--

DROP TABLE IF EXISTS `global-DEFAULT_PRODUCT-1-Region47-Instances`;
/*!40101 SET @saved_cs_client     = @@character_set_client */;
/*!40101 SET character_set_client = utf8 */;
CREATE TABLE `global-DEFAULT_PRODUCT-1-Region47-Instances` (
  `id` bigint(20) unsigned NOT NULL AUTO_INCREMENT,
  `globalId` varchar(32) NOT NULL,
  `version` int(10) unsigned NOT NULL,
  `idLanguages` int(10) unsigned NOT NULL DEFAULT '1',
  `sortPosition` int(10) unsigned NOT NULL,
  `docs_title` varchar(255) NOT NULL,
  PRIMARY KEY (`id`),
  KEY `globalId` (`globalId`),
  CONSTRAINT `global-DEFAULT_PRODUCT-1-Region47-Instances_ibfk_1` FOREIGN KEY (`globalId`) REFERENCES `globals` (`globalId`) ON DELETE CASCADE
) ENGINE=InnoDB AUTO_INCREMENT=406 DEFAULT CHARSET=utf8 ROW_FORMAT=COMPACT;
/*!40101 SET character_set_client = @saved_cs_client */;

--
-- Dumping data for table `global-DEFAULT_PRODUCT-1-Region47-Instances`
--

LOCK TABLES `global-DEFAULT_PRODUCT-1-Region47-Instances` WRITE;
/*!40000 ALTER TABLE `global-DEFAULT_PRODUCT-1-Region47-Instances` DISABLE KEYS */;
INSERT INTO `global-DEFAULT_PRODUCT-1-Region47-Instances` VALUES (131,'4b98c81ddf160',1,1,1,''),(143,'4b585c594f35d',1,1,1,''),(146,'4b98b9cc10db5',1,1,1,''),(147,'4b98ba2201d0c',1,1,1,''),(156,'4b58618e770f0',1,1,1,''),(158,'4b586165d67a2',1,1,1,''),(159,'4b586179c1713',1,1,1,''),(160,'4b58613c3c9b0',1,1,1,''),(175,'4ba23bdf6a4f0',1,1,1,''),(178,'4ba23cc1d67a6',1,1,1,''),(189,'4ba351c55026a',1,1,1,''),(191,'4ba351daedd39',1,1,1,''),(192,'4ba351daedd39',1,2,1,''),(193,'4ba37dfb7f21c',1,1,1,''),(194,'4ba38a756ed21',1,1,1,''),(197,'4ba38f502085b',1,1,1,''),(204,'4b5862458f289',1,1,1,''),(205,'4b586253af457',1,1,1,''),(207,'4b58620d299c8',1,1,1,''),(208,'4b5861d9d4b67',1,1,1,''),(211,'4b586224046a2',1,1,1,''),(212,'4b586238622fa',1,1,1,''),(227,'4b58614f47b56',1,1,1,''),(233,'4b6aa33ede16d',1,3,1,''),(251,'4b6aa3520f7de',1,1,1,''),(252,'4b58626062fd8',1,1,1,''),(399,'4b6aa33ede16d',1,2,1,'Docs'),(405,'4b6aa33ede16d',1,1,1,'Dokumente');
/*!40000 ALTER TABLE `global-DEFAULT_PRODUCT-1-Region47-Instances` ENABLE KEYS */;
UNLOCK TABLES;

--
-- Table structure for table `global-DEFAULT_PRODUCT-1-Region50-Instances`
--

DROP TABLE IF EXISTS `global-DEFAULT_PRODUCT-1-Region50-Instances`;
/*!40101 SET @saved_cs_client     = @@character_set_client */;
/*!40101 SET character_set_client = utf8 */;
CREATE TABLE `global-DEFAULT_PRODUCT-1-Region50-Instances` (
  `id` bigint(20) unsigned NOT NULL AUTO_INCREMENT,
  `globalId` varchar(32) NOT NULL,
  `version` int(10) unsigned NOT NULL,
  `idLanguages` int(10) unsigned NOT NULL DEFAULT '1',
  `sortPosition` int(10) unsigned NOT NULL,
  `link_title` varchar(255) NOT NULL,
  `link_url` varchar(255) NOT NULL,
  PRIMARY KEY (`id`),
  KEY `globalId` (`globalId`),
  CONSTRAINT `global-DEFAULT_PRODUCT-1-Region50-Instances_ibfk_1` FOREIGN KEY (`globalId`) REFERENCES `globals` (`globalId`) ON DELETE CASCADE
) ENGINE=InnoDB AUTO_INCREMENT=406 DEFAULT CHARSET=utf8 ROW_FORMAT=COMPACT;
/*!40101 SET character_set_client = @saved_cs_client */;

--
-- Dumping data for table `global-DEFAULT_PRODUCT-1-Region50-Instances`
--

LOCK TABLES `global-DEFAULT_PRODUCT-1-Region50-Instances` WRITE;
/*!40000 ALTER TABLE `global-DEFAULT_PRODUCT-1-Region50-Instances` DISABLE KEYS */;
INSERT INTO `global-DEFAULT_PRODUCT-1-Region50-Instances` VALUES (131,'4b98c81ddf160',1,1,1,'',''),(143,'4b585c594f35d',1,1,1,'',''),(146,'4b98b9cc10db5',1,1,1,'',''),(147,'4b98ba2201d0c',1,1,1,'',''),(156,'4b58618e770f0',1,1,1,'',''),(158,'4b586165d67a2',1,1,1,'',''),(159,'4b586179c1713',1,1,1,'',''),(160,'4b58613c3c9b0',1,1,1,'',''),(175,'4ba23bdf6a4f0',1,1,1,'',''),(178,'4ba23cc1d67a6',1,1,1,'',''),(189,'4ba351c55026a',1,1,1,'',''),(191,'4ba351daedd39',1,1,1,'',''),(192,'4ba351daedd39',1,2,1,'',''),(193,'4ba37dfb7f21c',1,1,1,'',''),(194,'4ba38a756ed21',1,1,1,'',''),(197,'4ba38f502085b',1,1,1,'',''),(204,'4b5862458f289',1,1,1,'',''),(205,'4b586253af457',1,1,1,'',''),(207,'4b58620d299c8',1,1,1,'',''),(208,'4b5861d9d4b67',1,1,1,'',''),(211,'4b586224046a2',1,1,1,'',''),(212,'4b586238622fa',1,1,1,'',''),(227,'4b58614f47b56',1,1,1,'',''),(233,'4b6aa33ede16d',1,3,1,'',''),(251,'4b6aa3520f7de',1,1,1,'',''),(252,'4b58626062fd8',1,1,1,'',''),(399,'4b6aa33ede16d',1,2,1,'',''),(405,'4b6aa33ede16d',1,1,1,'','');
/*!40000 ALTER TABLE `global-DEFAULT_PRODUCT-1-Region50-Instances` ENABLE KEYS */;
UNLOCK TABLES;

--
-- Table structure for table `global-DEFAULT_PRODUCT-1-Region51-InstanceFiles`
--

DROP TABLE IF EXISTS `global-DEFAULT_PRODUCT-1-Region51-InstanceFiles`;
/*!40101 SET @saved_cs_client     = @@character_set_client */;
/*!40101 SET character_set_client = utf8 */;
CREATE TABLE `global-DEFAULT_PRODUCT-1-Region51-InstanceFiles` (
  `id` bigint(20) unsigned NOT NULL AUTO_INCREMENT,
  `globalId` varchar(255) NOT NULL,
  `version` int(10) unsigned NOT NULL,
  `idLanguages` int(10) unsigned NOT NULL DEFAULT '1',
  `idRegionInstances` bigint(20) unsigned NOT NULL,
  `idFiles` bigint(20) unsigned NOT NULL,
  `displayOption` varchar(64) DEFAULT NULL,
  `idFields` bigint(20) unsigned NOT NULL,
  PRIMARY KEY (`id`),
  KEY `globalId` (`globalId`),
  KEY `idRegionInstances` (`idRegionInstances`),
  KEY `idFiles` (`idFiles`),
  CONSTRAINT `global-DEFAULT_PRODUCT-1-Region51-InstanceFiles_ibfk_1` FOREIGN KEY (`globalId`) REFERENCES `globals` (`globalId`) ON DELETE CASCADE,
  CONSTRAINT `global-DEFAULT_PRODUCT-1-Region51-InstanceFiles_ibfk_2` FOREIGN KEY (`idRegionInstances`) REFERENCES `global-DEFAULT_PRODUCT-1-Region51-Instances` (`id`) ON DELETE CASCADE,
  CONSTRAINT `global-DEFAULT_PRODUCT-1-Region51-InstanceFiles_ibfk_3` FOREIGN KEY (`idFiles`) REFERENCES `files` (`id`) ON DELETE CASCADE
) ENGINE=InnoDB DEFAULT CHARSET=utf8 ROW_FORMAT=COMPACT;
/*!40101 SET character_set_client = @saved_cs_client */;

--
-- Dumping data for table `global-DEFAULT_PRODUCT-1-Region51-InstanceFiles`
--

LOCK TABLES `global-DEFAULT_PRODUCT-1-Region51-InstanceFiles` WRITE;
/*!40000 ALTER TABLE `global-DEFAULT_PRODUCT-1-Region51-InstanceFiles` DISABLE KEYS */;
/*!40000 ALTER TABLE `global-DEFAULT_PRODUCT-1-Region51-InstanceFiles` ENABLE KEYS */;
UNLOCK TABLES;

--
-- Table structure for table `global-DEFAULT_PRODUCT-1-Region51-Instances`
--

DROP TABLE IF EXISTS `global-DEFAULT_PRODUCT-1-Region51-Instances`;
/*!40101 SET @saved_cs_client     = @@character_set_client */;
/*!40101 SET character_set_client = utf8 */;
CREATE TABLE `global-DEFAULT_PRODUCT-1-Region51-Instances` (
  `id` bigint(20) unsigned NOT NULL AUTO_INCREMENT,
  `globalId` varchar(32) NOT NULL,
  `version` int(10) unsigned NOT NULL,
  `idLanguages` int(10) unsigned NOT NULL DEFAULT '1',
  `sortPosition` int(10) unsigned NOT NULL,
  `header_title` varchar(255) NOT NULL,
  `header_description` text NOT NULL,
  PRIMARY KEY (`id`),
  KEY `globalId` (`globalId`),
  CONSTRAINT `global-DEFAULT_PRODUCT-1-Region51-Instances_ibfk_1` FOREIGN KEY (`globalId`) REFERENCES `globals` (`globalId`) ON DELETE CASCADE
) ENGINE=InnoDB AUTO_INCREMENT=426 DEFAULT CHARSET=utf8 ROW_FORMAT=COMPACT;
/*!40101 SET character_set_client = @saved_cs_client */;

--
-- Dumping data for table `global-DEFAULT_PRODUCT-1-Region51-Instances`
--

LOCK TABLES `global-DEFAULT_PRODUCT-1-Region51-Instances` WRITE;
/*!40000 ALTER TABLE `global-DEFAULT_PRODUCT-1-Region51-Instances` DISABLE KEYS */;
INSERT INTO `global-DEFAULT_PRODUCT-1-Region51-Instances` VALUES (143,'4b98c81ddf160',1,1,1,'',''),(155,'4b585c594f35d',1,1,1,'',''),(158,'4b98b9cc10db5',1,1,1,'',''),(159,'4b98ba2201d0c',1,1,1,'',''),(172,'4b58618e770f0',1,1,1,'',''),(175,'4b586165d67a2',1,1,1,'',''),(176,'4b586179c1713',1,1,1,'',''),(177,'4b58613c3c9b0',1,1,1,'',''),(193,'4ba23bdf6a4f0',1,1,1,'',''),(196,'4ba23cc1d67a6',1,1,1,'',''),(207,'4ba351c55026a',1,1,1,'',''),(209,'4ba351daedd39',1,1,1,'',''),(210,'4ba351daedd39',1,2,1,'',''),(211,'4ba37dfb7f21c',1,1,1,'',''),(212,'4ba38a756ed21',1,1,1,'',''),(215,'4ba38f502085b',1,1,1,'',''),(222,'4b5862458f289',1,1,1,'',''),(223,'4b586253af457',1,1,1,'',''),(225,'4b58620d299c8',1,1,1,'',''),(226,'4b5861d9d4b67',1,1,1,'',''),(229,'4b586224046a2',1,1,1,'',''),(230,'4b586238622fa',1,1,1,'',''),(246,'4b58614f47b56',1,1,1,'','<p>Aenean leo ligula, porttitor eu, consequat vitae, eleifend ac, enim. Aliquam lorem ante, dapibus in, viverra quis, feugiat a, tellus. Phasellus viverra nulla ut metus varius laoreet. Quisque rutrum. Aenean imperdiet. Etiam ultricies nisi vel augue. Curabitur ullamcorper ultricies nisi. Nam eget dui. Etiam rhoncus.</p>'),(247,'4b58614f47b56',1,1,2,'','<p>Maecenas tempus, tellus eget condimentum rhoncus, sem quam semper libero, sit amet adipiscing sem neque sed ipsum. Nam quam nunc, blandit vel, luctus pulvinar, hendrerit id, lorem. Maecenas nec odio et ante tincidunt tempus.</p>'),(253,'4b6aa33ede16d',1,3,1,'',''),(271,'4b6aa3520f7de',1,1,1,'',''),(272,'4b58626062fd8',1,1,1,'',''),(419,'4b6aa33ede16d',1,2,1,'',''),(425,'4b6aa33ede16d',1,1,1,'','');
/*!40000 ALTER TABLE `global-DEFAULT_PRODUCT-1-Region51-Instances` ENABLE KEYS */;
UNLOCK TABLES;

--
-- Table structure for table `global-DEFAULT_PRODUCT_OVERVIEW-1-InstanceFiles`
--

DROP TABLE IF EXISTS `global-DEFAULT_PRODUCT_OVERVIEW-1-InstanceFiles`;
/*!40101 SET @saved_cs_client     = @@character_set_client */;
/*!40101 SET character_set_client = utf8 */;
CREATE TABLE `global-DEFAULT_PRODUCT_OVERVIEW-1-InstanceFiles` (
  `id` bigint(20) unsigned NOT NULL AUTO_INCREMENT,
  `globalId` varchar(255) NOT NULL,
  `version` int(10) unsigned NOT NULL,
  `idLanguages` int(10) unsigned NOT NULL DEFAULT '1',
  `sortPosition` int(10) unsigned NOT NULL,
  `idFiles` bigint(20) unsigned NOT NULL,
  `displayOption` varchar(64) DEFAULT NULL,
  `idFields` bigint(20) unsigned NOT NULL,
  PRIMARY KEY (`id`),
  KEY `idFiles` (`idFiles`),
  KEY `globalId` (`globalId`),
  CONSTRAINT `global-DEFAULT_PRODUCT_OVERVIEW-1-InstanceFiles_ibfk_1` FOREIGN KEY (`globalId`) REFERENCES `globals` (`globalId`) ON DELETE CASCADE,
  CONSTRAINT `global-DEFAULT_PRODUCT_OVERVIEW-1-InstanceFiles_ibfk_2` FOREIGN KEY (`idFiles`) REFERENCES `files` (`id`) ON DELETE CASCADE
) ENGINE=InnoDB AUTO_INCREMENT=9 DEFAULT CHARSET=utf8 ROW_FORMAT=COMPACT;
/*!40101 SET character_set_client = @saved_cs_client */;

--
-- Dumping data for table `global-DEFAULT_PRODUCT_OVERVIEW-1-InstanceFiles`
--

LOCK TABLES `global-DEFAULT_PRODUCT_OVERVIEW-1-InstanceFiles` WRITE;
/*!40000 ALTER TABLE `global-DEFAULT_PRODUCT_OVERVIEW-1-InstanceFiles` DISABLE KEYS */;
INSERT INTO `global-DEFAULT_PRODUCT_OVERVIEW-1-InstanceFiles` VALUES (5,'4b58619f4de8f',1,1,1,81,NULL,55),(6,'4b58619f4de8f',1,1,2,83,NULL,55),(7,'4b5860fc08fe4',1,1,1,82,NULL,55),(8,'4b5860fc08fe4',1,1,2,83,NULL,55);
/*!40000 ALTER TABLE `global-DEFAULT_PRODUCT_OVERVIEW-1-InstanceFiles` ENABLE KEYS */;
UNLOCK TABLES;

--
-- Table structure for table `global-DEFAULT_PRODUCT_OVERVIEW-1-InstanceMultiFields`
--

DROP TABLE IF EXISTS `global-DEFAULT_PRODUCT_OVERVIEW-1-InstanceMultiFields`;
/*!40101 SET @saved_cs_client     = @@character_set_client */;
/*!40101 SET character_set_client = utf8 */;
CREATE TABLE `global-DEFAULT_PRODUCT_OVERVIEW-1-InstanceMultiFields` (
  `id` bigint(20) unsigned NOT NULL AUTO_INCREMENT,
  `globalId` varchar(255) NOT NULL,
  `version` int(10) unsigned NOT NULL,
  `idLanguages` int(10) unsigned NOT NULL DEFAULT '1',
  `idRelation` bigint(20) unsigned NOT NULL,
  `value` varchar(255) DEFAULT NULL,
  `idFields` bigint(20) unsigned NOT NULL,
  PRIMARY KEY (`id`),
  KEY `globalId` (`globalId`),
  CONSTRAINT `global-DEFAULT_PRODUCT_OVERVIEW-1-InstanceMultiFields_ibfk_1` FOREIGN KEY (`globalId`) REFERENCES `globals` (`globalId`) ON DELETE CASCADE
) ENGINE=InnoDB DEFAULT CHARSET=utf8 ROW_FORMAT=COMPACT;
/*!40101 SET character_set_client = @saved_cs_client */;

--
-- Dumping data for table `global-DEFAULT_PRODUCT_OVERVIEW-1-InstanceMultiFields`
--

LOCK TABLES `global-DEFAULT_PRODUCT_OVERVIEW-1-InstanceMultiFields` WRITE;
/*!40000 ALTER TABLE `global-DEFAULT_PRODUCT_OVERVIEW-1-InstanceMultiFields` DISABLE KEYS */;
/*!40000 ALTER TABLE `global-DEFAULT_PRODUCT_OVERVIEW-1-InstanceMultiFields` ENABLE KEYS */;
UNLOCK TABLES;

--
-- Table structure for table `global-DEFAULT_PRODUCT_OVERVIEW-1-Instances`
--

DROP TABLE IF EXISTS `global-DEFAULT_PRODUCT_OVERVIEW-1-Instances`;
/*!40101 SET @saved_cs_client     = @@character_set_client */;
/*!40101 SET character_set_client = utf8 */;
CREATE TABLE `global-DEFAULT_PRODUCT_OVERVIEW-1-Instances` (
  `id` bigint(20) unsigned NOT NULL AUTO_INCREMENT,
  `globalId` varchar(32) NOT NULL,
  `version` int(10) unsigned NOT NULL,
  `idLanguages` int(10) unsigned NOT NULL DEFAULT '1',
  `idUsers` bigint(20) unsigned NOT NULL,
  `articletitle` varchar(255) DEFAULT NULL,
  `slogan` varchar(255) DEFAULT NULL,
  `shortdescription` text,
  `description` text NOT NULL,
  `header_embed_code` text,
  `contact` varchar(255) DEFAULT NULL,
  `creator` bigint(20) unsigned NOT NULL,
  `created` timestamp NULL DEFAULT NULL,
  `changed` timestamp NOT NULL DEFAULT CURRENT_TIMESTAMP ON UPDATE CURRENT_TIMESTAMP,
  PRIMARY KEY (`id`),
  KEY `globalId` (`globalId`),
  CONSTRAINT `global-DEFAULT_PRODUCT_OVERVIEW-1-Instances_ibfk_1` FOREIGN KEY (`globalId`) REFERENCES `globals` (`globalId`) ON DELETE CASCADE
) ENGINE=InnoDB AUTO_INCREMENT=26 DEFAULT CHARSET=utf8 ROW_FORMAT=COMPACT;
/*!40101 SET character_set_client = @saved_cs_client */;

--
-- Dumping data for table `global-DEFAULT_PRODUCT_OVERVIEW-1-Instances`
--

LOCK TABLES `global-DEFAULT_PRODUCT_OVERVIEW-1-Instances` WRITE;
/*!40000 ALTER TABLE `global-DEFAULT_PRODUCT_OVERVIEW-1-Instances` DISABLE KEYS */;
INSERT INTO `global-DEFAULT_PRODUCT_OVERVIEW-1-Instances` VALUES (2,'4b5860d198729',1,1,3,'',NULL,'','',NULL,'',3,'2010-01-21 14:12:33','2010-03-12 14:34:42'),(3,'4b5860df83012',1,1,3,'',NULL,'','',NULL,'',3,'2010-01-21 14:12:47','2010-03-31 12:48:46'),(4,'4b5860fc08fe4',1,1,3,'',NULL,'','',NULL,'',3,'2010-01-21 14:13:16','2010-04-02 12:37:27'),(5,'4b58612ac0a20',1,1,3,'','','','<p>Nam pretium turpis et arcu. Duis arcu tortor, suscipit eget, imperdiet nec, imperdiet iaculis, ipsum. Sed aliquam ultrices mauris. Integer ante arcu, accumsan a, consectetuer eget, posuere ut, mauris. Praesent adipiscing. Phasellus ullamcorper ipsum rutrum nunc. Nunc nonummy metus. Vestibulum volutpat pretium libero. Cras id dui. Aenean ut eros et nisl sagittis vestibulum. Nullam nulla eros, ultricies sit amet, nonummy id, imperdiet feugiat, pede. Sed lectus. Donec mollis hendrerit risus. Phasellus nec sem in justo pellentesque facilisis. Etiam imperdiet imperdiet orci. Nunc nec neque. Phasellus leo dolor, tempus non, auctor et, hendrerit quis, nisi. Curabitur ligula sapien, tincidunt non, euismod vitae, posuere imperdiet, leo. Maecenas malesuada. Praesent congue erat at massa. Sed cursus turpis vitae tortor. Donec posuere vulputate arcu. Phasellus accumsan cursus velit.</p>',NULL,'',3,'2010-01-21 14:14:02','2010-04-15 07:43:59'),(6,'4b58619f4de8f',1,1,3,'',NULL,'','',NULL,'',3,'2010-01-21 14:15:59','2010-04-01 08:30:56'),(7,'4b5861aa05ec3',1,1,3,'',NULL,'','',NULL,'',3,'2010-01-21 14:16:10','2010-03-12 13:44:05'),(8,'4b5861b987a25',1,1,3,'',NULL,'','',NULL,'',3,'2010-01-21 14:16:25','2010-03-12 13:44:33'),(9,'4b5861c7dc368',1,1,3,'',NULL,'','',NULL,'',3,'2010-01-21 14:16:39','2010-03-12 13:44:36'),(10,'4b5860d198729',1,2,3,'',NULL,'','',NULL,'',3,'2010-02-02 15:29:27','2010-04-02 12:37:15'),(11,'4b5860fc08fe4',1,2,3,'',NULL,'','',NULL,'',3,'2010-02-02 15:32:34','2010-04-02 12:37:23'),(12,'4b58612ac0a20',1,2,3,'',NULL,'','',NULL,'',3,'2010-02-03 15:27:56','2010-02-03 15:27:56'),(13,'4b6fc9a131dd8',1,1,3,'',NULL,'','',NULL,'',3,'2010-02-08 08:21:53','2010-04-01 07:11:58'),(14,'4b5860fc08fe4',1,4,3,'',NULL,'','',NULL,'',3,'2010-02-08 16:13:50','2010-02-09 08:22:23'),(15,'4b58612ac0a20',1,4,3,'',NULL,'','',NULL,'',3,'2010-02-09 08:22:52','2010-02-09 08:22:52'),(16,'4b585c594f35d',1,1,3,'',NULL,'','',NULL,'',3,'2010-03-03 09:01:38','2010-03-12 10:12:22'),(17,'4b98d61546256',1,1,3,'',NULL,'','',NULL,'',3,'2010-03-11 11:37:57','2010-03-11 11:38:11'),(18,'4b98ec74e39fa',1,1,3,'',NULL,'','',NULL,'',3,'2010-03-11 13:13:24','2010-03-11 13:13:24'),(19,'4b99213f386f5',1,1,3,'',NULL,'','',NULL,'',3,'2010-03-11 16:58:39','2010-03-11 17:27:43'),(20,'4ba23cb0a516c',1,1,3,'',NULL,'','',NULL,'',3,'2010-03-18 14:46:08','2010-03-18 14:47:24'),(21,'4ba23e1974c30',1,1,3,'',NULL,'','',NULL,'',3,'2010-03-18 14:52:09','2010-03-19 14:28:04'),(22,'4ba37f0a340ed',1,1,3,'',NULL,'','',NULL,'',3,'2010-03-19 13:41:30','2010-03-19 13:41:30'),(23,'4ba37f44d554b',1,1,3,'',NULL,'','',NULL,'',3,'2010-03-19 13:42:52','2010-03-19 13:42:52'),(24,'4ba38a964d95c',1,1,3,'',NULL,'','',NULL,'',3,'2010-03-19 14:30:46','2010-03-19 14:31:31'),(25,'4ba38d4649ed5',1,1,3,'',NULL,'','',NULL,'',3,'2010-03-19 14:42:14','2010-03-19 14:42:53');
/*!40000 ALTER TABLE `global-DEFAULT_PRODUCT_OVERVIEW-1-Instances` ENABLE KEYS */;
UNLOCK TABLES;

--
-- Table structure for table `global-DEFAULT_PRODUCT_OVERVIEW-1-Region14-InstanceFiles`
--

DROP TABLE IF EXISTS `global-DEFAULT_PRODUCT_OVERVIEW-1-Region14-InstanceFiles`;
/*!40101 SET @saved_cs_client     = @@character_set_client */;
/*!40101 SET character_set_client = utf8 */;
CREATE TABLE `global-DEFAULT_PRODUCT_OVERVIEW-1-Region14-InstanceFiles` (
  `id` bigint(20) unsigned NOT NULL AUTO_INCREMENT,
  `globalId` varchar(32) NOT NULL,
  `version` int(10) unsigned NOT NULL,
  `idLanguages` int(10) unsigned NOT NULL DEFAULT '1',
  `idRegionInstances` bigint(20) unsigned NOT NULL,
  `idFiles` bigint(20) unsigned NOT NULL,
  `displayOption` varchar(64) DEFAULT NULL,
  `idFields` bigint(20) unsigned NOT NULL,
  PRIMARY KEY (`id`),
  KEY `idRegionInstances` (`idRegionInstances`),
  KEY `idFiles` (`idFiles`),
  KEY `globalId` (`globalId`),
  CONSTRAINT `global-DEFAULT_PRODUCT_OVERVIEW-1-Region14-InstanceFiles_ibfk_4` FOREIGN KEY (`globalId`) REFERENCES `globals` (`globalId`) ON DELETE CASCADE,
  CONSTRAINT `global-DEFAULT_PRODUCT_OVERVIEW-1-Region14-InstanceFiles_ibfk_5` FOREIGN KEY (`idRegionInstances`) REFERENCES `global-DEFAULT_PRODUCT_OVERVIEW-1-Region14-Instances` (`id`) ON DELETE CASCADE,
  CONSTRAINT `global-DEFAULT_PRODUCT_OVERVIEW-1-Region14-InstanceFiles_ibfk_6` FOREIGN KEY (`idFiles`) REFERENCES `files` (`id`) ON DELETE CASCADE
) ENGINE=InnoDB AUTO_INCREMENT=25 DEFAULT CHARSET=utf8 ROW_FORMAT=COMPACT;
/*!40101 SET character_set_client = @saved_cs_client */;

--
-- Dumping data for table `global-DEFAULT_PRODUCT_OVERVIEW-1-Region14-InstanceFiles`
--

LOCK TABLES `global-DEFAULT_PRODUCT_OVERVIEW-1-Region14-InstanceFiles` WRITE;
/*!40000 ALTER TABLE `global-DEFAULT_PRODUCT_OVERVIEW-1-Region14-InstanceFiles` DISABLE KEYS */;
INSERT INTO `global-DEFAULT_PRODUCT_OVERVIEW-1-Region14-InstanceFiles` VALUES (23,'4b58612ac0a20',1,1,130,5,NULL,128),(24,'4b58612ac0a20',1,1,131,6,NULL,128);
/*!40000 ALTER TABLE `global-DEFAULT_PRODUCT_OVERVIEW-1-Region14-InstanceFiles` ENABLE KEYS */;
UNLOCK TABLES;

--
-- Table structure for table `global-DEFAULT_PRODUCT_OVERVIEW-1-Region14-Instances`
--

DROP TABLE IF EXISTS `global-DEFAULT_PRODUCT_OVERVIEW-1-Region14-Instances`;
/*!40101 SET @saved_cs_client     = @@character_set_client */;
/*!40101 SET character_set_client = utf8 */;
CREATE TABLE `global-DEFAULT_PRODUCT_OVERVIEW-1-Region14-Instances` (
  `id` bigint(20) unsigned NOT NULL AUTO_INCREMENT,
  `globalId` varchar(32) NOT NULL,
  `version` int(10) unsigned NOT NULL,
  `idLanguages` int(10) unsigned NOT NULL DEFAULT '1',
  `sortPosition` int(10) unsigned NOT NULL,
  `sidebar_title` varchar(255) DEFAULT NULL,
  `sidebar_description` text,
  PRIMARY KEY (`id`),
  KEY `globalId` (`globalId`),
  CONSTRAINT `global-DEFAULT_PRODUCT_OVERVIEW-1-Region14-Instances_ibfk_1` FOREIGN KEY (`globalId`) REFERENCES `globals` (`globalId`) ON DELETE CASCADE
) ENGINE=InnoDB AUTO_INCREMENT=132 DEFAULT CHARSET=utf8 ROW_FORMAT=COMPACT;
/*!40101 SET character_set_client = @saved_cs_client */;

--
-- Dumping data for table `global-DEFAULT_PRODUCT_OVERVIEW-1-Region14-Instances`
--

LOCK TABLES `global-DEFAULT_PRODUCT_OVERVIEW-1-Region14-Instances` WRITE;
/*!40000 ALTER TABLE `global-DEFAULT_PRODUCT_OVERVIEW-1-Region14-Instances` DISABLE KEYS */;
INSERT INTO `global-DEFAULT_PRODUCT_OVERVIEW-1-Region14-Instances` VALUES (15,'4b58612ac0a20',1,2,1,'',''),(61,'4b5860fc08fe4',1,4,1,'',''),(62,'4b58612ac0a20',1,4,1,'',''),(74,'4b98d61546256',1,1,1,'',''),(80,'4b99213f386f5',1,1,1,'',''),(82,'4b585c594f35d',1,1,1,'',''),(93,'4b5861aa05ec3',1,1,1,'',''),(94,'4b5861b987a25',1,1,1,'',''),(95,'4b5861c7dc368',1,1,1,'',''),(98,'4b5860d198729',1,1,1,'',''),(105,'4ba23cb0a516c',1,1,1,'',''),(108,'4ba37f44d554b',1,1,1,'',''),(110,'4ba23e1974c30',1,1,1,'',''),(112,'4ba38a964d95c',1,1,1,'',''),(114,'4ba38d4649ed5',1,1,1,'',''),(115,'4b5860df83012',1,1,1,'',''),(118,'4b6fc9a131dd8',1,1,1,'',''),(121,'4b58619f4de8f',1,1,1,'',''),(123,'4b5860d198729',1,2,1,'',''),(124,'4b5860fc08fe4',1,2,1,'',''),(125,'4b5860fc08fe4',1,1,1,'',''),(130,'4b58612ac0a20',1,1,1,'Lorem ipsum dolor sit amet','<p>Aenean massa. Cum sociis natoque penatibus et magnis dis parturient montes, nascetur ridiculus mus. Donec quam felis, ultricies nec, pellentesque eu, pretium quis, sem. Nulla consequat massa quis enim. Donec pede justo, fringilla vel, aliquet nec, vulputate eget, arcu. In enim justo, rhoncus ut, imperdiet a, venenatis vitae, justo. Nullam dictum felis eu pede mollis pretium. Integer tincidunt. Cras dapibus.</p>'),(131,'4b58612ac0a20',1,1,2,'Nulla consequat massa','<p>Nulla consequat massa quis enim. <b>Donec pede justo</b>, fringilla vel<sup>2</sup>, aliquet nec<sub>2</sub>, vulputate eget, arcu. In enim justo, rhoncus ut, imperdiet a, venenatis vitae, justo. Nullam dictum felis eu pede mollis pretium. Integer tincidunt. Cras dapibus.</p>');
/*!40000 ALTER TABLE `global-DEFAULT_PRODUCT_OVERVIEW-1-Region14-Instances` ENABLE KEYS */;
UNLOCK TABLES;

--
-- Table structure for table `global-DEFAULT_PRODUCT_OVERVIEW-1-Region15-Instances`
--

DROP TABLE IF EXISTS `global-DEFAULT_PRODUCT_OVERVIEW-1-Region15-Instances`;
/*!40101 SET @saved_cs_client     = @@character_set_client */;
/*!40101 SET character_set_client = utf8 */;
CREATE TABLE `global-DEFAULT_PRODUCT_OVERVIEW-1-Region15-Instances` (
  `id` bigint(20) unsigned NOT NULL AUTO_INCREMENT,
  `globalId` varchar(32) NOT NULL,
  `version` int(10) unsigned NOT NULL,
  `idLanguages` int(10) unsigned NOT NULL DEFAULT '1',
  `sortPosition` int(10) unsigned NOT NULL,
  `entry_title` varchar(255) DEFAULT NULL,
  `entry_category` bigint(20) unsigned DEFAULT NULL,
  `entry_label` bigint(20) unsigned DEFAULT NULL,
  `entry_viewtype` bigint(20) unsigned DEFAULT NULL,
  `entry_number` bigint(20) unsigned DEFAULT NULL,
  `entry_sorttype` bigint(20) unsigned DEFAULT NULL,
  `entry_sortorder` bigint(20) unsigned DEFAULT NULL,
  `entry_depth` bigint(20) unsigned DEFAULT NULL,
  PRIMARY KEY (`id`),
  KEY `globalId` (`globalId`),
  CONSTRAINT `global-DEFAULT_PRODUCT_OVERVIEW-1-Region15-Instances_ibfk_1` FOREIGN KEY (`globalId`) REFERENCES `globals` (`globalId`) ON DELETE CASCADE
) ENGINE=InnoDB AUTO_INCREMENT=121 DEFAULT CHARSET=utf8 ROW_FORMAT=COMPACT;
/*!40101 SET character_set_client = @saved_cs_client */;

--
-- Dumping data for table `global-DEFAULT_PRODUCT_OVERVIEW-1-Region15-Instances`
--

LOCK TABLES `global-DEFAULT_PRODUCT_OVERVIEW-1-Region15-Instances` WRITE;
/*!40000 ALTER TABLE `global-DEFAULT_PRODUCT_OVERVIEW-1-Region15-Instances` DISABLE KEYS */;
INSERT INTO `global-DEFAULT_PRODUCT_OVERVIEW-1-Region15-Instances` VALUES (15,'4b58612ac0a20',1,2,1,'',0,0,0,0,0,0,0),(55,'4b5860fc08fe4',1,4,1,'',0,0,0,0,0,0,0),(56,'4b58612ac0a20',1,4,1,'',0,0,0,0,0,0,0),(68,'4b98d61546256',1,1,1,'',0,0,0,0,0,0,0),(74,'4b99213f386f5',1,1,1,'',0,0,0,0,0,0,0),(76,'4b585c594f35d',1,1,1,'',0,0,0,0,0,0,0),(86,'4b5861aa05ec3',1,1,1,'',0,0,0,0,0,0,0),(87,'4b5861b987a25',1,1,1,'',0,0,0,0,0,0,0),(88,'4b5861c7dc368',1,1,1,'',0,0,0,0,0,0,0),(91,'4b5860d198729',1,1,1,'',0,0,31,10,17,15,65),(98,'4ba23cb0a516c',1,1,1,'',0,0,0,0,0,0,0),(101,'4ba37f44d554b',1,1,1,'',0,0,0,0,0,0,0),(103,'4ba23e1974c30',1,1,1,'',0,0,0,0,0,0,0),(105,'4ba38a964d95c',1,1,1,'',0,0,0,0,0,0,0),(107,'4ba38d4649ed5',1,1,1,'',0,0,0,0,0,0,0),(108,'4b5860df83012',1,1,1,'',0,0,31,100,0,0,0),(110,'4b6fc9a131dd8',1,1,1,'',0,0,31,100,0,0,0),(113,'4b58619f4de8f',1,1,1,'',0,0,0,0,0,0,0),(115,'4b5860d198729',1,2,1,'',0,0,0,100,17,0,0),(116,'4b5860fc08fe4',1,2,1,'',0,0,0,100,0,0,0),(117,'4b5860fc08fe4',1,1,1,'',0,0,31,10,0,0,65),(120,'4b58612ac0a20',1,1,1,'Zahnzubehör  Übersicht',0,0,31,100,17,15,65);
/*!40000 ALTER TABLE `global-DEFAULT_PRODUCT_OVERVIEW-1-Region15-Instances` ENABLE KEYS */;
UNLOCK TABLES;

--
-- Table structure for table `globalCategories`
--

DROP TABLE IF EXISTS `globalCategories`;
/*!40101 SET @saved_cs_client     = @@character_set_client */;
/*!40101 SET character_set_client = utf8 */;
CREATE TABLE `globalCategories` (
  `id` bigint(20) unsigned NOT NULL AUTO_INCREMENT,
  `globalId` varchar(32) NOT NULL,
  `version` int(10) unsigned NOT NULL,
  `idLanguages` int(10) unsigned NOT NULL DEFAULT '1',
  `category` bigint(20) unsigned NOT NULL,
  `idUsers` bigint(20) unsigned NOT NULL,
  `creator` bigint(20) unsigned NOT NULL,
  `created` timestamp NULL DEFAULT NULL,
  `changed` timestamp NOT NULL DEFAULT CURRENT_TIMESTAMP ON UPDATE CURRENT_TIMESTAMP,
  PRIMARY KEY (`id`),
  KEY `globalId` (`globalId`),
  KEY `version` (`version`),
  CONSTRAINT `globalCategories_ibfk_1` FOREIGN KEY (`globalId`) REFERENCES `globals` (`globalId`) ON DELETE CASCADE
) ENGINE=InnoDB AUTO_INCREMENT=439 DEFAULT CHARSET=utf8;
/*!40101 SET character_set_client = @saved_cs_client */;

--
-- Dumping data for table `globalCategories`
--

LOCK TABLES `globalCategories` WRITE;
/*!40000 ALTER TABLE `globalCategories` DISABLE KEYS */;
INSERT INTO `globalCategories` VALUES (127,'4b58618e770f0',1,1,76,3,3,'2010-03-12 13:43:34','2010-03-12 13:43:34'),(128,'4b58618e770f0',1,1,73,3,3,'2010-03-12 13:43:34','2010-03-12 13:43:34'),(129,'4b58618e770f0',1,1,75,3,3,'2010-03-12 13:43:34','2010-03-12 13:43:34'),(134,'4b586165d67a2',1,1,76,3,3,'2010-03-12 13:43:41','2010-03-12 13:43:41'),(135,'4b586165d67a2',1,1,77,3,3,'2010-03-12 13:43:41','2010-03-12 13:43:41'),(136,'4b586165d67a2',1,1,74,3,3,'2010-03-12 13:43:41','2010-03-12 13:43:41'),(137,'4b586179c1713',1,1,77,3,3,'2010-03-12 13:43:44','2010-03-12 13:43:44'),(138,'4b586179c1713',1,1,75,3,3,'2010-03-12 13:43:44','2010-03-12 13:43:44'),(139,'4b58613c3c9b0',1,1,76,3,3,'2010-03-12 13:43:48','2010-03-12 13:43:48'),(145,'4ba23bdf6a4f0',1,1,77,3,3,'2010-03-18 14:43:29','2010-03-18 14:43:29'),(150,'4ba23cc1d67a6',1,1,77,3,3,'2010-03-18 14:47:19','2010-03-18 14:47:19'),(151,'4ba23cb0a516c',1,1,77,3,3,'2010-03-18 14:47:24','2010-03-18 14:47:24'),(162,'4ba23e1974c30',1,1,76,3,3,'2010-03-19 14:28:04','2010-03-19 14:28:04'),(163,'4ba23e1974c30',1,1,77,3,3,'2010-03-19 14:28:04','2010-03-19 14:28:04'),(165,'4ba38a964d95c',1,1,76,3,3,'2010-03-19 14:31:31','2010-03-19 14:31:31'),(166,'4ba38a964d95c',1,1,77,3,3,'2010-03-19 14:31:31','2010-03-19 14:31:31'),(169,'4ba38d4649ed5',1,1,76,3,3,'2010-03-19 14:42:53','2010-03-19 14:42:53'),(170,'4ba38d4649ed5',1,1,77,3,3,'2010-03-19 14:42:53','2010-03-19 14:42:53'),(173,'4ba38f502085b',1,1,76,3,3,'2010-03-19 14:51:03','2010-03-19 14:51:03'),(174,'4ba38f502085b',1,1,77,3,3,'2010-03-19 14:51:03','2010-03-19 14:51:03'),(179,'4b5862458f289',1,1,76,3,3,'2010-03-23 07:35:29','2010-03-23 07:35:29'),(180,'4b5862458f289',1,1,77,3,3,'2010-03-23 07:35:29','2010-03-23 07:35:29'),(182,'4b586238622fa',1,1,77,3,3,'2010-03-23 07:52:41','2010-03-23 07:52:41'),(188,'4b6fc9a131dd8',1,1,77,3,3,'2010-04-01 07:11:58','2010-04-01 07:11:58'),(189,'4b6fc9a131dd8',1,1,73,3,3,'2010-04-01 07:11:58','2010-04-01 07:11:58'),(194,'4b58614f47b56',1,1,77,3,3,'2010-04-01 08:10:32','2010-04-01 08:10:32'),(195,'4b58614f47b56',1,1,73,3,3,'2010-04-01 08:10:32','2010-04-01 08:10:32'),(196,'4b58614f47b56',1,1,74,3,3,'2010-04-01 08:10:32','2010-04-01 08:10:32'),(197,'4b58614f47b56',1,1,75,3,3,'2010-04-01 08:10:32','2010-04-01 08:10:32'),(201,'4b58619f4de8f',1,1,76,3,3,'2010-04-01 08:30:56','2010-04-01 08:30:56'),(202,'4b58619f4de8f',1,1,77,3,3,'2010-04-01 08:30:56','2010-04-01 08:30:56'),(203,'4b5860fc08fe4',1,1,76,3,3,'2010-04-02 12:37:27','2010-04-02 12:37:27'),(204,'4b5860fc08fe4',1,1,77,3,3,'2010-04-02 12:37:27','2010-04-02 12:37:27'),(205,'4b58626062fd8',1,1,76,3,3,'2010-04-08 13:53:53','2010-04-08 13:53:53'),(206,'4b58626062fd8',1,1,77,3,3,'2010-04-08 13:53:53','2010-04-08 13:53:53'),(355,'4b9e5aefc8f29',1,1,77,3,3,'2010-04-14 13:04:20','2010-04-14 13:04:20'),(356,'4bc5ae12201b2',1,1,76,3,3,'2010-04-14 13:04:33','2010-04-14 13:04:33'),(364,'4b58612ac0a20',1,1,77,3,3,'2010-04-15 07:43:59','2010-04-15 07:43:59'),(371,'4b9e5b472ef28',1,1,77,3,3,'2010-04-15 08:06:43','2010-04-15 08:06:43'),(388,'4bc5b7f1da58c',1,1,76,3,3,'2010-04-15 12:42:21','2010-04-15 12:42:21'),(431,'4bcdcf1d42a52',1,1,77,3,3,'2010-04-21 11:37:31','2010-04-21 11:37:31'),(432,'4bcec0931974d',1,1,76,3,3,'2010-04-21 11:37:35','2010-04-21 11:37:35'),(433,'4bcec0a8930ee',1,1,76,3,3,'2010-04-21 11:48:00','2010-04-21 11:48:00'),(434,'4b6aa33ede16d',1,1,76,3,3,'2010-04-22 08:38:46','2010-04-22 08:38:46'),(435,'4b6aa33ede16d',1,1,77,3,3,'2010-04-22 08:38:46','2010-04-22 08:38:46'),(436,'4b6aa33ede16d',1,1,73,3,3,'2010-04-22 08:38:46','2010-04-22 08:38:46'),(437,'4b6aa33ede16d',1,1,74,3,3,'2010-04-22 08:38:46','2010-04-22 08:38:46'),(438,'4b6aa33ede16d',1,1,75,3,3,'2010-04-22 08:38:46','2010-04-22 08:38:46');
/*!40000 ALTER TABLE `globalCategories` ENABLE KEYS */;
UNLOCK TABLES;

--
-- Table structure for table `globalContacts`
--

DROP TABLE IF EXISTS `globalContacts`;
/*!40101 SET @saved_cs_client     = @@character_set_client */;
/*!40101 SET character_set_client = utf8 */;
CREATE TABLE `globalContacts` (
  `id` bigint(20) unsigned NOT NULL AUTO_INCREMENT,
  `globalId` varchar(32) NOT NULL,
  `version` int(10) unsigned NOT NULL,
  `idLanguages` int(10) unsigned NOT NULL DEFAULT '1',
  `idContacts` bigint(20) unsigned NOT NULL,
  `idFields` bigint(20) unsigned NOT NULL,
  `creator` bigint(20) unsigned NOT NULL,
  `created` timestamp NOT NULL DEFAULT CURRENT_TIMESTAMP,
  PRIMARY KEY (`id`),
  KEY `version` (`version`),
  KEY `globalId` (`globalId`),
  KEY `globalId_2` (`globalId`,`version`,`idLanguages`),
  CONSTRAINT `globalContacts_ibfk_1` FOREIGN KEY (`globalId`) REFERENCES `globals` (`globalId`) ON DELETE CASCADE
) ENGINE=InnoDB AUTO_INCREMENT=4 DEFAULT CHARSET=utf8;
/*!40101 SET character_set_client = @saved_cs_client */;

--
-- Dumping data for table `globalContacts`
--

LOCK TABLES `globalContacts` WRITE;
/*!40000 ALTER TABLE `globalContacts` DISABLE KEYS */;
INSERT INTO `globalContacts` VALUES (2,'4bcdcf1d42a52',1,1,0,85,3,'2010-04-21 08:46:17'),(3,'4bcdcf1d42a52',1,1,6,85,3,'2010-04-21 08:46:17');
/*!40000 ALTER TABLE `globalContacts` ENABLE KEYS */;
UNLOCK TABLES;

--
-- Table structure for table `globalDatetimes`
--

DROP TABLE IF EXISTS `globalDatetimes`;
/*!40101 SET @saved_cs_client     = @@character_set_client */;
/*!40101 SET character_set_client = utf8 */;
CREATE TABLE `globalDatetimes` (
  `id` bigint(20) unsigned NOT NULL AUTO_INCREMENT,
  `globalId` varchar(32) NOT NULL,
  `version` int(10) unsigned NOT NULL,
  `idLanguages` int(10) unsigned NOT NULL DEFAULT '1',
  `datetime` varchar(64) DEFAULT NULL,
  `idUsers` bigint(20) unsigned NOT NULL,
  `creator` bigint(20) unsigned NOT NULL,
  `created` timestamp NULL DEFAULT NULL,
  `changed` timestamp NOT NULL DEFAULT CURRENT_TIMESTAMP ON UPDATE CURRENT_TIMESTAMP,
  PRIMARY KEY (`id`),
  UNIQUE KEY `globalId_2` (`globalId`,`version`,`idLanguages`),
  KEY `globalId` (`globalId`),
  CONSTRAINT `globalDatetimes_ibfk_1` FOREIGN KEY (`globalId`) REFERENCES `globals` (`globalId`) ON DELETE CASCADE
) ENGINE=InnoDB AUTO_INCREMENT=3 DEFAULT CHARSET=utf8;
/*!40101 SET character_set_client = @saved_cs_client */;

--
-- Dumping data for table `globalDatetimes`
--

LOCK TABLES `globalDatetimes` WRITE;
/*!40000 ALTER TABLE `globalDatetimes` DISABLE KEYS */;
INSERT INTO `globalDatetimes` VALUES (1,'4b9e39154d52c',1,1,'03.12.2009',3,3,'2010-04-01 13:25:09','2010-04-08 14:05:03'),(2,'4b99fc7f1e684',1,1,'21.01.2010',3,3,'2010-04-01 13:26:34','2010-04-08 15:13:26');
/*!40000 ALTER TABLE `globalDatetimes` ENABLE KEYS */;
UNLOCK TABLES;

--
-- Table structure for table `globalExternals`
--

DROP TABLE IF EXISTS `globalExternals`;
/*!40101 SET @saved_cs_client     = @@character_set_client */;
/*!40101 SET character_set_client = utf8 */;
CREATE TABLE `globalExternals` (
  `id` bigint(20) unsigned NOT NULL AUTO_INCREMENT,
  `globalId` varchar(32) NOT NULL,
  `version` int(10) unsigned NOT NULL,
  `idLanguages` int(10) unsigned NOT NULL DEFAULT '1',
  `external` varchar(255) NOT NULL,
  `idUsers` bigint(20) unsigned NOT NULL,
  `creator` bigint(20) unsigned NOT NULL,
  `created` timestamp NULL DEFAULT NULL,
  `changed` timestamp NOT NULL DEFAULT CURRENT_TIMESTAMP ON UPDATE CURRENT_TIMESTAMP,
  PRIMARY KEY (`id`),
  KEY `globalId` (`globalId`),
  CONSTRAINT `globalExternals_ibfk_1` FOREIGN KEY (`globalId`) REFERENCES `globals` (`globalId`) ON DELETE CASCADE
) ENGINE=InnoDB AUTO_INCREMENT=4 DEFAULT CHARSET=utf8;
/*!40101 SET character_set_client = @saved_cs_client */;

--
-- Dumping data for table `globalExternals`
--

LOCK TABLES `globalExternals` WRITE;
/*!40000 ALTER TABLE `globalExternals` DISABLE KEYS */;
INSERT INTO `globalExternals` VALUES (1,'4bcdcf1d42a52',1,1,'http://www.famdent.com/',3,3,'2010-04-21 09:23:48','2010-04-21 11:37:31'),(2,'4bcec0931974d',1,1,'http://www.dental-expo.com/',3,3,'2010-04-21 09:24:09','2010-04-21 11:37:35'),(3,'4bcec0a8930ee',1,1,'http://www.aacd.com/',3,3,'2010-04-21 09:24:30','2010-04-21 11:48:00');
/*!40000 ALTER TABLE `globalExternals` ENABLE KEYS */;
UNLOCK TABLES;

--
-- Table structure for table `globalInternalLinks`
--

DROP TABLE IF EXISTS `globalInternalLinks`;
/*!40101 SET @saved_cs_client     = @@character_set_client */;
/*!40101 SET character_set_client = utf8 */;
CREATE TABLE `globalInternalLinks` (
  `id` bigint(20) unsigned NOT NULL AUTO_INCREMENT,
  `globalId` varchar(32) NOT NULL,
  `version` int(10) unsigned NOT NULL,
  `idLanguages` int(10) unsigned NOT NULL DEFAULT '1',
  `sortPosition` int(10) NOT NULL,
  `linkedGlobalId` varchar(32) NOT NULL,
  `idUsers` bigint(20) unsigned NOT NULL,
  `creator` bigint(20) unsigned NOT NULL,
  `created` timestamp NULL DEFAULT NULL,
  `changed` timestamp NOT NULL DEFAULT CURRENT_TIMESTAMP ON UPDATE CURRENT_TIMESTAMP,
  PRIMARY KEY (`id`),
  KEY `globalId` (`globalId`),
  KEY `version` (`version`),
  KEY `linkedGlobalId` (`linkedGlobalId`),
  CONSTRAINT `globalInternalLinks_ibfk_1` FOREIGN KEY (`globalId`) REFERENCES `globals` (`globalId`) ON DELETE CASCADE,
  CONSTRAINT `globalInternalLinks_ibfk_2` FOREIGN KEY (`linkedGlobalId`) REFERENCES `globals` (`globalId`) ON DELETE CASCADE
) ENGINE=InnoDB AUTO_INCREMENT=184 DEFAULT CHARSET=utf8;
/*!40101 SET character_set_client = @saved_cs_client */;

--
-- Dumping data for table `globalInternalLinks`
--

LOCK TABLES `globalInternalLinks` WRITE;
/*!40000 ALTER TABLE `globalInternalLinks` DISABLE KEYS */;
INSERT INTO `globalInternalLinks` VALUES (177,'4b6aa33ede16d',1,2,1,'4b6aa33ee46b0',3,3,'2010-04-19 15:06:38','2010-04-19 15:06:38'),(183,'4b6aa33ede16d',1,1,1,'4b58618e79dd2',3,3,'2010-04-22 08:38:46','2010-04-22 08:38:46');
/*!40000 ALTER TABLE `globalInternalLinks` ENABLE KEYS */;
UNLOCK TABLES;

--
-- Table structure for table `globalLabels`
--

DROP TABLE IF EXISTS `globalLabels`;
/*!40101 SET @saved_cs_client     = @@character_set_client */;
/*!40101 SET character_set_client = utf8 */;
CREATE TABLE `globalLabels` (
  `id` bigint(20) unsigned NOT NULL AUTO_INCREMENT,
  `globalId` varchar(32) NOT NULL,
  `version` int(10) unsigned NOT NULL,
  `idLanguages` int(10) unsigned NOT NULL DEFAULT '1',
  `label` bigint(20) unsigned NOT NULL,
  `idUsers` bigint(20) unsigned NOT NULL,
  `creator` bigint(20) unsigned NOT NULL,
  `created` timestamp NULL DEFAULT NULL,
  `changed` timestamp NOT NULL DEFAULT CURRENT_TIMESTAMP ON UPDATE CURRENT_TIMESTAMP,
  PRIMARY KEY (`id`),
  KEY `globalId` (`globalId`),
  KEY `version` (`version`),
  KEY `globalId_2` (`globalId`,`version`),
  CONSTRAINT `globalLabels_ibfk_1` FOREIGN KEY (`globalId`) REFERENCES `globals` (`globalId`) ON DELETE CASCADE
) ENGINE=InnoDB AUTO_INCREMENT=253 DEFAULT CHARSET=utf8;
/*!40101 SET character_set_client = @saved_cs_client */;

--
-- Dumping data for table `globalLabels`
--

LOCK TABLES `globalLabels` WRITE;
/*!40000 ALTER TABLE `globalLabels` DISABLE KEYS */;
INSERT INTO `globalLabels` VALUES (28,'4b5862458f289',1,1,80,3,3,'2010-03-23 07:35:29','2010-03-23 07:35:29'),(29,'4b586253af457',1,1,80,3,3,'2010-03-23 07:35:55','2010-03-23 07:35:55'),(31,'4b58620d299c8',1,1,80,3,3,'2010-03-23 07:36:33','2010-03-23 07:36:33'),(32,'4b5861d9d4b67',1,1,80,3,3,'2010-03-23 07:36:46','2010-03-23 07:36:46'),(35,'4b586224046a2',1,1,80,3,3,'2010-03-23 07:40:18','2010-03-23 07:40:18'),(36,'4b586238622fa',1,1,80,3,3,'2010-03-23 07:52:41','2010-03-23 07:52:41'),(46,'4b6fc9a131dd8',1,1,80,3,3,'2010-04-01 07:11:58','2010-04-01 07:11:58'),(52,'4b58614f47b56',1,1,80,3,3,'2010-04-01 08:10:32','2010-04-01 08:10:32'),(66,'4b6aa3520f7de',1,1,80,3,3,'2010-04-08 13:13:42','2010-04-08 13:13:42'),(67,'4b58626062fd8',1,1,80,3,3,'2010-04-08 13:53:53','2010-04-08 13:53:53'),(239,'4b6aa33ede16d',1,2,80,3,3,'2010-04-19 15:06:37','2010-04-19 15:06:37'),(240,'4b6aa33ede16d',1,2,447,3,3,'2010-04-19 15:06:37','2010-04-19 15:06:37'),(251,'4b6aa33ede16d',1,1,80,3,3,'2010-04-22 08:38:46','2010-04-22 08:38:46'),(252,'4b6aa33ede16d',1,1,447,3,3,'2010-04-22 08:38:46','2010-04-22 08:38:46');
/*!40000 ALTER TABLE `globalLabels` ENABLE KEYS */;
UNLOCK TABLES;

--
-- Table structure for table `globalLinks`
--

DROP TABLE IF EXISTS `globalLinks`;
/*!40101 SET @saved_cs_client     = @@character_set_client */;
/*!40101 SET character_set_client = utf8 */;
CREATE TABLE `globalLinks` (
  `id` bigint(20) unsigned NOT NULL AUTO_INCREMENT,
  `idGlobals` bigint(20) unsigned NOT NULL,
  `globalId` varchar(32) NOT NULL COMMENT 'linked global',
  PRIMARY KEY (`id`),
  KEY `idGlobals` (`idGlobals`),
  KEY `globalId` (`globalId`),
  CONSTRAINT `globalLinks_ibfk_1` FOREIGN KEY (`idGlobals`) REFERENCES `globals` (`id`) ON DELETE CASCADE,
  CONSTRAINT `globalLinks_ibfk_2` FOREIGN KEY (`globalId`) REFERENCES `globals` (`globalId`) ON DELETE CASCADE
) ENGINE=InnoDB AUTO_INCREMENT=60 DEFAULT CHARSET=utf8;
/*!40101 SET character_set_client = @saved_cs_client */;

--
-- Dumping data for table `globalLinks`
--

LOCK TABLES `globalLinks` WRITE;
/*!40000 ALTER TABLE `globalLinks` DISABLE KEYS */;
INSERT INTO `globalLinks` VALUES (5,4,'4b5860d198729'),(6,6,'4b5860df83012'),(7,8,'4b5860fc08fe4'),(8,10,'4b58612ac0a20'),(9,12,'4b58613c3c9b0'),(10,14,'4b58614f47b56'),(11,16,'4b586165d67a2'),(12,18,'4b586179c1713'),(13,20,'4b58618e770f0'),(14,22,'4b58619f4de8f'),(15,24,'4b5861aa05ec3'),(16,26,'4b5861b987a25'),(17,28,'4b5861c7dc368'),(18,30,'4b5861d9d4b67'),(19,32,'4b58620d299c8'),(20,34,'4b586224046a2'),(21,36,'4b586238622fa'),(22,38,'4b5862458f289'),(23,40,'4b586253af457'),(24,42,'4b58626062fd8'),(25,43,'4b58614f47b56'),(26,45,'4b6aa33ede16d'),(27,47,'4b6aa3520f7de'),(28,49,'4b6fc9a131dd8'),(34,63,'4b98d61546256'),(35,65,'4b98ec74e39fa'),(36,68,'4b98ba2201d0c'),(37,69,'4b98b9cc10db5'),(38,86,'4ba23bdf6a4f0'),(39,88,'4ba23cb0a516c'),(42,92,'4b586238622fa'),(53,114,'4ba37f44d554b'),(56,124,'4ba38d4649ed5'),(58,127,'4ba38f502085b'),(59,129,'4b58626062fd8');
/*!40000 ALTER TABLE `globalLinks` ENABLE KEYS */;
UNLOCK TABLES;

--
-- Table structure for table `globalProperties`
--

DROP TABLE IF EXISTS `globalProperties`;
/*!40101 SET @saved_cs_client     = @@character_set_client */;
/*!40101 SET character_set_client = utf8 */;
CREATE TABLE `globalProperties` (
  `id` bigint(20) unsigned NOT NULL AUTO_INCREMENT,
  `globalId` varchar(32) NOT NULL,
  `version` int(10) unsigned NOT NULL,
  `idLanguages` int(10) unsigned NOT NULL,
  `idLanguageFallbacks` int(10) unsigned DEFAULT '0',
  `idGenericForms` bigint(20) unsigned NOT NULL,
  `idTemplates` bigint(20) unsigned NOT NULL,
  `idGlobalTypes` bigint(20) unsigned NOT NULL,
  `showInNavigation` smallint(5) unsigned NOT NULL DEFAULT '0',
  `idUsers` bigint(20) unsigned NOT NULL,
  `creator` bigint(20) unsigned NOT NULL,
  `publisher` bigint(20) unsigned NOT NULL,
  `created` timestamp NULL DEFAULT NULL,
  `changed` timestamp NOT NULL DEFAULT CURRENT_TIMESTAMP ON UPDATE CURRENT_TIMESTAMP,
  `published` timestamp NULL DEFAULT NULL,
  `idStatus` bigint(20) unsigned NOT NULL DEFAULT '0',
  PRIMARY KEY (`id`),
  UNIQUE KEY `globalId_2` (`globalId`,`version`,`idLanguages`),
  KEY `globalId` (`globalId`),
  KEY `version` (`version`),
  KEY `idLanguages` (`idLanguages`),
  KEY `publisher` (`publisher`),
  KEY `creator` (`creator`),
  KEY `idUsers` (`idUsers`),
  CONSTRAINT `globalProperties_ibfk_1` FOREIGN KEY (`globalId`) REFERENCES `globals` (`globalId`) ON DELETE CASCADE
) ENGINE=InnoDB AUTO_INCREMENT=121 DEFAULT CHARSET=utf8;
/*!40101 SET character_set_client = @saved_cs_client */;

--
-- Dumping data for table `globalProperties`
--

LOCK TABLES `globalProperties` WRITE;
/*!40000 ALTER TABLE `globalProperties` DISABLE KEYS */;
INSERT INTO `globalProperties` VALUES (4,'4b585c594f35d',1,1,0,17,12,3,0,3,3,3,'2010-01-21 13:53:29','2010-03-12 10:12:22','2010-01-21 13:53:23',2),(5,'4b5860d198729',1,1,0,17,12,3,0,3,3,3,'2010-01-21 14:12:33','2010-03-12 14:34:42','2010-01-21 14:13:20',2),(6,'4b5860df83012',1,1,0,17,12,3,0,3,3,3,'2010-01-21 14:12:47','2010-03-31 12:48:46','2010-03-12 07:35:15',2),(7,'4b5860fc08fe4',1,1,0,17,12,3,1,3,3,3,'2010-01-21 14:13:16','2010-04-02 12:37:27','2010-02-08 14:40:44',2),(8,'4b58612ac0a20',1,1,0,17,12,3,1,3,3,3,'2010-01-21 14:14:02','2010-04-15 07:43:59','2010-02-04 09:26:32',2),(9,'4b58613c3c9b0',1,1,0,16,11,1,1,3,3,3,'2010-01-21 14:14:20','2010-03-12 13:43:48','2010-01-21 14:14:12',2),(10,'4b58614f47b56',1,1,0,16,11,1,1,3,3,3,'2010-01-21 14:14:39','2010-04-01 08:10:32','2010-01-21 14:14:32',1),(11,'4b586165d67a2',1,1,0,16,11,1,1,3,3,3,'2010-01-21 14:15:01','2010-03-12 13:43:41','2010-01-21 14:14:53',2),(12,'4b586179c1713',1,1,0,16,11,1,1,3,3,3,'2010-01-21 14:15:21','2010-03-12 13:43:44','2010-01-21 14:15:15',2),(13,'4b58618e770f0',1,1,0,16,11,1,1,3,3,3,'2010-01-21 14:15:42','2010-03-12 13:43:34','2010-01-21 14:15:35',2),(14,'4b58619f4de8f',1,1,0,17,12,3,1,3,3,3,'2010-01-21 14:15:59','2010-04-01 08:30:56','2010-02-08 15:39:35',2),(15,'4b5861aa05ec3',1,1,0,17,12,3,1,3,3,3,'2010-01-21 14:16:10','2010-03-12 13:44:05','2010-03-12 13:44:04',2),(16,'4b5861b987a25',1,1,0,17,12,3,1,3,3,3,'2010-01-21 14:16:25','2010-03-12 13:44:33','2010-03-12 13:44:32',2),(17,'4b5861c7dc368',1,1,0,17,12,3,1,3,3,3,'2010-01-21 14:16:39','2010-03-12 13:44:36','2010-03-12 13:44:35',2),(18,'4b5861d9d4b67',1,1,0,16,11,1,1,3,3,3,'2010-01-21 14:16:57','2010-03-23 07:36:46','2010-01-21 14:16:50',2),(19,'4b58620d299c8',1,1,0,16,11,1,1,3,3,3,'2010-01-21 14:17:49','2010-03-23 07:36:32','2010-01-21 14:17:40',2),(20,'4b586224046a2',1,1,0,16,11,1,1,3,3,3,'2010-01-21 14:18:12','2010-03-23 07:40:18','2010-01-21 14:18:05',2),(21,'4b586238622fa',1,1,0,16,11,1,1,3,3,3,'2010-01-21 14:18:32','2010-03-23 07:52:41','2010-01-21 14:18:26',2),(22,'4b5862458f289',1,1,0,16,11,1,1,3,3,3,'2010-01-21 14:18:45','2010-03-23 07:35:29','2010-01-21 14:18:40',2),(23,'4b586253af457',1,1,0,16,11,1,1,3,3,3,'2010-01-21 14:18:59','2010-03-23 07:35:55','2010-01-21 14:18:53',2),(24,'4b58626062fd8',1,1,0,16,11,1,1,3,3,3,'2010-01-21 14:19:12','2010-04-08 13:53:53','2010-01-21 14:19:03',2),(25,'4b5860d198729',1,2,0,17,12,3,0,3,3,3,'2010-02-02 15:29:27','2010-04-02 12:37:15','2010-02-02 15:29:24',2),(26,'4b5860fc08fe4',1,2,0,17,12,3,1,3,3,3,'2010-02-02 15:32:33','2010-04-02 12:37:23','2010-02-02 15:32:31',2),(27,'4b58612ac0a20',1,2,0,17,12,1,0,3,3,3,'2010-02-03 15:27:56','2010-02-03 15:27:56','2010-02-03 15:27:54',1),(28,'4b6aa33ede16d',1,1,0,16,14,1,1,3,3,3,'2010-02-04 10:36:46','2010-04-22 08:38:46','2010-02-04 10:36:36',2),(29,'4b6aa3520f7de',1,1,0,16,11,1,1,3,3,3,'2010-02-04 10:37:06','2010-04-08 13:13:42','2010-02-04 10:36:58',2),(30,'4b6fc9a131dd8',1,1,0,17,12,3,1,3,3,3,'2010-02-08 08:21:53','2010-04-01 07:11:58','2010-02-08 08:21:59',2),(31,'4b5860fc08fe4',1,4,0,17,12,1,0,3,3,3,'2010-02-08 16:13:50','2010-02-09 08:22:23','2010-02-08 16:13:47',1),(32,'4b58612ac0a20',1,4,0,17,12,1,0,3,3,3,'2010-02-09 08:22:52','2010-02-09 08:22:52','2010-02-09 08:22:49',1),(33,'4b6aa33ede16d',1,2,1,16,14,1,1,3,3,3,'2010-02-19 11:26:57','2010-04-19 15:06:37','2010-02-19 11:26:51',2),(38,'4b98b9cc10db5',1,1,0,16,14,1,0,3,3,3,'2010-03-11 09:37:16','2010-03-11 14:07:18','2010-03-11 09:37:10',1),(39,'4b98ba2201d0c',1,1,0,16,11,1,0,3,3,3,'2010-03-11 09:38:42','2010-03-11 14:07:41','2010-03-11 09:38:30',1),(40,'4b98c81ddf160',1,1,0,16,14,1,0,3,3,3,'2010-03-11 10:38:21','2010-03-11 10:38:28','2010-03-11 10:38:10',1),(41,'4b98d61546256',1,1,0,17,12,3,1,3,3,3,'2010-03-11 11:37:57','2010-03-12 13:41:24','2010-03-11 11:38:06',2),(42,'4b98ec74e39fa',1,1,0,17,12,3,1,3,3,3,'2010-03-11 13:13:24','2010-03-11 13:13:29',NULL,2),(46,'4b99213f386f5',1,1,0,22,18,7,1,3,3,3,'2010-03-11 16:58:39','2010-04-08 14:04:07','2010-03-11 17:17:29',2),(48,'4b992fb89f654',1,1,0,22,18,7,1,3,3,3,'2010-03-11 18:00:24','2010-03-12 08:29:21','2010-03-11 18:01:15',2),(49,'4b99301c199fc',1,1,0,22,18,7,1,3,3,3,'2010-03-11 18:02:04','2010-04-01 13:27:18','2010-03-11 18:11:21',2),(52,'4b99fc7f1e684',1,1,0,21,17,6,0,3,3,3,'2010-03-12 08:34:07','2010-04-08 15:13:26','2010-03-12 08:33:48',2),(53,'4b9e37a5988aa',1,1,0,22,18,7,1,3,3,3,'2010-03-15 13:35:33','2010-04-01 13:26:12','2010-03-24 10:45:07',2),(54,'4b9e39154d52c',1,1,0,21,17,6,0,3,3,3,'2010-03-15 13:41:41','2010-04-08 14:05:03','2009-12-15 13:39:00',2),(55,'4b9e5ad3e2ed3',1,1,0,25,21,9,0,3,3,3,'2010-03-15 16:05:39','2010-04-15 09:54:58','2010-04-14 10:24:05',2),(56,'4b9e5aefc8f29',1,1,0,25,21,9,1,3,3,3,'2010-03-15 16:06:07','2010-04-14 13:04:20','2010-04-14 11:54:21',2),(57,'4b9e5b472ef28',1,1,0,24,20,8,0,3,3,3,'2010-03-15 16:07:35','2010-04-15 08:06:43','2010-03-15 16:06:55',2),(58,'4b99213f386f5',1,2,0,22,18,7,0,3,3,3,'2010-03-17 16:30:54','2010-03-17 16:33:04','2010-03-17 16:30:52',1),(59,'4b99fc7f1e684',1,2,0,21,17,6,0,3,3,3,'2010-03-17 16:31:20','2010-03-17 16:44:45','2010-03-17 16:31:14',2),(60,'4b99301c199fc',1,2,0,22,18,1,0,3,3,3,'2010-03-17 16:37:41','2010-03-17 16:37:41','2010-03-17 16:37:40',1),(61,'4b99fc7f1e684',1,3,0,21,17,6,0,3,3,3,'2010-03-17 16:48:07','2010-03-17 16:49:38','2010-03-17 16:47:51',1),(62,'4b99fc7f1e684',1,19,0,21,17,6,0,3,3,3,'2010-03-17 17:04:27','2010-03-17 17:04:27','2010-03-17 17:04:14',1),(63,'4b99213f386f5',1,3,0,22,18,7,0,3,3,3,'2010-03-17 17:13:20','2010-03-17 17:13:20','2010-03-17 17:13:18',1),(64,'4ba23bdf6a4f0',1,1,0,16,11,1,1,3,3,3,'2010-03-18 14:42:39','2010-03-18 14:43:29','2010-03-18 14:42:31',2),(65,'4ba23cb0a516c',1,1,0,17,12,3,1,3,3,3,'2010-03-18 14:46:08','2010-03-18 14:47:24','2010-03-18 14:46:12',2),(66,'4ba23cc1d67a6',1,1,0,16,11,1,1,3,3,3,'2010-03-18 14:46:25','2010-03-18 14:47:19','2010-03-18 14:46:20',2),(67,'4ba23e1974c30',1,1,0,17,12,3,1,3,3,3,'2010-03-18 14:52:09','2010-03-19 14:28:04','2010-03-18 14:52:14',2),(74,'4ba351c55026a',1,1,0,16,11,1,0,3,3,3,'2010-03-19 10:28:21','2010-03-19 10:28:21','2010-03-19 10:28:17',1),(75,'4ba351c55026a',1,2,0,16,11,1,0,3,3,0,'2010-03-19 10:28:21','2010-03-19 10:28:21',NULL,1),(76,'4ba351daedd39',1,2,0,16,11,1,0,3,3,3,'2010-03-19 10:28:42','2010-03-19 10:30:32','2010-03-19 10:28:39',2),(77,'4ba351daedd39',1,1,0,16,11,1,0,3,3,0,'2010-03-19 10:28:42','2010-03-19 10:29:26','2010-03-19 10:29:00',1),(81,'4ba37dfb7f21c',1,1,0,16,11,1,0,3,3,3,'2010-03-19 13:36:59','2010-03-19 13:36:59','2010-03-19 13:36:53',1),(82,'4ba37dfb7f21c',1,2,0,16,11,1,0,3,3,3,'2010-03-19 13:36:59','2010-03-19 13:36:59',NULL,1),(83,'4ba37f0a340ed',1,1,0,17,12,3,1,3,3,3,'2010-03-19 13:41:30','2010-03-19 13:41:30',NULL,2),(84,'4ba37f0a340ed',1,2,0,17,12,3,1,3,3,3,'2010-03-19 13:41:30','2010-03-19 13:41:30',NULL,1),(85,'4ba37f44d554b',1,2,0,20,16,5,1,3,3,3,'2010-03-19 13:42:28','2010-03-19 13:42:57','2010-03-19 13:42:56',2),(86,'4ba37f44d554b',1,1,0,17,12,3,1,3,3,3,'2010-03-19 13:42:28','2010-03-19 13:43:03','2010-03-19 13:42:50',2),(87,'4ba37fa65add5',1,2,0,22,18,7,0,3,3,3,'2010-03-19 13:44:06','2010-03-19 13:45:40','2010-03-19 13:45:13',1),(88,'4ba37fa65add5',1,1,0,22,18,7,0,3,3,3,'2010-03-19 13:44:06','2010-03-19 13:45:06','2010-03-19 13:45:05',1),(89,'4ba38069f0c23',1,1,0,22,18,7,0,3,3,3,'2010-03-19 13:47:21','2010-03-19 13:47:21',NULL,1),(90,'4ba38069f0c23',1,2,0,22,18,7,0,3,3,3,'2010-03-19 13:47:21','2010-03-19 13:47:21',NULL,1),(93,'4ba3822c2cdd2',1,2,0,22,18,7,0,3,3,3,'2010-03-19 13:54:52','2010-03-19 13:54:52',NULL,1),(94,'4ba3822c2cdd2',1,1,0,22,18,7,0,3,3,3,'2010-03-19 13:54:52','2010-03-19 13:54:52',NULL,1),(95,'4ba38a756ed21',1,1,0,16,11,1,1,3,3,3,'2010-03-19 14:30:13','2010-03-19 14:30:13','2010-03-19 14:29:59',2),(96,'4ba38a756ed21',1,2,0,16,11,1,1,3,3,3,'2010-03-19 14:30:13','2010-03-19 14:30:13',NULL,1),(97,'4ba38a964d95c',1,1,0,17,12,3,1,3,3,3,'2010-03-19 14:30:46','2010-03-19 14:31:31','2010-03-19 14:31:23',2),(98,'4ba38a964d95c',1,2,0,17,12,3,1,3,3,3,'2010-03-19 14:30:46','2010-03-19 14:30:46',NULL,1),(99,'4ba38d4649ed5',1,1,0,17,12,3,1,3,3,3,'2010-03-19 14:42:14','2010-03-19 14:42:53','2010-03-19 14:42:22',2),(100,'4ba38d4649ed5',1,2,0,17,12,3,0,3,3,3,'2010-03-19 14:42:14','2010-03-19 14:42:14',NULL,1),(101,'4ba38f502085b',1,1,0,16,11,1,1,3,3,3,'2010-03-19 14:50:56','2010-03-19 14:51:03','2010-03-19 14:50:50',2),(102,'4ba38f502085b',1,2,0,16,11,1,1,3,3,3,'2010-03-19 14:50:56','2010-03-19 14:50:56',NULL,1),(103,'4ba9f7aa92b9b',1,1,0,22,18,7,1,3,3,3,'2010-03-24 11:29:46','2010-03-24 11:29:46',NULL,2),(104,'4ba9f7aa92b9b',1,2,0,22,18,7,1,3,3,3,'2010-03-24 11:29:46','2010-03-24 11:29:46',NULL,1),(105,'4b6aa33ede16d',1,3,1,16,14,1,1,3,3,3,'2010-04-02 12:08:31','2010-04-02 12:25:21','2010-04-02 12:08:25',2),(106,'4bc5ad6a444d9',1,1,0,0,0,0,1,3,3,0,NULL,'2010-04-14 11:56:32',NULL,2),(107,'4bc5ae12201b2',1,1,0,25,21,9,1,3,3,3,'2010-04-14 11:59:14','2010-04-14 13:04:33','2010-04-14 11:59:16',2),(108,'4bc5ae12201b2',1,2,0,25,21,9,1,3,3,3,'2010-04-14 11:59:14','2010-04-14 11:59:14',NULL,1),(109,'4bc5b7f1da58c',1,1,0,24,20,8,0,3,3,3,'2010-04-14 12:41:21','2010-04-15 12:42:21','2010-04-14 12:40:53',2),(110,'4bc5b7f1da58c',1,2,0,24,20,8,0,3,3,3,'2010-04-14 12:41:21','2010-04-14 12:41:21',NULL,1),(111,'4bcdc339c24b3',1,1,0,12,32,11,0,3,3,3,'2010-04-20 15:07:37','2010-04-21 10:11:42','2010-04-20 15:48:44',2),(112,'4bcdc339c24b3',1,2,0,12,32,11,0,3,3,3,'2010-04-20 15:07:37','2010-04-20 15:07:37',NULL,1),(113,'4bcdcf1d42a52',1,1,0,11,31,10,0,3,3,3,'2010-04-20 15:58:21','2010-04-21 11:37:31','2010-04-20 15:56:27',2),(114,'4bcdcf1d42a52',1,2,0,11,31,10,0,3,3,3,'2010-04-20 15:58:21','2010-04-20 15:58:21',NULL,1),(115,'4bcec0931974d',1,1,0,11,31,10,0,3,3,3,'2010-04-21 09:08:35','2010-04-21 11:37:35','2010-04-21 09:08:32',2),(116,'4bcec0931974d',1,2,0,11,31,10,0,3,3,3,'2010-04-21 09:08:35','2010-04-21 09:08:35',NULL,1),(117,'4bcec0a8930ee',1,1,0,11,31,10,0,3,3,3,'2010-04-21 09:08:56','2010-04-21 11:48:00','2010-04-21 09:08:52',2),(118,'4bcec0a8930ee',1,2,0,11,31,10,0,3,3,3,'2010-04-21 09:08:56','2010-04-21 09:08:56',NULL,1),(119,'4bcecd09a3373',1,1,0,12,32,11,1,3,3,3,'2010-04-21 10:01:45','2010-04-21 10:42:33','2010-04-21 10:02:23',2),(120,'4bcecd09a3373',1,2,0,12,32,11,1,3,3,3,'2010-04-21 10:01:45','2010-04-21 10:01:45',NULL,1);
/*!40000 ALTER TABLE `globalProperties` ENABLE KEYS */;
UNLOCK TABLES;

--
-- Table structure for table `globalTitles`
--

DROP TABLE IF EXISTS `globalTitles`;
/*!40101 SET @saved_cs_client     = @@character_set_client */;
/*!40101 SET character_set_client = utf8 */;
CREATE TABLE `globalTitles` (
  `id` bigint(20) unsigned NOT NULL AUTO_INCREMENT,
  `globalId` varchar(32) NOT NULL,
  `version` int(10) unsigned NOT NULL,
  `idLanguages` int(10) unsigned NOT NULL DEFAULT '1',
  `title` varchar(255) NOT NULL,
  `idUsers` bigint(20) unsigned NOT NULL,
  `creator` bigint(20) unsigned NOT NULL,
  `created` timestamp NULL DEFAULT NULL,
  `changed` timestamp NOT NULL DEFAULT CURRENT_TIMESTAMP ON UPDATE CURRENT_TIMESTAMP,
  PRIMARY KEY (`id`),
  UNIQUE KEY `globalId_2` (`globalId`,`version`,`idLanguages`),
  KEY `globalId` (`globalId`),
  CONSTRAINT `globalTitles_ibfk_1` FOREIGN KEY (`globalId`) REFERENCES `globals` (`globalId`) ON DELETE CASCADE
) ENGINE=InnoDB AUTO_INCREMENT=122 DEFAULT CHARSET=utf8;
/*!40101 SET character_set_client = @saved_cs_client */;

--
-- Dumping data for table `globalTitles`
--

LOCK TABLES `globalTitles` WRITE;
/*!40000 ALTER TABLE `globalTitles` DISABLE KEYS */;
INSERT INTO `globalTitles` VALUES (4,'4b585c594f35d',1,1,'Produktbaum',3,3,'2010-01-21 13:53:29','2010-03-12 10:12:22'),(5,'4b5860d198729',1,1,'Produkte',3,3,'2010-01-21 14:12:33','2010-03-12 14:34:42'),(6,'4b5860df83012',1,1,'Kompetenzen',3,3,'2010-01-21 14:12:47','2010-03-31 12:48:46'),(7,'4b5860fc08fe4',1,1,'Zähne',3,3,'2010-01-21 14:13:16','2010-04-02 12:37:27'),(8,'4b58612ac0a20',1,1,'Zahnzubehör',3,3,'2010-01-21 14:14:02','2010-04-15 07:43:59'),(9,'4b58613c3c9b0',1,1,'SR Phonares FormSelector',3,3,'2010-01-21 14:14:20','2010-03-12 13:43:48'),(10,'4b58614f47b56',1,1,'Zahnschrank Z444',3,3,'2010-01-21 14:14:39','2010-04-01 08:10:32'),(11,'4b586165d67a2',1,1,'Zahnschrank Z6',3,3,'2010-01-21 14:15:01','2010-03-12 13:43:41'),(12,'4b586179c1713',1,1,'Zahnschrank Z12',3,3,'2010-01-21 14:15:21','2010-03-12 13:43:44'),(13,'4b58618e770f0',1,1,'SR Phonares Zahnschrank',3,3,'2010-01-21 14:15:42','2010-03-12 13:43:34'),(14,'4b58619f4de8f',1,1,'Füllungsmaterialie',3,3,'2010-01-21 14:15:59','2010-04-01 08:30:56'),(15,'4b5861aa05ec3',1,1,'Composites',3,3,'2010-01-21 14:16:10','2010-03-12 13:44:05'),(16,'4b5861b987a25',1,1,'Compomere',3,3,'2010-01-21 14:16:25','2010-03-12 13:44:33'),(17,'4b5861c7dc368',1,1,'Amalgame',3,3,'2010-01-21 14:16:39','2010-03-12 13:44:36'),(18,'4b5861d9d4b67',1,1,'Amalcap Plus',3,3,'2010-01-21 14:16:57','2010-03-23 07:36:46'),(19,'4b58620d299c8',1,1,'Vivacap',3,3,'2010-01-21 14:17:49','2010-03-23 07:36:33'),(20,'4b586224046a2',1,1,'World-Cap',3,3,'2010-01-21 14:18:12','2010-03-23 07:40:18'),(21,'4b586238622fa',1,1,'IPS Empress Direct',3,3,'2010-01-21 14:18:32','2010-03-23 07:52:41'),(22,'4b5862458f289',1,1,'Tetric EvoCeram',3,3,'2010-01-21 14:18:45','2010-03-23 07:35:29'),(23,'4b586253af457',1,1,'Tetric EvoFlow',3,3,'2010-01-21 14:18:59','2010-03-23 07:35:55'),(24,'4b58626062fd8',1,1,'Tetric',3,3,'2010-01-21 14:19:12','2010-04-08 13:53:53'),(25,'4b5860d198729',1,2,'Products',3,3,NULL,'2010-04-02 12:37:15'),(26,'4b5860fc08fe4',1,3,'Teeths',3,3,NULL,'2010-02-02 15:32:27'),(27,'4b5860fc08fe4',1,2,'Teeths',3,3,NULL,'2010-04-02 12:37:23'),(28,'4b5860df83012',1,2,'Competences',3,3,NULL,'2010-02-03 15:09:37'),(29,'4b58612ac0a20',1,2,'Teeth Accessory',3,3,NULL,'2010-02-03 15:27:56'),(30,'4b6aa33ede16d',1,1,'Vivoperl PE - Frontzähne',3,3,'2010-02-04 10:36:46','2010-04-22 08:38:46'),(31,'4b6aa3520f7de',1,1,'Vivoperl PE - Orthotyp',3,3,'2010-02-04 10:37:06','2010-04-08 13:13:42'),(32,'4b6fc9a131dd8',1,1,'Zahnschrank',3,3,'2010-02-08 08:21:53','2010-04-01 07:11:58'),(33,'4b5860fc08fe4',1,4,'Zähne',3,3,NULL,'2010-02-09 08:22:23'),(34,'4b58612ac0a20',1,4,'Zahnzubehör',3,3,NULL,'2010-02-09 08:22:52'),(35,'4b6aa33ede16d',1,2,'Vivoperl PE',3,3,'2010-02-19 11:26:57','2010-04-19 15:06:37'),(40,'4b98b9cc10db5',1,1,'Test Produkt',3,3,'2010-03-11 09:37:16','2010-03-11 14:07:18'),(41,'4b98ba2201d0c',1,1,'Test Produkt 2',3,3,'2010-03-11 09:38:42','2010-03-11 14:07:41'),(42,'4b98c81ddf160',1,1,'Test Produkt 3',3,3,'2010-03-11 10:38:21','2010-03-11 10:38:21'),(43,'4b98d61546256',1,1,'Test  Produktgruppe',3,3,'2010-03-11 11:37:57','2010-03-12 13:41:24'),(44,'4b98ec74e39fa',1,1,'Sub Gruppe',3,3,'2010-03-11 13:13:24','2010-03-11 13:13:29'),(48,'4b99213f386f5',1,1,'Pressespiegel',3,3,'2010-03-11 16:58:39','2010-04-08 14:04:07'),(50,'4b992fb89f654',1,1,'2009 - Test',3,3,'2010-03-11 18:00:24','2010-03-12 08:29:21'),(51,'4b99301c199fc',1,1,'2010',3,3,'2010-03-11 18:02:04','2010-04-01 13:27:18'),(54,'4b99fc7f1e684',1,1,'Bringt Farbe ins Labor',3,3,'2010-03-12 08:34:07','2010-04-08 15:13:26'),(55,'4b9e37a5988aa',1,1,'2009',3,3,'2010-03-15 13:35:33','2010-04-01 13:26:12'),(56,'4b9e39154d52c',1,1,'Rundum geschützte Implantate',3,3,'2010-03-15 13:41:41','2010-04-08 14:05:03'),(57,'4b9e5ad3e2ed3',1,1,'Kurse',3,3,'2010-03-15 16:05:39','2010-04-15 09:54:58'),(58,'4b9e5aefc8f29',1,1,'Liechtenstein',3,3,'2010-03-15 16:06:07','2010-04-14 13:04:20'),(59,'4b9e5b472ef28',1,1,'Tipps und Tricks',3,3,'2010-03-15 16:07:35','2010-04-15 08:06:43'),(60,'4b99213f386f5',1,2,'Press',3,3,NULL,'2010-03-17 16:33:04'),(61,'4b99fc7f1e684',1,2,'Color',3,3,'2010-03-17 16:31:20','2010-03-17 16:44:45'),(62,'4b99301c199fc',1,2,'2010',3,3,NULL,'2010-03-17 16:37:41'),(63,'4b99fc7f1e684',1,3,'Color',3,3,'2010-03-17 16:48:07','2010-03-17 16:49:38'),(64,'4b99fc7f1e684',1,19,'CN',3,3,'2010-03-17 17:04:27','2010-03-17 17:04:27'),(65,'4b99213f386f5',1,3,'Press',3,3,NULL,'2010-03-17 17:13:20'),(66,'4ba23bdf6a4f0',1,1,'Zahnschrank',3,3,'2010-03-18 14:42:39','2010-03-18 14:43:29'),(67,'4ba23cb0a516c',1,1,'Test',3,3,'2010-03-18 14:46:08','2010-03-18 14:47:24'),(68,'4ba23cc1d67a6',1,1,'Test',3,3,'2010-03-18 14:46:25','2010-03-18 14:47:19'),(69,'4ba23e1974c30',1,1,'Zubehör',3,3,'2010-03-18 14:52:09','2010-03-19 14:28:04'),(78,'4ba351c55026a',1,1,'test',3,3,'2010-03-19 10:28:21','2010-03-19 10:28:21'),(79,'4ba351c55026a',1,2,'test',3,3,'2010-03-19 10:28:21','2010-03-19 10:28:21'),(80,'4ba351daedd39',1,2,'test',3,3,'2010-03-19 10:28:42','2010-03-19 10:30:32'),(81,'4ba351daedd39',1,1,'test',3,3,'2010-03-19 10:28:42','2010-03-19 10:29:26'),(85,'4ba37dfb7f21c',1,1,'Test',3,3,'2010-03-19 13:36:59','2010-03-19 13:36:59'),(86,'4ba37dfb7f21c',1,2,'Test',3,3,'2010-03-19 13:36:59','2010-03-19 13:36:59'),(87,'4ba37f0a340ed',1,1,'Sub Sub Gruppe',3,3,'2010-03-19 13:41:30','2010-03-19 13:41:30'),(88,'4ba37f0a340ed',1,2,'Sub Sub Gruppe',3,3,'2010-03-19 13:41:30','2010-03-19 13:41:30'),(89,'4ba37f44d554b',1,1,'Sub Sub Group',3,3,NULL,'2010-03-19 13:43:03'),(90,'4ba37fa65add5',1,1,'2008',3,3,NULL,'2010-03-19 13:45:06'),(91,'4ba37fa65add5',1,2,'2008',3,3,NULL,'2010-03-19 13:45:40'),(92,'4ba38069f0c23',1,1,'2007',3,3,'2010-03-19 13:47:21','2010-03-19 13:47:21'),(93,'4ba38069f0c23',1,2,'2007',3,3,'2010-03-19 13:47:21','2010-03-19 13:47:21'),(94,'4ba3822c2cdd2',1,2,'2006',3,3,'2010-03-19 13:54:52','2010-03-19 13:54:52'),(95,'4ba3822c2cdd2',1,1,'2006',3,3,'2010-03-19 13:54:52','2010-03-19 13:54:52'),(96,'4ba38a756ed21',1,1,'Zahnschrank 2',3,3,'2010-03-19 14:30:13','2010-03-19 14:30:13'),(97,'4ba38a756ed21',1,2,'Zahnschrank 2',3,3,'2010-03-19 14:30:13','2010-03-19 14:30:13'),(98,'4ba38a964d95c',1,1,'Zahnschrank blau',3,3,'2010-03-19 14:30:46','2010-03-19 14:31:31'),(99,'4ba38a964d95c',1,2,'Zahnschrank blau',3,3,'2010-03-19 14:30:46','2010-03-19 14:30:46'),(100,'4ba38d4649ed5',1,1,'Zubehör',3,3,'2010-03-19 14:42:14','2010-03-19 14:42:53'),(101,'4ba38d4649ed5',1,2,'Zubehör',3,3,'2010-03-19 14:42:14','2010-03-19 14:42:14'),(102,'4ba38f502085b',1,1,'Erweiterung',3,3,'2010-03-19 14:50:56','2010-03-19 14:51:03'),(103,'4ba38f502085b',1,2,'Erweiterung',3,3,'2010-03-19 14:50:56','2010-03-19 14:50:56'),(104,'4ba9f7aa92b9b',1,1,'2008',3,3,'2010-03-24 11:29:46','2010-03-24 11:29:46'),(105,'4ba9f7aa92b9b',1,2,'2008',3,3,'2010-03-24 11:29:46','2010-03-24 11:29:46'),(106,'4b6aa33ede16d',1,3,'Vivoperl PE',3,3,'2010-04-02 12:08:31','2010-04-02 12:25:21'),(107,'4bc5ad6a444d9',1,1,'ICDE Liechtenstein',3,3,NULL,'2010-04-14 11:56:32'),(108,'4bc5ae12201b2',1,1,'ICDE Liechtenstein',3,3,'2010-04-14 11:59:14','2010-04-14 13:04:33'),(109,'4bc5ae12201b2',1,2,'ICDE Liechtenstein',3,3,'2010-04-14 11:59:14','2010-04-14 11:59:14'),(110,'4bc5b7f1da58c',1,1,'Implantatprothetik: Mit SR Phonares zum Erfolg',3,3,'2010-04-14 12:41:21','2010-04-15 12:42:21'),(111,'4bc5b7f1da58c',1,2,'Implantatprothetik: Mit SR Phonares zum Erfolg',3,3,'2010-04-14 12:41:21','2010-04-14 12:41:21'),(112,'4bcdc339c24b3',1,1,'2010',3,3,'2010-04-20 15:07:37','2010-04-21 10:11:42'),(113,'4bcdc339c24b3',1,2,'Messen',3,3,'2010-04-20 15:07:37','2010-04-20 15:07:37'),(114,'4bcdcf1d42a52',1,1,'Famdent , Hyderabad, Indien',3,3,'2010-04-20 15:58:21','2010-04-21 11:37:31'),(115,'4bcdcf1d42a52',1,2,'Famdent , Hyderabad, Indien',3,3,'2010-04-20 15:58:21','2010-04-20 15:58:21'),(116,'4bcec0931974d',1,1,'Dental Salon 2010, Moscow, Russia',3,3,'2010-04-21 09:08:35','2010-04-21 11:37:35'),(117,'4bcec0931974d',1,2,'Dental Salon 2010, Moscow, Russia',3,3,'2010-04-21 09:08:35','2010-04-21 09:08:35'),(118,'4bcec0a8930ee',1,1,'26th AACD Annual Scientific Session, Grapevine, Texas, USA',3,3,'2010-04-21 09:08:56','2010-04-21 11:48:00'),(119,'4bcec0a8930ee',1,2,'26th AACD Annual Scientific Session, Grapevine, Texas, USA',3,3,'2010-04-21 09:08:56','2010-04-21 09:08:56'),(120,'4bcecd09a3373',1,1,'Messen',3,3,'2010-04-21 10:01:45','2010-04-21 10:42:33'),(121,'4bcecd09a3373',1,2,'Messen',3,3,'2010-04-21 10:01:45','2010-04-21 10:01:45');
/*!40000 ALTER TABLE `globalTitles` ENABLE KEYS */;
UNLOCK TABLES;

--
-- Table structure for table `globalTypePageTypes`
--

DROP TABLE IF EXISTS `globalTypePageTypes`;
/*!40101 SET @saved_cs_client     = @@character_set_client */;
/*!40101 SET character_set_client = utf8 */;
CREATE TABLE `globalTypePageTypes` (
  `idGlobalTypes` bigint(20) unsigned NOT NULL,
  `idPageTypes` bigint(20) unsigned NOT NULL,
  PRIMARY KEY (`idGlobalTypes`,`idPageTypes`),
  KEY `idPageTypes` (`idPageTypes`),
  CONSTRAINT `globalTypePageTypes_ibfk_2` FOREIGN KEY (`idPageTypes`) REFERENCES `pageTypes` (`id`) ON DELETE CASCADE,
  CONSTRAINT `globalTypePageTypes_ibfk_3` FOREIGN KEY (`idGlobalTypes`) REFERENCES `globalTypes` (`id`) ON DELETE CASCADE
) ENGINE=InnoDB DEFAULT CHARSET=utf8;
/*!40101 SET character_set_client = @saved_cs_client */;

--
-- Dumping data for table `globalTypePageTypes`
--

LOCK TABLES `globalTypePageTypes` WRITE;
/*!40000 ALTER TABLE `globalTypePageTypes` DISABLE KEYS */;
INSERT INTO `globalTypePageTypes` VALUES (1,7),(2,7),(3,7),(6,8),(7,8),(8,10),(9,10),(10,11),(11,11);
/*!40000 ALTER TABLE `globalTypePageTypes` ENABLE KEYS */;
UNLOCK TABLES;

--
-- Table structure for table `globalTypeTitles`
--

DROP TABLE IF EXISTS `globalTypeTitles`;
/*!40101 SET @saved_cs_client     = @@character_set_client */;
/*!40101 SET character_set_client = utf8 */;
CREATE TABLE `globalTypeTitles` (
  `id` bigint(20) unsigned NOT NULL AUTO_INCREMENT,
  `idGlobalTypes` bigint(20) unsigned NOT NULL,
  `idLanguages` int(10) unsigned NOT NULL DEFAULT '1',
  `title` varchar(100) NOT NULL,
  PRIMARY KEY (`id`),
  KEY `idGlobalTypes` (`idGlobalTypes`)
) ENGINE=InnoDB AUTO_INCREMENT=12 DEFAULT CHARSET=utf8;
/*!40101 SET character_set_client = @saved_cs_client */;

--
-- Dumping data for table `globalTypeTitles`
--

LOCK TABLES `globalTypeTitles` WRITE;
/*!40000 ALTER TABLE `globalTypeTitles` DISABLE KEYS */;
INSERT INTO `globalTypeTitles` VALUES (1,1,1,'Produkt'),(2,2,1,'Verlinkung'),(3,3,1,'Übersicht'),(4,4,1,'Seite'),(5,5,1,'Übersicht'),(6,6,1,'Presse'),(7,7,1,'Übersicht'),(8,8,1,'Kurs'),(9,9,1,'Übersicht'),(10,10,1,'Event'),(11,11,1,'Übersicht');
/*!40000 ALTER TABLE `globalTypeTitles` ENABLE KEYS */;
UNLOCK TABLES;

--
-- Table structure for table `globalTypes`
--

DROP TABLE IF EXISTS `globalTypes`;
/*!40101 SET @saved_cs_client     = @@character_set_client */;
/*!40101 SET character_set_client = utf8 */;
CREATE TABLE `globalTypes` (
  `id` bigint(20) unsigned NOT NULL AUTO_INCREMENT,
  `idRootLevelGroups` int(10) unsigned NOT NULL,
  `title` varchar(255) NOT NULL,
  `element` tinyint(1) NOT NULL DEFAULT '0',
  `startelement` tinyint(1) NOT NULL DEFAULT '0',
  PRIMARY KEY (`id`),
  KEY `global` (`element`),
  KEY `startglobal` (`startelement`)
) ENGINE=InnoDB AUTO_INCREMENT=12 DEFAULT CHARSET=utf8;
/*!40101 SET character_set_client = @saved_cs_client */;

--
-- Dumping data for table `globalTypes`
--

LOCK TABLES `globalTypes` WRITE;
/*!40000 ALTER TABLE `globalTypes` DISABLE KEYS */;
INSERT INTO `globalTypes` VALUES (1,9,'product',1,1),(2,9,'product_link',0,0),(3,9,'product_overview',0,1),(4,8,'content',1,1),(5,8,'content_overview',0,1),(6,10,'press',1,1),(7,10,'press_overview',0,1),(8,11,'course',1,1),(9,11,'course_overview',0,1),(10,13,'event',1,1),(11,13,'event_overview',0,1);
/*!40000 ALTER TABLE `globalTypes` ENABLE KEYS */;
UNLOCK TABLES;

--
-- Table structure for table `globalVideos`
--

DROP TABLE IF EXISTS `globalVideos`;
/*!40101 SET @saved_cs_client     = @@character_set_client */;
/*!40101 SET character_set_client = utf8 */;
CREATE TABLE `globalVideos` (
  `id` bigint(20) unsigned NOT NULL AUTO_INCREMENT,
  `globalId` varchar(32) NOT NULL,
  `version` int(10) unsigned NOT NULL,
  `idLanguages` int(10) unsigned NOT NULL DEFAULT '1',
  `userId` varchar(32) NOT NULL,
  `videoId` varchar(64) NOT NULL,
  `title` varchar(255) NOT NULL,
  `thumb` varchar(255) NOT NULL,
  `idVideoTypes` int(10) unsigned NOT NULL,
  `creator` bigint(20) unsigned NOT NULL,
  `created` timestamp NULL DEFAULT CURRENT_TIMESTAMP ON UPDATE CURRENT_TIMESTAMP,
  PRIMARY KEY (`id`),
  KEY `globalId` (`globalId`),
  KEY `version` (`version`),
  CONSTRAINT `globalVideos_ibfk_1` FOREIGN KEY (`globalId`) REFERENCES `globals` (`globalId`) ON DELETE CASCADE
) ENGINE=InnoDB DEFAULT CHARSET=utf8 ROW_FORMAT=COMPACT;
/*!40101 SET character_set_client = @saved_cs_client */;

--
-- Dumping data for table `globalVideos`
--

LOCK TABLES `globalVideos` WRITE;
/*!40000 ALTER TABLE `globalVideos` DISABLE KEYS */;
/*!40000 ALTER TABLE `globalVideos` ENABLE KEYS */;
UNLOCK TABLES;

--
-- Table structure for table `globals`
--

DROP TABLE IF EXISTS `globals`;
/*!40101 SET @saved_cs_client     = @@character_set_client */;
/*!40101 SET character_set_client = utf8 */;
CREATE TABLE `globals` (
  `id` bigint(20) unsigned NOT NULL AUTO_INCREMENT,
  `idParent` bigint(20) unsigned NOT NULL,
  `idParentTypes` bigint(20) unsigned NOT NULL,
  `isStartGlobal` tinyint(1) NOT NULL DEFAULT '0',
  `idUsers` bigint(20) unsigned NOT NULL,
  `sortPosition` bigint(20) unsigned NOT NULL,
  `sortTimestamp` timestamp NULL DEFAULT NULL,
  `globalId` varchar(32) NOT NULL,
  `version` int(10) unsigned NOT NULL,
  `creator` bigint(20) unsigned NOT NULL,
  `created` timestamp NULL DEFAULT NULL,
  `changed` timestamp NOT NULL DEFAULT CURRENT_TIMESTAMP ON UPDATE CURRENT_TIMESTAMP,
  PRIMARY KEY (`id`),
  KEY `version` (`version`),
  KEY `globalId` (`globalId`),
  KEY `globalId_2` (`globalId`,`version`)
) ENGINE=InnoDB AUTO_INCREMENT=138 DEFAULT CHARSET=utf8;
/*!40101 SET character_set_client = @saved_cs_client */;

--
-- Dumping data for table `globals`
--

LOCK TABLES `globals` WRITE;
/*!40000 ALTER TABLE `globals` DISABLE KEYS */;
INSERT INTO `globals` VALUES (1,11,1,1,3,999999,'2010-01-21 13:55:23','4b585c594f35d',1,3,'2010-01-21 13:55:23','2010-03-12 10:12:22'),(3,11,1,1,3,999999,'2010-01-21 14:12:33','4b5860d198729',1,3,'2010-01-21 14:12:33','2010-04-02 12:37:15'),(4,17,2,1,3,0,'2010-01-21 14:12:33','4b5860d19b7e6',1,3,'2010-01-21 14:12:33','2010-01-21 14:12:33'),(5,11,1,1,3,999999,'2010-01-21 14:12:47','4b5860df83012',1,3,'2010-01-21 14:12:47','2010-03-31 12:48:46'),(6,18,2,1,3,0,'2010-01-21 14:12:47','4b5860df86e03',1,3,'2010-01-21 14:12:47','2010-01-21 14:12:47'),(7,11,1,1,3,999999,'2010-01-21 14:13:16','4b5860fc08fe4',1,3,'2010-01-21 14:13:16','2010-04-02 12:37:27'),(8,19,2,1,3,0,'2010-01-21 14:13:16','4b5860fc1014c',1,3,'2010-01-21 14:13:16','2010-01-21 14:13:16'),(9,11,1,1,3,999999,'2010-01-21 14:14:02','4b58612ac0a20',1,3,'2010-01-21 14:14:02','2010-04-15 07:43:59'),(10,20,2,1,3,0,'2010-01-21 14:14:02','4b58612ac2a1f',1,3,'2010-01-21 14:14:02','2010-01-21 14:14:02'),(11,11,1,0,3,999999,'2010-01-21 14:14:20','4b58613c3c9b0',1,3,'2010-01-21 14:14:20','2010-03-12 13:43:48'),(12,20,2,0,3,7,'2010-03-19 14:31:47','4b58613c42670',1,3,'2010-01-21 14:14:20','2010-03-19 14:31:47'),(13,11,1,0,3,999999,'2010-01-21 14:14:39','4b58614f47b56',1,3,'2010-01-21 14:14:39','2010-04-01 08:10:32'),(14,20,2,0,3,4,'2010-03-19 14:31:47','4b58614f4a383',1,3,'2010-01-21 14:14:39','2010-03-19 14:31:47'),(15,11,1,0,3,999999,'2010-01-21 14:15:01','4b586165d67a2',1,3,'2010-01-21 14:15:01','2010-03-12 13:43:41'),(16,20,2,0,3,5,'2010-03-19 14:31:47','4b586165dcf1b',1,3,'2010-01-21 14:15:01','2010-03-19 14:31:47'),(17,11,1,0,3,999999,'2010-01-21 14:15:21','4b586179c1713',1,3,'2010-01-21 14:15:21','2010-03-12 13:43:44'),(18,20,2,0,3,6,'2010-03-19 14:31:47','4b586179c46b1',1,3,'2010-01-21 14:15:21','2010-03-19 14:31:47'),(19,11,1,0,3,999999,'2010-01-21 14:15:42','4b58618e770f0',1,3,'2010-01-21 14:15:42','2010-03-12 13:43:34'),(20,20,2,0,3,3,'2010-03-19 14:31:47','4b58618e79dd2',1,3,'2010-01-21 14:15:42','2010-03-19 14:31:47'),(21,11,1,1,3,999999,'2010-01-21 14:15:59','4b58619f4de8f',1,3,'2010-01-21 14:15:59','2010-04-01 08:30:56'),(22,21,2,1,3,0,'2010-01-21 14:15:59','4b58619f4fcb2',1,3,'2010-01-21 14:15:59','2010-01-21 14:15:59'),(23,11,1,1,3,999999,'2010-01-21 14:16:10','4b5861aa05ec3',1,3,'2010-01-21 14:16:10','2010-03-12 13:44:05'),(24,22,2,1,3,0,'2010-01-21 14:16:10','4b5861aa08015',1,3,'2010-01-21 14:16:10','2010-01-21 14:16:10'),(25,11,1,1,3,999999,'2010-01-21 14:16:25','4b5861b987a25',1,3,'2010-01-21 14:16:25','2010-03-12 13:44:33'),(26,23,2,1,3,0,'2010-01-21 14:16:25','4b5861b98b94e',1,3,'2010-01-21 14:16:25','2010-01-21 14:16:25'),(27,11,1,1,3,999999,'2010-01-21 14:16:39','4b5861c7dc368',1,3,'2010-01-21 14:16:39','2010-03-12 13:44:36'),(28,24,2,1,3,0,'2010-01-21 14:16:39','4b5861c7e0b3f',1,3,'2010-01-21 14:16:39','2010-01-21 14:16:39'),(29,11,1,0,3,999999,'2010-01-21 14:16:57','4b5861d9d4b67',1,3,'2010-01-21 14:16:57','2010-03-23 07:36:46'),(30,24,2,0,3,1,'2010-01-21 14:16:57','4b5861d9d6fe2',1,3,'2010-01-21 14:16:57','2010-01-21 14:16:57'),(31,11,1,0,3,999999,'2010-01-21 14:17:49','4b58620d299c8',1,3,'2010-01-21 14:17:49','2010-03-23 07:36:32'),(32,24,2,0,3,2,'2010-01-21 14:17:49','4b58620d2c296',1,3,'2010-01-21 14:17:49','2010-01-21 14:17:49'),(33,11,1,0,3,999999,'2010-01-21 14:18:12','4b586224046a2',1,3,'2010-01-21 14:18:12','2010-03-23 07:40:18'),(34,24,2,0,3,3,'2010-01-21 14:18:12','4b58622406b7c',1,3,'2010-01-21 14:18:12','2010-01-21 14:18:12'),(35,11,1,0,3,999999,'2010-01-21 14:18:32','4b586238622fa',1,3,'2010-01-21 14:18:32','2010-03-23 07:52:41'),(36,22,2,0,3,1,'2010-01-21 14:18:32','4b58623864aca',1,3,'2010-01-21 14:18:32','2010-01-21 14:18:32'),(37,11,1,0,3,999999,'2010-01-21 14:18:45','4b5862458f289',1,3,'2010-01-21 14:18:45','2010-03-23 07:35:29'),(38,22,2,0,3,2,'2010-01-21 14:18:45','4b586245918e2',1,3,'2010-01-21 14:18:45','2010-01-21 14:18:45'),(39,11,1,0,3,999999,'2010-01-21 14:18:59','4b586253af457',1,3,'2010-01-21 14:18:59','2010-03-23 07:35:55'),(40,22,2,0,3,3,'2010-01-21 14:18:59','4b586253b2f3f',1,3,'2010-01-21 14:18:59','2010-01-21 14:18:59'),(41,11,1,0,3,999999,'2010-01-21 14:19:12','4b58626062fd8',1,3,'2010-01-21 14:19:12','2010-04-08 13:53:53'),(42,22,2,0,3,4,'2010-01-21 14:19:12','4b586260653d3',1,3,'2010-01-21 14:19:12','2010-01-21 14:19:12'),(43,21,2,0,3,4,'2010-02-02 13:15:12','4b682560af736',1,3,'2010-02-02 13:15:12','2010-02-02 13:15:12'),(44,11,1,0,3,4,'2010-03-19 11:31:49','4b6aa33ede16d',1,3,'2010-02-04 10:36:46','2010-04-22 08:38:46'),(45,19,2,0,3,2,'2010-03-19 13:22:01','4b6aa33ee46b0',1,3,'2010-02-04 10:36:46','2010-03-19 13:22:01'),(46,11,1,0,3,3,'2010-03-19 11:31:49','4b6aa3520f7de',1,3,'2010-02-04 10:37:06','2010-04-08 13:13:42'),(47,19,2,0,3,3,'2010-03-19 13:22:01','4b6aa35212a88',1,3,'2010-02-04 10:37:06','2010-03-19 13:22:01'),(48,11,1,1,3,999999,'2010-02-08 08:21:53','4b6fc9a131dd8',1,3,'2010-02-08 08:21:53','2010-04-01 07:11:58'),(49,28,2,1,3,0,'2010-02-08 08:21:53','4b6fc9a136867',1,3,'2010-02-08 08:21:53','2010-02-08 08:21:53'),(56,11,1,0,3,999999,'2010-03-11 09:37:16','4b98b9cc10db5',1,3,'2010-03-11 09:37:16','2010-03-11 14:07:18'),(58,11,1,0,3,999999,'2010-03-11 09:38:42','4b98ba2201d0c',1,3,'2010-03-11 09:38:42','2010-03-11 14:07:41'),(60,11,1,0,3,999999,'2010-03-11 10:38:21','4b98c81ddf160',1,3,'2010-03-11 10:38:21','2010-03-11 10:38:28'),(62,11,1,1,3,999999,'2010-03-11 11:37:57','4b98d61546256',1,3,'2010-03-11 11:37:57','2010-03-11 11:38:11'),(63,29,2,1,3,0,'2010-03-11 11:37:57','4b98d615473e3',1,3,'2010-03-11 11:37:57','2010-03-11 11:37:57'),(64,11,1,1,3,999999,'2010-03-11 13:13:24','4b98ec74e39fa',1,3,'2010-03-11 13:13:24','2010-03-11 13:13:24'),(65,30,2,1,3,0,'2010-03-11 13:13:24','4b98ec74e5b28',1,3,'2010-03-11 13:13:24','2010-03-11 13:13:24'),(66,30,2,0,3,1,'2010-03-11 14:02:17','4b98f7e90cfc4',1,3,'2010-03-11 14:02:17','2010-03-11 14:02:17'),(67,30,2,0,3,1,'2010-03-11 14:02:52','4b98f80ce638b',1,3,'2010-03-11 14:02:52','2010-03-11 14:02:52'),(68,30,2,0,3,1,'2010-03-11 14:07:05','4b98f909e0666',1,3,'2010-03-11 14:07:05','2010-03-11 14:07:05'),(69,30,2,0,3,2,'2010-03-11 14:07:09','4b98f90dddbf0',1,3,'2010-03-11 14:07:09','2010-03-11 14:07:09'),(73,31,2,1,3,0,'2010-03-11 16:58:39','4b99213f386f5',1,3,'2010-03-11 16:58:39','2010-04-08 14:04:07'),(75,35,2,1,3,0,'2010-03-11 18:00:24','4b992fb89f654',1,3,'2010-03-11 18:00:24','2010-03-12 07:35:30'),(76,36,2,1,3,0,'2010-03-11 18:02:04','4b99301c199fc',1,3,'2010-03-11 18:02:04','2010-04-01 13:27:17'),(79,36,2,0,3,1,'2010-03-12 08:34:07','4b99fc7f1e684',1,3,'2010-03-12 08:34:07','2010-04-08 15:13:26'),(80,37,2,1,3,0,'2010-03-24 11:31:07','4b9e37a5988aa',1,3,'2010-03-15 13:35:33','2010-04-01 13:26:12'),(81,37,2,0,3,1,'2010-03-15 13:41:41','4b9e39154d52c',1,3,'2010-03-15 13:41:41','2010-04-08 14:05:03'),(82,42,2,1,3,0,'2010-03-15 16:05:39','4b9e5ad3e2ed3',1,3,'2010-03-15 16:05:39','2010-04-15 09:54:58'),(83,43,2,1,3,0,'2010-03-15 16:06:07','4b9e5aefc8f29',1,3,'2010-03-15 16:06:07','2010-04-14 13:04:20'),(84,43,2,0,3,1,'2010-03-15 16:07:35','4b9e5b472ef28',1,3,'2010-03-15 16:07:35','2010-04-15 08:06:43'),(85,11,1,0,3,999999,'2010-03-18 14:42:39','4ba23bdf6a4f0',1,3,'2010-03-18 14:42:39','2010-03-18 14:43:29'),(86,28,2,0,3,2,'2010-03-18 14:55:20','4ba23bdf70b46',1,3,'2010-03-18 14:42:39','2010-03-18 14:55:20'),(87,50,2,1,3,0,'2010-03-18 14:46:08','4ba23cb0a516c',1,3,'2010-03-18 14:46:08','2010-03-18 14:47:24'),(88,50,2,1,3,1,'2010-03-18 14:46:08','4ba23cb0a7710',1,3,'2010-03-18 14:46:08','2010-03-18 14:46:08'),(89,11,1,0,3,999999,'2010-03-18 14:46:25','4ba23cc1d67a6',1,3,'2010-03-18 14:46:25','2010-03-18 14:47:19'),(92,28,2,0,3,3,'2010-03-18 14:55:13','4ba23da952c17',1,3,'2010-03-18 14:50:17','2010-03-18 14:55:13'),(93,51,2,1,3,0,'2010-03-18 14:52:09','4ba23e1974c30',1,3,'2010-03-18 14:52:09','2010-03-19 14:28:04'),(104,11,1,0,3,999999,'2010-03-19 10:28:21','4ba351c55026a',1,3,'2010-03-19 10:28:21','2010-03-19 10:28:21'),(106,11,1,0,3,2,'2010-03-19 11:31:49','4ba351daedd39',1,3,'2010-03-19 10:28:42','2010-03-19 11:31:49'),(109,11,1,0,3,999999,'2010-03-19 13:36:59','4ba37dfb7f21c',1,3,'2010-03-19 13:36:59','2010-03-19 13:36:59'),(111,56,2,1,3,0,'2010-03-19 13:41:30','4ba37f0a340ed',1,3,'2010-03-19 13:41:30','2010-03-19 13:41:30'),(113,57,2,1,3,0,'2010-03-19 13:42:28','4ba37f44d554b',1,3,'2010-03-19 13:42:28','2010-03-19 13:42:57'),(114,57,2,1,3,1,'2010-03-19 13:42:28','4ba37f44d7fa7',1,3,'2010-03-19 13:42:28','2010-03-19 13:42:28'),(115,59,2,1,3,0,'2010-03-19 13:44:06','4ba37fa65add5',1,3,'2010-03-19 13:44:06','2010-03-19 13:45:40'),(116,60,2,1,3,0,'2010-03-19 13:47:21','4ba38069f0c23',1,3,'2010-03-19 13:47:21','2010-03-19 13:47:21'),(118,62,2,1,3,0,'2010-03-19 13:54:52','4ba3822c2cdd2',1,3,'2010-03-19 13:54:52','2010-03-19 13:54:52'),(119,11,1,0,3,999999,'2010-03-19 14:30:13','4ba38a756ed21',1,3,'2010-03-19 14:30:13','2010-03-19 14:30:13'),(121,63,2,1,3,0,'2010-03-19 14:30:46','4ba38a964d95c',1,3,'2010-03-19 14:30:46','2010-03-19 14:31:31'),(123,11,1,1,3,999999,'2010-03-19 14:42:14','4ba38d4649ed5',1,3,'2010-03-19 14:42:14','2010-03-19 14:42:53'),(124,65,2,1,3,0,'2010-03-19 14:42:14','4ba38d464bf0c',1,3,'2010-03-19 14:42:14','2010-03-19 14:42:14'),(126,11,1,0,3,999999,'2010-03-19 14:50:56','4ba38f502085b',1,3,'2010-03-19 14:50:56','2010-03-19 14:51:03'),(127,65,2,0,3,1,'2010-03-19 14:50:56','4ba38f5024d6f',1,3,'2010-03-19 14:50:56','2010-03-19 14:50:56'),(128,71,2,1,3,0,'2010-03-24 11:29:46','4ba9f7aa92b9b',1,3,'2010-03-24 11:29:46','2010-03-24 11:29:46'),(129,18,2,0,21,0,'2010-03-25 16:51:27','4bab948fa7c6d',1,21,'2010-03-25 16:51:27','2010-03-25 16:51:27'),(130,76,2,1,3,0,'2010-04-14 11:56:26','4bc5ad6a444d9',1,3,'2010-04-14 11:56:26','2010-04-14 11:56:26'),(131,77,2,1,3,0,'2010-04-14 11:59:14','4bc5ae12201b2',1,3,'2010-04-14 11:59:14','2010-04-14 13:04:33'),(132,77,2,0,3,1,'2010-04-14 12:41:21','4bc5b7f1da58c',1,3,'2010-04-14 12:41:21','2010-04-15 12:42:21'),(133,82,2,1,3,0,'2010-04-20 15:07:37','4bcdc339c24b3',1,3,'2010-04-20 15:07:37','2010-04-21 10:03:06'),(134,82,2,0,3,1,'2010-04-20 15:58:21','4bcdcf1d42a52',1,3,'2010-04-20 15:58:21','2010-04-21 11:37:31'),(135,82,2,0,3,2,'2010-04-21 09:08:35','4bcec0931974d',1,3,'2010-04-21 09:08:35','2010-04-21 11:37:35'),(136,82,2,0,3,3,'2010-04-21 09:08:56','4bcec0a8930ee',1,3,'2010-04-21 09:08:56','2010-04-21 11:48:00'),(137,84,2,1,3,0,'2010-04-21 10:01:45','4bcecd09a3373',1,3,'2010-04-21 10:01:45','2010-04-21 10:42:33');
/*!40000 ALTER TABLE `globals` ENABLE KEYS */;
UNLOCK TABLES;

--
-- Table structure for table `groupPermissions`
--

DROP TABLE IF EXISTS `groupPermissions`;
/*!40101 SET @saved_cs_client     = @@character_set_client */;
/*!40101 SET character_set_client = utf8 */;
CREATE TABLE `groupPermissions` (
  `idGroups` bigint(20) unsigned NOT NULL,
  `idLanguages` bigint(20) unsigned NOT NULL,
  `idPermissions` bigint(20) unsigned NOT NULL,
  PRIMARY KEY (`idGroups`,`idLanguages`,`idPermissions`),
  KEY `idPermissions` (`idPermissions`),
  CONSTRAINT `groupPermissions_ibfk_1` FOREIGN KEY (`idGroups`) REFERENCES `groups` (`id`) ON DELETE CASCADE,
  CONSTRAINT `groupPermissions_ibfk_2` FOREIGN KEY (`idPermissions`) REFERENCES `permissions` (`id`) ON DELETE CASCADE
) ENGINE=InnoDB DEFAULT CHARSET=utf8;
/*!40101 SET character_set_client = @saved_cs_client */;

--
-- Dumping data for table `groupPermissions`
--

LOCK TABLES `groupPermissions` WRITE;
/*!40000 ALTER TABLE `groupPermissions` DISABLE KEYS */;
INSERT INTO `groupPermissions` VALUES (1,0,1),(2,0,1),(3,0,1),(4,1,1),(4,2,1),(5,0,1),(6,0,1),(7,0,1),(1,0,2),(2,0,2),(3,0,2),(5,0,2),(6,0,2),(7,0,2),(1,0,3),(2,0,3),(3,0,3),(4,2,3),(5,0,3),(6,0,3),(7,0,3),(1,0,4),(2,0,4),(3,0,4),(5,0,4),(6,0,4),(7,0,4),(1,0,5),(2,0,5),(3,0,5),(5,0,5),(7,0,5),(1,0,6),(2,0,6),(3,0,6),(5,0,6),(7,0,6),(1,0,7);
/*!40000 ALTER TABLE `groupPermissions` ENABLE KEYS */;
UNLOCK TABLES;

--
-- Table structure for table `groupTypes`
--

DROP TABLE IF EXISTS `groupTypes`;
/*!40101 SET @saved_cs_client     = @@character_set_client */;
/*!40101 SET character_set_client = utf8 */;
CREATE TABLE `groupTypes` (
  `id` bigint(20) unsigned NOT NULL AUTO_INCREMENT,
  `title` varchar(255) NOT NULL,
  PRIMARY KEY (`id`)
) ENGINE=InnoDB AUTO_INCREMENT=4 DEFAULT CHARSET=utf8 COMMENT='Typen für Gruppen CMS,...';
/*!40101 SET character_set_client = @saved_cs_client */;

--
-- Dumping data for table `groupTypes`
--

LOCK TABLES `groupTypes` WRITE;
/*!40000 ALTER TABLE `groupTypes` DISABLE KEYS */;
INSERT INTO `groupTypes` VALUES (1,'cms'),(2,'extranet'),(3,'intranet');
/*!40000 ALTER TABLE `groupTypes` ENABLE KEYS */;
UNLOCK TABLES;

--
-- Table structure for table `groups`
--

DROP TABLE IF EXISTS `groups`;
/*!40101 SET @saved_cs_client     = @@character_set_client */;
/*!40101 SET character_set_client = utf8 */;
CREATE TABLE `groups` (
  `id` bigint(20) unsigned NOT NULL AUTO_INCREMENT,
  `title` varchar(255) NOT NULL,
  `key` varchar(64) NOT NULL,
  `description` text,
  `idGroupTypes` bigint(20) unsigned DEFAULT NULL,
  `creator` bigint(20) unsigned NOT NULL,
  `idUsers` bigint(20) unsigned NOT NULL COMMENT 'Person, letzte Änderung',
  `created` timestamp NULL DEFAULT NULL,
  `changed` timestamp NOT NULL DEFAULT CURRENT_TIMESTAMP,
  PRIMARY KEY (`id`)
) ENGINE=InnoDB AUTO_INCREMENT=8 DEFAULT CHARSET=utf8;
/*!40101 SET character_set_client = @saved_cs_client */;

--
-- Dumping data for table `groups`
--

LOCK TABLES `groups` WRITE;
/*!40000 ALTER TABLE `groups` DISABLE KEYS */;
INSERT INTO `groups` VALUES (1,'Admin','admin','',NULL,3,3,'2009-10-16 09:48:44','2010-03-15 17:33:12'),(2,'Content Manager','content_manager','',NULL,3,3,'2009-10-16 09:58:37','2009-10-23 08:40:13'),(3,'Media Manager','media_manager','',NULL,3,3,'2009-10-16 10:02:54','2009-10-19 14:20:32'),(4,'Übersetzer Englisch','translate_en','',NULL,1,1,'2009-10-20 06:35:46','2009-10-20 06:35:46'),(5,'Content Administrator','content_admin','',NULL,1,1,'2009-10-20 06:36:41','2009-10-20 06:36:41'),(6,'Productmanager','product_manager','',NULL,1,1,'2009-10-20 06:38:33','2009-10-20 06:38:33'),(7,'Product Administrator','product_admin','',NULL,1,1,'2009-10-20 06:38:58','2009-10-20 06:38:58');
/*!40000 ALTER TABLE `groups` ENABLE KEYS */;
UNLOCK TABLES;

--
-- Table structure for table `guiTexts`
--

DROP TABLE IF EXISTS `guiTexts`;
/*!40101 SET @saved_cs_client     = @@character_set_client */;
/*!40101 SET character_set_client = utf8 */;
CREATE TABLE `guiTexts` (
  `id` bigint(20) unsigned NOT NULL AUTO_INCREMENT,
  `idLanguanges` int(10) unsigned NOT NULL DEFAULT '1',
  `guiId` varchar(32) NOT NULL,
  `description` text NOT NULL,
  PRIMARY KEY (`id`),
  KEY `idLanguanges` (`idLanguanges`)
) ENGINE=InnoDB DEFAULT CHARSET=utf8 COMMENT='Table for multilanguage GUI';
/*!40101 SET character_set_client = @saved_cs_client */;

--
-- Dumping data for table `guiTexts`
--

LOCK TABLES `guiTexts` WRITE;
/*!40000 ALTER TABLE `guiTexts` DISABLE KEYS */;
/*!40000 ALTER TABLE `guiTexts` ENABLE KEYS */;
UNLOCK TABLES;

--
-- Table structure for table `languages`
--

DROP TABLE IF EXISTS `languages`;
/*!40101 SET @saved_cs_client     = @@character_set_client */;
/*!40101 SET character_set_client = utf8 */;
CREATE TABLE `languages` (
  `id` int(10) unsigned NOT NULL AUTO_INCREMENT,
  `languageCode` varchar(5) NOT NULL,
  `title` varchar(255) NOT NULL,
  `isFallback` tinyint(1) NOT NULL DEFAULT '0',
  `sortOrder` int(10) unsigned NOT NULL,
  PRIMARY KEY (`id`)
) ENGINE=InnoDB AUTO_INCREMENT=27 DEFAULT CHARSET=utf8;
/*!40101 SET character_set_client = @saved_cs_client */;

--
-- Dumping data for table `languages`
--

LOCK TABLES `languages` WRITE;
/*!40000 ALTER TABLE `languages` DISABLE KEYS */;
INSERT INTO `languages` VALUES (1,'DE','Deutsch',1,1),(2,'EN','English',1,2),(3,'ES','Español',1,3),(4,'DE-DE','Deutschland',0,99),(5,'IT','Italien',0,99),(6,'FR','Frankreich',0,99),(7,'PL','Polen',0,99),(8,'RU','Russland',0,99),(9,'SV','Schweden',0,99),(10,'EN-US','USA / Kanada',0,99),(11,'EN-NZ','Neuseeland',0,99),(12,'EN-AU','Australien',0,99),(13,'JP','Japan',0,99),(14,'ES-CO','Kolumbien',0,99),(15,'ES-MX','Mexiko',0,99),(16,'EN-AS','Asien',0,99),(17,'EN-ME','mitlerer Osten',0,99),(18,'PT-BR','Brasilien',0,99),(19,'CN','China',0,99),(20,'KO','Korea',0,99),(21,'EN-IN','Indien',0,99),(22,'SL','Slowenien',0,99),(23,'EL','Griechenland',0,99),(24,'TR','Türkei',0,99),(25,'EN-UK','UK',0,99),(26,'HR','Kroatien, Bosnien & Herzegowina, Serbien&Montenegro',0,99);
/*!40000 ALTER TABLE `languages` ENABLE KEYS */;
UNLOCK TABLES;

--
-- Table structure for table `location-DEFAULT_LOCATION-1-InstanceFiles`
--

DROP TABLE IF EXISTS `location-DEFAULT_LOCATION-1-InstanceFiles`;
/*!40101 SET @saved_cs_client     = @@character_set_client */;
/*!40101 SET character_set_client = utf8 */;
CREATE TABLE `location-DEFAULT_LOCATION-1-InstanceFiles` (
  `id` bigint(20) unsigned NOT NULL AUTO_INCREMENT,
  `idLocations` bigint(20) unsigned NOT NULL,
  `idFiles` bigint(20) unsigned NOT NULL,
  `idFields` bigint(20) unsigned NOT NULL,
  PRIMARY KEY (`id`),
  KEY `idFiles` (`idFiles`),
  KEY `idLocations` (`idLocations`),
  CONSTRAINT `location-DEFAULT_LOCATION-1-InstanceFiles_ibfk_1` FOREIGN KEY (`idLocations`) REFERENCES `locations` (`id`) ON DELETE CASCADE,
  CONSTRAINT `location-DEFAULT_LOCATION-1-InstanceFiles_ibfk_2` FOREIGN KEY (`idFiles`) REFERENCES `files` (`id`) ON DELETE CASCADE
) ENGINE=InnoDB DEFAULT CHARSET=utf8 ROW_FORMAT=COMPACT;
/*!40101 SET character_set_client = @saved_cs_client */;

--
-- Dumping data for table `location-DEFAULT_LOCATION-1-InstanceFiles`
--

LOCK TABLES `location-DEFAULT_LOCATION-1-InstanceFiles` WRITE;
/*!40000 ALTER TABLE `location-DEFAULT_LOCATION-1-InstanceFiles` DISABLE KEYS */;
/*!40000 ALTER TABLE `location-DEFAULT_LOCATION-1-InstanceFiles` ENABLE KEYS */;
UNLOCK TABLES;

--
-- Table structure for table `location-DEFAULT_LOCATION-1-InstanceMultiFields`
--

DROP TABLE IF EXISTS `location-DEFAULT_LOCATION-1-InstanceMultiFields`;
/*!40101 SET @saved_cs_client     = @@character_set_client */;
/*!40101 SET character_set_client = utf8 */;
CREATE TABLE `location-DEFAULT_LOCATION-1-InstanceMultiFields` (
  `id` bigint(20) unsigned NOT NULL AUTO_INCREMENT,
  `idLocations` bigint(20) unsigned NOT NULL,
  `idRelation` bigint(20) unsigned NOT NULL,
  `value` varchar(255) DEFAULT NULL,
  `idFields` bigint(20) unsigned NOT NULL,
  PRIMARY KEY (`id`),
  KEY `idLocations` (`idLocations`),
  CONSTRAINT `location-DEFAULT_LOCATION-1-InstanceMultiFields_ibfk_1` FOREIGN KEY (`idLocations`) REFERENCES `locations` (`id`) ON DELETE CASCADE
) ENGINE=InnoDB DEFAULT CHARSET=utf8 ROW_FORMAT=COMPACT;
/*!40101 SET character_set_client = @saved_cs_client */;

--
-- Dumping data for table `location-DEFAULT_LOCATION-1-InstanceMultiFields`
--

LOCK TABLES `location-DEFAULT_LOCATION-1-InstanceMultiFields` WRITE;
/*!40000 ALTER TABLE `location-DEFAULT_LOCATION-1-InstanceMultiFields` DISABLE KEYS */;
/*!40000 ALTER TABLE `location-DEFAULT_LOCATION-1-InstanceMultiFields` ENABLE KEYS */;
UNLOCK TABLES;

--
-- Table structure for table `location-DEFAULT_LOCATION-1-Instances`
--

DROP TABLE IF EXISTS `location-DEFAULT_LOCATION-1-Instances`;
/*!40101 SET @saved_cs_client     = @@character_set_client */;
/*!40101 SET character_set_client = utf8 */;
CREATE TABLE `location-DEFAULT_LOCATION-1-Instances` (
  `id` bigint(20) unsigned NOT NULL AUTO_INCREMENT,
  `idLocations` bigint(20) unsigned NOT NULL,
  `idUsers` bigint(20) unsigned NOT NULL,
  `creator` bigint(20) unsigned NOT NULL,
  `created` timestamp NULL DEFAULT NULL,
  `changed` timestamp NOT NULL DEFAULT CURRENT_TIMESTAMP ON UPDATE CURRENT_TIMESTAMP,
  PRIMARY KEY (`id`),
  KEY `idLocations` (`idLocations`),
  CONSTRAINT `location-DEFAULT_LOCATION-1-Instances_ibfk_1` FOREIGN KEY (`idLocations`) REFERENCES `locations` (`id`) ON DELETE CASCADE
) ENGINE=InnoDB DEFAULT CHARSET=utf8 ROW_FORMAT=COMPACT;
/*!40101 SET character_set_client = @saved_cs_client */;

--
-- Dumping data for table `location-DEFAULT_LOCATION-1-Instances`
--

LOCK TABLES `location-DEFAULT_LOCATION-1-Instances` WRITE;
/*!40000 ALTER TABLE `location-DEFAULT_LOCATION-1-Instances` DISABLE KEYS */;
/*!40000 ALTER TABLE `location-DEFAULT_LOCATION-1-Instances` ENABLE KEYS */;
UNLOCK TABLES;

--
-- Table structure for table `locations`
--

DROP TABLE IF EXISTS `locations`;
/*!40101 SET @saved_cs_client     = @@character_set_client */;
/*!40101 SET character_set_client = utf8 */;
CREATE TABLE `locations` (
  `id` bigint(20) unsigned NOT NULL AUTO_INCREMENT,
  `idGenericForms` bigint(20) unsigned NOT NULL,
  `idUsers` bigint(20) unsigned NOT NULL COMMENT 'Person, letzte Änderung',
  `creator` bigint(20) unsigned NOT NULL,
  `idUnits` bigint(20) unsigned NOT NULL,
  `position` bigint(20) unsigned DEFAULT NULL,
  `phone` varchar(128) DEFAULT NULL,
  `mobile` varchar(128) DEFAULT NULL,
  `fax` varchar(128) DEFAULT NULL,
  `email` varchar(128) DEFAULT NULL,
  `website` varchar(128) DEFAULT NULL,
  `name` varchar(255) NOT NULL,
  `created` timestamp NULL DEFAULT NULL,
  `changed` timestamp NOT NULL DEFAULT CURRENT_TIMESTAMP ON UPDATE CURRENT_TIMESTAMP,
  `street` text,
  `state` varchar(128) DEFAULT NULL,
  `city` varchar(128) DEFAULT NULL,
  `country` bigint(20) unsigned DEFAULT NULL,
  `zip` varchar(64) DEFAULT NULL,
  `type` bigint(20) DEFAULT NULL,
  `portal` varchar(100) NOT NULL,
  `comment` varchar(255) DEFAULT NULL,
  `area` varchar(255) NOT NULL,
  PRIMARY KEY (`id`)
) ENGINE=InnoDB AUTO_INCREMENT=3335 DEFAULT CHARSET=utf8;
/*!40101 SET character_set_client = @saved_cs_client */;

--
-- Dumping data for table `locations`
--

LOCK TABLES `locations` WRITE;
/*!40000 ALTER TABLE `locations` DISABLE KEYS */;
INSERT INTO `locations` VALUES (1,27,3,3,32,0,'051/309968','','051/397633','niranium@tin.it','','Niranium SRL Laboratorio odontotecnico','2010-03-30 08:26:40','2010-03-31 16:02:17','Via Torleone, 21','BO','Bologna',315,'40125',395,'','',''),(2,27,3,3,32,0,'0881/714463','','0881/714463','','','Mirmecs SNC di Comparelli e Suriano','2010-03-30 08:26:40','2010-03-31 16:02:17','Viale Fortore Pal. Maddamma','FG','Foggia',315,'71100 ',395,'','',''),(3,27,3,3,32,0,'0461/945486','','0461/945486','areadentale@hotmail.com','','Laboratorio Odontotecnico Area Dentale SNC di Copelli','2010-03-30 08:26:40','2010-03-31 16:02:17','Via Don Dario Trentini, 22','TN','Mattarello',315,'38060',395,'','',''),(4,27,3,3,32,0,'051/464550','','051/450050','character@charactersrl.it','','Character SRL','2010-03-30 08:26:40','2010-03-31 16:02:17','Via J.F. Kennedy 10','BO','San Lazzaro di Savena',315,'40068',395,'','',''),(5,27,3,3,32,0,'051/391467','','','peltretti@iol.it','','Peltretti William Laboratorio Odontotecnico','2010-03-30 08:26:40','2010-03-31 16:02:17','Via E. De Amicis, 14/3','BO','Bologna',315,'40138',395,'','',''),(6,27,3,3,32,0,'031/900549','','','','','Centro Odontoprotesico A.V. di Verga Fermo','2010-03-30 08:26:40','2010-03-31 16:02:17','Via Pioda 18','CO','Vertemate con Minoprio',315,'22070',395,'','',''),(7,27,3,3,32,0,'0331/321785','','0331/653518','testaodontotecnico@libero.it','','Testa Guido Laboratorio Odontotecnico','2010-03-30 08:26:40','2010-03-31 16:02:17','Viale Vittorio AlfieriI, 15ter','VA','Busto Arsizio',315,'21052',395,'','',''),(8,27,3,3,32,0,'0383/43748','','0383/43748','','','Canobbio & Casarini Laboratorio Odontotecnico','2010-03-30 08:26:40','2010-03-31 16:02:17','Via Pellico Silvio, 7','PV','Voghera',315,'27058',395,'','',''),(9,27,3,3,32,0,'039/835254','','','','','Dental Pi Erre SNC','2010-03-30 08:26:40','2010-03-31 16:02:17','Via Quarnaro, 5','MI','Monza',315,'20052',395,'','',''),(10,27,3,3,32,0,'0341/240443','','','','','Eurodent','2010-03-30 08:26:40','2010-03-31 16:02:17','Via Giuseppe Verdi, 2','LC','Galbiate',315,'23851',395,'COM','',''),(11,27,3,3,32,0,'02/9466790','','02/94608006','','','Oris SNC di Pisoni Roberto','2010-03-30 08:26:40','2010-03-31 16:02:17','Viale Mazzini, 36/38','MI','Abbiategrasso',315,'20081',395,'','',''),(12,27,3,3,32,0,'0332/490049','','','info@campalab.it','','Laboratorio Odontotecnico Campana Adriano','2010-03-30 08:26:40','2010-03-31 16:02:17','Via Gaggio, 26','VA','Varese',315,'21100',395,'','',''),(13,27,3,3,32,0,'0331/795696','','0331/795696','arienti@libero.it','','Arienti & C. SAS di Arienti Vittorio Laboratorio odontotecnico','2010-03-30 08:26:40','2010-03-31 16:02:17','Via Gallotti, 12','VA','Gallarate',315,'21013',0,'','',''),(14,27,3,3,32,0,'06/7211227','','06/7231834','info@dentalab.it','','Scarfo Bruno Laboratorio Odontotecnico','2010-03-30 08:26:40','2010-03-31 16:02:17','Piazza Vincenzo Simoncelli 20','RM','Roma',315,'00173',395,'','',''),(15,27,3,3,32,0,'0773/242125','','0773/264338','gioderenzi@libero.it','','De Renzi Giovanni','2010-03-30 08:26:40','2010-03-31 16:02:17','Via Volsini  (Pal.Fede) 46','LT','Latina',315,'4100',395,'','',''),(16,27,3,3,32,0,'0773/692215','','0773/943290','','','Magliozzi e Protani SAS','2010-03-30 08:26:40','2010-03-31 16:02:17','Viale Italia, 7','LT','Latina',315,'04100',395,'','',''),(17,27,3,3,32,0,'06/8180727','','06/8180737','dentalprestige@libero.it','','Dental Prestige Squicciarini F. e C. SAS','2010-03-30 08:26:40','2010-03-31 16:02:17','Via Valle Corteno, 15','RM','Roma',315,'00141',395,'','',''),(18,27,3,3,32,0,'06/22429119','','','dental90@virgilio.it','','Dental 90 SNC di Sestili e Scalia Laboratorio Odontotecnico','2010-03-30 08:26:40','2010-03-31 16:02:17','Largo Montene Rodomo, 28','RM','Roma',315,'00010',395,'','',''),(19,27,3,3,32,0,'0773/3610468','','0773/3610468','mirkonucci71@libero.it','','Laboratorio Odontotecnico Nucci Mirco','2010-03-30 08:26:40','2010-03-31 16:02:17','Via dei Volsini, 46','LT','Latina',315,'04100',395,'','',''),(20,27,3,3,32,0,'0773/661229','','0773/661229','s.compagni@libero.it','','Laboratorio Odontotecnico Compagni Sandro','2010-03-30 08:26:40','2010-03-31 16:02:17','Via La Pira, 15','LT','Latina',315,'40100',395,'','',''),(21,27,3,3,32,0,'06/43532529','','06/41792231','hdtechnology@tiscalinet.it','','High Dental Tecnology di Cerretani M. & Cernilli A. Lab. Odont.','2010-03-30 08:26:40','2010-03-31 16:02:17','Via Melissa, 14','RM','Roma',315,'00158',395,'','',''),(22,27,3,3,32,0,'06/52720002','','06/5086671','carcese@aliceposta.it','','Laboratorio Odontotecnico Gnatoclar di Arcese Claudio','2010-03-30 08:26:40','2010-03-31 16:02:17','Via Caduti per la Resistenza, 563','RM','Roma',315,'00128',395,'','',''),(23,27,3,3,32,0,'06/51955786','','06/51955786','massimoponzani@libero.it','','Dental Life SNC Di Massimo Ponzani E Fabrizio Cott','2010-03-30 08:26:40','2010-03-31 16:02:17','Via Antonio Veranzio, 7/9','RM','Roma',315,'00143',395,'','',''),(24,27,3,3,32,0,'06/9420374','','06/9420374','eaglemario@libero.it','','Valentini Mario Laboratorio Odontotecnico','2010-03-30 08:26:40','2010-03-31 16:02:17','Via Castel Buono, 61','RM','Roma',315,'00132',395,'','',''),(25,27,3,3,32,0,'06/2415026','','06/2411478','info@odontart.it','','Odontart SRL','2010-03-30 08:26:40','2010-03-31 16:02:17','Via Acquafondata, 8','RM','Roma',315,'00172',395,'','',''),(26,27,3,3,32,0,'0172/425877','','','st.odonto@libero.it','','Laboratorio Odontotecnico Galleano E Marchisio S.N','2010-03-30 08:26:40','2010-03-31 16:02:17','Via Marconi, 55','CN','Bra',315,'12042',395,'','',''),(27,27,3,3,32,0,'0174/66367','','','','','Bessone Spirito','2010-03-30 08:26:40','2010-03-31 16:02:17','Via Langhe, 171','CN','Magliano Alpi',315,'12060',395,'','',''),(28,27,3,3,32,0,'011/6688888','','011/6688889','vitallium.greguoldo@libero.it','','Greguoldo A. e C. Di Greguoldo Alertino SNC','2010-03-30 08:26:40','2010-03-31 16:02:17','Via Bidone, 34/D','TO','Torino',315,'10125',395,'','',''),(29,27,3,3,32,0,'015/777231','','015/777231','chialuc@aliceposta.it','','Loro Piana Luca Laboratorio Odontotecnico','2010-03-30 08:26:40','2010-03-31 16:02:17','Via Provinciale, 310','BI','Ponzone Biellese',315,'13832',395,'','',''),(30,27,3,3,32,0,'011/9173166','','011/9173166','lauravalter@tin.it','','Voster Walter e C. SNC Laboratorio Odontotecnico','2010-03-30 08:26:40','2010-03-31 16:02:17','Viale Cavour, 6','TO','Chivasso',315,'10034',395,'','',''),(31,27,3,3,32,0,'011/7495418','','011/7495418','delladonna@tim.it','','Della Donna SNC Laboratorio odontotecnico','2010-03-30 08:26:40','2010-03-31 16:02:17','Via Digione, 5','TO','Torino',315,'10143',395,'','',''),(32,27,3,3,32,0,'011/2475031','','011/2871525','dentiumdental@libero.it','','Dentium SRL Laboratorio odontotecnico','2010-03-30 08:26:40','2010-03-31 16:02:17','Via Saluzzo, 21','TO','Torino',315,'10152',395,'','',''),(33,27,3,3,32,0,'011/7708551','','011/7708551','','','Santa Giulia Srl Laboratorio Odontoprotesico','2010-03-30 08:26:40','2010-03-31 16:02:17','Strada della Pronda, 2/Bis','TO','Torino',315,'10142',395,'','',''),(34,27,3,3,32,0,'011/7495073','','','','','Barra & Potenza SNC','2010-03-30 08:26:40','2010-03-31 16:02:17','Via Lera, 31','TO','Torino',315,'10139',395,'','',''),(35,27,3,3,32,0,'011/644613','','','','','Montaldo Dario Laboratorio Odontotecnico','2010-03-30 08:26:40','2010-03-31 16:02:17','Via Montebello 5','TO','Moncalieri',315,'10024',395,'','',''),(36,27,3,3,32,0,'0124/310233','','0124/310233','c.dental91@libero.it','','Dental 91 SNC di Vallero C. e C. Laboratorio Odontotecnico','2010-03-30 08:26:40','2010-03-31 16:02:17','Via Levone, 1','TO','Rivara Cise',315,'10080',395,'','',''),(37,27,3,3,32,0,'011/9278450','','011/9278450','','','Geninatti Paolo Laboratorio Odontotecnico','2010-03-30 08:26:40','2010-03-31 16:02:17','Via Ciriè, 5','TO','San Maurizio Canavese',315,'10070',395,'','',''),(38,27,3,3,32,0,'011/2165780','','','','','Roux Enrico Laboratorio Odontoprotesico','2010-03-30 08:26:40','2010-03-31 16:02:17','Via Foligno, 89','TO','Torino',315,'10149',395,'','',''),(39,27,3,3,32,0,'051/6196082','','051/2984119','cesaricalori@iol.it','','Cesari Roberto E Calori Juri E C. S.N.C.','2010-03-30 08:26:40','2010-03-31 16:02:17','V.Taddeo degli Alderotti, 2/1','BO','Bologna',315,'40133',395,'','',''),(40,27,3,3,32,0,'0462/239392','','0462/239392','zetasub@hotmail.com','','Zorzi Andrea e Co. SAS Laboratorio Odontotecnico','2010-03-30 08:26:40','2010-03-31 16:02:17','Via Giacomo Matteotti, 10','TN','Cavalese',315,'38033',395,'','',''),(41,27,3,3,32,0,'051/826651','','051/826651','studio.tretre@tiscalinet.it','','Studio Tre SNC di Beltrami R. Ferrari A. e Simonini P.','2010-03-30 08:26:40','2010-03-31 16:02:17','Via Cristoforo Colombo, 5','BO','S. Giovanni Persiceto',315,'40017',395,'','',''),(42,27,3,3,32,0,'0523/453542','','0523/453542','barbieri.romano@tin.it','','Barbieri  Marco & Romano Eraldo SNC Laboratorio Odontotecnico','2010-03-30 08:26:40','2010-03-31 16:02:17','Via Bozzini, 16','PC','Piacenza',315,'29100',395,'','',''),(43,27,3,3,32,0,'051/353927','','051/359358','amministrazione@bolognesivalter.it','','Bolognesi Valter Laboratorio Odontotecnico','2010-03-30 08:26:40','2010-03-31 16:02:17','Via Nicolò dall\'Arca, 1','BO','Bologna',315,'40129',395,'','',''),(44,27,3,3,32,0,'06/2055406','','06/97253436','francotassone@fastwebnet.it','','Tassone Franco Laboratorio odontotecnico','2010-03-30 08:26:40','2010-03-31 16:02:17','Via Scicli, 32/B','RM','Roma',315,'00133',395,'','',''),(45,27,3,3,32,0,'06/9701293','','','','','C.M. Odontotecnica di Caporossi Massimo e Corrado','2010-03-30 08:26:40','2010-03-31 16:02:17','Via Silvio Pellico, 4','RM','Colleferro',315,'00034',395,'','',''),(46,27,3,3,32,0,'06/9719478','','06/9719478','Od.Lepini@Tiscalinet.It','','Odontotecnica Lepini di Martella D. e C. SNC','2010-03-30 08:26:40','2010-03-31 16:02:17','Via Carpinetana, 7','RM','Carpineto Romano',315,'00032',395,'','',''),(47,27,3,3,32,0,'099/7373313','','','','','Secondo Luigi Laboratorio Odontotecnico','2010-03-30 08:26:40','2010-03-31 16:02:17','Via Umbria, 20','TA','Taranto',315,'74100',395,'','',''),(48,27,3,3,32,0,'015/32260','','015/32260','dentalperfect@libero.it','','Dental Perfect Di Vaccino Diego','2010-03-30 08:26:40','2010-03-31 16:02:17','Strada Buffarola, 9','BI','Biella Cossila',315,'13892',0,'','',''),(49,27,3,3,32,0,'0161/251643','','0161/251643','','','Gazzarata Gianfranco','2010-03-30 08:26:40','2010-03-31 16:02:17','Via Calatafimi, 16','VC','Vercelli',315,'13100',395,'','',''),(50,27,3,3,32,0,'011/9830565','','011/9830565','ridoro@tiscalinet.it','','D.B. Odontotecnica SNC','2010-03-30 08:26:40','2010-03-31 16:02:17','Viale Europa, 9','TO','Mazzè Canavese',315,'10035',395,'','',''),(51,27,3,3,32,0,'02/48913737','','','','','Laboratorio Odontotecnico Debadent SNC','2010-03-30 08:26:40','2010-03-31 16:02:17','Via val Cannobina, 11','MI','Milano',315,'20152',395,'','',''),(52,27,3,3,32,0,'0321/94854','','0321/961315','','','Laboratorio Odontotecnico Caligara Fabio','2010-03-30 08:26:40','2010-03-31 16:02:17','Via Circonvallazione, 1','NO','Oleggio',315,'28047',395,'','',''),(53,27,3,3,32,0,'011/9644673','','011/9644673','prem.snc@tiscalinet.it','','Prem SNC di Alaimo e Avataneo Laboratorio Odontotecnico','2010-03-30 08:26:40','2010-03-31 16:02:17','Via General Cantore, 51','TO','Chiusa di San Michele',315,'10050',395,'','',''),(54,27,3,3,32,0,'sdegiov@tin.it','','','sdegiov@tin.it','','Dentalcenter SNC','2010-03-30 08:26:40','2010-03-31 16:02:17','Via San Mauro, 15','TO','Settimo Torinese',315,'10036',395,'','',''),(55,27,3,3,32,0,'011/2420360','','','','','Wisildent SRL','2010-03-30 08:26:40','2010-03-31 16:02:17','Strada Lanzo, 227','TO','Torino',315,'10148',395,'','',''),(56,27,3,3,32,0,'011/6962748','','011/6962748','licodent@email.it','','Licodent SNC di Bozza Rocco Laboratorio Odontotecnico','2010-03-30 08:26:40','2010-03-31 16:02:17','Via Canova, 35','TO','Torino',315,'10126',395,'','',''),(57,27,3,3,32,0,'011/7804329','','','','','Scalmato Valter e C. SAS Progetto Dentale','2010-03-30 08:26:40','2010-03-31 16:02:17','Viale Gramsci, 64','TO','Grugliasco',315,'10095',395,'','',''),(58,27,3,3,32,0,'011/5629960','','','','','Unilab 2000 SRL Toppi Alessandro','2010-03-30 08:26:40','2010-03-31 16:02:17','Corso Matteotti, 32/A','TO','Torino',315,'10121',395,'','',''),(59,27,3,3,32,0,'051/226817','','051/226817','labodontrmss@libero.it','','Rossi - Mondini - Severi - Spattini SNC','2010-03-30 08:26:40','2010-03-31 16:02:17','Via San Vitale, 56','BO','Bologna',315,'40125',395,'','',''),(60,27,3,3,32,0,'051/6198427','','051/557030','odontotecnica@dentaliums.it','','Dentaliums SRL Laboratorio odontotecnico','2010-03-30 08:26:40','2010-03-31 16:02:17','Via Battindarno, 372/A','BO','Bologna',315,'40133',395,'','',''),(61,27,3,3,32,0,'0523/877979','','0523/877979','','','Laboratorio Odontotecnico Idi Adreano','2010-03-30 08:26:40','2010-03-31 16:02:17','Vicolo Tagliaferri s.n.','PC','Ponte dell\'Olio',315,'29028',395,'','',''),(62,27,3,3,32,0,'0532/742255','','0532/747336','','','Estense Ortodonzia SAS di Negrini & C.','2010-03-30 08:26:40','2010-03-31 16:02:17','Via Caldirolo, 84','FE','Ferrara',315,'44100',395,'','',''),(63,27,3,3,32,0,'0523/943245','','0523/240154','ferrari_nicoli@libero.it','','Ferrari Stefano & Nicoli Davide Laboratorio Odontotecnico','2010-03-30 08:26:40','2010-03-31 16:02:17','Via G. Galilei, 16','PC','Fiorenzuola D\'Arda',315,'29017',395,'','',''),(64,27,3,3,32,0,'051/540752','','051/540752','bo.ra.dent@tin.it','','Bo. Ra Dent Snc','2010-03-30 08:26:40','2010-03-31 16:02:17','Largo Brescia, 7/AB','BO','Bologna',315,'40139',395,'','',''),(65,27,3,3,32,0,'0931/767171','','','','','Laboratrio Tramontana Dario','2010-03-30 08:26:40','2010-03-31 16:02:17','Via Pentapoli, 139','SR','Priolo Gargallo',315,'96139',395,'','',''),(66,27,3,3,32,0,'0873/548211','','','dellapennala@tiscalinet.it','','Laboratorio Odontotecnico Della Penna Nicola','2010-03-30 08:26:40','2010-03-31 16:02:17','Via G. De Vito, 31/A','CH','San Salvo',315,'66050',395,'','',''),(67,27,3,3,32,0,'0873/378528','','','','','Orthosystem Di Iacuzio Raffaele','2010-03-30 08:26:40','2010-03-31 16:02:17','Via delle Gardenie, 24','CH','Vasto',315,'66054',395,'','',''),(68,27,3,3,32,0,'085/9351701','','','','','Di Febo Orazio Laboratorio Odontotecnico','2010-03-30 08:26:40','2010-03-31 16:02:17','Via Benedetto Croce, 39','TE','Silvi Marina',315,'64029',395,'','',''),(69,27,3,3,32,0,'0864/210194','','','erremmelab@quipo.it','','Laboratorio Odontotecnico Erremme','2010-03-30 08:26:40','2010-03-31 16:02:17','Via Trento, 3','AQ','Sulmona',315,'67039',395,'','',''),(70,27,3,3,32,0,'085/4155494','','','odont_sergiosalvatore@virgilio.it','','Salvatore Sergio Laboratorio Odontotecnico','2010-03-30 08:26:40','2010-03-31 16:02:17','Via Campo Felice, 49','PE','Pescara',315,'65125',395,'','',''),(71,27,3,3,32,0,'085/96797','','','','','Spignoli Vittorio Laboratorio Odontotecnico','2010-03-30 08:26:40','2010-03-31 16:02:17','Corso Vittorio Emanuele','PE','Città Sant\'Angelo',315,'65013',395,'','',''),(72,27,3,3,32,0,'0872/56862','','','onodont@tin.it','','Ceroli Onofrio','2010-03-30 08:26:40','2010-03-31 16:02:17','Via B. Croce 1','CH','Castel Ferentano',315,'66032',395,'','',''),(73,27,3,3,32,0,'0541/377738','','0541/377738','','','Giunta Stefano Laboratorio Odontotecnico','2010-03-30 08:26:40','2010-03-31 16:02:17','via Costantinopoli 45','RN','Miramare di Rimini',315,'47831',395,'','',''),(74,27,3,3,32,0,'071/890629','','','polident@libero.it','','Polident SNC di Maleratesi e Dubbini Laboratorio Odontotecnico','2010-03-30 08:26:40','2010-03-31 16:02:17','Piazza U.Bassi, 25','AN','Ancona',315,'60127',395,'','',''),(75,27,3,3,32,0,'071/978989','','','giommi.g@virgilio.it','','Giommi Giordano Laboratorio Odontotecnico','2010-03-30 08:26:40','2010-03-31 16:02:17','Via Don Renzo Rampolla, 22','AN','Loreto',315,'60025',395,'','',''),(76,27,3,3,32,0,'075/5280614','','075/5271411','alberto.bonaca@kronoslab.it','','Kronos SNC di Bonaca A. e Bacecci G.','2010-03-30 08:26:40','2010-03-31 16:02:17','Via G. Dottori, 85','PG','Perugia',315,'06132',395,'','',''),(77,27,3,3,32,0,'0735/631780','','0735/631780','','','Galieni Giuseppe Laboratorio Odontotecnico','2010-03-30 08:26:40','2010-03-31 16:02:17','Via Montegrappa, 52','AP','Grottammare',315,'63013',395,'','',''),(78,27,3,3,32,0,'0541/921720','','0541/921720','neri_mauro@libero.it','','Neri Mauro Laboratorio Odontotecnico','2010-03-30 08:26:40','2010-03-31 16:02:17','Via Sant\'Agata, 43/D','PS','Novafeltria',315,'61015',395,'','',''),(79,27,3,3,32,0,'071/7930841','','071/7930841','','','Lapini Alessandro','2010-03-30 08:26:40','2010-03-31 16:02:17','Via Firenze, 6','AN','Senigallia',315,'60019',395,'','',''),(80,27,3,3,32,0,'0541/606782','','','','','Santini, Dr. Gabriele','2010-03-30 08:26:40','2010-03-31 16:02:17','Via Adriatica, 15','RN','Riccione',315,'47838',395,'','',''),(81,27,3,3,32,0,'0432/861221','','','','','Laboratoio Odontotecnico Klavora Giampaolo','2010-03-30 08:26:40','2010-03-31 16:02:17','Viale San Giovanni, 2','PN','San Vito al Tagliamento',315,'33078',395,'','',''),(82,27,3,3,32,0,'0434/71756','','0434/71756','lucavencestau@ahceposta.it','','DEN.TEC. SNC di Arpioni, Zulian e Sembenelli Lab. Odont.','2010-03-30 08:26:40','2010-03-31 16:02:17','Via Cornadella 15','PN','Sacile',315,'33077',395,'','',''),(83,27,3,3,32,0,'0432/800917','','0432/801178','rossolab@tin.it','','Rosso Rienzi Laboratorio Odontotecnico','2010-03-30 08:26:40','2010-03-31 16:02:17','Via dei Fistulari, 27/29','UD','Fagagna',315,'33034',395,'','',''),(84,27,3,3,32,0,'0434/922888','','','','','Ambrico Daniele Laboratorio Odontotecnico','2010-03-30 08:26:40','2010-03-31 16:02:17','Via A. Forniz, 2','PN','Porcia',315,'33080',395,'','',''),(85,27,3,3,32,0,'040/635918','','040/3725603','','','Del Savio Adriano Laboratorio Odontotecnico','2010-03-30 08:26:40','2010-03-31 16:02:17','Via D. Rossetti, 6','TS','Trieste',315,'34125',395,'','',''),(86,27,3,3,32,0,'040/577402','','040/577402','puntoprotesi@libero.it','','Punto Protesi Laboratorio Odontotecnico','2010-03-30 08:26:40','2010-03-31 16:02:17','Via F. Severo, 55','TS','Trieste',315,'34127',395,'','',''),(87,27,3,3,32,0,'040/384224','','040/384224','','','Carrano Massimo Laboratorio Odontotecnico','2010-03-30 08:26:40','2010-03-31 16:02:17','Via Miani, 3','TS','Trieste',315,'34148',395,'','',''),(88,27,3,3,32,0,'0432/44849','','0432/44849','dentalline@katamail.com','','Dental Line SNC di Carnieletto L. e Morsanutto O. e C. Lab. Odontoprotesico','2010-03-30 08:26:40','2010-03-31 16:02:17','Via Tavagnacco, 89/2','UD','Udine',315,'33100',395,'','',''),(89,27,3,3,32,0,'0481/413194','','0481/4131194','carlo.caricato@libero.it','','Labdental di Caricato Carlo SNC','2010-03-30 08:26:40','2010-03-31 16:02:17','Via Romana, 199','GO','Monfalcone',315,'34074',395,'','',''),(90,27,3,3,32,0,'0471/923109','','','','','Laboratorio Odontotecnico Dental Star','2010-03-30 08:26:40','2010-03-31 16:02:17','Via Resia, 97/B','BZ','Bolzano',315,'39100',395,'','',''),(91,27,3,3,32,0,'051/374737','','','merlimasotti@libero.it','','Merli e Masotti SNC Laboratorio Odontotecnico','2010-03-30 08:26:40','2010-03-31 16:02:17','Via Lombardi, 18','BO','Bologna',315,'40128',395,'','',''),(92,27,3,3,32,0,'011/2260138','','011/2260138','claudio@odi3.com','','Odi 3 SNC di Pirrello Claudio e C.','2010-03-30 08:26:40','2010-03-31 16:02:17','Via Massari, 252','TO','Torino',315,'10048',395,'','',''),(93,27,3,3,32,0,'0161/294171','','0161/294171','odolabfb@tin.it','','F.B. SNC di Ferron e Biscaro','2010-03-30 08:26:40','2010-03-31 16:02:17','Vicolo San Gabriele, 13','VC','Vercelli',315,'13100',395,'','',''),(94,27,3,3,32,0,'0583/467477','','0583/48028','laprotesi@laprotesi.it','','La Protesi SRL','2010-03-30 08:26:40','2010-03-31 16:02:17','Via Mattei Enrico, 891','LU','Lucca',315,'55100',395,'','',''),(95,27,3,3,32,0,'0521/944954','','','styl.dent@libero.it','','Styl Dent SNC','2010-03-30 08:26:40','2010-03-31 16:02:17','Via Quintino Sella 3/A','PR','Parma',315,'43100',395,'COM','',''),(96,27,3,3,32,0,'0521/484063','','0521/243655','giovanni.mordacci@libero.it','','Dentalabor SNC di Pigorini Angelo e C. Laboratorio Odontotecnico','2010-03-30 08:26:40','2010-03-31 16:02:17','Via Partigiani d\'Italia, 35','PR','Parma',315,'43100',395,'','',''),(97,27,3,3,32,0,'011/9563281','','','pacort@libero.it','','Cortassa Paolo Laboratorio Odontotecnico','2010-03-30 08:26:40','2010-03-31 16:02:17','Via Grandi, 41','TO','Rivoli',315,'10098',395,'','',''),(98,27,3,3,32,0,'0536/920486','','0536/920486','','','Setti Stefano Laboratorio Odontotecnico','2010-03-30 08:26:40','2010-03-31 16:02:17','Via Cervi, 4','MO','Spezzano di Fiorano',315,'41044',395,'','',''),(99,27,3,3,32,0,'0464/430111','','0464/430111','deniban@inwind.it','','Spagnolli SRL','2010-03-30 08:26:40','2010-03-31 16:02:17','Corso Verona, 3','TN','Rovereto',315,'38068',395,'','',''),(100,27,3,3,32,0,'02/94965436','','02/94965436','dentalar@tin.it','','Dental Art di Andrea Raccagni','2010-03-30 08:26:40','2010-03-31 16:02:17','Via Piemonte, 11','MI','Abbiategrasso',315,'20081',395,'','',''),(101,27,3,3,32,0,'0471/262223','','','nicola.l@quipo.it','','Dentalsystem di Loccisano Beggio Nicola Laboratorio Odontotecnico','2010-03-30 08:26:40','2010-03-31 16:02:17','Via Battisti, 25','BZ','Bolzano',315,'39100',395,'','',''),(102,27,3,3,32,0,'081/8909688','','','zolloantonio@libero.it','','Di Zeta di Zollo Antonio Laboratorio Odontotecnico','2010-03-30 08:26:40','2010-03-31 16:02:17','Via Ischia, 14','CE','San Marcellino',315,'81030',0,'','',''),(103,27,3,3,32,0,'0881/662039','','','giovanniria@tin.it','','Laboratorio Odontotecnico di Ria Giovanni','2010-03-30 08:26:40','2010-03-31 16:02:17','Via Arpaia, 8/V','FG','Foggia',315,'71100',395,'','',''),(104,27,3,3,32,0,'0873/59802','','0873/59802','tecnodentsnc@virgilio.it','','Tecnodent SNC','2010-03-30 08:26:40','2010-03-31 16:02:17','Via Conti Ricci, 24/a','CH','Vasto',315,'66054',395,'','',''),(105,27,3,3,32,0,'0882/333191','','','a.capotsto@libero.it','','Capotosto Alfredo Laboratorio odontotecnico','2010-03-30 08:26:40','2010-03-31 16:02:17','Via T. Tasso, 5','FG','San Severo',315,'71016',395,'','',''),(106,27,3,3,32,0,'0884/584399','','0884/515511','altomares@tiscalinet.it','','Dentalproget SRL','2010-03-30 08:26:40','2010-03-31 16:02:17','Via Iapigia, 14','FG','Manfredonia',315,'71043',395,'','',''),(107,27,3,3,32,0,'0881/685616','','0881/685616','stagg@tin.it','','Taggio Sergio Laboratorio Odontotecnico','2010-03-30 08:26:40','2010-03-31 16:02:17','Piazza Padre Pio, 53','FG','Foggia',315,'71100',395,'','',''),(108,27,3,3,32,0,'0885/431847','','0885/434322','','','Centro Dentale sas di Di Fonso Benedetto e co','2010-03-30 08:26:40','2010-03-31 16:02:17','Via Tasso','FG','Stornara',315,'71047',395,'','',''),(109,27,3,3,32,0,'049/8800993','','049/8800993','','','Cavicchioli Marinella Laboratorio Odontotecnico','2010-03-30 08:26:40','2010-03-31 16:02:17','Via Torre, 82','PD','Mortise',315,'35129',395,'','',''),(110,27,3,3,32,0,'041/4174717','','041/4174717','hiscolab@tiscali.it','','Hiscolab di Poletto Pietro e C. SAS','2010-03-30 08:26:40','2010-03-31 16:02:17','Via Cornio, 12','VE','Premaore di Camponogara',315,'30010',395,'','',''),(111,27,3,3,32,0,'049/8752254','','','','','Stefani - Tognon SNC Laboratorio Odontotecnico','2010-03-30 08:26:40','2010-03-31 16:02:17','Via Maroncelli Pietro, 18/A','PD','Padova',315,'35100',395,'','',''),(112,27,3,3,32,0,'081/8812888','','','','','MG. MG. di Guarino e Magliulo','2010-03-30 08:26:40','2010-03-31 16:02:17','Via Baia, 7','NA','Torre del Greco',315,'80059',0,'','',''),(113,27,3,3,32,0,'081/7541280','','','','','Borriello Dario Laboratorio Odontotecnico','2010-03-30 08:26:40','2010-03-31 16:02:17','Corso Secondigliano, 222','NA','Napoli',315,'80144',395,'','',''),(114,27,3,3,32,0,'081/8992664','','','iovinogius@tiscali.it','','Lab. Odontotecnico Di Giuseppe Iovino','2010-03-30 08:26:40','2010-03-31 16:02:17','Via Bosco, 40','NA','Somma Vesuviana',315,'80049',395,'','',''),(115,27,3,3,32,0,'081/8352747','','','','','Beaver Dental SNC di Signorino Antonio e C.','2010-03-30 08:26:40','2010-03-31 16:02:17','Traversa i Santa Barbara 19','NA','Crispano',315,'80020',395,'','',''),(116,27,3,3,32,0,'081/5037588','','081/5037588','ferdinando.chiacchio@virgilio.it','','Isodent Italia SRL','2010-03-30 08:26:40','2010-03-31 16:02:17','Via Aldo Moro, 73','CE','Aversa',315,'81031',395,'COM','',''),(117,27,3,3,32,0,'081/8148840','','081/8148840','dentalsystem@tiscali.it','','Dental System Laboratorio Odontotecnico','2010-03-30 08:26:40','2010-03-31 16:02:17','via Santa Lucia, 16','CE','Aversa',315,'81031',395,'','',''),(118,27,3,3,32,0,'0184/506580','','0184/540021','giudodattanasio@libro.it','','D\'Attanasio Guido Laboratorio Odontotecnico','2010-03-30 08:26:40','2010-03-31 16:02:17','Via Pallavicini, 25','IM','San Remo',315,'18038',395,'','',''),(119,27,3,3,32,0,'02/2153107','','02/2153107','renzo.pedrazzini@data.it','','Il Sorriso SNC di Pedrazzini Renzo','2010-03-30 08:26:40','2010-03-31 16:02:17','Via Martorelli Giacinto, 2','MI','Milano',315,'20134',395,'','',''),(120,27,3,3,32,0,'02/93505190','','02/93163298','','','Centro Dentistico Ambrosiano SAS Studio / Laboratorio','2010-03-30 08:26:40','2010-03-31 16:02:17','Via Matteotti, 32','MI','Rho',315,'20017',395,'','',''),(121,27,3,3,32,0,'0331/603131','','','cylonc@tin.it','','Prima Linea Dentale SNC di Cattaneo R. e  Colombo M. Studio / Laboratorio Odontotecnico','2010-03-30 08:26:40','2010-03-31 16:02:17','Via Donatello, 402','VA','Marnate',315,'21050',395,'','',''),(122,27,3,3,32,0,'0331/623088','','','lab.comercio@liberno.it','','M.R. SNC Laboratorio Odontotecnico di Comerio M. e Volonte R.','2010-03-30 08:26:40','2010-03-31 16:02:17','Via Magenta, 11','VA','Busto Arsizio',315,'21052',395,'','',''),(123,27,3,3,32,0,'02/9421683','','','otkstefano@tiscali.it','','Pozzi Stefano Guglielmo Laboratorio Odontotecnico','2010-03-30 08:26:40','2010-03-31 16:02:17','Via Roma, 84/88','MI','Cassinetta di Lugagnano',315,'20081',395,'','',''),(124,27,3,3,32,0,'0332/77100','','0332/77100','alfredo.allegretti@libero.it','','Laboratorio Odontotecnico di Allegretti Alfredo','2010-03-30 08:26:40','2010-03-31 16:02:17','Via Cesare Battisti, 11','VA','Besozzo',315,'21023',395,'','',''),(125,27,3,3,32,0,'0331/796555','','0331/796555','vanzulli@libero.it','','R.D.R. Dental di Coerezza Renato e C. SNC','2010-03-30 08:26:40','2010-03-31 16:02:17','Via Puricelli, 3','VA','Gallarate',315,'21013',395,'','',''),(126,27,3,3,32,0,'085/4211451','','085/4212582','','','Centro Protesi Apollonia 4 SNC','2010-03-30 08:26:40','2010-03-31 16:02:17','Via Dante, 16','PE','Pescara',315,'65121',395,'','',''),(127,27,3,3,32,0,'0431/929425','','','','','Gini Andrea & C Odontotecnici Snc','2010-03-30 08:26:40','2010-03-31 16:02:17','Piazza del Popolo, 4','UD','Torviscosa',315,'33050',395,'','',''),(128,27,3,3,32,0,'0432/520735','','','','','Vicedomini Andrea & C. S.A.S.','2010-03-30 08:26:40','2010-03-31 16:02:17','Viale Palmanova, 73/N','UD','Udine',315,'33100',395,'','',''),(129,27,3,3,32,0,'0434/690443','','','volpattifulvio@libero.it','','Volpatti Fulvio','2010-03-30 08:26:40','2010-03-31 16:02:17','Via Antonio Freschi, 19/A int.1','PN','Cordovado',315,'33075',395,'','',''),(130,27,3,3,32,0,'0573/557451','','0573/951525','','','Gelli Marcello Laboratorio Odontotecnico','2010-03-30 08:26:40','2010-03-31 16:02:17','Via R. Luxenburg, 5','PT','Montale',315,'51037',395,'','',''),(131,27,3,3,32,0,'055/9060920','','055/9060920','info@borgimauro.it','','Borgi Mauro Laboratorio Odontotecnico','2010-03-30 08:26:40','2010-03-31 16:02:17','Via della Pace Mondiale 52','FI','Scandicci',315,'50018',395,'','',''),(132,27,3,3,32,0,'055/8406684','','055/8406684','','','Lepri Mauro Laboratorio Odontotecnico','2010-03-30 08:26:40','2010-03-31 16:02:17','Via della Repubblica, 5','FI','Sant\' Agata',315,'50030',395,'','',''),(133,27,3,3,32,0,'055/6802340','','055/6802340','promart1@tin.it','','Pro.M.Art SNC Laboratorio Odontotecnico','2010-03-30 08:26:40','2010-03-31 16:02:17','Viuzzo delle Lame, 46/48','FI','Firenze',315,'50126',395,'','',''),(134,27,3,3,32,0,'0574/42614','','0574/600947','','','Centro della Protesi Dentale SNC Laboratorio Odontotecnico','2010-03-30 08:26:40','2010-03-31 16:02:17','Via Ristori, 6','PO','Prato',315,'59100',395,'','',''),(135,27,3,3,32,0,'050/562098','','050/5531058','','','Bamar SNC di Badalassi Angelo e C. Laboratorio Odontotecnico','2010-03-30 08:26:40','2010-03-31 16:02:17','Via Isonzo, 2/A','PI','Pisa',315,'56122',395,'','',''),(136,27,3,3,32,0,'0584/745788','','','toto.e@tiscali.it','','Toto Ernesto Laboratorio Odontotecnico','2010-03-30 08:26:40','2010-03-31 16:02:17','Viale Roma, 103','LU','Marina di Pietrasanta',315,'55044',395,'','',''),(137,27,3,3,32,0,'0584/915582','','','','','New Smile di Musetti Nicola SAS','2010-03-30 08:26:40','2010-03-31 16:02:17','Via Italia, 298','LU','Cappezzano Pianore Camaiore',315,'55040',395,'','',''),(138,27,3,3,32,0,'335/6181608','','','','','Salvadori Andrea Laboratorio Odontotecnico','2010-03-30 08:26:40','2010-03-31 16:02:17','Via delle Lenze, 216/B','PI','Pisa',315,'56122',395,'COM','',''),(139,27,3,3,32,0,'0586/814185','','0586/814185','marco_golf@tiscali.it','','Caccio\' Marco Laboratorio Odontotecnico','2010-03-30 08:26:40','2010-03-31 16:02:17','Via San Jacopo in Acquaviva, 21','LI','Livorno',315,'57127',395,'','',''),(140,27,3,3,32,0,'010/6442258','','010/6442258','alessandrodesole@virgilio.it','','De Sole Alessandro Laboratorio Odontotecnico','2010-03-30 08:26:40','2010-03-31 16:02:17','Via Teresio Canepari, 45/2','GE','Genova',315,'16159',0,'','',''),(141,27,3,3,32,0,'0376/225806','','0376/225806','odontoprotesicasnc@email.it','','Odontotecnica Marchini di Marchini Cristian','2010-03-30 08:26:40','2010-03-31 16:02:17','Via Poma, 8','MN','Mantova',315,'46100',395,'','',''),(142,27,3,3,32,0,'0371/91212','','0371/217573','contibal@contibaldassare.191.it','','Conti Baldassare','2010-03-30 08:26:40','2010-03-31 16:02:17','Via Raimondo Pandini, 1/A','LO','Sant\'Angelo Lodigiano',315,'26866',395,'','',''),(143,27,3,3,32,0,'0375/200866','','','','','Laboratorio Odontotecnico Identico di Rubes Mauro','2010-03-30 08:26:40','2010-03-31 16:02:17','Via XX Settembre, 21/G','CR','Gussola',315,'26040',395,'','',''),(144,27,3,3,32,0,'0332/971192','','0332/971192','luca.gazzola@simail.it','','Gazzola Luca Laboratorio Odontotenico','2010-03-30 08:26:40','2010-03-31 16:02:17','Via Roma, 34','VA','Brebbia',315,'21020',395,'','',''),(145,27,3,3,32,0,'0423/915981','','','valentinidaniele@libero.it','','Valentini Daniele Laboratorio Odontotecnico','2010-03-30 08:26:40','2010-03-31 16:02:17','Via Sant\' Apollonia 70','TV','Caselle D\' Altivole',315,'31030',395,'','',''),(146,27,3,3,32,0,'041/5702517','','','','','Il Laboratorio SNC di Carraro e Muffato Laboratorio Odontotecnico','2010-03-30 08:26:40','2010-03-31 16:02:17','Via Colombo, 21','VE','Mirano',315,'30035',395,'','',''),(147,27,3,3,32,0,'0431/622165','','0431/622389','','','Monte Ivano','2010-03-30 08:26:40','2010-03-31 16:02:17','Via Marano 4a','UD','San Giorgio Nogaro',315,'33058',395,'','',''),(148,27,3,3,32,0,'0422/421002','','0422/421002','','','Zago Mauro Laboratorio Odonototecnico','2010-03-30 08:26:40','2010-03-31 16:02:17','Via San Pelaio, 133','TV','Treviso',315,'31100',395,'','',''),(149,27,3,3,32,0,'0432/541955','','','info@punto-dentale.com','','Punto Dentale di Fundaro\' Piero','2010-03-30 08:26:40','2010-03-31 16:02:17','Piazza Garibaldi, 5','UD','Tavagnacco',315,'33010',395,'','',''),(150,27,3,3,32,0,'095/534328','','095/534328','','','Ge.Mu.Ro. Dent di Musumeci Giuseppe e C. Laboratorio Odontotecnico','2010-03-30 08:26:40','2010-03-31 16:02:17','Via Gorizia, 34/L','CT','Catania',315,'95129',395,'','',''),(151,27,3,3,32,0,'095/551552','','','lab.odont@roccopanebianco.com','','Panebianco Rocco Salvatore','2010-03-30 08:26:40','2010-03-31 16:02:17','Via Oliveto Scammacca, 77','CT','Catania',315,'95127',395,'','',''),(152,27,3,3,32,0,'095/222147','','095/222147','labfelice@tin.it','','Felice Giuseppe Laboratorio Odontotecnico','2010-03-30 08:26:40','2010-03-31 16:02:17','Via Nuovalucello, 47/L','CT','Catania',315,'95126',395,'','',''),(153,27,3,3,32,0,'095/539749','','','','','Ceramico Far di Furnari A. e Musumeci C.','2010-03-30 08:26:40','2010-03-31 16:02:17','Via Vecchia Ognina, 85','CT','Catania',315,'95129',395,'','',''),(154,27,3,3,32,0,'080/4681627','','','dental.line@tin.it','','Dental Line SNC di Cicinelli Luigi e Fortunato Giovanni','2010-03-30 08:26:40','2010-03-31 16:02:17','Corso Vitt. Emanuele, 176','BA','Triggiano',315,'70019',395,'','',''),(155,27,3,3,32,0,'080/5046956','','080/5046956','dental.creation@libero.it','','New Dental Creation SNC di Gallo Cipriani Lacasella Laboratorio Odontotecnico','2010-03-30 08:26:40','2010-03-31 16:02:17','Via Salvatore  Matarrese, 2/R','BA','Bari',315,'70124',395,'','',''),(156,27,3,3,32,0,'080/3447220','','','debdan1@tin.it','','De Bellis Daniele Laboratorio Odontotecnico','2010-03-30 08:26:40','2010-03-31 16:02:17','Via Del Re Giuseppe, 6','BA','Gioia del Colle',315,'70023',395,'','',''),(157,27,3,3,32,0,'0835/386261','','0835/386261','lol_mt@libero.it','','Lucano SNC dei F.lli Cicchetti Laboratorio Odontotecnico','2010-03-30 08:26:40','2010-03-31 16:02:17','Via La Martella, 52/54','MT','Matera',315,'75100',395,'','',''),(158,27,3,3,32,0,'0736/250135','','0736/249310','gennaronarducci@virgilio.it','','Narducci Gennaro Laboratorio Odontotecnico','2010-03-30 08:26:40','2010-03-31 16:02:17','Via Vittorio Emanuele, 13','AP','Ascoli Piceno',315,'63100',395,'','',''),(159,27,3,3,32,0,'0971/45566','','0971/594359','','','Nolè Salvatore Stefano','2010-03-30 08:26:40','2010-03-31 16:02:17','Via Braille 14','PZ','Potenza',315,'85100',395,'','',''),(160,27,3,3,32,0,'081/8717917','','081/8717917','domenico.citarella@tin.it','','Citarella Domenico Laboratorio Odontotecnico','2010-03-30 08:26:40','2010-03-31 16:02:17','Via Renato Raiola, 16','NA','Castellammare di Stabia',315,'80053',395,'','',''),(161,27,3,3,32,0,'089/336319','','','centrodentaleautuori@libero.it','','Centro Dentale Autuori Matteo','2010-03-30 08:26:40','2010-03-31 16:02:17','Via Trento, 82/A','SA','Salerno',315,'84100',395,'','',''),(162,27,3,3,32,0,'081/929003','','','','','F.C. SNC Lab. Odontotecnico di Califano Alfonso','2010-03-30 08:26:40','2010-03-31 16:02:17','Via Quasimodo Salvatore 22','SA','Nocera Inferiore',315,'84014',395,'','',''),(163,27,3,3,32,0,'081/8721441','','','massimo.santarpia@tin.it','','Santarpia Massimo Laboratorio odontotecnico','2010-03-30 08:26:40','2010-03-31 16:02:17','Via Galeno 16','NA','Castellammare di Stabia',315,'80053',395,'','',''),(164,27,3,3,32,0,'0339/644776','','','','','Littera Giuseppe Laboratorio odontotecnico','2010-03-30 08:26:40','2010-03-31 16:02:17','Via Madonna del Carmine snc','CE','Vairano Scalo',315,'81059',395,'','',''),(165,27,3,3,32,0,'0823/953195','','','','','Smile Dental Center di Taurino Salvatore','2010-03-30 08:26:40','2010-03-31 16:02:17','Via Pennino, 69','BN','S. Agata dei Goti',315,'82019',395,'','',''),(166,27,3,3,32,0,'0823/351759','','','','','Tecno Dental SNC','2010-03-30 08:26:40','2010-03-31 16:02:17','Via Marchesiello (Fiori)','CE','Caserta',315,'81100',395,'','',''),(167,27,3,3,32,0,'041/514711','','041/635941','','','Officina Creativa del Sorriso SRL','2010-03-30 08:26:40','2010-03-31 16:02:17','Via Triestina, 52','VE','Venezia',315,'30030',395,'','',''),(168,27,3,3,32,0,'0324/45154','','','','','Laboratorio Odontotecnico Marian Cesare','2010-03-30 08:26:40','2010-03-31 16:02:17','Via Trieste, 36','VB','Domodossola',315,'28845',395,'','',''),(169,27,3,3,32,0,'015/985100','','015/985100','gnatoart@libero.it','','Gnato Art SNC di Dama Roberta Laboratorio Odontotecnico','2010-03-30 08:26:40','2010-03-31 16:02:17','Piazza I Maggio 1 Cond.Piave','BI','Brusnengo',315,'13862',395,'','',''),(170,27,3,3,32,0,'011/9414992','','','dellacasa.malerba@libero.it','','Delma SNC Di Della Casa Roberto - Dellacasa Mauro e Malebra Maurizio Centro Medico Odontoiatrico ','2010-03-30 08:26:40','2010-03-31 16:02:17','Via Chieri, 64','TO','Andezeno (TO) ',315,'10020',395,'COM','',''),(171,27,3,3,32,0,'019/53600','','','cargi2004@libero.it','','Carazzone Giancarlo Laboratorio Odontotecnico','2010-03-30 08:26:40','2010-03-31 16:02:17','Via Vittorio Veneto snc','SV','Murialdo',315,'17013',395,'','',''),(172,27,3,3,32,0,'0131/261897','','0131/326972','','','Pastore Mario Laboratorio Odontotecnico','2010-03-30 08:26:40','2010-03-31 16:02:17','Via Montello, 29','AL','Alessandria',315,'15100',395,'','',''),(173,27,3,3,32,0,'0131/253226','','0131/253226','','','Dental 3B SNC di Bonato Luciano Gianfranco','2010-03-30 08:26:40','2010-03-31 16:02:17','Corso Marini Virginia, 95','AL','Alessandria',315,'15100',395,'','',''),(174,27,3,3,32,0,'091/6373768','','','odonto65@libero.it','','Rigano Maurizio Laboratorio Odontotecnico','2010-03-30 08:26:40','2010-03-31 16:02:17','Via Cortile Pinito, 4','PA','Cefalù',315,'90015',395,'','',''),(175,27,3,3,32,0,'091/6811336','','','','','Amico Renato Laboratorio Odontotecnico','2010-03-30 08:26:40','2010-03-31 16:02:17','Via Parisio Cataldo, 79','PA','Palermo',315,'90145',395,'','',''),(176,27,3,3,32,0,'0923/29857','','','bpsart@libero.it','','Safina Arturo Claudio Laboratorio Odontotecnico','2010-03-30 08:26:40','2010-03-31 16:02:17','Via Mazara, 14','TP','Trapani',315,'91100',395,'','',''),(177,27,3,3,32,0,'0923/651744','','','','','Odontart di Giubilato Mario','2010-03-30 08:26:40','2010-03-31 16:02:17','Via Caravaggio, 13/B','TP','Mazzara del Vallo',315,'91026',395,'','',''),(178,27,3,3,32,0,'091/6825942','','','cadcamsicilia@virgilio.it','','Prado Massimo Laboratorio Odontotecnico','2010-03-30 08:26:40','2010-03-31 16:02:17','Via Pizzetti, 8','PA','Palermo',315,'90145',395,'','',''),(179,27,3,3,32,0,'0583/492949','','0583/496108','info@laboratorioprofeti.com','','Profeti SRL Laboratorio Dentistico','2010-03-30 08:26:40','2010-03-31 16:02:17','Via Castracani, 422','LU','Lucca',315,'55100',395,'','',''),(180,27,3,3,32,0,'06/7843641','','','roberto69rm@hotmail.com','','Albodent SAS di Giampiero Nucci e C.','2010-03-30 08:26:40','2010-03-31 16:02:17','Piazza dell\'Alberone, 36','RM','Roma',315,'00181',395,'','',''),(181,27,3,3,32,0,'0773/709220','','','aquilar63@libero.it','','Laboratorio Odontotecnico di Aquilar Francesco','2010-03-30 08:26:40','2010-03-31 16:02:17','Piazza Repubblica, 44','LT','Terracina',315,'04019',395,'','',''),(182,27,3,3,32,0,'06/2307544','','06/2307544','','','Fortura Alessandro','2010-03-30 08:26:40','2010-03-31 16:02:17','Via dei Salici, 11','RM','Roma',315,'00172',395,'','',''),(183,27,3,3,32,0,'06/7674292','','','orissrl@tiscalinet.it','','Oris SRL','2010-03-30 08:26:40','2010-03-31 16:02:17','Via Sestio Lucio, 27/D','RM','Roma',315,'00174',395,'','',''),(184,27,3,3,32,0,'06/3216409','','06/6275855','srb43@libero.it','','Odontotecnica Rinaldi B. e Co. SRL Laboratorio Odontotecnico','2010-03-30 08:26:40','2010-03-31 16:02:17','Via Valle dei Fontanili 15','RM','Roma',315,'00168',395,'','',''),(185,27,3,3,32,0,'011/859718','','011/859718','tarta@alice.it','','Torchio Giovanni Laboratorio Odontotecnico','2010-03-30 08:26:40','2010-03-31 16:02:17','Via Cuneo, 14','TO','Torino',315,'10152',395,'','',''),(186,27,3,3,32,0,'015/5821874','','','','','Ravagnani Danilo Laboratorio Odontotecnico','2010-03-30 08:26:40','2010-03-31 16:02:17','Corso Umberto I, 26','BI','Benna',315,'13030',395,'','',''),(187,27,3,3,32,0,'0171/696332','','0171/696332','labbessone@libero.it','','Bessone SNC di Riva G. e Sasia M. Laboratorio Odontotecnico','2010-03-30 08:26:40','2010-03-31 16:02:17','Corso Nizza, 47','CN','Cuneo',315,'12100',395,'','',''),(188,27,3,3,32,0,'0875/530160','','','david158@alice.it','','Basanese David Laboratorio Odontotecnico','2010-03-30 08:26:40','2010-03-31 16:02:17','Via G. Pascoli, 10','CB','Campomarino',315,'86042',395,'COM','',''),(189,27,3,3,32,0,'0871/346031','','0871/346031','AMarsilio@libero.it','','Dental Protesi','2010-03-30 08:26:40','2010-03-31 16:02:17','Via Porta Pescara, 12','CH','Chieti',315,'66100',395,'','',''),(190,27,3,3,32,0,'0873/69481','','','','','Iacovitti Adolfo Laboratorio Odontotecnico','2010-03-30 08:26:40','2010-03-31 16:02:17','C.so Europa, 121','CH','Vasto',315,'66054',395,'','',''),(191,27,3,3,32,0,'095/77861','','','','','Tini Massimo Laboratorio Odontotecnico','2010-03-30 08:26:40','2010-03-31 16:02:17','Via Nazionale Adriatica, 47','PE','Pescara',315,'65132',395,'','',''),(192,27,3,3,32,0,'0382/21603','','','','','La Cara Roberto Laboratorio Odontotecnico','2010-03-30 08:26:40','2010-03-31 16:02:17','Via Alboino, 5','PV','Pavia',315,'27100',395,'','',''),(193,27,3,3,32,0,'0523/332651','','0523/332651','callegari.grumieri@libero.it','','Callegari Giovanni e Grumieri Cristiano SNC','2010-03-30 08:26:40','2010-03-31 16:02:17','Via IV.Novembre, 96','PC','Piacenza',315,'29100',395,'','',''),(194,27,3,3,32,0,'0523/757300','','','','','Genesi Massimo & Zanotti Fiorenzo S.N.C.','2010-03-30 08:26:40','2010-03-31 16:02:17','Via Amendola, 25/A','PC','Piacenza',315,'29100',395,'','',''),(195,27,3,3,32,0,'0523/480669','','0523/480669','pyua74@virgilio.it','','Boiocchi Giuseppe e Fermi Sergio Laboratorio Odontotecnico','2010-03-30 08:26:40','2010-03-31 16:02:17','Via Faustini, 12','PC','Piacenza',315,'29100',395,'','',''),(196,27,3,3,32,0,'0523/331690','','','','','Russo Mauro','2010-03-30 08:26:40','2010-03-31 16:02:17','Via Maddalena, 10','PC','Piacenza',315,'29100',395,'','',''),(197,27,3,3,32,0,'0368/3611621','','','','','Gozzi Franco','2010-03-30 08:26:40','2010-03-31 16:02:17','Via Cavalieri, 13','PC','Borgonovo',315,'29011',395,'','',''),(198,27,3,3,32,0,'080/3102343','','','','','Riccaldo Paolo Laboratorio Odontotecnico','2010-03-30 08:26:40','2010-03-31 16:02:17','Via Siracusa, 46','BA','Altamura',315,'70022',395,'','',''),(199,27,3,3,32,0,'080/3346960','','080/3346960','','','Laboratorio Odontotecnico di Palmiotti & Simeone','2010-03-30 08:26:40','2010-03-31 16:02:17','Via Ten.Silvestri, 64','BA','Molfetta',315,'70056',395,'','',''),(200,27,3,3,32,0,'0835/389249','','0835/389249','doti.grieco@tiscali.it','','Doti e Grieco SNC Laboratorio Odontotecnico','2010-03-30 08:26:40','2010-03-31 16:02:17','Via Cosenza, 10','MT','Matera',315,'75100',395,'','',''),(201,27,3,3,32,0,'080/4315353','','080/4315353','','','Bieffe Dental SNC','2010-03-30 08:26:40','2010-03-31 16:02:17','Via Manzoni, 11','BA','Locorotondo',315,'70010',395,'','',''),(202,27,3,3,32,0,'080/4832645','','080/4832645','dentalproject@inwind.it','','Dental Project SNC di Ledda Roberto e C. Laboratorio Odontotecnico','2010-03-30 08:26:40','2010-03-31 16:02:17','Via Mottola, 25 L/M','TA','Martina Franca',315,'74015',395,'','',''),(203,27,3,3,32,0,'0731/209960','','','','','Duranti Paolo Laboratorio Odontotecnico','2010-03-30 08:26:40','2010-03-31 16:02:17','Viale della Vittoria, 70','AN','Jesi',315,'60035',395,'','',''),(204,27,3,3,32,0,'071/7574269','','','','','Tecnodent Snc di Marinelli Nicola e Togni Moreno','2010-03-30 08:26:40','2010-03-31 16:02:17','Via Ceccaroni, 1','MC','Recanati',315,'62019',395,'','',''),(205,27,3,3,32,0,'0735/658798','','0735/651966','','','Rainbow di Tanzi Maurizio e Perozzi Franco SNC Laboratorio Odontotecnico','2010-03-30 08:26:40','2010-03-31 16:02:17','Via Pasubio, 36','AP','Porto D\' Ascoli',315,'63037',395,'','',''),(206,27,3,3,32,0,'0733/668323','','','anzideigiocondo@libero.it','','Anzidei Giocondo','2010-03-30 08:26:40','2010-03-31 16:02:17','Piazza V.Emanuele, 11','MC','Gualdo',315,'62020',395,'','',''),(207,27,3,3,32,0,'071/41820','','071/41820','','','Mirabella Giuseppe Andrea','2010-03-30 08:26:40','2010-03-31 16:02:17','Via Ascoli Piceno, 148','AN','Ancona',315,'60126',395,'','',''),(208,27,3,3,32,0,'0547/632773','','0547/385061','an.canali@tisealinet.it','','Esagono SNC Lab. Odontotecnico di Canali Antonio','2010-03-30 08:26:40','2010-03-31 16:02:17','Via Quinto Bucci, 81','FO','Cesena',315,'47023',395,'','',''),(209,27,3,3,32,0,'059/343555','','059/344494','goldsmiles@libero.it','','Gold & Smiles SRL Laboratorio Odontotecnico','2010-03-30 08:26:40','2010-03-31 16:02:17','Via Notari, 84','MO','Modena',315,'41100',395,'','',''),(210,27,3,3,32,0,'0347/883998','','','','','Boretti Giancarlo Laboratorio Odontotecnico','2010-03-30 08:26:40','2010-03-31 16:02:17','Via del Frutteto, 204','PT','Pistoia',315,'51100',395,'','',''),(211,27,3,3,32,0,'0522/693324','','0522/693324','argozzi@tin.it','','New Dental Center di Gozzi Arianno e C. Laboratorio Odontotecnico','2010-03-30 08:26:40','2010-03-31 16:02:17','Piazzale Carducci, 2','RE','Correggio',315,'42015',395,'','',''),(212,27,3,3,32,0,'0521/940994','','0521/940994','albertella@micso.net','','Albertella Dino Laboratorio odontotecnico','2010-03-30 08:26:40','2010-03-31 16:02:17','Via Cremonese, 1/B','PR','Parma',315,'43100',395,'','',''),(213,27,3,3,32,0,'0432/470798','','0432/470798','flpfu@tin.it','','Dentalsystem Furlani Alberto','2010-03-30 08:26:40','2010-03-31 16:02:17','Via Volontari della Libertà, 40/2','UD','Udine',315,'33100',395,'','',''),(214,27,3,3,32,0,'0432/561959','','0432/561959','loreman21@aliceposta.it','','Romanello Lorenzo Laboratorio Odontotecnico','2010-03-30 08:26:40','2010-03-31 16:02:17','Piazza IV Novembre, 3/3','UD','Basaldella',315,'33030',395,'','',''),(215,27,3,3,32,0,'0432/69513','','','odontolabor@tin.it','','Odontolabor IT. di Giacomini Giacomo','2010-03-30 08:26:40','2010-03-31 16:02:17','Via Campoformido, 80','UD','Pasian di Prato',315,'33037',395,'','',''),(216,27,3,3,32,0,'0432/509321','','','','','Ceschia Franco e Righini Alfano SNC Laboratorio Odontotecnico','2010-03-30 08:26:40','2010-03-31 16:02:17','Via Carducci, 4','UD','Udine',315,'33100',395,'','',''),(217,27,3,3,32,0,'0432/282281','','0432/282281','cocclab@libero.it','','Centro Odontoprotesico SNC di Claudio D\'Angelo e M. Cristina Saracino','2010-03-30 08:26:40','2010-03-31 16:02:17','Via Brigata Re, 11 int. 1','UD','Udine',315,'33100',395,'','',''),(218,27,3,3,32,0,'0863/25164','','','','','Cerasari Gianfranco Laboratorio Odontotecnico','2010-03-30 08:26:40','2010-03-31 16:02:17','Via delle Fornaci, 7','AQ','Avezzano',315,'67051',395,'','',''),(219,27,3,3,32,0,'06/50931385','','','','','Lollobrigida Norberto Laboratorio Odontotecnico','2010-03-30 08:26:40','2010-03-31 16:02:17','Via Toscanini Arturo, 37','RM','Roma',315,'00124',395,'','',''),(220,27,3,3,32,0,'0783/212201','','','','','Xerios SRL','2010-03-30 08:26:40','2010-03-31 16:02:17','Via Mele  (Lott. Cualbu), 16/A','OR','Oristano',315,'09170',395,'','',''),(221,27,3,3,32,0,'0143/75669','','','marco.raviolo@inwind.it','','Laboratorio Odontotecnico di Raviolo Marco','2010-03-30 08:26:40','2010-03-31 16:02:17','Via Monte Sabotino, 10','AL','Novi Ligure',315,'15067',395,'','',''),(222,27,3,3,32,0,'0386/437288','','','laboratoriobellini@libero.it','','Bellini Riccardo Laboratorio Odontotecnico','2010-03-30 08:26:40','2010-03-31 16:02:17','Via XX Settembre, 20','MN','Sustinente',315,'46030',395,'','',''),(223,27,3,3,32,0,'045/576522','','045/8107119','pentade@multilinkitalia.it','','Il Laboratorio di Mariotti Andrea e C. SNC','2010-03-30 08:26:40','2010-03-31 16:02:17','Via Spaziani 41','VR','Verona',315,'37138',395,'','',''),(224,27,3,3,32,0,'081/8924070','','081/8924070','francopassarelli@libero.it','','Dentalabor di Schiavone Luigi','2010-03-30 08:26:40','2010-03-31 16:02:17','Corso Umberto I, 355','CE','Casal di Principe',315,'81033',395,'','',''),(225,27,3,3,32,0,'089/955360','','','','','Petrullo Massimiliano Laboratorio Odontotecnico','2010-03-30 08:26:40','2010-03-31 16:02:17','Via L.Ariosto, 65','SA','Baronissi',315,'84081',395,'','',''),(226,27,3,3,32,0,'081/7115103','','081/7115103','info@odus.it','','Odus di Messineo Antonio Laboratorio odontotecnico','2010-03-30 08:26:40','2010-03-31 16:02:17','Via C. Colombo 1','NA','Melito di Napoli',315,'80017',395,'','',''),(227,27,3,3,32,0,'081/7678998','','','franco.rosano@libero.it','','C.P.D. snc Centro Protesico Dentale Epomeo di Mastronardo Daniele e Rosano Francesco','2010-03-30 08:26:40','2010-03-31 16:02:17','Via dell\' Auriga, 42','NA','Napoli',315,'80126',395,'','',''),(228,27,3,3,32,0,'081/421747','','','','','Espodent di Esposito Gianlu','2010-03-30 08:26:40','2010-03-31 16:02:17','Sal.S.Nicola da Tolentino, 51','NA','Napoli',315,'80132',395,'','',''),(229,27,3,3,32,0,'081/7361311','','','','','Radente Renato Laboratorio Odontotecnico','2010-03-30 08:26:40','2010-03-31 16:02:17','Trav. Iii  Maglione, 9','NA','Napoli',315,'80144',395,'','',''),(230,27,3,3,32,0,'081/476476','','','','','Laboratorio Pro.Dent di Blasi Maurizio','2010-03-30 08:26:40','2010-03-31 16:02:17','Via Diaz, 67','NA','Portici',315,'80055',395,'','',''),(231,27,3,3,32,0,'089/237380','','089/237380','','','Del Regno Laboratorio Odontotecnico Antonio','2010-03-30 08:26:40','2010-03-31 16:02:17','Via Diaz Generale Armando, 28','SA','Salerno',315,'84122',395,'','',''),(232,27,3,3,32,0,'045/8301077','','045/8301077','a.canal@tin.it','','Canal Alessandro','2010-03-30 08:26:40','2010-03-31 16:02:17','Via Cigno, 2/4','VR','Verona',315,'37129',0,'','',''),(233,27,3,3,32,0,'081/646952','','','','','Taussi Venanzio','2010-03-30 08:26:40','2010-03-31 16:02:17','Via M.Caravaggio, 36','NA','Napoli',315,'80126',395,'','',''),(234,27,3,3,32,0,'095/397611','','','','','Sanident di Giosué Milioto','2010-03-30 08:26:40','2010-03-31 16:02:17','Via Emanuele Cutore, 50','CT','Gravina di Catania',315,'95030',395,'','',''),(235,27,3,3,32,0,'0932/256116','','0932/256116','essecipe@supereva.it','','SC Piccola Società Cooperativa ARL','2010-03-30 08:26:40','2010-03-31 16:02:17','Via Monti Blei, 45','RG','Ragusa',315,'97100',395,'','',''),(236,27,3,3,32,0,'0932/253388','','0932/253388','paola.laboratorio@virgilio.it','','Laboratorio Odontotecnico Ibleo di Zarba Riccardo','2010-03-30 08:26:40','2010-03-31 16:02:17','Via Archimede, 373','RG','Ragusa',315,'97100',395,'','',''),(237,27,3,3,32,0,'095/7311368','','095/7410532','emilioseba@tiscali.it','','Laboratorio N.P.Dental di Privitera Nicola','2010-03-30 08:26:40','2010-03-31 16:02:17','Via Cave Villara, 5','CT','Catania',315,'95123',395,'','',''),(238,27,3,3,32,0,'0742/21086','','','','','Gubbini Marco Laboratorio Odontotecnico','2010-03-30 08:26:40','2010-03-31 16:02:17','Via A. Vici','PG','Paciana',315,'06034',395,'','',''),(239,27,3,3,32,0,'075/5056180','','','biossnc@infinito.it','','Bios SNC di Parretti e Bartoli','2010-03-30 08:26:40','2010-03-31 16:02:17','Via Settevalli, 176','PG','Perugia',315,'06128',395,'','',''),(240,27,3,3,32,0,'075/517285','','','','','Chiezzi Luca Laboratorio Odontotecnico','2010-03-30 08:26:40','2010-03-31 16:02:17','Via Strozzacapponi, 73','PG','Castel Del Piano',315,'06071',395,'','',''),(241,27,3,3,32,0,'0421/362993','','0421/362993','info@dentaltec.it','','Dentaltec SNC di Bozzo Antonio e Checchin Cristiano','2010-03-30 08:26:40','2010-03-31 16:02:17','Via Antiche Mura 12','VE','Lido di Jesolo',315,'30016',395,'COM','',''),(242,27,3,3,32,0,'049/8975845','','049/8987793','ennio.degliagostini@dpdental.it','','DP Dental SRL Laboratorio Odontotecnico','2010-03-30 08:26:40','2010-03-31 16:02:17','Via Pitagora 22/B','PD','Rubano',315,'35030',395,'','',''),(243,27,3,3,32,0,'0444/326383','','','','','Odontotecnica A.A. Protesor SNC di Noro Attilio e C.','2010-03-30 08:26:40','2010-03-31 16:02:17','Viale Ortigara, 30','VI','Vicenza',315,'36100',395,'','',''),(244,27,3,3,32,0,'0422/56849','','0422/575098','tessarologiorando@tin.it','','Laboratorio Odontotecnico Tessarollo Giordano','2010-03-30 08:26:40','2010-03-31 16:02:17','Viale dei Mille, 20','TV','Treviso',315,'31100',395,'','',''),(245,27,3,3,32,0,'051/368960','','051/9914700','taliabodo@hotmail.com','','Trident SNC di Zotti A. & C. Laboratorio Odontotecnico','2010-03-30 08:26:40','2010-03-31 16:02:17','Via Matteotti 21','BO','Bologna',315,'40129',395,'','',''),(246,27,3,3,32,0,'045/7152808','','045/6700401','sergioruzzenente@libero.it','','R.O.R. SNC di Piazzola Renata e Ruzzenente Sergio Laboratorio Odontotecnico','2010-03-30 08:26:40','2010-03-31 16:02:17','Via Alessandro Volta, 18','VR','Settimo di Pescantina',315,'37026',395,'','',''),(247,27,3,3,32,0,'0522/281698','','0522/289933','','','Stoma SNC','2010-03-30 08:26:40','2010-03-31 16:02:17','Via Hjroshima 12','RE','Reggio Emilia',315,'42100',395,'','',''),(248,27,3,3,32,0,'0541/778203','','0541/778203','oscar.zanotti@libero.it','','Zanotti Oscar Laboratorio Odontotecnico','2010-03-30 08:26:40','2010-03-31 16:02:17','Via Boheme 4','RN','Rimini',315,'47037',395,'','',''),(249,27,3,3,32,0,'0968/32449','','','lab.murano@tiscalinet.it','','Murano Vincenzo Laboratorio Odontotecnico','2010-03-30 08:26:40','2010-03-31 16:02:17','Via Castello','CZ','Feroleto Antico',315,'88043',395,'','',''),(250,27,3,3,32,0,'0131/868544','','0131/868544','ginodallaglio@inwind.it','','Dall\'Aglio SRL Laboratorio Odontotecnico','2010-03-30 08:26:40','2010-03-31 16:02:17','Via Emilia, 9','AL','Tortona',315,'15057',395,'','',''),(251,27,3,3,32,0,'035/842177','','035/842177','laboratorio@microdent.it','','Microdent SRL Laboratorio Odontotecnico','2010-03-30 08:26:40','2010-03-31 16:02:17','Via Dante Alighieri, 8/H','BG','Calcinate',315,'24050',395,'','',''),(252,27,3,3,32,0,'0863/34194','','','','','Maussier & Agostinone','2010-03-30 08:26:40','2010-03-31 16:02:17','Via L.Einaudi, 5','AQ','Avezzano',315,'67051',395,'','',''),(253,27,3,3,32,0,'0863/23766','','0863/441589','fegemi@tin.it','','Laboratorio Odontotecnico Fernando Gemini','2010-03-30 08:26:40','2010-03-31 16:02:17','Via V. Veneto 53\n','AQ','Avezzano',315,'67051',395,'','',''),(254,27,3,3,32,0,'0863/519414','','','antonio.luce@infinito.it','','Luce Antonio Laboratorio Odontotecnico','2010-03-30 08:26:40','2010-03-31 16:02:17','Piazza Municipio, 6','AQ','Massa d\'Albe',315,'67050',395,'','',''),(255,27,3,3,32,0,'0863/26507','','','','','Di Lernia Andrea Laboratorio Odontotecnico','2010-03-30 08:26:40','2010-03-31 16:02:17','Via Kolbe Massimiliano, 38','AQ','Avezzano',315,'67051',395,'','',''),(256,27,3,3,32,0,'06/4192937','','','stefanomarsili@tiscali.it','','Laboratorio Odontotecnico Marsili Stefano','2010-03-30 08:26:40','2010-03-31 16:02:17','Via di Villalago, 33','RM','Roma',315,'00131',395,'','',''),(257,27,3,3,32,0,'0587/757164','','','','','Carlotti Michele Laboratorio Odontotecnico','2010-03-30 08:26:40','2010-03-31 16:02:17','Via delle Fosse, 64','PI','Bientina',315,'56031',395,'','',''),(258,27,3,3,32,0,'0583/469158','','','mattiogio@Tin.It','','Mattioli Stefano Laboratorio Odontotecnico','2010-03-30 08:26:40','2010-03-31 16:02:17','Via Vecchia Pesciatina, 703','LU','San Vito',315,'55100',395,'','',''),(259,27,3,3,32,0,'050/939031','','','','','Giaconi Leonardo SNC Laboratorio Odontotecnico','2010-03-30 08:26:40','2010-03-31 16:02:17','Via della Cava, 1/A','PI','Calci',315,'56011',395,'','',''),(260,27,3,3,32,0,'090/2934517','','','laboratoriocdp@interfree.it','','Colonna-De Lorenzo-Puglisi SNC di Colonna Ernesto e C. Laboratorio Odontotecnico','2010-03-30 08:26:40','2010-03-31 16:02:17','Vicolo San Martino, 293','ME','Messina',315,'98123',395,'','',''),(261,27,3,3,32,0,'0964/776015','','0964/776937','dentekwm@tiscali.it','','Würfel Dietmar Holger Laboratorio Odontotecnico','2010-03-30 08:26:40','2010-03-31 16:02:17','Via Sirleto, 1','RC','Stilo',315,'89049',395,'','',''),(262,27,3,3,32,0,'090/337049','','090/337049','mario.grima@tiscali.it','','Grima Mario Laboratorio Odontotecnico','2010-03-30 08:26:40','2010-03-31 16:02:17','Via Principe di Napoli, 29','ME','Villafranca Tirrena',315,'98049',395,'','',''),(263,27,3,3,32,0,'090/673532','','090/673532','labconi@inwind.it','','Coniglio Fabio Laboratorio Odontotecnico','2010-03-30 08:26:40','2010-03-31 16:02:17','Via Gelone, 7','ME','Messina',315,'98124',395,'','',''),(264,27,3,3,32,0,'095/7512812','','095/7512812','nicoslafilippo@tiscali.it','','Nicosia Filippo Laboratorio Odontotecnico','2010-03-30 08:26:40','2010-03-31 16:02:17','Via Dusmet, 11','CT','Tremestieri Etneo',315,'95030',395,'','',''),(265,27,3,3,32,0,'0967/533462','','','','','Callipo Saverio Francesco Laboratorio Odontotecnico','2010-03-30 08:26:40','2010-03-31 16:02:17','Contrada Drimi','CZ','Davoli',315,'88060',395,'','',''),(266,27,3,3,32,0,'090/336931','','090/336931','novildent@tiscali.it','','Novildent di Ialacqua Massimiliano Laboratorio Odontotecnico','2010-03-30 08:26:40','2010-03-31 16:02:17','Via Madonna del Tindari','ME','Villafranca Tirrena',315,'98049',395,'','',''),(267,27,3,3,32,0,'0335/6536250','','','','','Dental Labor di Avesani Marco','2010-03-30 08:26:40','2010-03-31 16:02:17','Via Colombo 64','PC','S.Polo di Podenzano',315,'29010',395,'','',''),(268,27,3,3,32,0,'0383/878317','','','','','Laboratorio Piccinini Antonio','2010-03-30 08:26:40','2010-03-31 16:02:17','Via Agostino Depretis, 146','PV','Pinarolo Po',315,'27040',395,'','',''),(269,27,3,3,32,0,'0383/878690','','0383/878690','','','Laboratorio Odontotecnico Lané Andrea Riccardo','2010-03-30 08:26:40','2010-03-31 16:02:17','Via Agostino Depretis, 42','PV','Pinarolo Po',315,'27040',395,'','',''),(270,27,3,3,32,0,'0523/384618','','0523/384618','razzini.scarpanti@iol.it','','Laboratorio Odontotecnico Razzini  & Scarpanti  SNC','2010-03-30 08:26:40','2010-03-31 16:02:17','Via Poggiali, 43','PC','Piacenza',315,'29100',395,'','',''),(271,27,3,3,32,0,'0836/945653','','0836/945300','franpaia@virgilio.it','','Paiano Francesco Laboratorio odontotecnico','2010-03-30 08:26:40','2010-03-31 16:02:17','Via Passilli, 65','LE','Spongano',315,'73038',395,'','',''),(272,27,3,3,32,0,'0832/331647','','','','','Pirri Stefano Laboratorio Odontotecnico','2010-03-30 08:26:40','2010-03-31 16:02:17','Via Vito Mario Stampacchia, 16','LE','Lecce',315,'73100',395,'','',''),(273,27,3,3,32,0,'338/8486685','','0832/932136','francesco.lillo@tin.it','','Lillo Francesco Laboratorio Odontotecnico','2010-03-30 08:26:40','2010-03-31 16:02:17','Via Garibaldi, 8','LE','Copertino',315,'73043',395,'','',''),(274,27,3,3,32,0,'0833/562109','','0833/567814','','','Calabrese Raffaele Laboratorio odontotecnico','2010-03-30 08:26:40','2010-03-31 16:02:17','Via Fiume, 2','LE','Nardò',315,'73048',395,'','',''),(275,27,3,3,32,0,'0973/663492','','','gioialavria@libero.it','','G. E G. Ortodonzia Di Giuseppantonio','2010-03-30 08:26:40','2010-03-31 16:02:17','Vico Sematore Arcieri 1','PZ','Castelluccio Inferiore',315,'85040',395,'','',''),(276,27,3,3,32,0,'339/5471269','','','luigicicerale@live.it','','Cicerale Luigi Laboratorio Odontotecnico','2010-03-30 08:26:40','2010-03-31 16:02:17','Via Redipuglia 19','FG','Lesina',315,'71010',395,'COM','',''),(277,27,3,3,32,0,'0882/381670','','','','','Lombardi Enzo Laboratorio Odontotecnico','2010-03-30 08:26:40','2010-03-31 16:02:17','Via Pasquale Soccio, 15','FG','Torre Maggiore',315,'71017',395,'','',''),(278,27,3,3,32,0,'0471/931462','','0471/931462','laboratoriodpm@tin.it','','DPM di Bacher R. SNC Laboratorio Odontotecnico','2010-03-30 08:26:40','2010-03-31 16:02:17','Via della Visitazione, 26','BZ','Bolzano',315,'39100',395,'','',''),(279,27,3,3,32,0,'081/8424016','','081/8424016','tdental@tin.it','','Tecno Dental Di Amalfitano Massimo','2010-03-30 08:26:40','2010-03-31 16:02:17','Via Pigna (Bilancia)','NA','Casalnuovo di Napoli',315,'80013',395,'','',''),(280,27,3,3,32,0,'081/5113968','','','','','New Tripodent di Guerriero Vito','2010-03-30 08:26:40','2010-03-31 16:02:17','Via Circumvallazione, 51','NA','Saviano',315,'80039',395,'','',''),(281,27,3,3,32,0,'06/9865150','','','','','Dental Service Di Mercuri Mariano & C. SNC Laboratorio Odontotecnico','2010-03-30 08:26:40','2010-03-31 16:02:17','Via Nettunense, 167','RM','Anzio',315,'00042',395,'','',''),(282,27,3,3,32,0,'06/9694580','','','','','Perpetuini Angelo Laboratorio Odontotecnico','2010-03-30 08:26:40','2010-03-31 16:02:17','Via D.Alighieri, 19','LT','Cisterna di Latina',315,'4012',395,'','',''),(283,27,3,3,32,0,'0541/27013','','0541/27013','labronci@libero.it','','Ronci Andrea Laboratorio odontotecnico','2010-03-30 08:26:40','2010-03-31 16:02:17','Via Marco Minghetti, 34/36','RN','Rimini',315,'47037',395,'','',''),(284,27,3,3,32,0,'071/7921669','','071/7921669','maggiori.pierduilio@libero.it','','Protesi Dentale di Maggiori Pierduilio','2010-03-30 08:26:40','2010-03-31 16:02:17','Via G.Galilei, 18','AN','Senigallia',315,'60019',395,'','',''),(285,27,3,3,32,0,'0338/4975337','','0338/58550','dental@jumpy.it','','Dental C. e C. di A. Centrella e M. Carpentiero Lab. Odont.','2010-03-30 08:26:40','2010-03-31 16:02:17','Via Ettore Bocchini snc','BN','Calvi',315,'82010',395,'','',''),(286,27,3,3,32,0,'339/1510846','','','biodontlabor@tiscali.it','','Biodont Labor di Biondi Agatino','2010-03-30 08:26:40','2010-03-31 16:02:17','Via Filippo Corridoni, 49','CT','Adrano',315,'95031',395,'','',''),(287,27,3,3,32,0,'0961/738180','','','','','Tecnica Dental Di Madia Vincenzo','2010-03-30 08:26:40','2010-03-31 16:02:17','Loc. Campo, Box 8 C/o Bic Calabria','CZ','Catanzaro Lido',315,'88063',395,'','',''),(288,27,3,3,32,0,'0984/23816','','0984/23816','dentalmax@msn.com','','Mollo Massimo Laboratorio Odontotecnico','2010-03-30 08:26:40','2010-03-31 16:02:17','Via G. De Rada 68','CS','Cosenza',315,'87100',395,'COM','',''),(289,27,3,3,32,0,'0984/35203','','0984/35203','','','Campanella F.lli SDF','2010-03-30 08:26:40','2010-03-31 16:02:17','Via Sicilia, 5','CS','Cosenza',315,'87100',395,'','',''),(290,27,3,3,32,0,'0984/463038','','0984/463038','','','Baldino Agostino','2010-03-30 08:26:40','2010-03-31 16:02:17','Via Ortomatera, 50','CS','Castrolibero',315,'87040',395,'','',''),(291,27,3,3,32,0,'075/5272288','','','','','Microdental di Galli Andrea Laboratorio Odontotecnico','2010-03-30 08:26:40','2010-03-31 16:02:17','Via Donizetti, 37/B','PG','San Sisto',315,'06132',395,'','',''),(292,27,3,3,32,0,'0972/86280','','','','','Costantino Domenico','2010-03-30 08:26:40','2010-03-31 16:02:17','Via Savino Cossidente, 19','PZ','Lavello',315,'85024',395,'','',''),(293,27,3,3,32,0,'081/5493057','','','labodontoma@inwind.it','','Laboratorio Odontoprotesico di Monaco Mario','2010-03-30 08:26:40','2010-03-31 16:02:17','Vico S.Mandato, 13','NA','Napoli',315,'80136',395,'COM','',''),(294,27,3,3,32,0,'0744/423916','','','feliciangelicaria@libero.it','','Cecchini Adriano','2010-03-30 08:26:40','2010-03-31 16:02:17','Str. S. Martino, 146','TR','Terni',315,'05100',395,'','',''),(295,27,3,3,32,0,'081/8773259','','081/8773259','ilsorriso.sorrento@infinito.it','','Centro Dentale Il Sorriso snc di Ercolano C. & C.','2010-03-30 08:26:40','2010-03-31 16:02:17','Via degli Aranci, 67','NA','Sorrento',315,'80067',395,'','',''),(296,27,3,3,32,0,'089/751330','','','','','Centro Servizi Odontotecnici SNC di Cipriano - Buonomo - Rinelli','2010-03-30 08:26:40','2010-03-31 16:02:17','Via Sciarrafia, 9','SA','Salerno',315,'84100',395,'','',''),(297,27,3,3,32,0,'081/8706510','','','sergcal@interfree.it','','Sergio Calabrese Laboratorio Odontotecnico','2010-03-30 08:26:40','2010-03-31 16:02:17','Via Nocera, 102','NA','Castellammare di Stabia',315,'80053',395,'','',''),(298,27,3,3,32,0,'081/8710755','','06/8709736','sanzonemichele@virgilio.it','','Sanzone Michele Laboratorio Odontotecnico','2010-03-30 08:26:40','2010-03-31 16:02:17','Via Silico Italico, 9','NA','Castellamare di Stabia',315,'80053',395,'','',''),(299,27,3,3,32,0,'081/8725835','','','','','Corrado Giovanni Lab. Odontotecnico','2010-03-30 08:26:40','2010-03-31 16:02:17','Via Ponte Carmiano 128','NA','Gragnano',315,'80054',395,'','',''),(300,27,3,3,32,0,'081/8710999','','','','','TO. BE. di Tortoriello Vincenzo','2010-03-30 08:26:40','2010-03-31 16:02:17','Via T.Tavernola, 5','NA','C.Mare di Stabia',315,'80053',395,'','',''),(301,27,3,3,32,0,'0965/301130','','0965/304201','','','Odontotecnica Moderna Valentini Salvatore e Co.','2010-03-30 08:26:40','2010-03-31 16:02:17','Via De i Monti, 1/C','RC','Catona',315,'89053',395,'','',''),(302,27,3,3,32,0,'0963/65337','','','','','Marturano Salvatore','2010-03-30 08:26:40','2010-03-31 16:02:17','V. A. Moro','VV','Spilinga',315,'89864',395,'','',''),(303,27,3,3,32,0,'0965/52312','','0965/893629','marra.gartano@libero.it','','Raschillà Alberto Laboratorio Odontotecnico','2010-03-30 08:26:40','2010-03-31 16:02:17','Via Gebbione, 15','RC','Reggio Calabria',315,'89100',395,'','',''),(304,27,3,3,32,0,'0965/51595','','','pmoris@tiscalinet.it','','Oris di Paolo Morabito Laboratorio Odontotecnico','2010-03-30 08:26:40','2010-03-31 16:02:17','Via Pio XI, 199','RC','Reggio Calabria',315,'89133',395,'','',''),(305,27,3,3,32,0,'0965/700515','','','tecno.dent@libero.it','','Tecnodent di Cartella Danilo Laboratorio odontotecnico','2010-03-30 08:26:40','2010-03-31 16:02:17','Via Nazionale, 553','RC','Villa San Giovanni',315,'89018',395,'','',''),(306,27,3,3,32,0,'0965/45133','','','','','Laboratorio Odontotecnico Romeo Domenico','2010-03-30 08:26:40','2010-03-31 16:02:17','Via San Francesco Archi, 42','RC','Reggio Calabria',315,'89051',395,'','',''),(307,27,3,3,32,0,'081/665428','','','','','Officina Dentale di Vitiello Guido','2010-03-30 08:26:40','2010-03-31 16:02:17','Via San Filippo a Chiaia, 4','NA','Napoli',315,'80122',395,'','',''),(308,27,3,3,32,0,'0332/813311','','0332/813311','','','Laboratorio Odontotecnico di Masini Paolo','2010-03-30 08:26:40','2010-03-31 16:02:17','Via Carnia, 229','VA','Varese',315,'21100',395,'','',''),(309,27,3,3,32,0,'030/2160874','','030/2160874','laboratoriobenini@tiscali.it','','Benini Giorgio','2010-03-30 08:26:40','2010-03-31 16:02:17','Via Malta, 48','BS','Brescia',315,'25010',395,'','',''),(310,27,3,3,32,0,'0471/931191','','0471/502810','biodental@biodental.it','','Bio Dental SRL Laboratorio Odontotecnico','2010-03-30 08:26:40','2010-03-31 16:02:17','Via Giuseppe di Vittorio, 29','BZ','Bolzano',315,'39100',395,'','',''),(311,27,3,3,32,0,'0442/27753','','','','','Candio Massimo Laboratorio Odontotecnico','2010-03-30 08:26:40','2010-03-31 16:02:17','Via Romagna, 2','VI','Legnago',315,'37040',395,'','',''),(312,27,3,3,32,0,'080/5559207','','','','','Laviosa Massimo Laboratorio Odontotecnico','2010-03-30 08:26:40','2010-03-31 16:02:17','Largo Monsignor Curi, 14','BA','Bari',315,'70121',395,'','',''),(313,27,3,3,32,0,'071/717636','','','','','Osimdent 3 Dentalab SNC di Schiavoni P. e C. Laboratorio Odontotecnico','2010-03-30 08:26:40','2010-03-31 16:02:17','Via Costa del Borgo, 20','AN','Osimo',315,'60027',395,'','',''),(314,27,3,3,32,0,'0933/924117','','0933/924117','vincenza11@aliceposta.it','','Laboratorio Odontotecnico Rinella Giancarlo','2010-03-30 08:26:40','2010-03-31 16:02:17','Via Catalano, 30','CL','Gela',315,'93012',395,'','',''),(315,27,3,3,32,0,'071/908191','','','sim.davide@libero.it','','Laboratorio Odontotecnico di Simonetti Maurizio','2010-03-30 08:26:40','2010-03-31 16:02:17','Via Petrelli, 3','AN','Agugliano',315,'60020',395,'','',''),(316,27,3,3,32,0,'0923/941805','','','','','Dental 3000 di Catalano Nicolò','2010-03-30 08:26:40','2010-03-31 16:02:17','Via Luigi Vaccara, 36','TP','Mazara del Vallo',315,'91026',395,'','',''),(317,27,3,3,32,0,'091/220046','','091/220046','prodont@libero.it','','Laboratorio Odontotecnico Prodont di Guidera Alex','2010-03-30 08:26:40','2010-03-31 16:02:17','Via Cruillas, 61/A-63','PA','Palermo',315,'90146',395,'','',''),(318,27,3,3,32,0,'091/211126','','','','','Vitaldent S.N.C. F.Lli Licata','2010-03-30 08:26:40','2010-03-31 16:02:17','Via Perpignano, 184/N','PA','Palermo',315,'90135',395,'','',''),(319,27,3,3,32,0,'085/4222423','','085/4215120','alessandro.dincecco@poste.it','','D\'Incecco Alessandro Laboratorio odontotecnico','2010-03-30 08:26:40','2010-03-31 16:02:17','Viale G.Bovio, 163','PE','Pescara',315,'65125',395,'','',''),(320,27,3,3,32,0,'0862/452119','','','lab_francopace@msn.com','','Pace Franco Odontotecnico','2010-03-30 08:26:40','2010-03-31 16:02:17','Via delle Fosse, 8','AQ','Palombaia di Sassa',315,'67018',395,'','',''),(321,27,3,3,32,0,'0861/650052','','','info@attippi.it','','A.T.P. di Spedandio T. e C. SNC Laboratorio Odontotecnico','2010-03-30 08:26:40','2010-03-31 16:02:17','Via Colombo 11','TE','San Nicoló a Tordino',315,'64100',395,'','',''),(322,27,3,3,32,0,'0864/53944','','0864/209154','kronosdental@genie.it','','Kronos Europea Dentale SNC','2010-03-30 08:26:40','2010-03-31 16:02:17','Via Capuccini 106','AQ','Sulmona',315,'67039',395,'','',''),(323,27,3,3,32,0,'0773/721585','','0773/721619','info@dentalworks.it','','DentalWorks di Recchia Piero Laboratorio Odontotecnico','2010-03-30 08:26:40','2010-03-31 16:02:17','Via S.Rocco, 60','LT','Terracina',315,'04019',395,'','',''),(324,27,3,3,32,0,'089/239733','','','','','Gallo Marcellino Laboratorio Odontotecnico','2010-03-30 08:26:40','2010-03-31 16:02:17','Via S.Calenda, 101','SA','Salerno',315,'84100',395,'','',''),(325,27,3,3,32,0,'0825/472164','','','','','Di Pietro Guglielmo','2010-03-30 08:26:40','2010-03-31 16:02:17','Viale della Libertà, 30/A','AV','Melito Irpino',315,'83030',395,'','',''),(326,27,3,3,32,0,'0825/441315','','0825/441315','lillidis@libero.it','','Di Simone Maurizio Laboratorio odontotecnico','2010-03-30 08:26:40','2010-03-31 16:02:17','Via Nostradonna, 11','AV','Grottaminarda',315,'83035',395,'','',''),(327,27,3,3,32,0,'089/957476','','','','','Laboratorio Odontotecnico di D\'Andrea Antonio','2010-03-30 08:26:40','2010-03-31 16:02:17','Via Del Centenario Lancusi, 112','SA','Fisciano',315,'84080',395,'','',''),(328,27,3,3,32,0,'081/5309443','','081/5309443','lab.dipalma@tiscali.it','','Laboratorio odontotecnico Di Palma Giovanni','2010-03-30 08:26:40','2010-03-31 16:02:17','Via Scotola, 5','NA','Somma Vesuviana',315,'80049',395,'','',''),(329,27,3,3,32,0,'0831/777009','','','f.dentalcaramia@libero.it','','Dental Caramia di Caramia Francesco','2010-03-30 08:26:40','2010-03-31 16:02:17','Via della Posterla 17','BR','Mesagne',315,'72023',395,'','',''),(330,27,3,3,32,0,'0831/568608','','0831/568608','tecden@libero.it','','Tecnodental di Francesco Maggio','2010-03-30 08:26:40','2010-03-31 16:02:17','Via Seneca, 37','BR','Brindisi',315,'72100',395,'','',''),(331,27,3,3,32,0,'070/272277','','070/274661','','','Puddu e Mocci Laboratorio Odontotecnico','2010-03-30 08:26:40','2010-03-31 16:02:17','Via Merello, 73','CA','Cagliari',315,'9123',395,'','',''),(332,27,3,3,32,0,'0784/34405','','0784/34405','','','Carta Giuseppe Laboratorio Odontotecnico','2010-03-30 08:26:40','2010-03-31 16:02:17','Via Bainsizza, 16','NU','Nuoro',315,'08100',395,'','',''),(333,27,3,3,32,0,'070/841658','','070/841658','willivacca@tiscali.it','','Vacca Paolo e Figli SNC','2010-03-30 08:26:40','2010-03-31 16:02:17','Via Bramante, 40','CA','Selargius',315,'09047',395,'','',''),(334,27,3,3,32,0,'095/7312524','','','','','Messina Lorenzo Laboratorio Odontotecnico','2010-03-30 08:26:40','2010-03-31 16:02:17','Sabato Martelli Castaldi, 129','CT','Catania',315,'95123',395,'','',''),(335,27,3,3,32,0,'0935/76097','','','odontmuni@tiscalinet.it','','Laboratorio Odontotecnico di Muni Mario Antonio','2010-03-30 08:26:40','2010-03-31 16:02:17','Via Centuripe, 24','EN','Catenanouva-Enna',315,'94010',395,'','',''),(336,27,3,3,32,0,'0931/464940','','','lab.artale@simail.it','','Artale Salvatore','2010-03-30 08:26:40','2010-03-31 16:02:17','Via Bainsizza, 4/D','SR','Siracusa',315,'96100',395,'','',''),(337,27,3,3,32,0,'095/858557','','095/858557','gservillo@tiscali.it','','Laboratorio Odontotecnico di Servillo Giuseppe','2010-03-30 08:26:40','2010-03-31 16:02:17','Via Emanuele Bellia, 118','CT','Paterno',315,'95047',395,'','',''),(338,27,3,3,32,0,'0931/468092','','','luchinosil@virgilio.it','','Aesse Dental SRL di Silvaggio Luca Laboratorio Odontotecnico','2010-03-30 08:26:40','2010-03-31 16:02:17','Via Menfi, 45','SR','Siracusa',315,'96100',395,'','',''),(339,27,3,3,32,0,'0934/576173','','0934/576173','','','Lomonaco Salvatore Laboratorio di Protesi Dentale','2010-03-30 08:26:40','2010-03-31 16:02:17','Via Pietro Nenni, 57','CL','Caltanissetta',315,'93100',395,'','',''),(340,27,3,3,32,0,'0521/230532','','0521/230532','giolla@inwind.it','','La Protesi SNC Laboratorio Odontotecnico','2010-03-30 08:26:40','2010-03-31 16:02:17','Via Costituente, 29/a','PR','Parma',315,'43100',395,'','',''),(341,27,3,3,32,0,'0521/699135','','0521/699135','simone-cinzia@libero.it','','AD SNC di Adorni Cinzia e Danini Massimo Laboratorio odontotecnico','2010-03-30 08:26:40','2010-03-31 16:02:17','Via M. Rabaglia, 9','PR','Coenzo Sorbolo',315,'43058',395,'','',''),(342,27,3,3,32,0,'06/2155774','','06/2155774','madelab@interfree.it','','Made Lab Snc','2010-03-30 08:26:40','2010-03-31 16:02:17','Via delle Rose, 39/D','RM','Roma',315,'00171',395,'','',''),(343,27,3,3,32,0,'030/2190119','','','','','Tecnolab SNC di Guerini e Pasini','2010-03-30 08:26:40','2010-03-31 16:02:17','Via Scarpari, 3','BS','Botticino Sera',315,'25082',395,'','',''),(344,27,3,3,32,0,'0543/983673','','0543/983673','mdodontotecnico@libero.it','','M.D. Odontotecnico di Maltoni Davide','2010-03-30 08:26:40','2010-03-31 16:02:17','Via Farneti, 13','FO','Civitella di Romagna',315,'47012',395,'','',''),(345,27,3,3,32,0,'031/644089','','031/644089','','','Laboratorio Odontotecnico Bissola Mauro Mario','2010-03-30 08:26:40','2010-03-31 16:02:17','Via Mazzini, 66','CO','Erba',315,'22036',395,'','',''),(346,27,3,3,32,0,'039/303356','','039/303356','canzi@dentalbac.it','','Dentalbac SAS di Aliprandi C. e Canzi F. Laboratorio Odontotecnico','2010-03-30 08:26:40','2010-03-31 16:02:17','Piazza Oggioni, 1','MI','Villasanta',315,'20058',395,'','',''),(347,27,3,3,32,0,'06/5581239','','06/5581239','','','Ste-Ma 86 SNC','2010-03-30 08:26:40','2010-03-31 16:02:17','Via A. Brisse, 15/A','RM','Roma',315,'00149',395,'','',''),(348,27,3,3,32,0,'0373/966122','','0373/966814','diegocorrisio@virgilio.it','','Corrisio Diego Laboratorio Odontotecnico','2010-03-30 08:26:40','2010-03-31 16:02:17','Via M. Quaini 17','CR','Spino D\'Adda',315,'26016',395,'','',''),(349,27,3,3,32,0,'035/718810','','035/718810','tcdental2003@libero.it','','T. C. Dental SRL Laboratorio Odontotecnico','2010-03-30 08:26:40','2010-03-31 16:02:17','Via Vittorio Veneto, 45','BG','Cene',315,'24020',395,'','',''),(350,27,3,3,32,0,'085/8999169','','','','','Di Giuseppe e Coletti SNC Laboratorio odontotecnico','2010-03-30 08:26:40','2010-03-31 16:02:17','Via Nazionale, 414','TE','Roseto delgi Abruzzi',315,'64026',395,'','',''),(351,27,3,3,32,0,'02/91082071','','','cdp.snc@libero.it','','C.D.P. SNC di Giraldo e Quaglia Laboratorio Odontotecnico','2010-03-30 08:26:40','2010-03-31 16:02:17','Via Segantini, 11','MI','Paderno Dugnano',315,'20037',395,'','',''),(352,27,3,3,32,0,'0427/700184','','0427/709111','labjouf@aliceposta.it','','Jouf di Baldessin Antonio Laboratorio odontoprotesico','2010-03-30 08:26:40','2010-03-31 16:02:17','Via Umberto I, 138/A','PN','Maniago',315,'33085',395,'','',''),(353,27,3,3,32,0,'071/715645','','','','','Laboratorio Odontotecnico Marchiani e Carpera','2010-03-30 08:26:40','2010-03-31 16:02:17','Via Marco Polo, 90','AN','Osimo',315,'60027',395,'','',''),(354,27,3,3,32,0,'071/7500488','','','','','Morelli Massimo Laboratorio odontotecnico','2010-03-30 08:26:40','2010-03-31 16:02:17','Piazza Leopardi, 31','AN','Loreto',315,'60025',395,'','',''),(355,27,3,3,32,0,'0731/812623','','0731/812623','giuseppe@nitri.it','','Laboratorio Odontotecnico Nitri Giuseppe','2010-03-30 08:26:40','2010-03-31 16:02:17','Via Roma, 52','AN','Angeli di Rosora',315,'60030',0,'','',''),(356,27,3,3,32,0,'0736/880095','','','','','Nespeca e Camela SNC Laboratorio Odontotecnico','2010-03-30 08:26:40','2010-03-31 16:02:17','C.A. Dalla Chiesa, 10','AP','Offida',315,'63035',395,'','',''),(357,27,3,3,32,0,'04 74 45 18 15','','','','','BATAILLE','2010-03-30 08:26:40','2010-03-31 16:02:17','Chemin de la Serpoyère','','BOURG EN BRESSE',310,'01000',395,'','',''),(358,27,3,3,32,0,'04 74 77 17 56','','','','','Laboratoire MARTINEZ Christian','2010-03-30 08:26:40','2010-03-31 16:02:17','34 bis, boulevard Dupuy','','OYONNAX',310,'01100',395,'','',''),(359,27,3,3,32,0,'04 74 34 67 66','','','','','CGP SARL','2010-03-30 08:26:40','2010-03-31 16:02:17','Rue Marcel Paul','','Amberieu en Bugey',310,'15000',395,'','',''),(360,27,3,3,32,0,'04 74 34 00 23','','','','','ROCCA Robert','2010-03-30 08:26:40','2010-03-31 16:02:17','13, avenue Jules Pellaudin','','Amberieu en Bugey',310,'01500',395,'','',''),(361,27,3,3,32,0,'04 78 55 24 66','','','','','LE BOZEC Patrick','2010-03-30 08:26:40','2010-03-31 16:02:17','Rés. Le Palatin - 161, rue de la Chanal','','Miribel',310,'01700',395,'','',''),(362,27,3,3,32,0,'03 23 67 80 83','','','','','CARPENTIER','2010-03-30 08:26:40','2010-03-31 16:02:17','72, rue de Lille','','Saint-Quentin',310,'02100',395,'','',''),(363,27,3,3,32,0,'03 23 57 59 76','','','','','Laboratoire Turpin','2010-03-30 08:26:40','2010-03-31 16:02:17','97, rue de Chateaudun','','Voül',310,'02700',395,'','',''),(364,27,3,3,32,0,'03 23 24 73 70','','','','','Lab\'Dentaire - Fossard Xavier','2010-03-30 08:26:40','2010-03-31 16:02:17','10, rue du Tour de Ville','','Bruyeres',310,'02860',395,'','',''),(365,27,3,3,32,0,'04 70 64 34 62','','','','','SPACCAFERRI Fernand','2010-03-30 08:26:40','2010-03-31 16:02:17','20, rue Christophe Thivrier - BP 11','','Commentry',310,'03600',395,'','',''),(366,27,3,3,32,0,'04 92 31 09 12','','','','','Laboratoire Martel','2010-03-30 08:26:40','2010-03-31 16:02:17','Immeuble La Source - Rue du Trélus','','Digne les Bains',310,'04000',395,'','',''),(367,27,3,3,32,0,'04 92 75 21 69','','','','','Laboratoire MAULET Christophe','2010-03-30 08:26:40','2010-03-31 16:02:17','Résidence Rocazur / Rte de Sigonce','','FORCALQUIER',310,'04300',395,'','',''),(368,27,3,3,32,0,'04 92 51 56 42','','','','','VERNIERES REYNIER (SDF)','2010-03-30 08:26:40','2010-03-31 16:02:17','83 bis, rue Jean Eymar ','','Gap',310,'05000',395,'','',''),(369,27,3,3,32,0,'04 93 85 76 77','','','','','IMPACT DENTAIRE','2010-03-30 08:26:40','2010-03-31 16:02:17','15, boulevard de Cimiez','','Nice',310,'06000',395,'','',''),(370,27,3,3,32,0,'04 93 52 51 51','','','','','MAESTRONI Michel','2010-03-30 08:26:40','2010-03-31 16:02:17','6, avenue Henri Barbusse','','Nice',310,'06100',395,'','',''),(371,27,3,3,32,0,'04 93 54 45 14','','','','','GALIANO Alain','2010-03-30 08:26:40','2010-03-31 16:02:17','40, vieux Chemin de Laghet','','La Trinite',310,'06340',395,'','',''),(372,27,3,3,32,0,'04 93 65 47 02','','','','','Ardent limited / M. CUSPIDE','2010-03-30 08:26:40','2010-03-31 16:02:17','1254, route de la Valmasque, Les Portes de Sophia','','Valbonne',310,'06560',395,'','',''),(373,27,3,3,32,0,'04 93 74 32 43','','','','','NEW TECH M. Manière Robert','2010-03-30 08:26:40','2010-03-31 16:02:17','7, avenue Muterse','','Antibes',310,'06600',395,'','',''),(374,27,3,3,32,0,'04 93 14 13 25','','','','','RVB - M. Bisson','2010-03-30 08:26:40','2010-03-31 16:02:17','89, boulevard du Point du Jour','','Saint-Laurent du Var',310,'06700',395,'','',''),(375,27,3,3,32,0,'04 75 41 37 15','','','','','LABAT Franck','2010-03-30 08:26:40','2010-03-31 16:02:17','21, avenue de Provence','','Guilherand Granges',310,'07500',395,'','',''),(376,27,3,3,32,0,'03 24 57 00 61','','','','','Labo ADEQUAT / VIARD CLAUDE','2010-03-30 08:26:40','2010-03-31 16:02:17','ZAC du Grand Ban','','La Francheville',310,'08000',395,'','',''),(377,27,3,3,32,0,'03 24 29 70 72','','','','','GERARD Daniel','2010-03-30 08:26:40','2010-03-31 16:02:17','12, Lot. de Mazay - Givonne','','Sedan',310,'08200',395,'','',''),(378,27,3,3,32,0,'03 25 24 83 12','','','','','MORIZOT','2010-03-30 08:26:40','2010-03-31 16:02:17','18, rue Blanqui - BP, 40','','Romilly sur Seine Cedex',310,'10102',395,'','',''),(379,27,3,3,32,0,'04 68 32 10 84','','','','','ARRIE & Fils SARL','2010-03-30 08:26:40','2010-03-31 16:02:17','36, rue Marcellin Albert','','NARBONNE',310,'11000',395,'','',''),(380,27,3,3,32,0,'04 68 32 20 83','','','','','BARDIERE Gérard ','2010-03-30 08:26:40','2010-03-31 16:02:17','Résidence Le Musset, 5, Place de Verdun','','Narbonne',310,'11100',395,'','',''),(381,27,3,3,32,0,'06 08 26 34 62','','','','','QUEAU Jean-Claude','2010-03-30 08:26:40','2010-03-31 16:02:17','10, boulevard Denys Puech','','Rodez',310,'12000',395,'','',''),(382,27,3,3,32,0,'04 42 26 24 56','','','','','MASSAD Filippo','2010-03-30 08:26:40','2010-03-31 16:02:17','27, rue Portalis','','Aix en Provence',310,'13100',395,'','',''),(383,27,3,3,32,0,'04 42 70 07 77','','','','','Laboratoire GAMBARDELLA','2010-03-30 08:26:40','2010-03-31 16:02:17','28, avenue du Vent d\'Aut, ZI Les Paluds II','','Aubagne',310,'13400',395,'','',''),(384,27,3,3,32,0,'02 31 50 33 50','','','','','LEPAGE et CARRE (EURL)','2010-03-30 08:26:40','2010-03-31 16:02:17','29, rue de Bayeux BP 226','','Caen',310,'14012',395,'','',''),(385,27,3,3,32,0,'02 31 62 33 19','','','','','HENKART Gilles','2010-03-30 08:26:40','2010-03-31 16:02:17','19, rue des Bégonias','','Quilly le Vicomte',310,'14100',395,'','',''),(386,27,3,3,32,0,'02 31 74 51 79','','','','','ARCADE CONCEPT, Jean-Charles BISSON','2010-03-30 08:26:40','2010-03-31 16:02:17','5, rue du Long Douet - ZA','','Bretteville sur Odon',310,'14760',395,'','',''),(387,27,3,3,32,0,'04 71 48 39 86','','','','','RAYMOND Jacques','2010-03-30 08:26:40','2010-03-31 16:02:17','51, boulevard Lintilhac','','Aurillac',310,'15000',395,'','',''),(388,27,3,3,32,0,'04 71 60 20 40','','','','','COUPAT Pierre','2010-03-30 08:26:40','2010-03-31 16:02:17','18, avenue Charles de Gaulle - BP120','','Saint-Flour Cedex',310,'15106',395,'','',''),(389,27,3,3,32,0,'05 45 22 20 04','','','','','PERON François (SEL)','2010-03-30 08:26:40','2010-03-31 16:02:17','21, rue Charles','','Manles',310,'16230',395,'','',''),(390,27,3,3,32,0,'05 45 92 77 68','','','','','BODINAUD SARL','2010-03-30 08:26:40','2010-03-31 16:02:17','Les Fougerouses','','Balzac',310,'16430',395,'','',''),(391,27,3,3,32,0,'05 46 90 70 43','','','','','CAPDENT','2010-03-30 08:26:40','2010-03-31 16:02:17','8, rue du Commerce  ZA les Croix','','Cozes',310,'17120',395,'','',''),(392,27,3,3,32,0,'02 48 71 96 76','','','','','DUMONTIER Jean-Marie','2010-03-30 08:26:40','2010-03-31 16:02:17','9, rue de Villeneuve','','Vierzon',310,'18100',395,'','',''),(393,27,3,3,32,0,'05 55 96 04 54','','','','','DUMAS Michel','2010-03-30 08:26:40','2010-03-31 16:02:17','Croix des Bonnes Nouvelles','','Bort les Orgues',310,'19110',395,'','',''),(394,27,3,3,32,0,'03 80 72 16 31','','','','','DUPONT Yves','2010-03-30 08:26:40','2010-03-31 16:02:17','22, rue Gustave Eiffel - BP 12','','Saint-Appolinaire',310,'21850',395,'','',''),(395,27,3,3,32,0,'02 96 21 05 13','','','','','SPY EURL','2010-03-30 08:26:40','2010-03-31 16:02:17','13, rue Chateaubriand','','Guingamp',310,'22200',395,'','',''),(396,27,3,3,32,0,'02 96 28 18 53','','','','','CENTRE BRETAGNE','2010-03-30 08:26:40','2010-03-31 16:02:17','7, rue Paul Gauguin - BP 353','','Loudeac Cedex',310,'22603',395,'','',''),(397,27,3,3,32,0,'02 93 32 04 34','','','','','COLLEU Rémy','2010-03-30 08:26:40','2010-03-31 16:02:17','400, rue de la Ville Gourelle BP 26','','Plaintel',310,'22940',395,'','',''),(398,27,3,3,32,0,'03 81 39 20 01','','','','','ART DESIGN DENTAIRE','2010-03-30 08:26:40','2010-03-31 16:02:17','Zone Artisanale (8, rue Croset)','','Doubs',310,'25300',395,'','',''),(399,27,3,3,32,0,'04 75 26 63 51','','','','','BOUKILI','2010-03-30 08:26:40','2010-03-31 16:02:17','11, rue Emile Lisbonne, Imm. Le Lisbonne','','Nyons',310,'26110',395,'','',''),(400,27,3,3,32,0,'04 75 25 05 06','','','','','ARBOD Eric','2010-03-30 08:26:40','2010-03-31 16:02:17','9, rue du Général K&#65533;nig','','Crest',310,'26400',395,'','',''),(401,27,3,3,32,0,'02 32 33 14 34','','','','','DUCELLIER Luc','2010-03-30 08:26:40','2010-03-31 16:02:17','12, rue de la Friche','','Evreux',310,'27000',395,'','',''),(402,27,3,3,32,0,'02 32 39 41 49','','','','','ACTUEL DENTAL','2010-03-30 08:26:40','2010-03-31 16:02:17','Zin1-PB 1836','','Evreux Cedex',310,'27018',395,'','',''),(403,27,3,3,32,0,'02 32 59 13 52','','','','','DOUBLET Denis','2010-03-30 08:26:40','2010-03-31 16:02:17','11, voie Garance - BP 232','','Val de Reuil Cedex',310,'27102',395,'','',''),(404,27,3,3,32,0,'02 32 54 49 48','','','','','CERAFIX (SARL)','2010-03-30 08:26:40','2010-03-31 16:02:17','22 bis, route de Brionne','','Le Neubourg',310,'27110',395,'','',''),(405,27,3,3,32,0,'02 32 27 57 11','','','','','ROSSIGNOL Thierry','2010-03-30 08:26:40','2010-03-31 16:02:17','11, rue des Argilières','','Gisors',310,'27140',395,'','',''),(406,27,3,3,32,0,'02 32 51 44 92','','','','','DAUGER Philippe','2010-03-30 08:26:40','2010-03-31 16:02:17','19 bis, route de Grévarin','','Vernon',310,'27200',395,'','',''),(407,27,3,3,32,0,'02 32 44 39 69','','','','','PRODENTAL PLUS','2010-03-30 08:26:40','2010-03-31 16:02:17','Rue du Manoir - Le Manoir d\'Irlande','','Saint Aubin le Vertueux',310,'27300',395,'','',''),(408,27,3,3,32,0,'02 32 41 49 72','','','','','VADELORGE Patrick','2010-03-30 08:26:40','2010-03-31 16:02:17','20, rue Sadi Carnot','','Pont Audemer',310,'27500',395,'','',''),(409,27,3,3,32,0,'02 32 33 32 33','','','','','DUGORD Michel','2010-03-30 08:26:40','2010-03-31 16:02:17','132, avenue A. Briand','','Gravigny',310,'27930',395,'','',''),(410,27,3,3,32,0,'02 37 36 03 37','','','','','CHARTRES DENTAIRE SARL','2010-03-30 08:26:40','2010-03-31 16:02:17','4 ter, rue du Chapeau Rouge','','Chartres',310,'28000',395,'','',''),(411,27,3,3,32,0,'02 37 34 29 28','','','','','MARAIS Jacques','2010-03-30 08:26:40','2010-03-31 16:02:17','60, rue Foulerie','','Chartres',310,'28000',395,'','',''),(412,27,3,3,32,0,'02 37 82 08 94','','','','','DELANNOY Alain','2010-03-30 08:26:40','2010-03-31 16:02:17','4, rue de Mesnil Simon','','Berchere sur Vesgre',310,'28260',395,'','',''),(413,27,3,3,32,0,'02 98 86 06 83','','','','','KERDREUX Alain','2010-03-30 08:26:40','2010-03-31 16:02:17','2, rue de l\'Eglise','','Chateaulin',310,'29150',395,'','',''),(414,27,3,3,32,0,'02 98 52 82 20','','','','','DENTARC','2010-03-30 08:26:40','2010-03-31 16:02:17','Zac Troyalach','','Saint Evarzec',310,'29170',395,'','',''),(415,27,3,3,32,0,'02 98 97 24 93','','','','','COUTEAU Yann','2010-03-30 08:26:40','2010-03-31 16:02:17','8, rue de Loriou','','Concarneau Cedex',310,'29181',395,'','',''),(416,27,3,3,32,0,'02 98 44 66 28','','','','','ACTUADENT Brest','2010-03-30 08:26:40','2010-03-31 16:02:17','45, rue du Château','','Brest',310,'29200',395,'','',''),(417,27,3,3,32,0,'02 98 47 77 28','','','','','KEROMNES-COUGNY SNC','2010-03-30 08:26:40','2010-03-31 16:02:17','18, rue du Commandant Drougou','','Brest',310,'29200',395,'','',''),(418,27,3,3,32,0,'02 98 88 62 80','','','','','Laboratoire LE ROUX Philippe','2010-03-30 08:26:40','2010-03-31 16:02:17','49, rue de Brest','','MORLAIX Cedex',310,'29204',395,'','',''),(419,27,3,3,32,0,'02 98 79 16 78','','','','','IDENTIC','2010-03-30 08:26:40','2010-03-31 16:02:17','Kermouster','','Lammeur',310,'29620',395,'','',''),(420,27,3,3,32,0,'02 98 50 58 63','','','','','AL DENTE SARL','2010-03-30 08:26:40','2010-03-31 16:02:17','17, rue des Ecoles','','Concarneau',310,'29900',395,'','',''),(421,27,3,3,32,0,'04 66 68 27 03','','','','','ATELIER DE CERAMIQUE','2010-03-30 08:26:40','2010-03-31 16:02:17','878, chemin du Mas de Lauze','','Nîmes',310,'30900',395,'','',''),(422,27,3,3,32,0,'05 561 80 94 44','','','','','MILHES','2010-03-30 08:26:40','2010-03-31 16:02:17','28, rue Paul Bert - BP 4004','','Toulouse Cedex 4',310,'31030',395,'','',''),(423,27,3,3,32,0,'05 61 26 84 46','','','','','ROHR Alain','2010-03-30 08:26:40','2010-03-31 16:02:17','14, rue d\'Oradour sur Glane','','Toulouse',310,'31200',395,'','',''),(424,27,3,3,32,0,'05 61 83 43 15','','','','','FABRE-BARDY','2010-03-30 08:26:40','2010-03-31 16:02:17','36, l\'Ourmette Nord','','Revel',310,'31250',395,'','',''),(425,27,3,3,32,0,'05 61 73 51 19','','','','','MOSKOT Jean-Pierre','2010-03-30 08:26:40','2010-03-31 16:02:17','22,  Allée  Olivier de Magny, Lotissement Mayri','','Auzeville Tolosane',310,'31320',395,'','',''),(426,27,3,3,32,0,'05 61 48 09 72','','','','','BERJOAN Robert','2010-03-30 08:26:40','2010-03-31 16:02:17','37, Avenue Crampel','','Toulouse',310,'31400',395,'','',''),(427,27,3,3,32,0,'05 61 82 57 43','','','','','PRATS Bernard','2010-03-30 08:26:40','2010-03-31 16:02:17','Le Chalet - Route de Launac','','Grenade sur Garonne',310,'31330',395,'','',''),(428,27,3,3,32,0,'05 56 92 58 58','','','','','Laboratoire MONMAILLE','2010-03-30 08:26:40','2010-03-31 16:02:17','15,  rue des  Augustins','','Bordeaux',310,'33000',395,'','',''),(429,27,3,3,32,0,'05 57 81 86 62','','','','','BITARD Patrick','2010-03-30 08:26:40','2010-03-31 16:02:17','69, rue Frantz Despagnet','','Bordeaux',310,'33000',395,'','',''),(430,27,3,3,32,0,'05 56 51 66 93','','','','','SOCA (SARL)','2010-03-30 08:26:40','2010-03-31 16:02:17','Rue des Queyriers PB 36','','Bordeaux',310,'33000',395,'','',''),(431,27,3,3,32,0,'04 67 65 71 95','','','','','VALPRODENT','2010-03-30 08:26:40','2010-03-31 16:02:17','22, place du Québec - Le Seuilly','','Montpellier',310,'34000',395,'','',''),(432,27,3,3,32,0,'04 58 48 84','','','','','BASTIDE Michel ','2010-03-30 08:26:40','2010-03-31 16:02:17','3, rue des Sureaux','','Montpellier',310,'34000',395,'','',''),(433,27,3,3,32,0,'04 67 75 24 13','','','','','PROTECHNIC','2010-03-30 08:26:40','2010-03-31 16:02:17','345, avenue de M. Teste\" - Le Chathare','','Montpellier',310,'34070',395,'','',''),(434,27,3,3,32,0,'04 67 74 66 56','','','','','LEGALL & MARTY','2010-03-30 08:26:40','2010-03-31 16:02:17','14, rue Montmorency','','Sete',310,'34200',395,'','',''),(435,27,3,3,32,0,'04 67 94 13 70','','','','','ATELIER DENTAIRE (L\')','2010-03-30 08:26:40','2010-03-31 16:02:17','24, rue du Bourget','','Agde',310,'34300',395,'','',''),(436,27,3,3,32,0,'04 67 28 71 80','','','','','VIGNEAU José','2010-03-30 08:26:40','2010-03-31 16:02:17','7, rue Saint-Esprit','','Beziers',310,'34500',395,'','',''),(437,27,3,3,32,0,'04 67 95 00 09','','','','','CUTILLAS Claude','2010-03-30 08:26:40','2010-03-31 16:02:17','4, rue Savonnerie','','Bedarieux',310,'34600',395,'','',''),(438,27,3,3,32,0,'02 99 87 69 65','','','','','CARRIER Olivier','2010-03-30 08:26:40','2010-03-31 16:02:17','17, allée Camille Godet - BP 1121','','RENNES Cedex',310,'35014',395,'','',''),(439,27,3,3,32,0,'02 99 67 88 00','','','','','U.M.I.V.','2010-03-30 08:26:40','2010-03-31 16:02:17','20, square Louis et Maurice de Broglie - BP 6659','','Rennes Cedex',310,'35066',395,'','',''),(440,27,3,3,32,0,'02 99 81 91 14','','','','','DENTAL EMERAUDE','2010-03-30 08:26:40','2010-03-31 16:02:17','17, rue Claude Bernard - BP 13','','Saint-Malo Cedex',310,'35104',395,'','',''),(441,27,3,3,32,0,'02 99 51 70 26','','','','','CHEVROLLIER Philippe','2010-03-30 08:26:40','2010-03-31 16:02:17','2, rue Bintinais - Za du Hill','','Noyal sur Seiche',310,'35230',395,'','',''),(442,27,3,3,32,0,'02 99 40 50 76','','','','','FOURNEL Bruno','2010-03-30 08:26:40','2010-03-31 16:02:17','47, rue Renan','','Saint-Malo',310,'35400',395,'','',''),(443,27,3,3,32,0,'02 99 83 86 78','','','','','PALUSSIERE Christian SARL','2010-03-30 08:26:40','2010-03-31 16:02:17','Techno Parc - Bât H - Avenue des Peupliers','','Cesson-Sevigne',310,'35510',395,'','',''),(444,27,3,3,32,0,'02 99 36 02 80','','','','','ACTUADENT Rennes','2010-03-30 08:26:40','2010-03-31 16:02:17','16, rue Jeanne Jugan - CS 20807','','Rennes Cedes',310,'35708',395,'','',''),(445,27,3,3,32,0,'02 54 27 17 13','','','','','DUMONTET-PROTHESE','2010-03-30 08:26:40','2010-03-31 16:02:17','18, rue de la Couture','','Chateauroux',310,'36000',395,'','',''),(446,27,3,3,32,0,'02 47 64 19 31','','','','','CERAM FIXE','2010-03-30 08:26:40','2010-03-31 16:02:17','71, rue Henri Martin','','Tours Cedex',310,'37028',395,'','',''),(447,27,3,3,32,0,'01 69 48 15 55','','','','','PCB','2010-03-30 08:26:40','2010-03-31 16:02:17','8, rue Desaix','','Grenoble',310,'38000',395,'','',''),(448,27,3,3,32,0,'04 76 43 28 50','','','','','Laboratoire Prodental DIADENT','2010-03-30 08:26:40','2010-03-31 16:02:17','107, rue des Alliés','','Grenoble',310,'38000',395,'','',''),(449,27,3,3,32,0,'04 76 46 92 67','','','','','GUTIERREZ Robert','2010-03-30 08:26:40','2010-03-31 16:02:17','4, rue Nestor Cornier','','Grenoble',310,'38100',395,'','',''),(450,27,3,3,32,0,'04 76 09 00 78','','','','','LES PROTHESISTES REUNIS','2010-03-30 08:26:40','2010-03-31 16:02:17','89 bis, rue du Général Mangin','','Grenoble',310,'38100',395,'','',''),(451,27,3,3,32,0,'04 74 93 24 04','','','','','SORET Jean-Yves','2010-03-30 08:26:40','2010-03-31 16:02:17','14, rue Clémenceau','','Bourgoin-Jallieu',310,'38300',395,'','',''),(452,27,3,3,32,0,'04 76 65 42 45','','','','','GRECIET Bruno','2010-03-30 08:26:40','2010-03-31 16:02:17','Chemin du Rival','','St. Etienne de St-Geoirs',310,'38590',395,'','',''),(453,27,3,3,32,0,'04 76 89 41 46','','','','','COISSARD Lionel','2010-03-30 08:26:40','2010-03-31 16:02:17','12, rue du Repos','','Gieres',310,'38610',395,'','',''),(454,27,3,3,32,0,'03 84 82 78 19','','','','','Laboratoire BOUVERET-RENARD','2010-03-30 08:26:40','2010-03-31 16:02:17','23, place Pointelin, BP 363','','Dole ',310,'39105',395,'','',''),(455,27,3,3,32,0,'02 54 82 76 40','','','','','STELLIDENT','2010-03-30 08:26:40','2010-03-31 16:02:17','23, rue de la Gare','','Freteval',310,'41160',395,'','',''),(456,27,3,3,32,0,'04 77 37 71 45','','','','','INCISIF','2010-03-30 08:26:40','2010-03-31 16:02:17','79, rue Francis Baulier - BP 177','','Saint-Etienne Cedex',310,'42012',395,'','',''),(457,27,3,3,32,0,'04 77 57 14 60','','','','','Laboratoire IDENT\'M','2010-03-30 08:26:40','2010-03-31 16:02:17','25, rue Gabriel Péri','','Saint Etienne',310,'42100',395,'','',''),(458,27,3,3,32,0,'04 71 02 63 49','','','','','BAUZAC Jacky ','2010-03-30 08:26:40','2010-03-31 16:02:17','Lot. Pins, Avenue du 8 Mai 1945','','Le Puy en Velay',310,'43000',395,'','',''),(459,27,3,3,32,0,'04 71 65 56 95','','','','','PERRIER Jean-François','2010-03-30 08:26:40','2010-03-31 16:02:17','99, avenue de la Marne','','Yssingeaux',310,'43200',395,'','',''),(460,27,3,3,32,0,'02 40 76 57 91','','','','','BRUDY Jean-Christophe','2010-03-30 08:26:40','2010-03-31 16:02:17','207, rue Bellamy','','Nantes',310,'44000',395,'','',''),(461,27,3,3,32,0,'02 40 34 05 85','','','','','PROLAB','2010-03-30 08:26:40','2010-03-31 16:02:17','Rue Jean Charcot - ZA Pôle Sud','','Basse Goulaine',310,'44115',395,'','',''),(462,27,3,3,32,0,'02 40 54 30 19','','','','','HAUTREUX-BAHUAUD','2010-03-30 08:26:40','2010-03-31 16:02:17','3, Place du Connétable','','Clisson',310,'44190',395,'','',''),(463,27,3,3,32,0,'02 40 47 31 03','','','','','SELLENET Philippe','2010-03-30 08:26:40','2010-03-31 16:02:17','11, boulevard des Martyrs','','Nantes',310,'44200',395,'','',''),(464,27,3,3,32,0,'02 40 50 36 23','','','','','LE MOAL Stéphane','2010-03-30 08:26:40','2010-03-31 16:02:17','21, rue d\'Athènes - BP 82537','','Nantes Cedex 3',310,'44325',395,'','',''),(465,27,3,3,32,0,'02 40 63 64 60','','','','','SERAZIN-MABON SNC','2010-03-30 08:26:40','2010-03-31 16:02:17','74, rue de Bretagne','','Sautron',310,'44880',395,'','',''),(466,27,3,3,32,0,'02 38 54 15 47','','','','','MULLER Jacques','2010-03-30 08:26:40','2010-03-31 16:02:17','29, boulevard Jean Jaurès','','Orleans',310,'45000',395,'','',''),(467,27,3,3,32,0,'02 38 74 88 62','','','','','LABODENT','2010-03-30 08:26:40','2010-03-31 16:02:17','600, rue des Châtaigniers','','Ormes',310,'45140',395,'','',''),(468,27,3,3,32,0,'02 38 83 04 04','','','','','BILLARD Dominique','2010-03-30 08:26:40','2010-03-31 16:02:17','14, rue Bernard Palissy - BP 40050','','Saint-Jean de Braye Cedex',310,'45801',395,'','',''),(469,27,3,3,32,0,'05 53 48 24 44','','','','','DUCOS Joël','2010-03-30 08:26:40','2010-03-31 16:02:17','10, rue Jean-Baptiste Peres','','Agen',310,'47000',395,'','',''),(470,27,3,3,32,0,'05 53 71 77 38','','','','','HERRY Arnaud','2010-03-30 08:26:40','2010-03-31 16:02:17','17, rue Montflanquin','','Saint Sylvestre sur Lot',310,'47140',395,'','',''),(471,27,3,3,32,0,'02 41 43 70 31','','','','','LEMOUEL SA','2010-03-30 08:26:40','2010-03-31 16:02:17','22, boulevard de L\'industrie PB 3035','','Angers Cedex 01',310,'49017',395,'','',''),(472,27,3,3,32,0,'02 41 78 23 24','','','','','BERNARD & COSNEAU','2010-03-30 08:26:40','2010-03-31 16:02:17','12, rue de l\'Eperonnerie','','Chalonnes sur Loire',310,'49290',395,'','',''),(473,27,3,3,32,0,'02 41 51 45 53','','','','','MOBIFIXE','2010-03-30 08:26:40','2010-03-31 16:02:17','ZA Route de Longué','','Vernantes',310,'49390',395,'','',''),(474,27,3,3,32,0,'02 33 50 02 27','','','','','De La MUSSE - LELIEVRE','2010-03-30 08:26:40','2010-03-31 16:02:17','40, rue du Vieux Moulin','','Granville',310,'50400',395,'','',''),(475,27,3,3,32,0,'03 26 84 53 98','','','','','MUTUALITE DE LA MARNE','2010-03-30 08:26:40','2010-03-31 16:02:17','11, rue des Elus','','REIMS Cedex',310,'51095',395,'','',''),(476,27,3,3,32,0,'03 26 40 25 97','','','','','ESTRADE et LEBON','2010-03-30 08:26:40','2010-03-31 16:02:17','26, rue de Cernay','','Reims',310,'51100',395,'','',''),(477,27,3,3,32,0,'03 26 40 31 88','','','','','Laboratoire Kadri Daniel','2010-03-30 08:26:40','2010-03-31 16:02:17','63, rue Paul Vaillant Couturier','','Reims',310,'51100',395,'','',''),(478,27,3,3,32,0,'03 26 40 25','','','','','LELEUX Daniel','2010-03-30 08:26:40','2010-03-31 16:02:17','31, rue Pierre Taittinger','','Reims',310,'51100',395,'','',''),(479,27,3,3,32,0,'02 43 37 29 29','','','','','LARGENTON Jean-Pierre','2010-03-30 08:26:40','2010-03-31 16:02:17','13, rue Lecerf','','Evron',310,'53600',395,'','',''),(480,27,3,3,32,0,'03 83 41 06 92','','','','','ART\'DENTYS-RICHIER Stéphane','2010-03-30 08:26:40','2010-03-31 16:02:17','35, avenue Foch','','Nancy',310,'54000',395,'','',''),(481,27,3,3,32,0,'03 83 46 98 63','','','','','VIDENT','2010-03-30 08:26:40','2010-03-31 16:02:17','8, rue Hector Berlioz','','Dombasle',310,'54110',395,'','',''),(482,27,3,3,32,0,'03 55 15 42','','','','','LOUIS Claude','2010-03-30 08:26:40','2010-03-31 16:02:17','4, rue Sainte-Colette - BP 118','','Vandoeuvre Cedex',310,'54503',395,'','',''),(483,27,3,3,32,0,'02 97 21 81 82','','','','','BENAIRE Jean-Marc','2010-03-30 08:26:40','2010-03-31 16:02:17','7, rue Pasteur','','Lorient',310,'56100',395,'','',''),(484,27,3,3,32,0,'02 97 83 32 16','','','','','STELLIT\'ORIENT','2010-03-30 08:26:40','2010-03-31 16:02:17','2, rue Chalutier de la Tanche','','Lorient',310,'56100',395,'','',''),(485,27,3,3,32,0,'03 87 74 59 80','','','','','GUISOT Denis','2010-03-30 08:26:40','2010-03-31 16:02:17','4,  rue Parmentiers','','Metz',310,'57000',395,'','',''),(486,27,3,3,32,0,'03 87 31 98 36','','','','','CREADENT - M. LAUER Antoine','2010-03-30 08:26:40','2010-03-31 16:02:17','46, rue du Rucher','','Woippy',310,'57140',395,'','',''),(487,27,3,3,32,0,'03 87 98 14 33','','','','','PANTER Joëlle','2010-03-30 08:26:40','2010-03-31 16:02:17','186,  rue de la Montagne','','Sarreguemines',310,'57200',395,'','',''),(488,27,3,3,32,0,'03 28 55 38 38','','','','','Laboratoire GRIF\'DENT -Mr. FOSSE Vincent','2010-03-30 08:26:40','2010-03-31 16:02:17','18, rue du Maréchal Foch','','VILLENEUVE D\'ASCQ',310,'59490',395,'','',''),(489,27,3,3,32,0,'03 28 40 77 58','','','','','THIBAUT Jean-Luc','2010-03-30 08:26:40','2010-03-31 16:02:17','1330, route de Caestre','','Borre',310,'59190',395,'','',''),(490,27,3,3,32,0,'03 20 37 37 96','','','','','GIBOURI Jacques','2010-03-30 08:26:40','2010-03-31 16:02:17','226, rue de Lille','','Roncq',310,'59223',395,'','',''),(491,27,3,3,32,0,'03 228 65 09 60','','','','','BONTE Pierre Emmanuel','2010-03-30 08:26:40','2010-03-31 16:02:17','155, avenue Liem','','Dunkerque',310,'59240',395,'','',''),(492,27,3,3,32,0,'03 28 66 02 02','','','','','DUHAMEL Guy','2010-03-30 08:26:40','2010-03-31 16:02:17','49, rue Marcel Henaux','','Dunkerque',310,'59240',395,'','',''),(493,27,3,3,32,0,'03 28 29 09 90','','','','','Laboratoire DAMIENS David','2010-03-30 08:26:40','2010-03-31 16:02:17','28, rue Pasteur','','Dunkerque',310,'59240',395,'','',''),(494,27,3,3,32,0,'03 28 69 33 66','','','','','GRANGE Jean-Claude','2010-03-30 08:26:40','2010-03-31 16:02:17','452, boulevard de la République','','Dunkerque',310,'59240',395,'','',''),(495,27,3,3,32,0,'03 27 87 38 29','','','','','DESCAMPS Jean-Marc ','2010-03-30 08:26:40','2010-03-31 16:02:17','47, rue Clémenceau','','Lambres les Dounai',310,'59500',395,'','',''),(496,27,3,3,32,0,'03 44 05 16 06','','','','','PETIT Jean-Michel','2010-03-30 08:26:40','2010-03-31 16:02:17','2 bis, rue du Fouloir','','Beauvais',310,'60000',395,'','',''),(497,27,3,3,32,0,'03 21 32 25 98','','','','','DENTAL ASSOCIES','2010-03-30 08:26:40','2010-03-31 16:02:17','1, rue de la Gare','','Neufchatel Hardelot',310,'62152',395,'','',''),(498,27,3,3,32,0,'03 21 37 11 69','','','','','Philippe MAILLARD','2010-03-30 08:26:40','2010-03-31 16:02:17','1, avenue Léon Blum','','Mons en Baroeul',310,'59370',395,'','',''),(499,27,3,3,32,0,'03 21 28 00 46','','','','','GEUDIN DEPRES','2010-03-30 08:26:40','2010-03-31 16:02:17','8, rue Gustave Spriet - BP 41','','Lens Cedex',310,'62301',395,'','',''),(500,27,3,3,32,0,'03 21 34 94 53','','','','','BROUTIN Jacques','2010-03-30 08:26:40','2010-03-31 16:02:17','190, rue Waroquier','','Marck',310,'62730',395,'','',''),(501,27,3,3,32,0,'04 73 92 32 34','','','','','ERBLAND Michel','2010-03-30 08:26:40','2010-03-31 16:02:17','68, rue Claude Guichard','','Clermont Ferrand',310,'63000',395,'','',''),(502,27,3,3,32,0,'04 73 92 78 41','','','','','DENTAL TECH','2010-03-30 08:26:40','2010-03-31 16:02:17','208, rue du Champ Clos','','Beaumont',310,'63110',395,'','',''),(503,27,3,3,32,0,'04 68 61 11 21','','','','','BOURRAT Dominique','2010-03-30 08:26:40','2010-03-31 16:02:17','8, rue de la Bourdonnais','','Perpignan',310,'66000',395,'','',''),(504,27,3,3,32,0,'04 68 61 41 62','','','','','HOISELSETIN Joël','2010-03-30 08:26:40','2010-03-31 16:02:17','12, rue Jacques Callot','','Perpignan',310,'66000',395,'','',''),(505,27,3,3,32,0,'04 68 50 39 54','','','','','FOISSIN Thierry','2010-03-30 08:26:40','2010-03-31 16:02:17','8, rue Jean Rière','','Perpignan',310,'66100',395,'','',''),(506,27,3,3,32,0,'04 68 62 05 52','','','','','Laboratoire ROSELL Pierre','2010-03-30 08:26:40','2010-03-31 16:02:17','5, rue des Cluses','','PERPIGNAN',310,'66000',395,'','',''),(507,27,3,3,32,0,'04 68 63 04 71','','','','','GENTILI Jean-Umbert','2010-03-30 08:26:40','2010-03-31 16:02:17','Chemin de Caharlemagne - La Colomine d\'Oms','','Bompas',310,'66430',395,'','',''),(508,27,3,3,32,0,'04 68 37 33 44','','','','','MARIANI Jean-Marc','2010-03-30 08:26:40','2010-03-31 16:02:17','Zone Technique du Port, 12, rue Becquerel','','Saint Cyprien Plage',310,'66750',395,'','',''),(509,27,3,3,32,0,'','','','','','KISTLER Jean-Michel ','2010-03-30 08:26:40','2010-03-31 16:02:17','Faculté de Chirurgie Dentaire, 1, place de hôpital','','Strasbourg',310,'67000',395,'','',''),(510,27,3,3,32,0,'03 88 32 70 55','','','','','FLECHER A.','2010-03-30 08:26:40','2010-03-31 16:02:17','3, place de Hagueneau','','Strasbourg',310,'67000',395,'','',''),(511,27,3,3,32,0,'03 88 39 61 71','','','','','Laboratoire LDS','2010-03-30 08:26:40','2010-03-31 16:02:17','2, rue de Copenhague','','Schiltigheim',310,'67300',395,'','',''),(512,27,3,3,32,0,'03 88 08 39 27','','','','','VERGNET Denis','2010-03-30 08:26:40','2010-03-31 16:02:17','13, avenue de la Gare','','Barr',310,'67140',395,'','',''),(513,27,3,3,32,0,'03 88 81 37 38','','','','','STEIN Thierry','2010-03-30 08:26:40','2010-03-31 16:02:17','2, rue Zinsel','','Schiltigheim',310,'67300',395,'','',''),(514,27,3,3,32,0,'03 88 53 39 39','','','','','JASERON Bernard','2010-03-30 08:26:40','2010-03-31 16:02:17','51, rue du Général de Gaulle','','Drussenheim',310,'67410',395,'','',''),(515,27,3,3,32,0,'03 29 62 00 35','','','','','Laboratoire dentaire Gury','2010-03-30 08:26:40','2010-03-31 16:02:17','4, rue des 5 ième et 15 ième BCP - BPs 140','','Remiremont',310,'',395,'','',''),(516,27,3,3,32,0,'','','','','','DENTEC','2010-03-30 08:26:40','2010-03-31 16:02:17','60, rue Neppert','','Mulhouse',310,'68100',395,'','',''),(517,27,3,3,32,0,'03 89 33 59 60','','','','','KRAFFT Jean','2010-03-30 08:26:40','2010-03-31 16:02:17','40, rue Jean Monnet, Parc de la Colline','','Mulhouse Cedex',310,'68200',395,'','',''),(518,27,3,3,32,0,'03 89 42 24 80','','','','','DENTAL LABO','2010-03-30 08:26:40','2010-03-31 16:02:17','29, avenue de Colmar','','Mulhouse',310,'68200',395,'','',''),(519,27,3,3,32,0,'03 89 78 54 42','','','','','SCHULZ Frédéric','2010-03-30 08:26:40','2010-03-31 16:02:17','10, rue Rettig','','Rouffach',310,'68250',395,'','',''),(520,27,3,3,32,0,'03 89 46 61 28','','','','','ARCADENT','2010-03-30 08:26:40','2010-03-31 16:02:17','22, rue des Petits Champs','','Sausheim',310,'68390',395,'','',''),(521,27,3,3,32,0,'03 89 58 91 33','','','','','MF','2010-03-30 08:26:40','2010-03-31 16:02:17','34, rue Hoimbach','','Liepvre',310,'68660',395,'','',''),(522,27,3,3,32,0,'08 907 04 22','','','','','BANHOLZER Lionel ','2010-03-30 08:26:40','2010-03-31 16:02:17','9, rue du Vignoble','','Heidwiller',310,'68720',395,'','',''),(523,27,3,3,32,0,'04 72 61 84 84','','','','','ATELIER de PROTHESE TOTALE','2010-03-30 08:26:40','2010-03-31 16:02:17','127, avenue de Saxe','','Lyon',310,'69003',395,'','',''),(524,27,3,3,32,0,'04 78 89 37 77','','','','','SIBUET Pierre','2010-03-30 08:26:40','2010-03-31 16:02:17','72, rue Tronchet','','Lyon',310,'69006',395,'','',''),(525,27,3,3,32,0,'04 78 58 52 20','','','','','CIAFFOLONI M&R','2010-03-30 08:26:40','2010-03-31 16:02:17','64, rue Challemel Lacour','','Lyon',310,'69007',395,'','',''),(526,27,3,3,32,0,'04 72 34 82 57','','','','','DUPERRAY Dominique','2010-03-30 08:26:40','2010-03-31 16:02:17','17, rue Frédéric Mistral','','Villeurbanne',310,'69100',395,'','',''),(527,27,3,3,32,0,'04 74 70 45 03','','','','','HARDOUIN Joël','2010-03-30 08:26:40','2010-03-31 16:02:17','La Combe Reynard','','Sourcieux les Mines',310,'69210',395,'','',''),(528,27,3,3,32,0,'04 78 34 32 30','','','','','BIENFAIT SA','2010-03-30 08:26:40','2010-03-31 16:02:17','Avenue des Ifs','','Francheville',310,'69340',395,'','',''),(529,27,3,3,32,0,'04 78 47 08 25','','','','','GORY Guy','2010-03-30 08:26:40','2010-03-31 16:02:17','Rue Dodat','','Chasselay',310,'69380',395,'','',''),(530,27,3,3,32,0,'04 78 66 17 76','','','','','Laboratoire PFEFFER S.A.','2010-03-30 08:26:40','2010-03-31 16:02:17','7, route du Perollier - \"Le Paisy\"','','Dardilly',310,'69570',395,'','',''),(531,27,3,3,32,0,'03 85 38 40 21','','','','','PARIS Jean-Claude','2010-03-30 08:26:40','2010-03-31 16:02:17','58, rue de Lyon','','Macon',310,'71000',395,'','',''),(532,27,3,3,32,0,'03 85 77 91 29','','','','','GUILLEMIN Stéphane','2010-03-30 08:26:40','2010-03-31 16:02:17','14, rue de la Chaise','','Le Creusot',310,'71200',395,'','',''),(533,27,3,3,32,0,'03 85 57 01 63','','','','','MOISSENET Dominique','2010-03-30 08:26:40','2010-03-31 16:02:17','Le Capitol B10833, rue des Oiseaux','','Montceau les Mines',310,'71300',395,'','',''),(534,27,3,3,32,0,'03 85 67 52 41','','','','','Sociéte de Secours Minière de Bourgogne','2010-03-30 08:26:40','2010-03-31 16:02:17','7, rue de la Fontaine - BP 89','','Montceau les Mines',310,'71304',395,'','',''),(535,27,3,3,32,0,'03 85 55 11 51','','','','','MIL SMILES','2010-03-30 08:26:40','2010-03-31 16:02:17','56, rue du Pas de Cible','','Montcenis',310,'71710',395,'','',''),(536,27,3,3,32,0,'02 43 24 15 80','','','','','ART DENTAIRE DU MAINE','2010-03-30 08:26:40','2010-03-31 16:02:17','30, rue de Fleurus','','Le Mans',310,'72100',395,'','',''),(537,27,3,3,32,0,'02 43 42 27 70','','','','','Laboratoire CLOUAIRE Jacky','2010-03-30 08:26:40','2010-03-31 16:02:17','11, rue Pied sec','','LE MANS',310,'72100',395,'','',''),(538,27,3,3,32,0,'04 79 69 41 82','','','','','CAUCHY Gérard','2010-03-30 08:26:40','2010-03-31 16:02:17','3, rue des Ecoles','','Cognin',310,'73160',395,'','',''),(539,27,3,3,32,0,'04 50 23 13 23','','','','','JULIEN Jean-Marie','2010-03-30 08:26:40','2010-03-31 16:02:17','5, rue Montaigne','','Annecy',310,'74000',395,'','',''),(540,27,3,3,32,0,'04 50 45 43 63','','','','','L.J.D.','2010-03-30 08:26:40','2010-03-31 16:02:17','17, Avenue du Rhône','','Annecy',310,'74000',395,'','',''),(541,27,3,3,32,0,'04 50 45 16 42','','','','','PROCERAM','2010-03-30 08:26:40','2010-03-31 16:02:17','6, boulevard St-Bernard de Menthon','','Annecy',310,'74000',395,'','',''),(542,27,3,3,32,0,'04 50 38 73 42','','','','','POIRON Philippe','2010-03-30 08:26:40','2010-03-31 16:02:17','20, allée des Perreuses','','Ville la Grand',310,'74100',395,'','',''),(543,27,3,3,32,0,'04 50 92 42 88','','','','','AMS - Adjointe Moblie System','2010-03-30 08:26:40','2010-03-31 16:02:17','8, rue des Amoureux','','Annemasse',310,'74100',395,'','',''),(544,27,3,3,32,0,'04 50 43 63 41','','','','','BALLERY','2010-03-30 08:26:40','2010-03-31 16:02:17','Blécheins','','Archamps',310,'74160',395,'','',''),(545,27,3,3,32,0,'04 50 70 15 11','','','','','CHAPUIS Jean-François','2010-03-30 08:26:40','2010-03-31 16:02:17','1, rue Vallon','','Thonon les Bains',310,'74200',395,'','',''),(546,27,3,3,32,0,'04 50 96 19 84','','','','','CHOISI Emmanuel, c/o Laboratoire LGJP','2010-03-30 08:26:40','2010-03-31 16:02:17','2, rue Jean Mermoz','','Cluses',310,'74300',395,'','',''),(547,27,3,3,32,0,'04 68 37 33 44','','','','','LAMOTTE','2010-03-30 08:26:40','2010-03-31 16:02:17','152, impasse de la Tour','','Amancy',310,'74800',395,'','',''),(548,27,3,3,32,0,'04 50 45 13 20','','','','','STELART EURL','2010-03-30 08:26:40','2010-03-31 16:02:17','14, rue du 11 novembre','','Cran Gevrier',310,'74960',395,'','',''),(549,27,3,3,32,0,'01 47 66 46 93','','','','','FABRE Jean-Luc','2010-03-30 08:26:40','2010-03-31 16:02:17','47, avenue Hoche','','Paris',310,'75008',395,'','',''),(550,27,3,3,32,0,'01 40 78 06 60','','','','','MUTELLE DES CHEMINOTS','2010-03-30 08:26:40','2010-03-31 16:02:17','2, place de l\'Abbé Hennocque','','Paris',310,'75013',395,'','',''),(551,27,3,3,32,0,'01 45 49 37 71','','','','','NITHART Sophie','2010-03-30 08:26:40','2010-03-31 16:02:17','6, rue Antoine Bourdelle','','Paris',310,'75015',395,'','',''),(552,27,3,3,32,0,'01 47 63 01 02','','','','','Naturel IDM Bernard FERARY SARL','2010-03-30 08:26:40','2010-03-31 16:02:17','66 rue Jouffroy d\'Abbans','','Paris',310,'75017',395,'','',''),(553,27,3,3,32,0,'02 35 89 54 64','','','','','DENTIX 2000','2010-03-30 08:26:40','2010-03-31 16:02:17','158 Bis Place Henri IV','','Rouen',310,'76000',395,'','',''),(554,27,3,3,32,0,'02 35 70 99 79','','','','','PRODENTAL','2010-03-30 08:26:40','2010-03-31 16:02:17','48 Boulevard des Belges','','Rouen',310,'76000',395,'','',''),(555,27,3,3,32,0,'02 35 84 30 64','','','','','ADAMANTIN SDF','2010-03-30 08:26:40','2010-03-31 16:02:17','6, rue de la République','','Dieppe',310,'76200',395,'','',''),(556,27,3,3,32,0,'02 35 82 44 15','','','','','GOYER Yves','2010-03-30 08:26:40','2010-03-31 16:02:17','2, rue Jehan Veron','','Dieppe',310,'76200',395,'','',''),(557,27,3,3,32,0,'02 32 97 00 81','','','','','BRAY DENTAL SARL','2010-03-30 08:26:40','2010-03-31 16:02:17','31, Grande Rue Saint-Jacques','','Neufchatel en Bray',310,'76270',395,'','',''),(558,27,3,3,32,0,'02 35 21 50 95','','','','','DUPUIS & ASSOCIES','2010-03-30 08:26:40','2010-03-31 16:02:17','10, rue du Commandant Charcot - BP 15','','Sainte Adresse',310,'76310',395,'','',''),(559,27,3,3,32,0,'01 34 83 05 43','','','','','LE BARZE Yves','2010-03-30 08:26:40','2010-03-31 16:02:17','34, rue Mme de Maintenon','','Rambouillet',310,'78120',395,'','',''),(560,27,3,3,32,0,'01 30 51 54 96','','','','','TROUTIER Michel','2010-03-30 08:26:40','2010-03-31 16:02:17','SA LPDT91, rue Jean Jaurès','','Trappes',310,'78190',395,'','',''),(561,27,3,3,32,0,'05 49 33 01 82','','','','','LABORATOIRES AOSSOCIES NIORTAIS','2010-03-30 08:26:40','2010-03-31 16:02:17','14, rue de la Colline-BP 40','','Niort Cedex',310,'79001',395,'','',''),(562,27,3,3,32,0,'05 49 74 18 04','','','','','PITOR Jean-Michel','2010-03-30 08:26:40','2010-03-31 16:02:17','23 Rue des Campes','','Bressuire Cedex',310,'79300',395,'','',''),(563,27,3,3,32,0,'03 22 83 24 18','','','','','COSTAMAGNA Yves','2010-03-30 08:26:40','2010-03-31 16:02:17','28, Grande Rue','','Flaucourt',310,'80200',395,'','',''),(564,27,3,3,32,0,'03 22 09 61 20','','','','','SCHOTT SARL','2010-03-30 08:26:40','2010-03-31 16:02:17','85, rue de la Chaussée','','Sains en Amienois',310,'80680',395,'','',''),(565,27,3,3,32,0,'05 63 46 06 22','','','','','STUDIO CERAM (M.GILBERT)','2010-03-30 08:26:40','2010-03-31 16:02:17','19, rue Edmond Marty','','Albi',310,'81000',395,'','',''),(566,27,3,3,32,0,'05 63 35 45 38','','','','','LAFUENTE Bernard  SARL','2010-03-30 08:26:40','2010-03-31 16:02:17','25, rue d\'Empare','','Castres',310,'81100',395,'','',''),(567,27,3,3,32,0,'05 63 35 15 49','','','','','DI DO CERAM','2010-03-30 08:26:40','2010-03-31 16:02:17','22, rue Anne Veaute','','Castres',310,'81100',395,'','',''),(568,27,3,3,32,0,'05 63 61 19 48','','','','','OPTIMAL 3','2010-03-30 08:26:40','2010-03-31 16:02:17','98, chemin de la Poudrerie','','Castres',310,'81100',395,'','',''),(569,27,3,3,32,0,'','','','','','DENTINE SARL Immeuble \"Grand Foc\"','2010-03-30 08:26:40','2010-03-31 16:02:17','Avenue Marechal Lyauthey','','Cavalaire sur Mer',310,'83240',395,'','',''),(570,27,3,3,32,0,'04 90 34 33 84','','','','','NPB DENTAIRE','2010-03-30 08:26:40','2010-03-31 16:02:17','23, rue du Noble\n','','Orange',310,'84100',395,'','',''),(571,27,3,3,32,0,'04 90 38 12 14','','','','','GIRARD Henri','2010-03-30 08:26:40','2010-03-31 16:02:17','856, chemin de Saint-Gervais','','Isle sur la Sorgue',310,'84800',395,'','',''),(572,27,3,3,32,0,'04 90 65 02 17','','','','','PSAÏLA - ART DENTAIRE 84','2010-03-30 08:26:40','2010-03-31 16:02:17','Quartier de l\'Etang','','Aubignan',310,'84810',395,'','',''),(573,27,3,3,32,0,'02 51 37 36 01','','','','','Laboratoire J. BARREAU','2010-03-30 08:26:40','2010-03-31 16:02:17','Rue Bunsen - ZAC Belle Place, - BP 13','','La Roche sur Yon Cedex',310,'85001',395,'','',''),(574,27,3,3,32,0,'02 51 62 61 00','','','','','BONGERT','2010-03-30 08:26:40','2010-03-31 16:02:17','Rue Jacques Yves Coustaut- Zone de Beaupuy 4','','Mouilleron le Captif',310,'85000',395,'','',''),(575,27,3,3,32,0,'02 51 32 51 36','','','','','JEZEQUEL Luc','2010-03-30 08:26:40','2010-03-31 16:02:17','18, quai Franquville - BP 171','','Les Sables d\'Olonne',310,'85100',395,'','',''),(576,27,3,3,32,0,'02 51 94 44 54','','','','','BERTIN Maryse','2010-03-30 08:26:40','2010-03-31 16:02:17','3, rue des Plantes - BP 84','','Chantonnay',310,'85111',395,'','',''),(577,27,3,3,32,0,'02 51 06 00 93','','','','','BERSON Yves','2010-03-30 08:26:40','2010-03-31 16:02:17','3,  rue de la Croix Blanche','','Les Essarts',310,'85140',395,'','',''),(578,27,3,3,32,0,'','','','','','Claude BELVAL','2010-03-30 08:26:40','2010-03-31 16:02:17','39, route de Cholet','','Mortagne sur Sevre',310,'85290',395,'','',''),(579,27,3,3,32,0,'02 51 55 11 76','','','','','NAULET Loïc','2010-03-30 08:26:40','2010-03-31 16:02:17','Rue des Electriciens, Z.I. La Bégaudière','','Saint Gilles Croix de Vie',310,'85800',395,'','',''),(580,27,3,3,32,0,'05 55 01 18 74','','','','','NOEL Alain','2010-03-30 08:26:40','2010-03-31 16:02:17','6, allée du Clos Fleuri','','Limoges',310,'87000',395,'','',''),(581,27,3,3,32,0,'03 29 34 82 82','','','','','PERRIN','2010-03-30 08:26:40','2010-03-31 16:02:17','2, rue Jules Ferry - BP 140','','Golbey',310,'88195',395,'','',''),(582,27,3,3,32,0,'01 69 48 15 55','','','','','HAYE Bernard','2010-03-30 08:26:40','2010-03-31 16:02:17','15, rue Paul Doumer','','Yerres',310,'91330',395,'','',''),(583,27,3,3,32,0,'01 42 53 67 46','','','','','GH','2010-03-30 08:26:40','2010-03-31 16:02:17','5-7, avenue de la Marne','','Montrouge',310,'92123',395,'','',''),(584,27,3,3,32,0,'01 48 36 43 85','','','','','BERTIN Vincent','2010-03-30 08:26:40','2010-03-31 16:02:17','5, rue des Prévoyants','','Courneuve',310,'93120',395,'','',''),(585,27,3,3,32,0,'01 48 79 22 85','','','','','Laboratoire du Dr. CONTE Pierre','2010-03-30 08:26:40','2010-03-31 16:02:17','64-66, boulevard de la République','','LIVRY-GARGAN',310,'93190',395,'','',''),(586,27,3,3,32,0,'01 34 15 60 00','','','','','BERNARD Joël','2010-03-30 08:26:40','2010-03-31 16:02:17','20, rue Louis Armand - ZA Saint-Leu','','Le Plessis Bouchard',310,'95130',395,'','',''),(587,27,3,3,32,0,'01 34 17 51 18','','','','','CAUVIN Francis','2010-03-30 08:26:40','2010-03-31 16:02:17','6 ter, rue du Professeur Picard','','Enghien les Bains',310,'95880',395,'','',''),(588,27,3,3,32,0,'05 96 60 53 19','','','','','LUCHEL Philippe','2010-03-30 08:26:40','2010-03-31 16:02:17','53, rue François Arago','','Fort de France',310,'97200',395,'','',''),(589,27,3,3,32,0,'05 96 54 34 30','','','','','CALOC Jean-Pierre','2010-03-30 08:26:40','2010-03-31 16:02:17','13, rue Saint-Michel','','Le Francois (Martinique)',310,'97240',395,'','',''),(590,27,3,3,32,0,'05 96 54 26 62','','','','','NJF','2010-03-30 08:26:40','2010-03-31 16:02:17','Bourg','','Le Francois (Martinique)',310,'97240',395,'','',''),(591,27,3,3,32,0,'081/5466552','','081/2290675','estetica.dentale@tin.it','','Estetica Dentale SNC di Castaldo U. e Maddaluno L.','2010-03-30 08:26:40','2010-03-31 16:02:17','Via D\'Antona, 20','NA','Napoli',315,'80131',0,'','',''),(592,27,3,3,32,0,'0432/573256','','0432/573256','','','Dental Tecnica SNC di Martin Gioacchino','2010-03-30 08:26:40','2010-03-31 16:02:17','V. Udine 12','UD','Feletto Umberto',315,'33010',395,'','',''),(593,27,3,3,32,0,'0121/794996','','0121/794996','dentalstudio.mancin@tiscali.it','','Dentalstudio di Mancin Marco Laboratorio Odontoprotesico','2010-03-30 08:26:40','2010-03-31 16:02:17','Via Chiampo, 15/13','TO','Pinerolo',315,'10064',395,'','',''),(594,27,3,3,32,0,'0872/578769','','','fabrizio.federico@libero.it','','Federico Fabrizio Laboratorio Odontotecnico','2010-03-30 08:26:40','2010-03-31 16:02:17','Strada St. 524 Per Lanciano 100','CH','Fossacesia',315,'66022',395,'','',''),(595,27,3,3,32,0,'0444/923474','','0444/923365','labsaccardo@tin.it','','Saccardo A. e C. Laboratorio Odontotecnico SNC','2010-03-30 08:26:40','2010-03-31 16:02:17','Via Ugo Bassi, 10/12','VI','Vicenza',315,'36100',395,'','',''),(596,27,3,3,32,0,'0432/679851','','0432/900581','info@dentalteamsnc.it','','Dentalteam di Meroi L. e Rossi A. e C. SNC','2010-03-30 08:26:40','2010-03-31 16:02:17','Via Daniele Moro, 8','UD','Codroipo',315,'33033',395,'','',''),(597,27,3,3,32,0,'05 61 99 99 00','','','','','ATELIER DENTAIRE','2010-03-30 08:26:40','2010-03-31 16:02:17','17, chemin Nicol','','Toulouse',310,'31200',395,'','',''),(598,27,3,3,32,0,'06 03 24 06 15','','','','','DUPUY Bertrand','2010-03-30 08:26:40','2010-03-31 16:02:17','2, allée Monts Dore','','Colomiers',310,'31770',395,'','',''),(599,27,3,3,32,0,'04 75 35 21 00','','','','','BOU-ASSI Georges','2010-03-30 08:26:40','2010-03-31 16:02:17','37, boulevard Jean Mathon','','Aubenas',310,'07200',395,'','',''),(600,27,3,3,32,0,'01 30 45 10 69','','','','','PLAGNOL Gérard','2010-03-30 08:26:40','2010-03-31 16:02:17','12, rue Gabriel Péri','','Saint-Cyr l\'Ecole',310,'78210',395,'','',''),(601,27,3,3,32,0,'03 23 65 77 06','','','','','BELLAVOINE','2010-03-30 08:26:40','2010-03-31 16:02:17','52, rue Saint-Laurent','','Saint-Quentin',310,'02100',395,'','',''),(602,27,3,3,32,0,'02 35 51 03 00','','','','','GROUT SARL','2010-03-30 08:26:40','2010-03-31 16:02:17','237, rue du Bois au Coq','','Le Havre',310,'76620',395,'','',''),(603,27,3,3,32,0,'03 85 34 12 59','','','','','INTER ORTHO LAB','2010-03-30 08:26:40','2010-03-31 16:02:17','13, rue Jean Mermoz - BP 148','','Macon Cedex',310,'71006',395,'','',''),(604,27,3,3,32,0,'02 96 29 39 83','','','','','DELORME Jean-Yves','2010-03-30 08:26:40','2010-03-31 16:02:17','4, rue de Verdun','','Rostrenen',310,'22110',395,'','',''),(605,27,3,3,32,0,'02 40 95 09 80','','','','','TEXIER Gérard','2010-03-30 08:26:40','2010-03-31 16:02:17','89, rue de la Convention','','Nantes',310,'44100',395,'','',''),(606,27,3,3,32,0,'05 56 62 30 20','','','','','ARMAND','2010-03-30 08:26:40','2010-03-31 16:02:17','52, cours du Général Leclerc','','Langon',310,'33210',395,'','',''),(607,27,3,3,32,0,'02 98 24 98 61','','','','','ETIENNE Ludovic','2010-03-30 08:26:40','2010-03-31 16:02:17','1, rue de Lestrévignon - ZI du Vern','','Landisvisiau',310,'29400',395,'','',''),(608,27,3,3,32,0,'02 96 61 94 94','','','','','HUGUET-REMOND','2010-03-30 08:26:40','2010-03-31 16:02:17','11, rue Joseph Le Brix - BP 317','','Saint-Brieuc Cedex 1',310,'22003',395,'','',''),(609,27,3,3,32,0,'089/825460','','089/825460','sorgedental@libero.it','','EDS Lab. Odontotecnico di Sorgente Pasqualino','2010-03-30 08:26:40','2010-03-31 16:02:17','Via Faraldo, 42','SA','Fisciano',315,'84084',395,'COM','',''),(610,27,3,3,32,0,'080/4977667','','','marg15ento@libero.it','','Margiotta Michele Laboratorio odontotecnico','2010-03-30 08:26:40','2010-03-31 16:02:17','Zona H, 17/E','BA','Noci',315,'70015',395,'','',''),(611,27,3,3,32,0,'045/6450433','','','','','Dental Team SNC di Bucci, Ledda e Squaranti','2010-03-30 08:26:40','2010-03-31 16:02:17','Via Trento, 8','VR','Castelnuovo Del Garda',315,'37014',395,'','',''),(612,27,3,3,32,0,'0444/861062','','','pavanwal@pavanwalter.191.it','','Pavan Walter','2010-03-30 08:26:40','2010-03-31 16:02:17','Via degli Alpini, 40','VI','Noventa Vicentina',315,'36025',395,'','',''),(613,27,3,3,32,0,'045/8100115','','045/8195350','danilo.gallo@iol.it','','Gallo Danilo Laboratorio Odontotecnico','2010-03-30 08:26:40','2010-03-31 16:02:17','Via A. Cristofoli, 16','VR','Verona',315,'37138',395,'','',''),(614,27,3,3,32,0,'011/9607705','','','','','Carena Arturo','2010-03-30 08:26:40','2010-03-31 16:02:17','Via Strada Cordova, 1 Bis','TO','Castiglione Torinese',315,'10090',395,'','',''),(615,27,3,3,32,0,'050/861136','','050/861136','rotwailer@libero.it','','Baldacci Massimo','2010-03-30 08:26:40','2010-03-31 16:02:17','Via Manin, 12','PI','Vecchiano',315,'56019',395,'','',''),(616,27,3,3,32,0,'+27 (11) 624 1020','','','','','Advance Ceramics','2010-03-30 08:26:40','2010-03-31 16:02:17','P.O. Box 33235','','JEPPESTOWN ',392,'2043',395,'','',''),(617,27,3,3,32,0,'+27 (11) 793 6950','','','','','Austrodent Dental Laboratory','2010-03-30 08:26:40','2010-03-31 16:02:17','P.O. Box 1315','','RANDBURG ',392,'2125',395,'','',''),(618,27,3,3,32,0,'+27 (21) 797 6159','','','','','Barretts Dental Laboratory','2010-03-30 08:26:40','2010-03-31 16:02:17','387 Main Road','','WYNBERG ',392,'7800',395,'','',''),(619,27,3,3,32,0,'+27 (21) 434 1368','','','','','Ceramiart Dental Laboratory','2010-03-30 08:26:40','2010-03-31 16:02:17','P.O. Box 140','','SEA POINT ',392,'8060',395,'','',''),(620,27,3,3,32,0,'+27 (21) 851 2858','','','','','Helderberg Dental Laboratory','2010-03-30 08:26:40','2010-03-31 16:02:17','P.O. Box 1039','','SOMERSETWEST ',392,'7129',395,'','',''),(621,27,3,3,32,0,'+27 (11) 452 5057','','','','','Impressions Ceramics','2010-03-30 08:26:40','2010-03-31 16:02:17','P.O. Box 890237','','LYNDHURST ',392,'2106',395,'','',''),(622,27,3,3,32,0,'+27 (44) 873 0123','','','','','Lorenzo\'s Dental Laboratory','2010-03-30 08:26:40','2010-03-31 16:02:17','P.O. Box 1062','','GEORGE ',392,'6530',395,'','',''),(623,27,3,3,32,0,'+27 (11) 885 2633','','','','','R.H.P. Burk Dental Laboratory','2010-03-30 08:26:40','2010-03-31 16:02:17','1 Blenheim Court, 212 Athol street','','HIGHLANDS NORTH ',392,'2192',395,'','',''),(624,27,3,3,32,0,'+27 (11) 854 1099','','','','','Studio 29 Dental Ceramics','2010-03-30 08:26:40','2010-03-31 16:02:17','P.O. Box 1034','','PINEGOWRI ',392,'2123',395,'','',''),(625,27,3,3,32,0,'+27 (12) 997 5145','','','','','Werner Retief Dental Laboratory','2010-03-30 08:26:40','2010-03-31 16:02:17','P.O. Box 80','','Woodlands ',392,'0072',395,'','',''),(626,27,3,3,32,0,'+54 351 424 4536','','','diegouribeechevarria@ciudad.com.ar','','Centro Dental Privado SRL','2010-03-30 08:26:40','2010-03-31 16:02:17','Montevideo 36','','Córdoba',285,'5000',395,'','',''),(627,27,3,3,32,0,'+61 (3) 94 78 06 62','','','asnelling@bigpond.net.au','','Andrew Snelling Dental Laboratory','2010-03-30 08:26:40','2010-03-31 16:02:17','724 Plenty rd','Victoria','Reservoir',299,'Vic 3073',395,'','',''),(628,27,3,3,32,0,'+61 (03) 95 98 29 53','','','','','AP Edwards Dental Laboratory','2010-03-30 08:26:40','2010-03-31 16:02:17','5 Railway Walk South, Hampton','Victoria','Hampton',299,'VIC 3188',395,'','',''),(629,27,3,3,32,0,'+61 (07) 32 62 46 82','','','','','Argyle Dental laboratory','2010-03-30 08:26:40','2010-03-31 16:02:17','Argyle Place','Queensland','Breakfast Creek',299,'QLD 4010',395,'','',''),(630,27,3,3,32,0,'(61) 98 09 10 88','','','','','Creative Prosthetics','2010-03-30 08:26:40','2010-03-31 16:02:17','972 Toorak Rd, Camberwell','Victoria','Camberwell',299,'VIC 3124',395,'','',''),(631,27,3,3,32,0,'(61) 94 39 70 37','','','','','Van Noorden Dental Laboratories','2010-03-30 08:26:40','2010-03-31 16:02:17','287 Bolton St','Victoria','Eltham',299,'Vic 3095',395,'','',''),(632,27,3,3,32,0,'+61 (08) 92 79 25 12','','','','','Braki Pty. Ltd.','2010-03-30 08:26:40','2010-03-31 16:02:17','Unit 6/263 Walter Rd.','Western Australia','Morley',299,'WA 6062',395,'','',''),(633,27,3,3,32,0,'+32 (65) 65 65 21','','','abcdent@mons.be','','A.B.C. - DENT S.C.R.L','2010-03-30 08:26:40','2010-03-31 16:02:17','9, rue Général Leman','','Hanin',303,'7350',395,'','',''),(634,27,3,3,32,0,'+32 (65) 64 43 81','','','','','Ameye DTB','2010-03-30 08:26:40','2010-03-31 16:02:17','Stijn Streuvelsstraat 37','','Heestert',303,'8551',395,'','',''),(635,27,3,3,32,0,'+32 (3) 774 57 26','','','luc.hiel3@pandora.be','','Bazel T.L.','2010-03-30 08:26:40','2010-03-31 16:02:17','Kerkstraat,108','','Bazel',303,'9150',395,'','',''),(636,27,3,3,32,0,'+32 (2) 660 93 51','','','','','Laboratoire Dentaire Perez','2010-03-30 08:26:40','2010-03-31 16:02:17','41, rue des Paysagistes','','Audergem',303,'1160',395,'','',''),(637,27,3,3,32,0,'+32 (3) 645 97 67','','','centradent.bvba@pandora.be','','Centrum voor Tandheelkunde','2010-03-30 08:26:40','2010-03-31 16:02:17','Bredabaan 230','','Merksem',303,'2171',395,'','',''),(638,27,3,3,32,0,'+32 (3) 771 03 31','','','','','Ceradent TTL','2010-03-30 08:26:40','2010-03-31 16:02:17','Vroonhoflaan 6','','Temse',303,'9140',395,'','',''),(639,27,3,3,32,0,'+32 (2) 269 65 52','','','','','De Ruyck Labo Dental','2010-03-30 08:26:40','2010-03-31 16:02:17','Ossegemstraat 102','','Wolvertem',303,'1860',395,'','',''),(640,27,3,3,32,0,'+32 (2) 354 84 69','','','','','L.D. Barbé','2010-03-30 08:26:40','2010-03-31 16:02:17','7, rue Gauttier','','Waterloo',303,'1410',395,'','',''),(641,27,3,3,32,0,'+32 (4) 252 38 44','','','bernard.penders@swing.be','','Labo Dentaire Verviétois','2010-03-30 08:26:40','2010-03-31 16:02:17','Rue de Tilleur, 251','','Saint Nicolas',303,'4420',395,'','',''),(642,27,3,3,32,0,'+32 (51) 50 55 94','','','patric.maerten@skynet.be','','Maerten Dental Atelier','2010-03-30 08:26:40','2010-03-31 16:02:17','Gr. Broederstraat 135','','Diksmuide',303,'8600',395,'','',''),(643,27,3,3,32,0,'+32 (3) 252 87 76','','','info@detal.be','','Martens T.T.L. BVBA','2010-03-30 08:26:40','2010-03-31 16:02:17','Lindenstraat, 48','','Zwijndrecht',303,'2070',395,'COM','',''),(644,27,3,3,32,0,'+32 (14) 42 31 33','','','pevo@pi.be','','PEVO NV','2010-03-30 08:26:40','2010-03-31 16:02:17','Kempenlaan 59','','Turnhout',303,'2300',395,'','',''),(645,27,3,3,32,0,'+32 (11) 88 41 70','','','frank.vanputte@skynet.de','','TTL Greunlinx','2010-03-30 08:26:40','2010-03-31 16:02:17','Onder de muur, 6','','Landen',303,'3400',395,'','',''),(646,27,3,3,32,0,'+32 (3) 314 15 55','','','eric.van.hauwaert@pi.be','','Van Hauwaert BVBA','2010-03-30 08:26:40','2010-03-31 16:02:17','Otterdaelstraat,6','','Rijkevorsel',303,'2310',395,'','',''),(647,27,3,3,32,0,'+32 (3) 321 32 57','','','marc.vanlooveren@pandora.be','','Van Looveren B.v.b.a','2010-03-30 08:26:40','2010-03-31 16:02:17','Frans Baetenstraat 19','','Deurne',303,'2100',395,'','',''),(648,27,3,3,32,0,'+32 (3) 685 27 28','','','werner.vertessen@skynet.be','','Vertessen B.v.b.a','2010-03-30 08:26:40','2010-03-31 16:02:17','Klanteklaarpad 7','','Schoten',303,'2900',395,'','',''),(649,27,3,3,32,0,'00387 33 531 914','','','','','Amira Begeta','2010-03-30 08:26:40','2010-03-31 16:02:17','Mlini 6','','Sarajevo',304,'71000',395,'','',''),(650,27,3,3,32,0,'(31) 3273-4230','','','','','Marco Antonio Calazans','2010-03-30 08:26:40','2010-03-31 16:02:17','Rua Guajajaras, 410 sl 1002','','B.Horizonte / MG',287,'30180-100',395,'','',''),(651,27,3,3,32,0,'(13) 468-4996','','','','','Laboratório Ebrain','2010-03-30 08:26:40','2010-03-31 16:02:17','Av. Presidente Wilson, 1473 sl 73','','São Vicente / SP',287,'11320-915',395,'','',''),(652,27,3,3,32,0,'(11) 3726-7573','','','','','Laboratório Lian de Prótese Odontologica','2010-03-30 08:26:40','2010-03-31 16:02:17','Av. Caxingui, 198, Butantã','','São Paulo / SP',287,'05579-000',395,'','',''),(653,27,3,3,32,0,'(12) 233-7458','','','','','Laboratório Mendrot & Mendrot','2010-03-30 08:26:40','2010-03-31 16:02:17','Rua João Afonso Salgueiro, 386, Pq. Bom Conselho','','Taubaté / SP',287,'12031-080',395,'','',''),(654,27,3,3,32,0,'(11) 6671 4284','','','','','Laboratório Tanganeli','2010-03-30 08:26:40','2010-03-31 16:02:17','Rua Caio Gracco, 382 sl 33','','São Paulo / SP',287,'05044-000',395,'','',''),(655,27,3,3,32,0,'','','','','','Hode technología dental','2010-03-30 08:26:40','2010-03-31 16:02:17','Las Trinitarias 6818, Las Condes\n','','Santiago',288,'',395,'','',''),(656,27,3,3,32,0,'','','','','','Wiener Laboratorio Dental','2010-03-30 08:26:40','2010-03-31 16:02:17','General Flores 218, Providencia','','Santiago',288,'',395,'','',''),(657,27,3,3,32,0,'','','','','','Zubotehnicki Laboratorij Kruno Bukovac','2010-03-30 08:26:40','2010-03-31 16:02:17','','','Veliki Grdevac',317,'',395,'','',''),(658,27,3,3,32,0,'','','','','','Dental Centar Marusic','2010-03-30 08:26:40','2010-03-31 16:02:17','Benkovacka 10a','','Split',317,'21000',395,'','',''),(659,27,3,3,32,0,'','','','','','A.B.-DENT s.r.o.','2010-03-30 08:26:40','2010-03-31 16:02:17','Sokolská 2','','Ostrava 1',339,'70100',395,'','',''),(660,27,3,3,32,0,'','','','','','Department of Stomatology','2010-03-30 08:26:40','2010-03-31 16:02:17','Katerinska 32','','Prague 2',339,'12000',395,'','',''),(661,27,3,3,32,0,'','','','','','Zlatica Kucharovicova, Zubni Laborator','2010-03-30 08:26:40','2010-03-31 16:02:17','Klicperovo Nam. 68','','Chlumec Nad Cidlikou',339,'50351',395,'','',''),(662,27,3,3,32,0,'','','','','','Oldriska Pochmannova, Zubni Laborator','2010-03-30 08:26:40','2010-03-31 16:02:17','Budecska 33-35','','Praha 2',339,'12000',395,'','',''),(663,27,3,3,32,0,'','','','','','Wilson Enrique Moya Ortiz','2010-03-30 08:26:40','2010-03-31 16:02:17','Juan de Alcazar 208 y Andres Perez','','Quito',289,'',395,'','',''),(664,27,3,3,32,0,'','','','','','A & N Dental Laboratory','2010-03-30 08:26:40','2010-03-31 16:02:17','Unit 1, 3 Mill Street,','','Redhill',312,'RH1 6PA',395,'','',''),(665,27,3,3,32,0,'','','','','','A D Dental Laboratory','2010-03-30 08:26:40','2010-03-31 16:02:17','Guilford Road','','Woking / Surrey',312,'GU22 7QU',395,'','',''),(666,27,3,3,32,0,'','','','','','Aesthetic Dental Services Ltd','2010-03-30 08:26:40','2010-03-31 16:02:17','Woodlands, 112 Wetherby Road','','Harrogate/ North Yorkshire',312,'HG2 7AB',395,'','',''),(667,27,3,3,32,0,'','','','','','Brooker & Hamill Dental Laboratory','2010-03-30 08:26:40','2010-03-31 16:02:17','93 Harley Street','','London',312,'W1N 1DF',395,'','',''),(668,27,3,3,32,0,'','','','','','Cambridge Dental Studio','2010-03-30 08:26:40','2010-03-31 16:02:17','Unit 1 Brickyard Estate, Coldhams Road','','Cambridgeshire',312,'CB 1 3EW',395,'','',''),(669,27,3,3,32,0,'','','','','','Dental  Aesthetics Dental Laboratory','2010-03-30 08:26:40','2010-03-31 16:02:17','2nd Floor 2 Broad Street (New Cut)','','St. Helier Jersey Channel Islands',312,'JE2 4FA',395,'','',''),(670,27,3,3,32,0,'','','','','','European Dental Laboratory Ltd','2010-03-30 08:26:40','2010-03-31 16:02:17','Churchworkers Institute, Union Road','','Crediton/ Devon',312,'EX17 3AW',395,'','',''),(671,27,3,3,32,0,'','','','','','Ford Dental Laboratory','2010-03-30 08:26:40','2010-03-31 16:02:17','98 Northam Road','','SOUTHAMPTON /Hampshire',312,'SO14 0QL',395,'','',''),(672,27,3,3,32,0,'','','','','','Havering Dental Laboratory','2010-03-30 08:26:40','2010-03-31 16:02:17','25 Billet Lane','','Hornschurch / Essex',312,'RM11 1XP',395,'','',''),(673,27,3,3,32,0,'','','','','','James Hooper Dental Laboratory','2010-03-30 08:26:40','2010-03-31 16:02:17','6 Hogarth Road','','Hove / East Sussex',312,'BN3 5RG',395,'','',''),(674,27,3,3,32,0,'','','','','','Millhouse Dental Laboratory','2010-03-30 08:26:40','2010-03-31 16:02:17','17 Mill Road','','West Worthing /West Sussex',312,'BN27 4 LD',395,'','',''),(675,27,3,3,32,0,'','','','','','Natural Images','2010-03-30 08:26:40','2010-03-31 16:02:17','46a Worksop Road/ Swallownest','','Sheffield / South Yorkshire',312,'S310WD',395,'','',''),(676,27,3,3,32,0,'','','','','','Somerset Ceramic Studio','2010-03-30 08:26:40','2010-03-31 16:02:17','Greenlands,Felons Oak /Rodhuiah','','Nr Minehead, Somerset',312,'TA24 6QF',395,'','',''),(677,27,3,3,32,0,'','','','','','Pradella Margit Dentallabor','2010-03-30 08:26:40','2010-03-31 16:02:17','Schaanerstr. 40','','Vaduz',319,'9490',395,'','',''),(678,27,3,3,32,0,'+32 352 400 901','','','','','Dentallab Jacques Hornbeck s.a.r.l.','2010-03-30 08:26:40','2010-03-31 16:02:17','Rue Nicolas Bové 7','','Luxembourg',321,'1253',395,'','',''),(679,27,3,3,32,0,'Tel: ++60-82-420223','','','','','Advantechs Dental Lab.','2010-03-30 08:26:40','2010-03-31 16:02:17','Lot 2567, 2nd Floor, Blk 195, KNLD, Jalan Satok','','Kuching , Sarawak ',366,'93400',395,'','',''),(680,27,3,3,32,0,'Tel: ++60-3-7350068','','','','','d. Sign Dental Lab.','2010-03-30 08:26:40','2010-03-31 16:02:17','No. 51, Jalan Anggerik Vanila AB 31/ Kota Kemuning','','Sksyen 31, Shah Alarm',366,'40460',395,'','',''),(681,27,3,3,32,0,'Tel: ++60-3-58910767','','','','','Hi-Tech Dental Lab.','2010-03-30 08:26:40','2010-03-31 16:02:17','16, Jalan BPU 4, Bt. 14, off Jalan Puchong, Bandar Puchong Utama','','Puchong Selangor',366,'47100',395,'','',''),(682,27,3,3,32,0,'','','','','','Coguji y Asociados','2010-03-30 08:26:40','2010-03-31 16:02:17','357, Cecilio Robelo','','Mexico City',283,'15900',395,'','',''),(683,27,3,3,32,0,'','','','','','SEPRODENT Servicio Protésico Dental','2010-03-30 08:26:40','2010-03-31 16:02:17','13-4, Cto. Fundadores','','Edo. de México',283,'53100',395,'','',''),(684,27,3,3,32,0,'','','','','','Tecno-Dent','2010-03-30 08:26:40','2010-03-31 16:02:17','51, Av. 412','','Mexico City',283,'07920',395,'','',''),(685,27,3,3,32,0,'','','','','','Alfonso Tobón García','2010-03-30 08:26:40','2010-03-31 16:02:17','2723-204, Circuito Juan Pablo','','Puebla, Puebla',283,'72400',395,'','',''),(686,27,3,3,32,0,'','','','','','Arte y Tecnología Dental, S.A. de C.V.','2010-03-30 08:26:40','2010-03-31 16:02:17','115, Andes','','Mexico City',283,'11000',395,'','',''),(687,27,3,3,32,0,'','','','','','Belin-Tec','2010-03-30 08:26:40','2010-03-31 16:02:17','203-B, Anaxágoras','','Mexico City',283,'03020',395,'','',''),(688,27,3,3,32,0,'','','','','','Crespo, S.A. De C.V.','2010-03-30 08:26:40','2010-03-31 16:02:17','27, Av. Canelos','','Nezahualcoyotl, Edo de México',283,'57820',395,'','',''),(689,27,3,3,32,0,'','','','','','Estudio de Porcelana Suizo, S.A. De C.V.','2010-03-30 08:26:40','2010-03-31 16:02:17','134, Alvaro Obregón','','Cuernavaca, Morelos',283,'62000',395,'','',''),(690,27,3,3,32,0,'','','','','','Estudio Dental Ceràmico','2010-03-30 08:26:40','2010-03-31 16:02:17','11 Sur 1302-5','','Puebla, Puebla',283,'72000',395,'','',''),(691,27,3,3,32,0,'','','','','','Laboratorio Cosmetológico Dental Top-Tec','2010-03-30 08:26:40','2010-03-31 16:02:17','100, Escuadra','','Mexico City',283,'15840',395,'','',''),(692,27,3,3,32,0,'','','','','','Laboratorio Dental Goicoechea','2010-03-30 08:26:40','2010-03-31 16:02:17','23 Sur No. 110','','Puebla, Puebla',283,'72160',395,'','',''),(693,27,3,3,32,0,'','','','','','Laboratorio Dental José Luis Rodríguez Arroyo','2010-03-30 08:26:40','2010-03-31 16:02:17','622-23 Ceboruco','','Toluca, Edo de México',283,'50180',395,'','',''),(694,27,3,3,32,0,'','','','','','Laboratorio Dental Misantla','2010-03-30 08:26:40','2010-03-31 16:02:17','1127 Nte., Joaquín García Leal','','Monterrey, N.L.',283,'64000',395,'','',''),(695,27,3,3,32,0,'','','','','','Laboratorio Dental Porcelanas-Dentales','2010-03-30 08:26:40','2010-03-31 16:02:17','108-304, Hamburgo','','Mexico City',283,'06602',395,'','',''),(696,27,3,3,32,0,'','','','','','Laboratorio y Consultorio Dental Rodríguez Ivich','2010-03-30 08:26:40','2010-03-31 16:02:17','3315, Pegaso','','Zapopan, Jalisco',283,'45072',395,'','',''),(697,27,3,3,32,0,'','','','','','Odontología Reconstructiva','2010-03-30 08:26:40','2010-03-31 16:02:17','131, Av. Mazatlán','','Mexico City',283,'06142',395,'','',''),(698,27,3,3,32,0,'','','','','','Odontotecnica Armando Alvarado','2010-03-30 08:26:40','2010-03-31 16:02:17','Av.Nader 6 1er Piso Mz.7 S.M.2-A','','Cancún, Quintana Roo',283,'77500',395,'','',''),(699,27,3,3,32,0,'','','','','','Ordemo Laboratorio Dental','2010-03-30 08:26:40','2010-03-31 16:02:17','402-A, Esc.Naval Militar','','Oaxaca, Oaxaca',283,'68050',395,'','',''),(700,27,3,3,32,0,'','','','','','Rita María Argudín Jiménez','2010-03-30 08:26:40','2010-03-31 16:02:17','Cuauhtemoc 504','','Coatzacoalcos, Veracruz',283,'96400',395,'','',''),(701,27,3,3,32,0,'','','','','','Visión Dental Valdespino','2010-03-30 08:26:40','2010-03-31 16:02:17','174, Victoria','','Acuña, Coahuila',283,'26200',395,'','',''),(702,27,3,3,32,0,'','','','','','Tecnología Dental Avanzada','2010-03-30 08:26:40','2010-03-31 16:02:17','Celeste 225 Fracc. Cosmos','','Morelia Mich.',283,'58050',395,'','',''),(703,27,3,3,32,0,'','','','','','Prótesis Dentales de Toluca','2010-03-30 08:26:40','2010-03-31 16:02:17','Juárez Sur 1201-A Col. Universidad','','Toluca Edo.de Méx',283,'50130',395,'','',''),(704,27,3,3,32,0,'','','','','','Easydent Dentallabor GmbH','2010-03-30 08:26:40','2010-03-31 16:02:17','Unterer Platz 12','','St. Veit /Glan',328,'9300',395,'','',''),(705,27,3,3,32,0,'','','','','','Ettenauer GmbH Dentallabor','2010-03-30 08:26:40','2010-03-31 16:02:17','Josefstäterstrasse 68/II/30','','Wien',328,'1180',395,'','',''),(706,27,3,3,32,0,'','','','','','Gruber Gesellschaft m.b.H.','2010-03-30 08:26:40','2010-03-31 16:02:17','Lindenhofstrasse 7','','Waidhofen / Ybbs',328,'3340',395,'','',''),(707,27,3,3,32,0,'','','','','','Haasler Dentaltechnik','2010-03-30 08:26:40','2010-03-31 16:02:17','Capristrangasse 6','','Langenlois',328,'3550',395,'','',''),(708,27,3,3,32,0,'','','','','','Dentallabor H&H','2010-03-30 08:26:40','2010-03-31 16:02:17','Berger Äcker 17','','Zirl',328,'6170',395,'','',''),(709,27,3,3,32,0,'28152836-38','','','','','Empress Dental Lab. Inc.','2010-03-30 08:26:40','2010-03-31 16:02:17','6 Floor Net One Center Build, 26 street Corner, 2 Avenue, Cresent Park West, Bonifacio, Global City of Taguig','','Metro Manila',371,'',395,'','',''),(710,27,3,3,32,0,'','','','','','Art Dentaire SA','2010-03-30 08:26:40','2010-03-31 16:02:17','Chemin du Croset 7','','Ecublens',334,'1024',395,'','',''),(711,27,3,3,32,0,'','','','','','Deckart Zahntechnik AG','2010-03-30 08:26:40','2010-03-31 16:02:17','Hohmadstrasse 2a','','Thun',334,'3600',395,'','',''),(712,27,3,3,32,0,'','','','','','DentArt AG','2010-03-30 08:26:40','2010-03-31 16:02:17','Preé-du-Grenier-d\'Avau 45','','Pont-la-Ville',334,'1649',395,'','',''),(713,27,3,3,32,0,'','','','','','Ess Zahntechnik Gäu GmbH','2010-03-30 08:26:40','2010-03-31 16:02:17','Von Roll-Str. 1','','Oensingen',334,'4702',395,'','',''),(714,27,3,3,32,0,'','','','','','HM Tech GmbH','2010-03-30 08:26:40','2010-03-31 16:02:17','Baslerstrasse 167','','Allschwil',334,'4123',395,'','',''),(715,27,3,3,32,0,'','','','','','Hügi Dental-Technik','2010-03-30 08:26:40','2010-03-31 16:02:17','Stationstr. 2','','Egg',334,'8132',395,'','',''),(716,27,3,3,32,0,'','','','','','Kirsch & Partner Dentaltechnik AG','2010-03-30 08:26:40','2010-03-31 16:02:17','Liesbergstrasse 23','','Basel',334,'4053',395,'','',''),(717,27,3,3,32,0,'','','','','','Krieger Dental Technik','2010-03-30 08:26:40','2010-03-31 16:02:17','Hansfluhsteig 2','','Brugg',334,'5200',395,'','',''),(718,27,3,3,32,0,'','','','','','Pauli & Co. Zahntechnisches Labor','2010-03-30 08:26:40','2010-03-31 16:02:17','Hofmeisterstrasse 20a','','Bern',334,'3006',395,'','',''),(719,27,3,3,32,0,'','','','','','Reichart Dentallabor GmbH','2010-03-30 08:26:40','2010-03-31 16:02:17','Trockenloostrasse 67','','Regensdorf-Zürich',334,'8105',395,'','',''),(720,27,3,3,32,0,'','','','','','HDF Dental GmbH','2010-03-30 08:26:40','2010-03-31 16:02:17','Frutigenstrasse 2a','','Thun',334,'3600',395,'','',''),(721,27,3,3,32,0,'','','','','','Wolf & Landwehr Zahnkeramik AG','2010-03-30 08:26:40','2010-03-31 16:02:17','Hauptstrasse 39','','Kreuzlingen',334,'8280',395,'','',''),(722,27,3,3,32,0,'++65-7458583','','++65--7460065','denguok@signet.com.sg','','Faith Dental Laboratories Pte.Ltd.','2010-03-30 08:26:40','2010-03-31 16:02:17','701 Sims Drive, LHK Building, #02-07','','Singapore ',373,'387383',395,'','',''),(723,27,3,3,32,0,'','','','','','3 GO Dental & Marketing d.o.o.','2010-03-30 08:26:40','2010-03-31 16:02:17','Litijska 45','','Ljubljana',337,'1119',395,'','',''),(724,27,3,3,32,0,'','','','','','Zdravstveni Dom Dr. Adolfa Drolca','2010-03-30 08:26:40','2010-03-31 16:02:17','Partizanska 14/A21','','Maribor',337,'2000',395,'','',''),(725,27,3,3,32,0,'','','','','','Rena Tannteknikk V  Odden','2010-03-30 08:26:40','2010-03-31 16:02:17','Postboks 44','','Rena',327,'2450',395,'','',''),(726,27,3,3,32,0,'','','','','','Narvik Dental AS','2010-03-30 08:26:40','2010-03-31 16:02:17','Postboks 23','','Narvik',327,'8514',395,'','',''),(727,27,3,3,32,0,'+358 (6) 317 71 23','','','','','Hammastekniika OY','2010-03-30 08:26:40','2010-03-31 16:02:17','Radhusgatan 21b','','Vasa',309,'56100',395,'','',''),(728,27,3,3,32,0,'040-17 40 00','','040-97 12 45','malmo@dpnova.se','','DP NOVA','2010-03-30 08:26:40','2010-03-31 16:02:17','Borrgatan 4','','Malmö',333,'211 24',0,'','',''),(729,27,3,3,32,0,'08-783 05 50','','08-783 78 67','stockholm@dpnova.se','','DP NOVA','2010-03-30 08:26:40','2010-03-31 16:02:17','Rättarvägen 3\nBox 3116','','SOLNA',333,'169 68',395,'','',''),(730,27,3,3,32,0,'040-192060','','040-19 27 07','','','Pharmadent AB','2010-03-30 08:26:40','2010-03-31 16:02:17','Per Albin Hanssons väg 41\nBox 8505','','Malmö',333,'20040',395,'','',''),(731,27,3,3,32,0,'','','','','','Hung-Shan Laboratory','2010-03-30 08:26:40','2010-03-31 16:02:17','No. 3-15, Chung-Kuang S. Road','','Do-Liou City/Yun Lin Shian',377,'',395,'','',''),(732,27,3,3,32,0,'','','','','','Tung-Tie Laboratory','2010-03-30 08:26:40','2010-03-31 16:02:17','No. 26, Lane 320, Tung-Ming Road','','Tai-Li-City / Taichung Shiang',377,'',395,'','',''),(733,27,3,3,32,0,'+92 (91) 5854-521','','+92 (91) 5854-521','chughtai1@hotmail.com','','Chughtai Dental Supply','2010-03-30 08:26:40','2010-03-31 16:02:17','3-Fwad Plaza, University Road','','Peshawar',370,'25000',395,'COM','',''),(734,27,3,3,32,0,'780-865-4662','','','','','Hinton Denture Clinic','2010-03-30 08:26:40','2010-03-31 16:02:17','201 123 Jasper St','Alberta','Hinton',297,'T7V 2A8',395,'','',''),(735,27,3,3,32,0,'250-474-5600','','','','','Kevin Watson, Denturist','2010-03-30 08:26:40','2010-03-31 16:02:17','Suite 12 - 310 Goldstream Ave','British Columbia','Victoria',297,'V9B 2W3',395,'','',''),(736,27,3,3,32,0,'750-669-9221','','','','','Laboratoire Dentaire Lafond, Desjardins et','2010-03-30 08:26:40','2010-03-31 16:02:17','1932 Boul. Des Laurentides','Quebec','Laval',297,'H7M 2R3',395,'','',''),(737,27,3,3,32,0,'418-545-4155','','','','','Laboratoire Dentaire MJ Inc.','2010-03-30 08:26:40','2010-03-31 16:02:17','2020 Blvd. Tadoussac','Quebec','Chicoutimi Nord',297,'G7G 1K7',395,'','',''),(738,27,3,3,32,0,'418-529-9219','','','','','Laboratoire Dentaire Morisset','2010-03-30 08:26:40','2010-03-31 16:02:17','695 Boul Charest Est','Quebec','Quebec',297,'G1K 7E5',395,'','',''),(739,27,3,3,32,0,'705-738-5177','','','','','Lakeland Clinic','2010-03-30 08:26:40','2010-03-31 16:02:17','2 Albert St. N.','Ontario','Lindsay',297,'K9V V4J',395,'','',''),(740,27,3,3,32,0,'819-243-5654','','','','','Milident Inc. Dental Laboratory','2010-03-30 08:26:40','2010-03-31 16:02:17','101 Ave. Gatineau','Quebec','Gatineau',297,'J8T 4J4',395,'','',''),(741,27,3,3,32,0,'204-589-6329','','','','','Minuk Denture Clinic','2010-03-30 08:26:40','2010-03-31 16:02:17','623 Selkirk Ave','Manitoba','Winnipeg',297,'R2W 2N2',395,'','',''),(742,27,3,3,32,0,'519-417-8540','','','','','Murray Pratt Denture Clinic','2010-03-30 08:26:40','2010-03-31 16:02:17','525 Beachwood Avenue','Ontario','London',297,'N6J 3K2',395,'','',''),(743,27,3,3,32,0,'519-754-4746','','','','','Nancy Tomkins, DD Charing Cross Denture Clinic','2010-03-30 08:26:40','2010-03-31 16:02:17','108 Charing Cross St','Ontario','Brantford',297,'N3R 2H9',395,'','',''),(744,27,3,3,32,0,'613-549-1184','','','','','Peter Nikolovski Dentures','2010-03-30 08:26:40','2010-03-31 16:02:17','797 Princess St Ste 107','Ontario','Kingston, ON',297,'K7L 1G1',396,'','',''),(745,27,3,3,32,0,'905-627-8333','','','','','Peter Rotsaert Denturist Office','2010-03-30 08:26:40','2010-03-31 16:02:17','8 Plaza Dr.','Ontario','Dundas',297,'L9H 4H4',395,'','',''),(746,27,3,3,32,0,'403-269-9575','','','','','Quality Care Denture Clinic','2010-03-30 08:26:40','2010-03-31 16:02:17','#2, 1010 - 1st Avenue N.E.','Alberta','Calgary',297,'T2E 7W7',395,'','',''),(747,27,3,3,32,0,'905-527-1422','','','','','Rotsaert Dental Laboratory','2010-03-30 08:26:40','2010-03-31 16:02:17','71 Emerald Street South','Ontario','Hamilton',297,'L8N 2V4',395,'','',''),(748,27,3,3,32,0,'416-465-1600','','','','','Samaras Denture Clinic','2010-03-30 08:26:40','2010-03-31 16:02:17','603 Logan Ave','Ontario','Toronto',297,'M4K 3C2',395,'','',''),(749,27,3,3,32,0,'613-392-3313','','','','','Sandra Vout Denture Clinic','2010-03-30 08:26:40','2010-03-31 16:02:17','43 Heber St.','Ontario','Trenton',297,'K8V 1M8',396,'','',''),(750,27,3,3,32,0,'519-453-7352','','','','','Shaw London Inc.','2010-03-30 08:26:40','2010-03-31 16:02:17','1905 Oxford St. E','Ontario','London',297,'N5V 2Z7',395,'','',''),(751,27,3,3,32,0,'403-327-6331','','','','','Southern Dental Lab','2010-03-30 08:26:40','2010-03-31 16:02:17','201-1119 3rd Ave South','Alberta','Lethbridge',297,'T1J 0J5',395,'','',''),(752,27,3,3,32,0,'780-645-4343','','','','','St. Paul Denture Clinic','2010-03-30 08:26:40','2010-03-31 16:02:17','5012 - 51 Street','Alberta','St. Paul',297,'T0A 3Z0',395,'','',''),(753,27,3,3,32,0,'780-462-1162','','','','','Surecast Dental Lab','2010-03-30 08:26:40','2010-03-31 16:02:17','200-9618 42nd Ave','Alberta','Edmonton',297,'T6E 5Y4',395,'','',''),(754,27,3,3,32,0,'250-372-3011','','250-372-2436','','','Trestain & Pryce Denture Clinic','2010-03-30 08:26:40','2010-03-31 16:02:17','793 Seymour St.','British Columbia','Kamloops',297,'V2C 2H4',396,'','Mr Frank Pryce',''),(755,27,3,3,32,0,'250-542-9117','','','','','Vernon Denture Clinic','2010-03-30 08:26:40','2010-03-31 16:02:17','2910 31ST Avenue','British Columbia','Vernon',297,'V1T 2G4',395,'','',''),(756,27,3,3,32,0,'780-513-6476','','','','','Wireworks Dental Lab','2010-03-30 08:26:40','2010-03-31 16:02:17','10104-101 Ave.','Alberta','Grand Prairie',297,'T8V 0I3',395,'','',''),(757,27,3,3,32,0,'450-651-3230','','','','','Yvan Lavallee,D.D. Denturologiste','2010-03-30 08:26:40','2010-03-31 16:02:17','2066 Chemin Chambly, Suite 300','Quebec','Longueuil',297,'J4J 3Y7',395,'','',''),(758,27,3,3,32,0,'','','','','','Acrylic Works Dental Lab.','2010-03-30 08:26:40','2010-03-31 16:02:17','321 S. Maryland Pkwy','','Las Vegas',298,'89101',395,'','',''),(759,27,3,3,32,0,'','','','','','Adams Dental Laboratory INC.','2010-03-30 08:26:40','2010-03-31 16:02:17','9733 E. 54th Str.','Oklahoma','Tulsa',298,'74146',395,'','',''),(760,27,3,3,32,0,'','','','','','Alta Mesa Dental Laboratory, Inc.','2010-03-30 08:26:40','2010-03-31 16:02:17','561 Palm Avenue, Suite 100','','Seaside',298,'93955',395,'','',''),(761,27,3,3,32,0,'','','','','','Anderson Dental Lab','2010-03-30 08:26:40','2010-03-31 16:02:17','2819 Gulf Freeway','Texas','La Marque',298,'77568',395,'','',''),(762,27,3,3,32,0,'','','','','','Armstrong Laboratory, Inc.','2010-03-30 08:26:40','2010-03-31 16:02:17','1626 Mellwood Ave','Kentucky','Louisville',298,'40206',395,'','',''),(763,27,3,3,32,0,'','','','','','Aurum Ceramic Dental Laboratories, Inc.','2010-03-30 08:26:40','2010-03-31 16:02:17','315 south 11th Ave','','Yakima',298,'98902',395,'','',''),(764,27,3,3,32,0,'','','','','','Backburn Dental Lab','2010-03-30 08:26:40','2010-03-31 16:02:17','111 Metroplex Blvd.','','Pearl',298,'39208',395,'','',''),(765,27,3,3,32,0,'','','','','','Bauer Dental Studio, Inc.','2010-03-30 08:26:40','2010-03-31 16:02:17','1415 N. Sanborn St.','South Dakota','Mitchell',298,'57301',395,'','',''),(766,27,3,3,32,0,'','','','','','Bourque Dental Lab','2010-03-30 08:26:40','2010-03-31 16:02:17','416 Ashmun Street','','Sault Sainte Marie',298,'49783',395,'','',''),(767,27,3,3,32,0,'','','','','','Crown Dental Laboratory of Lakeland, Inc.','2010-03-30 08:26:40','2010-03-31 16:02:17','325 Tyler Ave','','Lakeland',298,'33801',395,'','',''),(768,27,3,3,32,0,'','','','','','Custom Implant & Prosthetic Lab, LLC','2010-03-30 08:26:40','2010-03-31 16:02:17','20245 Stevens Creek Blvd., Ste. 202','California','Cupertino',298,'95014',395,'','',''),(769,27,3,3,32,0,'','','','','','David Stubbs Dental Labs, Inc.','2010-03-30 08:26:40','2010-03-31 16:02:17','226 Texas St.','','Cedar Hill',298,'75104',395,'','',''),(770,27,3,3,32,0,'','','','','','Delux Dental Lab','2010-03-30 08:26:40','2010-03-31 16:02:17','824 Walnut St.','Pennsylvania','Reading',298,'19061',395,'','',''),(771,27,3,3,32,0,'','','','','','Dental Arts Laboratories, Inc.','2010-03-30 08:26:40','2010-03-31 16:02:17','241 N. E. Perry Ave.','','Peoria',298,'61603-3625',395,'','',''),(772,27,3,3,32,0,'','','','','','Dental Arts Studio','2010-03-30 08:26:40','2010-03-31 16:02:17','888 Dublin Boulevard, Suite B','','Colorado Springs',298,'80918',395,'','',''),(773,27,3,3,32,0,'','','','','','Dental Masters Laboratory','2010-03-30 08:26:40','2010-03-31 16:02:17','3175 Range Ave','','Santa Rosa',298,'95403',395,'','',''),(774,27,3,3,32,0,'','','','','','DiMartino Dental Lab','2010-03-30 08:26:40','2010-03-31 16:02:17','345 Burnett Avenue North','','Renton',298,'98055',395,'','',''),(775,27,3,3,32,0,'','','','','','E*dent','2010-03-30 08:26:40','2010-03-31 16:02:17','5710 Cahalan Ave  Bldg #2','','San Jose',298,'95123',395,'','',''),(776,27,3,3,32,0,'','','','','','Edmonds Dental Prosthetics, Inc.','2010-03-30 08:26:40','2010-03-31 16:02:17','2065 W. Woodland Street','','Springfield',298,'65807',395,'','',''),(777,27,3,3,32,0,'','','','','','Evans Dental Laboratory','2010-03-30 08:26:40','2010-03-31 16:02:17','4547 Brainerd Rd.','','Chattanooga',298,'TN 37411',395,'','',''),(778,27,3,3,32,0,'','','','','','Exclusive Dentures','2010-03-30 08:26:40','2010-03-31 16:02:17','370 Mulberry Drive, Suite B','','San Marcos',298,'92069',395,'','',''),(779,27,3,3,32,0,'','','','','','Expertec Dental Laboratory, Inc.','2010-03-30 08:26:40','2010-03-31 16:02:17','200 N Wayne Rd.','Michigan','Westland',298,'48185',395,'','',''),(780,27,3,3,32,0,'','','','','','Georgia Dental Laboratory, Inc.','2010-03-30 08:26:40','2010-03-31 16:02:17','4126 Bancroft Cr.','','Tucker',298,'30084',395,'','',''),(781,27,3,3,32,0,'','','','','','Green Dental Laboratories, Inc.','2010-03-30 08:26:40','2010-03-31 16:02:17','1099 Wilburn Road','','Heber Springs',298,'72543',395,'','',''),(782,27,3,3,32,0,'','','','','','H & H Prosthetics','2010-03-30 08:26:40','2010-03-31 16:02:17','1617 E. Main St.','','Easley',298,'29640',395,'','',''),(783,27,3,3,32,0,'','','','','','Hamilton Dental Laboratory','2010-03-30 08:26:40','2010-03-31 16:02:17','630 Park Street','','Stoughton',298,'02072',395,'','',''),(784,27,3,3,32,0,'','','','','','Harrison-Neal','2010-03-30 08:26:40','2010-03-31 16:02:17','8213 Derry St.','Pennsylvania','Hummelstown',298,'17036',395,'','',''),(785,27,3,3,32,0,'','','','','','Henegar Dental Lab, Inc.','2010-03-30 08:26:40','2010-03-31 16:02:17','739 North Merrill','','Duncanville',298,'75116',395,'','',''),(786,27,3,3,32,0,'','','','','','Hootman Dental Lab','2010-03-30 08:26:40','2010-03-31 16:02:17','321 North 4th Street','','Rockford',298,'61107',395,'','',''),(787,27,3,3,32,0,'','','','','','Hutchinson Dental Lab','2010-03-30 08:26:40','2010-03-31 16:02:17','1017 Whitehead Road Ext.','','Trenton',298,'8638',395,'','',''),(788,27,3,3,32,0,'','','','','','JDH Dental Lab','2010-03-30 08:26:40','2010-03-31 16:02:17','558 Brewster Ave.','','Redwood City',298,'94063',395,'','',''),(789,27,3,3,32,0,'','','','','','John Williams, CDT','2010-03-30 08:26:40','2010-03-31 16:02:17','220 Chestnut Ct.','','Kingsland',298,'31548',395,'','',''),(790,27,3,3,32,0,'','','','','','Keller Dental Lab','2010-03-30 08:26:40','2010-03-31 16:02:17','1412 N W Vivion Rd','','Kansas City',298,'64118',395,'','',''),(791,27,3,3,32,0,'','','','','','Kreyer Dental Prosthetics','2010-03-30 08:26:40','2010-03-31 16:02:17','504 Magnolia Avenue.','','Larkspur',298,'94939',395,'','',''),(792,27,3,3,32,0,'','','','','','Kuwata Pan Dent','2010-03-30 08:26:40','2010-03-31 16:02:17','30 Columbia Turnpike 1st Floor','','Florham Park',298,'O7932',395,'','',''),(793,27,3,3,32,0,'','','','','','Lake Murray Dental Laboratory','2010-03-30 08:26:40','2010-03-31 16:02:17','7001 Su. 171 St. Andrews Rd.','','Columbia',298,'29212',395,'','',''),(794,27,3,3,32,0,'','','','','','Lakeland Dental Studio','2010-03-30 08:26:40','2010-03-31 16:02:17','6500 Mercantile Way Ste. 6B','','Lansing',298,'48911',395,'','',''),(795,27,3,3,32,0,'','','','','','ML Dental Studio','2010-03-30 08:26:40','2010-03-31 16:02:17','280 Minot Ave.','','Auburn ME',298,'04210',395,'','',''),(796,27,3,3,32,0,'','','','','','Murray Kaizer Inc.','2010-03-30 08:26:40','2010-03-31 16:02:17','35 Boardman Rd.','','Bristol',298,'6010',395,'','',''),(797,27,3,3,32,0,'','','','','','Norfolk Dental Laboratory','2010-03-30 08:26:40','2010-03-31 16:02:17','405 Woodbine Avenue','','Monponsett',298,'02341',395,'','',''),(798,27,3,3,32,0,'','','','','','Nu-Art Dental Laboratory, Inc.','2010-03-30 08:26:40','2010-03-31 16:02:17','353 N. 121st Street','','Wauwatosa',298,'53226',395,'','',''),(799,27,3,3,32,0,'','','','','','Oral Arts Dental Laboratory','2010-03-30 08:26:40','2010-03-31 16:02:17','3339 Chamblee-Dunwoody Road','','Atlanta',298,'30341',395,'','',''),(800,27,3,3,32,0,'','','','','','Oral Ceramics Dental Studio','2010-03-30 08:26:40','2010-03-31 16:02:17','490 Commerce Park Dr','','Marietta',298,'GA 30060',395,'','',''),(801,27,3,3,32,0,'','','','','','Oral Restorative Prosthetics, Inc.','2010-03-30 08:26:40','2010-03-31 16:02:17','5200 Snyder Lane Suite 4','','Rohnert Park',298,'94928',395,'','',''),(802,27,3,3,32,0,'','','','','','Oralab Dental Laboratory','2010-03-30 08:26:40','2010-03-31 16:02:17','RR 7 Box 4305','','Bullard',298,'TX 75757',395,'','',''),(803,27,3,3,32,0,'','','','','','Orfan Dental Lab','2010-03-30 08:26:40','2010-03-31 16:02:17','1424 North Street','','Walpole',298,'02081',395,'','',''),(804,27,3,3,32,0,'','','','','','Ottawa Dental Laboratory','2010-03-30 08:26:40','2010-03-31 16:02:17','1304 Starfire Drive','','Ottawa',298,'61350',395,'','',''),(805,27,3,3,32,0,'','','','','','Paul Cloud\'s Hollister Dental Laboratory','2010-03-30 08:26:40','2010-03-31 16:02:17','PMB 286-1072 Casitas Pass Rd.','','Carpinteria',298,'93013',395,'','',''),(806,27,3,3,32,0,'','','','','','Pfisterer-Auderer Dental Lab','2010-03-30 08:26:40','2010-03-31 16:02:17','3100 27th Street','','Metairie',298,'70002',395,'','',''),(807,27,3,3,32,0,'','','','','','Pittman Dental Laboratory','2010-03-30 08:26:40','2010-03-31 16:02:17','2355 Centennial Circle','','Gainesville',298,'30504-5799',395,'','',''),(808,27,3,3,32,0,'','','','','','Precision Dental Works','2010-03-30 08:26:40','2010-03-31 16:02:17','1285 Maplewood Ln.','','Mentone',298,'92359',395,'','',''),(809,27,3,3,32,0,'','','','','','Pyramid Prosthetics, Inc.','2010-03-30 08:26:40','2010-03-31 16:02:17','17 Mase Pl.','','Batavia',298,'14021-0407',395,'','',''),(810,27,3,3,32,0,'','','','','','River\'s Edge Dental Labs, Inc.','2010-03-30 08:26:40','2010-03-31 16:02:17','1106 W. Park Suite 10','','Livingston',298,'59047',395,'','',''),(811,27,3,3,32,0,'','','','','','Roe Dental Laboratory, Inc.','2010-03-30 08:26:40','2010-03-31 16:02:17','9565 Midwest Avenue','','Garfield Heights',298,'44125',395,'','',''),(812,27,3,3,32,0,'','','','','','RTG Dental Lab','2010-03-30 08:26:40','2010-03-31 16:02:17','120 Halstead Street','','Rochester',298,'14610',395,'','',''),(813,27,3,3,32,0,'','','','','','Saber Dental Studio','2010-03-30 08:26:40','2010-03-31 16:02:17','803 W. College Ave.','Wisconsin','Waukesha',298,'53186',395,'','',''),(814,27,3,3,32,0,'','','','','','Saylors Dental Laboratory, Inc.','2010-03-30 08:26:40','2010-03-31 16:02:17','8669 Phoenix Drive','','Manassas',298,'22110',395,'','',''),(815,27,3,3,32,0,'','','','','','Stallings Dental Co., Inc.','2010-03-30 08:26:40','2010-03-31 16:02:17','381 Corbin Ave.','','Macon',298,'31208',395,'','',''),(816,27,3,3,32,0,'','','','','','Stephen Park Dental Laboratory','2010-03-30 08:26:40','2010-03-31 16:02:17','154 Patchen Dr, Suite 95','','Lexington',298,'40517',395,'','',''),(817,27,3,3,32,0,'','','','','','Summit Dental Lab','2010-03-30 08:26:40','2010-03-31 16:02:17','19365  7th Ave NE  Suite 114','Washington','Poulsbo',298,'98370',395,'','',''),(818,27,3,3,32,0,'','','','','','Supreme Dental Laboratory, Inc.','2010-03-30 08:26:40','2010-03-31 16:02:17','4430 Bailey Avenue','','Amherst',298,'14226',395,'','',''),(819,27,3,3,32,0,'','','','','','TDM Dental Lab','2010-03-30 08:26:40','2010-03-31 16:02:17','400 S. Tryon St. Suite M4','','Charlotte',298,'28285',395,'','',''),(820,27,3,3,32,0,'','','','','','Toothsmith, Inc.','2010-03-30 08:26:40','2010-03-31 16:02:17','39 E. Woods Dr.','Pennsylvania','Lititz',298,'17543',395,'','',''),(821,27,3,3,32,0,'','','','','','Ultimate Dental Lab','2010-03-30 08:26:40','2010-03-31 16:02:17','1902 N.Wayne St.','Indiana','Angola,',298,'46703',395,'','',''),(822,27,3,3,32,0,'','','','','','VA Medical Center','2010-03-30 08:26:40','2010-03-31 16:02:17','3495 Bailey Avenue','','Buffalo NY',298,'14215',395,'','',''),(823,27,3,3,32,0,'','','','','','Valley Dental Laboratory, Inc.','2010-03-30 08:26:40','2010-03-31 16:02:17','257 E. 14th','','Eugene',298,'97401',395,'','',''),(824,27,3,3,32,0,'','','','','','Voss Dental Laboratory','2010-03-30 08:26:40','2010-03-31 16:02:17','1259 Cleveland Drive','','Cheektowaga',298,'14225',395,'','',''),(825,27,3,3,32,0,'','','','','','Weber Dental Laboratory Associates, Inc.','2010-03-30 08:26:40','2010-03-31 16:02:17','3133 \"G\" St.','','Eureka',298,'95503',395,'','',''),(826,27,3,3,32,0,'','','','','','West Park Denture Clinic','2010-03-30 08:26:40','2010-03-31 16:02:17','1460 17th St. W.','','Billings',298,'59102',395,'','',''),(827,27,3,3,32,0,'','','','','','Williams Dental Laboratory','2010-03-30 08:26:40','2010-03-31 16:02:17','139 2nd Street','','Gilroy',298,'95020',395,'','',''),(828,27,3,3,32,0,'','','','','','Yancey Dental Laboratory','2010-03-30 08:26:40','2010-03-31 16:02:17','38 Verandah Place','','Newnan',298,'30265',395,'','',''),(829,27,3,3,32,0,'','','','','','Ziembiec Dental Services','2010-03-30 08:26:40','2010-03-31 16:02:17','199 Colvin Avenue','','Buffalo',298,'14216',395,'','',''),(830,27,3,3,32,0,'+376 867 009','','','','','RIBA BALL','2010-03-30 08:26:40','2010-03-31 16:02:17','C. Del Parnal -Edificit Prat Della Casa - Esc. A-1er étage','','LES ESCALDES',302,'',395,'','',''),(831,27,3,3,32,0,'099/973829','','099/9793353','m.malagnino@tin.it','','Dental Team Malagnino di Malagnino Maurizio','2010-03-30 08:26:40','2010-03-31 16:02:17','Via Giovanni Falcone scala B','TA','Manduria',315,'74024',395,'','',''),(832,27,3,3,32,0,'03 44 57 47 87','','','','','D\'EMILIA Massimo','2010-03-30 08:26:40','2010-03-31 16:02:17','5, rue des Otages','','Chantilly',310,'60500',395,'','',''),(833,27,3,3,32,0,'02 32 71 28 08','','','','','COLOMBEL','2010-03-30 08:26:40','2010-03-31 16:02:17','65 bis, rue des Prés','','Saint-Marcel',310,'27950',395,'','',''),(834,27,3,3,32,0,'03 22 31 49 49','','','','','TINSEAUX Vincent','2010-03-30 08:26:40','2010-03-31 16:02:17','6, rue des Teinturiers','','Abbeville',310,'80100',395,'','',''),(835,27,3,3,32,0,'02 35 86 50 58','','','','','PAUL Thierry','2010-03-30 08:26:40','2010-03-31 16:02:17','Route du Mesnil Sorel','','Le Treport',310,'76470',395,'','',''),(836,27,3,3,32,0,'','','','','','Dental-Technik Bracher','2010-03-30 08:26:40','2010-03-31 16:02:17','Sägegasse 22','','Burgdorf',334,'3400',395,'','',''),(837,27,3,3,32,0,'','','','','','Denture Care Associates, Inc.','2010-03-30 08:26:40','2010-03-31 16:02:17','202 E. 14th St.','','Eugene',298,'OR 97401',395,'','',''),(838,27,3,3,32,0,'','','','','','Hibbs Schafer Co.','2010-03-30 08:26:40','2010-03-31 16:02:17','1278 Kensington Ave.','','Buffalo',298,'NY 14215',395,'','',''),(839,27,3,3,32,0,'403247 2021','','','','','Ken Moore Denture Clinic','2010-03-30 08:26:40','2010-03-31 16:02:17','6432 Bowness Road NW','','Calgary',297,'AB T3B 0E7',395,'','',''),(840,27,3,3,32,0,'403 269 8308','','','','','Academy Denture Clinic','2010-03-30 08:26:40','2010-03-31 16:02:17','440 - 131 9TH Avenue SW','Alberta','Calgary',297,'AB T2P 1K1',395,'','',''),(841,27,3,3,32,0,'780 447 1650','','','','','Bio-Prosthetics Denture Centre','2010-03-30 08:26:40','2010-03-31 16:02:17','11812 124TH Street','Alberta','Edmonton',297,'AB T5l OM3',395,'','',''),(842,27,3,3,32,0,'403 527 7900','','','','','Denture Care Limited','2010-03-30 08:26:40','2010-03-31 16:02:17','111 Carry Drive SE','Alberta','Medicine Hat',297,'AB T1B 3M6',395,'','',''),(843,27,3,3,32,0,'780 962 6505','','','','','Spruce Grove Denture Clinic','2010-03-30 08:26:40','2010-03-31 16:02:17','140 - 70 Mcleod Avenue','Alberta','Spruce Grove',297,'AB T7X 3C7',395,'','',''),(844,27,3,3,32,0,'604 485 7654','','','','','Powell River Denture Clinic','2010-03-30 08:26:40','2010-03-31 16:02:17','4699 Marine Avenue','British Columbia','Powell River',297,'BC V8V2L2',395,'','',''),(845,27,3,3,32,0,'306 634 2030','','','bgdentureclinic@sasktelnet','','B G Denture Clinic','2010-03-30 08:26:40','2010-03-31 16:02:17','10 Cundall Drive','','Estevan',297,'SK S4A 1T1',396,'','',''),(846,27,3,3,32,0,'306 435 3330','','','','','Moosomin Family Dental Center','2010-03-30 08:26:40','2010-03-31 16:02:17','602 Birtle Street','Saskatchewan','Moosomin',297,'SK SOG 3N0',395,'','',''),(847,27,3,3,32,0,'403 526 5991','','','','','Medicine Hat Dental Holdings','2010-03-30 08:26:40','2010-03-31 16:02:17','378 1ST Street SE','Alberta','Medicine Hat',297,'AB T1A 0A6',395,'','',''),(848,27,3,3,32,0,'709 489 9800','','','','','Exploit Denture Centre','2010-03-30 08:26:40','2010-03-31 16:02:17','51 Lincoln Road','Newfoundland','Grand Falls-Windsor',297,'NF A2A 1N1',395,'','',''),(849,27,3,3,32,0,'709 722 7900','','','','','The Denture Centre','2010-03-30 08:26:40','2010-03-31 16:02:17','9 Bay Bulls Road','Newfoundland','St. John\'s',297,'NF A1C 2W5',395,'','',''),(850,27,3,3,32,0,'905 357 5542','','','','','Valley Way Denture Clinic','2010-03-30 08:26:40','2010-03-31 16:02:17','6150 Valley Way ste 3','Ontario','Niagara Falls',297,'ON L2E 1Y3',395,'','',''),(851,27,3,3,32,0,'','','','','','Kreze Denture Clinic','2010-03-30 08:26:40','2010-03-31 16:02:17','139 Niagara Blvd','Ontario','Fort Erie',297,'ON L2A 3G6',395,'','',''),(852,27,3,3,32,0,'519 254 7511','','','','','Bardgett Denture Clinic','2010-03-30 08:26:40','2010-03-31 16:02:17','600 Tecumseh Road East','Ontario','Windsor',297,'ON N8X 4X9',395,'','',''),(853,27,3,3,32,0,'705 472 7020','','','','','Wyatt Dental Laboratoires','2010-03-30 08:26:40','2010-03-31 16:02:17','85 Lakeshore Drive','Ontario','North Bay',297,'ON P1A 2A5',395,'','',''),(854,27,3,3,32,0,'','','','','','PWS Direct Ltd','2010-03-30 08:26:40','2010-03-31 16:02:17','Unit 21 Hallowell Business Park Rossinin Street','','Bolton',312,'BL1 8DL',395,'','',''),(855,27,3,3,32,0,'','','','','','Pudsey Dental Services','2010-03-30 08:26:40','2010-03-31 16:02:17','Upper Moor Works Galloway Lane','','Pudsey Leeds',312,'LS28 7EX',395,'','',''),(856,27,3,3,32,0,'','','','','','Pendle Denture Centre','2010-03-30 08:26:40','2010-03-31 16:02:17','6 Market Square','','Nelson',312,'BB9 7LP',395,'','',''),(857,27,3,3,32,0,'','','','','','Egan Dental Laboratory','2010-03-30 08:26:40','2010-03-31 16:02:17','Unit 9 Canalside, Dalamares Lane','','Ripon',312,'HG4 1TT',395,'','',''),(858,27,3,3,32,0,'','','','','','Gordon Dental Lab','2010-03-30 08:26:40','2010-03-31 16:02:17','Pendrill House, 190 Beverley Road','','Hull Humberside',312,'HU3 1UP',395,'','',''),(859,27,3,3,32,0,'','','','','','FARMACIA LA SALUD, S.A DE C.V','2010-03-30 08:26:40','2010-03-31 16:02:17','Carmelo Pérez No. 550, Col. Benito Juárez','','Ca. Neza, Edo. de México',283,'57000',395,'','',''),(860,27,3,3,32,0,'','','','','','MICRODONTIC','2010-03-30 08:26:40','2010-03-31 16:02:17','28 Norte No. 1214-B, Col. Humboldt','','Puebla, Puebla',283,'72371',395,'','',''),(861,27,3,3,32,0,'0824/878627','','0824/878627','baldinimario@virgilio.it','','Baldini Mario','2010-03-30 08:26:40','2010-03-31 16:02:17','Via Municipio, 14','BN','Foglianise',315,'82030',395,'','',''),(862,27,3,3,32,0,'089/442501','','089/343988','la.se.dental@libero.it','','La.Se. Dental snc di Lamberti A.e Senatore G.','2010-03-30 08:26:40','2010-03-31 16:02:17','Via Casa Costa, 43','SA','San Cesareo',315,'84013',395,'','',''),(863,27,3,3,32,0,'089/950018','','','','','Lab. Odont. De Paola Luigi','2010-03-30 08:26:40','2010-03-31 16:02:17','Via Fortunato A. 4/6','SA','Fisciano',315,'84080',395,'','',''),(864,27,3,3,32,0,'0973/23036','','','ndeodati@libero.it','','Deodati Nicola Laboratorio Odontotecnico','2010-03-30 08:26:40','2010-03-31 16:02:17','Via Colombo','PZ','Lagonegro',315,'85042',395,'','',''),(865,27,3,3,32,0,'04 95 10 84 04','','','','','POLIFERIO Véronique','2010-03-30 08:26:40','2010-03-31 16:02:17','51, route du Vittulo','','Ajaccio',310,'20000',395,'','',''),(866,27,3,3,32,0,'04 95 23 01 58','','','','','DURY Fernand','2010-03-30 08:26:40','2010-03-31 16:02:17','Rés. Parc Billello  Avenue Napoléon III','','Ajaccio',310,'20000',395,'','',''),(867,27,3,3,32,0,'06/9851528','','06/233228971','barbonabenedetto@libero.it','','Barbona Benedetto Laboratorio Odontotecnico','2010-03-30 08:26:40','2010-03-31 16:02:17','Via Filettino, 4','RM','Nettuno',315,'00048',395,'COM','',''),(868,27,3,3,32,0,'','','','','','Dentaltechnik Fellmann AG','2010-03-30 08:26:40','2010-03-31 16:02:17','Centralstrasse 16','','Sursee',334,'6210',395,'','',''),(869,27,3,3,32,0,'','','','','','Eduard Lehmann Zahnprothetik','2010-03-30 08:26:40','2010-03-31 16:02:17','Franklinstrasse 20','','Zürich',334,'8050',395,'','',''),(870,27,3,3,32,0,'0733/96131','','0733/967159','','','Evaristi Giorgio Laboratorio Odontotecnico','2010-03-30 08:26:40','2010-03-31 16:02:17','Via C. Santini, 8','MC','Tolentino',315,'62029',395,'','',''),(871,27,3,3,32,0,'0742/352644','','','','','Ramin Mehdi Laboratorio Odontotecnico','2010-03-30 08:26:40','2010-03-31 16:02:17','Via Volta, 44','PG','Foligno',315,'06034',395,'','',''),(872,27,3,3,32,0,'03 21 00 17 46','','','','','OBRY Jean-Luc','2010-03-30 08:26:40','2010-03-31 16:02:17','58, rue Charles de Gaulle','','Coulogne',310,'62137',395,'','',''),(873,27,3,3,32,0,'02 31 73 73 30','','','','','GOUPIL et LOUIS','2010-03-30 08:26:40','2010-03-31 16:02:17','71, avenue Charlemagne','','Caen',310,'14000',395,'','',''),(874,27,3,3,32,0,'0 1 / 836 39 88','','','info@eurocast.ie','','Lab EUROCAST Ltd.','2010-03-30 08:26:40','2010-03-31 16:02:17','Unit 4 Dockland, Innovation Park','','Dublin 3',313,'',395,'','',''),(875,27,3,3,32,0,'0 1 / 276 28 83','','','dentalcare@esatclear.ie','','DENTAL CARE Ltd.','2010-03-30 08:26:40','2010-03-31 16:02:17','20 Main street','','Bray Co. Wicklow',313,'',395,'','',''),(876,27,3,3,32,0,'06/2072603','','06/20748014','','','Fontana Candida SNC','2010-03-30 08:26:40','2010-03-31 16:02:17','Via Fontana Candida, 52','RM','Roma',315,'00132',395,'','',''),(877,27,3,3,32,0,'05 56 41 85 97','','','','','COUDER','2010-03-30 08:26:40','2010-03-31 16:02:17','4, rue Saint-Exupéry','','Lesparre',310,'33340',395,'','',''),(878,27,3,3,32,0,'08 00 50 03 55','','','','','Laboratoire Couder','2010-03-30 08:26:40','2010-03-31 16:02:17','192, avenue de Saint Médard','','Eysines',310,'33320',395,'','',''),(879,27,3,3,32,0,'','','','','','ACODENT DENTAL LABORATORY','2010-03-30 08:26:40','2010-03-31 16:02:17','Genesis House, Stopes Road, Little Lever','','BOLTON Lancashire',312,'BL5 5AT',395,'','',''),(880,27,3,3,32,0,'05 57 87 59 19','','','','','LABEYRIE-SACHOT','2010-03-30 08:26:40','2010-03-31 16:02:17','34, cours Saint-Louis','','Bordeaux',310,'33000 ',395,'','',''),(881,27,3,3,32,0,'','','','','','Nuñez G. Lab. Dental','2010-03-30 08:26:40','2010-03-31 16:02:17','A. Francisco de Miranda, Edif. Caro Of.83, Piso 8, Oficina 8','Venezuela','Caracas',296,'',395,'','',''),(882,27,3,3,32,0,'','','','','','Laboratorio Dental Chitre','2010-03-30 08:26:40','2010-03-31 16:02:17','Urbanizacion Villa Salvadora, Casa 2602','','Ciudad de Chitre Herrera, Panama',284,'',395,'','',''),(883,27,3,3,32,0,'+81 (0)47 3840113','','','cp0113@peach.ocn.ne.jp','','Complete Prothese','2010-03-30 08:26:40','2010-03-31 16:02:17','28-102 Kanegasaku<br>\nMatsudo-shi','','Chiba',358,'270-2251',395,'COM','',''),(884,27,3,3,32,0,'04 50 01 06 25','','','','','AVRILLON Philippe','2010-03-30 08:26:40','2010-03-31 16:02:17','1, avenue Edouard André','','Rumilly',310,'74150',395,'','',''),(885,27,3,3,32,0,'03 84 24 42 08','','','','','BLANCHET Frédéric','2010-03-30 08:26:40','2010-03-31 16:02:17','3, rue Charles Nodier','','Lons le Saunier',310,'39000',395,'','',''),(886,27,3,3,32,0,'','','','','','Flud Dental Laboratory','2010-03-30 08:26:40','2010-03-31 16:02:17','6131 E. 32nd Place','','Tulsa',298,'74135 ',395,'','',''),(887,27,3,3,32,0,'','','','','','Great Southwest Dental Laboratory/TVC Lab','2010-03-30 08:26:40','2010-03-31 16:02:17','3824 N. Mac Arthur','Oklahoma','Oklahoma City',298,'78122',395,'','',''),(888,27,3,3,32,0,'','','','','','Stern Reed and Associates','2010-03-30 08:26:40','2010-03-31 16:02:17','4203 Beltway Dr.#5','','Addison',298,'75001',395,'','',''),(889,27,3,3,32,0,'','','','','','Crown Dental Studio','2010-03-30 08:26:40','2010-03-31 16:02:17','1842 Barton Dr.','Louisiana','Screveport',298,'71107',395,'','',''),(890,27,3,3,32,0,'','','','','','Western Carolina Dental','2010-03-30 08:26:40','2010-03-31 16:02:17','P.O. Box 1453','','Hayesville',298,'NC 28904-145',395,'','',''),(891,27,3,3,32,0,'','','','','','Den. Tek','2010-03-30 08:26:40','2010-03-31 16:02:17','2325 El Camino Ave.','','Sacramento',298,'CA 95825',395,'','',''),(892,27,3,3,32,0,'','','','','','Drake Precision Dental Laboratory Inc.','2010-03-30 08:26:40','2010-03-31 16:02:17','8510 Crown Crescent Ct.','','Charlotte',298,'NC C28227',395,'','',''),(893,27,3,3,32,0,'','','','','','Gibson Dental Designs','2010-03-30 08:26:40','2010-03-31 16:02:17','695 Grove St.','','Gainesville',298,'Ga 30501',395,'','',''),(894,27,3,3,32,0,'','','','','','Authentic Crown and Bridge Laboratory','2010-03-30 08:26:40','2010-03-31 16:02:17','823 Botts Rd.','North Carolina','Shelby',298,'NC 28150',395,'','',''),(895,27,3,3,32,0,'','','','','','R-Technologie','2010-03-30 08:26:40','2010-03-31 16:02:17','815 Gagnè','Quebec','Alma',297,'QC G8B 1K1',395,'','',''),(896,27,3,3,32,0,'','','','','','Hinko Lenarcic','2010-03-30 08:26:40','2010-03-31 16:02:17','Cankova 65B','','Cankova',337,'9261 ',395,'','',''),(897,27,3,3,32,0,'','','','','','Ivoher Ltda.','2010-03-30 08:26:40','2010-03-31 16:02:17','Carrera 16N° 59-59','','Santafé de Bogotá',290,'',395,'','',''),(898,27,3,3,32,0,'','','','','','Hector Mazuera','2010-03-30 08:26:40','2010-03-31 16:02:17','Calle 17 No. 4 - 70\nPiso 2','','Pereira-Riseralda',290,'',395,'','',''),(899,27,3,3,32,0,'+27 (12) 663 7424','','','','','JNS Dental Laboratory','2010-03-30 08:26:40','2010-03-31 16:02:17','P.O. Box 8560','Pretoria','Centurion',392,'0046',395,'','',''),(900,27,3,3,32,0,'099/4521280','','099/4521280','info@gradiva.it','','Gradiva di Pignatelli Antonio Laboratorio Odontotecnico','2010-03-30 08:26:40','2010-03-31 16:02:17','Corso Umberto I, 141','TA','Taranto',315,'74100',395,'','',''),(901,27,3,3,32,0,'0585/831579','','','','','Grassi Giovanni','2010-03-30 08:26:40','2010-03-31 16:02:17','Via Luigi Vaccà, 24/B','MS','Massa',315,'54100',395,'','',''),(902,27,3,3,32,0,'0332/744012','','','','','Centro Dentale SAS','2010-03-30 08:26:40','2010-03-31 16:02:17','Via I Maggio, 14','VA','Gavirate',315,'21026',395,'','',''),(903,27,3,3,32,0,'039/360131','','','pirovag@tin.it','','Pirovano Giuliano','2010-03-30 08:26:40','2010-03-31 16:02:17','Via Bellinzona, 16','MI','Monza',315,'20052',395,'','',''),(904,27,3,3,32,0,'0776/825444','','0776/825444','parrlg@ciaoweb.it','','Parravano Luigi Laboratorio Odontotecnico','2010-03-30 08:26:40','2010-03-31 16:02:17','Via Napoli, 71','FR','Sora',315,'03039',395,'','',''),(905,27,3,3,32,0,'0362/905739','','0362/905739','','','Laboratorio Odontotecnico Riva Giovanni e Binda Alexandra','2010-03-30 08:26:40','2010-03-31 16:02:17','Via Cristoforo Colombo, 20','MI','Carate Brianza',315,'20048',395,'','',''),(906,27,3,3,32,0,'0746/204178','','0746/204178','donatimatt@libero.it','','Donati Matteo Laboratorio Odontotecnico','2010-03-30 08:26:40','2010-03-31 16:02:17','Via Alviero Dionigi, 17','RI','Rieti',315,'02100',395,'','',''),(907,27,3,3,32,0,'+961 1 290 622','','','','','Lab Précitech','2010-03-30 08:26:40','2010-03-31 16:02:17','Ain El Remaneh Baaklini Center 5th floor','','Beirut',365,'',395,'','',''),(908,27,3,3,32,0,'','','','','','db dental-technik Bettosini Dario','2010-03-30 08:26:40','2010-03-31 16:02:17','Knüslihubelweg 20','','Bern',334,'3007',395,'','',''),(909,27,3,3,32,0,'','','','','','smARTdent GmbH','2010-03-30 08:26:40','2010-03-31 16:02:17','Kriegstettenstrasse 14, Postfach','','Gerlafingen',334,'4563',395,'','',''),(910,27,3,3,32,0,'+81 (0)52 794 2025','','+81 (0)52 794 2029','sato141221@knh.biglobe.ne.jp','','Sato Hotetsu Kenkyusho -Mr Koji Sato','2010-03-30 08:26:40','2010-03-31 16:02:17','<b>BPS technical instructor</b><br>\n1-933 Koshin <br>\nMoriyama-ku <br>\nNagoya-shi','','Aichi',358,'463-0079',395,'COM','',''),(911,27,3,3,32,0,'+81 (0) 852 27 3977','','','','','Hatakeyama Dental Art','2010-03-30 08:26:40','2010-03-31 16:02:17','845-7 Nishikawatsu <br>\nMatsue-shi','','Shimane',358,'690-0823',395,'COM','',''),(912,27,3,3,32,0,'+81 (0)76 2522145','','','','','Kanazawa Dental Laboratory','2010-03-30 08:26:40','2010-03-31 16:02:17','3-19-3 Jinguji<br>\nKanazawa-shi','','Ishikawa ',358,'920-0806',395,'COM','',''),(913,27,3,3,32,0,'+81 (0)794 838120','','','','','Tanaka Dental Craft','2010-03-30 08:26:40','2010-03-31 16:02:17','80-1 Tori-machi <br>\nMiki-shi','','Hyogo ',358,'673-0456',395,'COM','',''),(914,27,3,3,32,0,'+81 (0)334 191088','','','','','Dental Factory Okabe','2010-03-30 08:26:40','2010-03-31 16:02:17','Waisu Heim II 201 <br>\n2-29-16 Kamiuma <br>\nSetagaya-ku','','Tokyo ',358,'154-0011',395,'COM','',''),(915,27,3,3,32,0,'04 79 81 38 56','','','','','THEVENON Catherine','2010-03-30 08:26:40','2010-03-31 16:02:17','26, rue Saint-Martin','','Belley',310,'01300 ',395,'','',''),(916,27,3,3,32,0,'06 675 24 60 23','','','','','A PLEINES DENTS','2010-03-30 08:26:40','2010-03-31 16:02:17','Rue Georges Braque - CC \"La Bastide\"','','Limoges',310,'87100 ',395,'','',''),(917,27,3,3,32,0,'04 790 75 40 16','','','','','Laboratoire de Prothèse Christian SAUSSEY ','2010-03-30 08:26:40','2010-03-31 16:02:17','Immeuble l\'Avernet - Rue Célestin Freppaz','','Seez',310,'73700 ',395,'','',''),(918,27,3,3,32,0,'04 50 33 40 75','','','','','HOMME Jean-Cyril Laboratoire de Prothèse Dentaire','2010-03-30 08:26:40','2010-03-31 16:02:17','01, avenue de Chambéry','','Annecy',310,'74000 ',395,'','',''),(919,27,3,3,32,0,'04 90 36 33 00','','','','','FOURNET Philippe Laboratoire de Prothèse Dentaire','2010-03-30 08:26:40','2010-03-31 16:02:17','Impasse du Ventoux','','Vaison la Romaine',310,'84110 ',395,'','',''),(920,27,3,3,32,0,'081/5060582','','081/5060582','info@tecnoceram.it','','Tecnoceram SAS Lee Roberto','2010-03-30 08:26:40','2010-03-31 16:02:17','Via Oasi Sacro Cuore, 81 int. 8','NA','Giugliano In Campania',315,'80014',395,'','',''),(921,27,3,3,32,0,'04 76 87 38 90','','','','','CRISTAL DENTAIRE','2010-03-30 08:26:40','2010-03-31 16:02:17','58, rue Thiers','','Grenoble',310,'38000 ',395,'','',''),(922,27,3,3,32,0,'03 83 23 36 73','','','','','Laboratoire Manuel DOLT','2010-03-30 08:26:40','2010-03-31 16:02:17','Rue du RELAIS\nLotissement de Préville','','Velaine en Haye',310,'54840      ',395,'','',''),(923,27,3,3,32,0,'04 92 97 87 07','','','','','Laboratoire Jean-Luc MALECAMP','2010-03-30 08:26:40','2010-03-31 16:02:17','292, avenue de Cannes','','Mandelieu',310,'06210 ',395,'','',''),(924,27,3,3,32,0,'02 99 05 23 70','','','','','Laboratoire PROTHE\'STYLE','2010-03-30 08:26:40','2010-03-31 16:02:17','4, rue des Prés Mêlés','','Saint-Erblon',310,'35230 ',395,'','',''),(925,27,3,3,32,0,'02 33 60 51 91','','','','','Laboratoire LEGALLAIS & RABEL','2010-03-30 08:26:40','2010-03-31 16:02:17','30, bd du Luxembourg','','Avaranches',310,'50301 ',395,'','',''),(926,27,3,3,32,0,'+32 479 757 392','','','','','Laboratoire dentaire Tessy Eiffener','2010-03-30 08:26:40','2010-03-31 16:02:17','Rue de Bettembourg 63','','Helange',321,'3333',395,'','',''),(927,27,3,3,32,0,'0 50 3 / 439 44','','','carlowdentallab@eircom.net','','Carlow Dental Lab','2010-03-30 08:26:40','2010-03-31 16:02:17','3 Castle Hill','','Carlow',313,'',395,'','',''),(928,27,3,3,32,0,'03 27 38 29','','','','','TISON Didier','2010-03-30 08:26:40','2010-03-31 16:02:17','35, rue de Naves','','Cagnoncles',310,'59161',395,'','',''),(929,27,3,3,32,0,'081/5013121','','081/5013121','tecnicadentalesnc@libero.it','','Tecnica Dentale SNC di R.Senese e C.','2010-03-30 08:26:40','2010-03-31 16:02:17','Via G. Mameli, 30','CE','Succivo',315,'81030',395,'','',''),(930,27,3,3,32,0,'0823/912281','','0823/912281','','','Laboratorio Odontotecnico di Natale Vito','2010-03-30 08:26:40','2010-03-31 16:02:17','Via Strada Statale 158','CE','Piedimonte Matese',315,'81016',395,'','',''),(931,27,3,3,32,0,'081/5935767','','081/5935767','labnobildent@libero.it','','Laboratorio Odontotecnico Nobildent di La Daga Ciro','2010-03-30 08:26:40','2010-03-31 16:02:17','Via Sebastiano Veniero, 17','NA','Napoli',315,'80125',395,'','',''),(932,27,3,3,32,0,'+81 (0)53 486 0313','','+81 (0)53 486 0313','tujimura-trmyk@sf.tokai.or.jp','','Hamanako Dental Labo','2010-03-30 08:26:40','2010-03-31 16:02:17','773 Waji-cho <br>\nHamamatsu-shi','','Shizuoka ',358,'431-1115',395,'COM','',''),(933,27,3,3,32,0,'+81 (0) 6 6358 0877','','+81 (0)6 6358 0877','morisitadental@mail.goo.ne.jp','','Morishita Dental Laboratory','2010-03-30 08:26:40','2010-03-31 16:02:17','Jean Paul Tenma 103<br>\n12-5 Amishima-cho<br>\nMiyakojima-ku<br>\nOsaka-shi','','Osaka ',358,'534-0026',395,'COM','',''),(934,27,3,3,32,0,'+81 (0)93 612 3860','','+81 (0)93 612 3860','nanrif7@yahoo.co.jp','','Nanri Dental Laboratory','2010-03-30 08:26:40','2010-03-31 16:02:17','3-5-3 Kominey<br>\nYahata Nishi-ku<br>\nKitakyushu-shi','','Fukuoka ',358,'807-0081',395,'COM','',''),(935,27,3,3,32,0,'+81 (0)52 773 0709','','+81 (0)52 773 0709','nova0709@gld.mmtr.or.jp','','Nova Dental Laboratory','2010-03-30 08:26:40','2010-03-31 16:02:17','1-308-1 Mukaidai<br>\nMoriyama-ku<br>\nNagoya-shi','','Aichi',358,'463-0036',395,'COM','',''),(936,27,3,3,32,0,'+81 (0)6 6393 8117','','+81 (0)6 6393 8210','yoshidadl@d2dion.ne.jp','','Yoshida Giken','2010-03-30 08:26:40','2010-03-31 16:02:17','4-4-2-412 Miyahara <br>\nYodogawa-ku\nOsaka-shi','','Osaka ',358,'532-0003',395,'COM','',''),(937,27,3,3,32,0,'+81 (0) 52 461 0677','','+81 (0)52 461 0677','','','Shizuka Dentech','2010-03-30 08:26:40','2010-03-31 16:02:17','2-31-1 Michishita-cho\nNakamura-ku <br>\nNagoya-shi','','Aichi',358,'453-0046',395,'COM','',''),(938,27,3,3,32,0,'+81 (0)93 244 6727','','+81 (0)93 244 6727','nakano-standard@yahoo.co.jp','','Standard Laboratory','2010-03-30 08:26:40','2010-03-31 16:02:17','2-3-17 Ougigaura <br>\nNakama-shi','','Fukuoka ',358,'809-0023',395,'COM','',''),(939,27,3,3,32,0,'+81 (0) 54 2474840','','','','','Shizuoka Dental Laboratory','2010-03-30 08:26:40','2010-03-31 16:02:17','3-26-4 Kitaando <br>\nShizuoka-shi','','Shizuoka ',358,'420-0881',395,'COM','',''),(940,27,3,3,32,0,'+81 (0)776 57 1600','','+81 (0)776 57 1600','','','V.I. Labo','2010-03-30 08:26:40','2010-03-31 16:02:17','3-1308 Shinbo <br>\nFukui-shi','','Fukui ',358,'910-0833',395,'COM','',''),(941,27,3,3,32,0,'','','','','','Luis Figueroa','2010-03-30 08:26:40','2010-03-31 16:02:17','Calle 54 No. 45-63, Oficina 407','','Medellin',290,'',395,'','',''),(942,27,3,3,32,0,'03 65 / 81 32 03','','','heike.allner@t-online.de','','Dental-Labor Heike Allner','2010-03-30 08:26:40','2010-03-31 16:02:17','Mühlsdorf 46 a','','Kraftsdorf-Mühlsdorf',307,'07586',395,'','BPS002236',''),(943,27,3,3,32,0,'02 01 / 86 88 50','','02 01 / 67 95 84','dentallabor-arnold@t-online.de','','Dental-Labor Wolfgang Arnold GmbH','2010-03-30 08:26:40','2010-03-31 16:02:17','Bocholder Str. 7','','Essen',307,'45355',395,'','',''),(944,27,3,3,32,0,'08 81 / 6 20 22','','08 81 / 6 31 57','','','Zahntechnisches Labor Heinz Baudisch','2010-03-30 08:26:40','2010-03-31 16:02:17','Hesseloherstraße 6','','Weilheim',307,'82362',395,'','',''),(945,27,3,3,32,0,'0 36 71 / 3 32 27','','0 36 71 / 51 31 18','','','Dental Technik Saalfeld - Schülner KG','2010-03-30 08:26:40','2010-03-31 16:02:17','Bollwitzer Str. 2','','Saalfeld',307,'07318',395,'','',''),(946,27,3,3,32,0,'0 40 / 43 11 41','','0 40 / 43 42 25','','','Böger Zahntechnik GmbH & Co.','2010-03-30 08:26:40','2010-03-31 16:02:17','Waterloohain 6-8','','Hamburg',307,'22769',395,'','',''),(947,27,3,3,32,0,'0 52 41 / 2 81 98','','0 52 41 / 23 88 54','','','Dental-Technik Beckmann GmbH','2010-03-30 08:26:40','2010-03-31 16:02:17','Moltkestraße 34','','Gütersloh',307,'33330',395,'','',''),(948,27,3,3,32,0,'0 51 71 / 5 70 07','','','','','Zahntechn. Labor Hans-Werner Behme','2010-03-30 08:26:40','2010-03-31 16:02:17','Berkumerweg 9','','Peine',307,'31226',395,'','',''),(949,27,3,3,32,0,'0 38 77 / 6 05 96','','0 38 77 / 7 92 38','Be-Ro-Dental@t-online.de','','Bendler & Romeike Zahntechnik GmbH','2010-03-30 08:26:40','2010-03-31 16:02:17','Bentwischerweg 28','','Wittenberge',307,'19322',395,'','',''),(950,27,3,3,32,0,'0 54 41 / 23 35','','0 54 41 / 66 43','','','Berger Dental-Technik GmbH','2010-03-30 08:26:40','2010-03-31 16:02:17','Hindenburgstr. 61','','Diepholz',307,'49356',395,'','',''),(951,27,3,3,32,0,'0 36 81 / 30 11 98','','0 36 81 / 30 43 50','','','Eva Bosse GmbH - Dental Labor','2010-03-30 08:26:40','2010-03-31 16:02:17','Anton-Brucknerstraße 11','','Suhl',307,'98529',395,'','',''),(952,27,3,3,32,0,'0 52 73 / 3 55 14','','0 52 73 / 3 55 16','ideal-dental@t-online.de','','Ideal-Dental Zahntechn. Labor  Claus-Edmund Cremer','2010-03-30 08:26:40','2010-03-31 16:02:17','Mittelstraße 4','','Beverungen',307,'37688',395,'','',''),(953,27,3,3,32,0,'0 51 41 / 9 28 30','','0 51 41 / 92 83 16','','','Denecke Zahntechnik GmbH','2010-03-30 08:26:40','2010-03-31 16:02:17','Fritzenwiese 4 A','','Celle',307,'29221',395,'','',''),(954,27,3,3,32,0,'02 11 / 9 96 39 46','','02 11 / 9 96 39 47','hd@dohmen-ztm.de','','Zahntechnisches Labor Dohmen','2010-03-30 08:26:40','2010-03-31 16:02:17','Haus-Endt-Straße 162','','Düsseldorf',307,'40593',395,'','',''),(955,27,3,3,32,0,'09 11 / 97 67 70','','09 11 / 9 76 77 33 ','st_adeln@yahoo.de','','Dentallabor DGA GmbH','2010-03-30 08:26:40','2010-03-31 16:02:17','Fritz-Erler-Straße 20','','Fürth',307,'90765',395,'','',''),(956,27,3,3,32,0,'0 97 21 / 2 18 61','','0 97 21 / 2 64 61 ','laborduemke@t-online.de','','Dental Labor Dümke - e. & K. Ruthard','2010-03-30 08:26:40','2010-03-31 16:02:17','Neutorstaße 17','','Schweinfurt',307,'97421',395,'','',''),(957,27,3,3,32,0,'05 51 / 90 00 10','','05 51 / 900 01 30','','','Dental Studio Trias GmbH','2010-03-30 08:26:40','2010-03-31 16:02:17','Kasseler Landstraße 46','','Göttingen',307,'37081',395,'','',''),(958,27,3,3,32,0,'03 87 31 / 2 33 78','','03 87 31 / 2 33 78 ','','','Edenta Dentalstudio Eder e.K.','2010-03-30 08:26:40','2010-03-31 16:02:17','Marienstraße 32','','Lübz',307,'19386',395,'','',''),(959,27,3,3,32,0,'02 34 / 3 86 14','','02 34 / 38 79 15','','','CE-Dental Christian Eggert','2010-03-30 08:26:40','2010-03-31 16:02:17','Hanielstr. 10','','Bochum',307,'44801',395,'','',''),(960,27,3,3,32,0,'0 46 62 / 17 01','','0 46 62 / 72 26','petersen-ehlers@t-online.de','','Zahntechnik Petersen & Ehlers','2010-03-30 08:26:40','2010-03-31 16:02:17','Rudolf-Diesel-Str. 20','','Leck',307,'25917',395,'','',''),(961,27,3,3,32,0,'09 31 / 28 65 96','','09 31 / 28 65 97','','','Dental Labor Peter Ellinger','2010-03-30 08:26:40','2010-03-31 16:02:17','Ohmstr. 4','','Würzburg',307,'97076',395,'','',''),(962,27,3,3,32,0,'08 71 / 2 76 05 84','','','','','Dentallabor Andreas Engelsberger','2010-03-30 08:26:40','2010-03-31 16:02:17','Äußere Regensburger Str. 27','','Landshut',307,'84034',395,'','',''),(963,27,3,3,32,0,'03 52 08 / 41 97','','','','','Erwin Dental Labor GmbH','2010-03-30 08:26:40','2010-03-31 16:02:17','Hauptstraße 45','','Großdittmannsdorf',307,'01471',395,'','',''),(964,27,3,3,32,0,'03 44 91 / 8 06 25','','03 44 91 / 8 06 25','','','Dental-Labor Exner u. Jung','2010-03-30 08:26:40','2010-03-31 16:02:17','Brückenplatz 21','','Schmölln',307,'04626',395,'','',''),(965,27,3,3,32,0,'0 89 / 8 11 06 21 ','','0 89 / 8 14 52 07','','','Dental-Labor Fischer GmbH','2010-03-30 08:26:40','2010-03-31 16:02:17','Verdistraße 83','','München',307,'81247',395,'','',''),(966,27,3,3,32,0,'0 23 36 / 33 15','','0 23 36 / 1 48 58','info@dentaltechnik-foerster.de','','Dental Technik Stefan Förster','2010-03-30 08:26:40','2010-03-31 16:02:17','Mittelstr. 25','','Schwelm',307,'58332',395,'','',''),(967,27,3,3,32,0,'03 41 / 5 64 06 71','','03 41 / 5 64 06 75','','','Gaebler & Co. GmbH Zahntechnische Werkstätte','2010-03-30 08:26:40','2010-03-31 16:02:17','Eisenacher Str. 72','','Leipzig',307,'04155',395,'','',''),(968,27,3,3,32,0,'0 62 53 / 60 00','','0 62 53 / 8 58 93','deg@dentallabor-galuschka.de','','Dental Labor Eugen K. Galuschka','2010-03-30 08:26:40','2010-03-31 16:02:17','Ortsstr. 43','','Rimbach',307,'64668',395,'','',''),(969,27,3,3,32,0,'0 61 52 / 28 78','','0 61 52 / 61 52 29 05','GAMMDENTAL@t-online.de','','Dental-Labor Gamm GmbH','2010-03-30 08:26:40','2010-03-31 16:02:17','Hauptstraße 70 a','','Büttelborn',307,'64572',395,'','',''),(970,27,3,3,32,0,'02 34 / 32 59 60','','02 34 / 3 25 96 10','GSK-Dental@gmx.de','','G.S.K. Dental Technik GmbH','2010-03-30 08:26:40','2010-03-31 16:02:17','Rechener Str. 3a','','Bochum',307,'44787',395,'','',''),(971,27,3,3,32,0,'05 41 / 58 49 60','','05 41 / 5 84 96 99','info@zahnersatz.de','','Zahntechn. Labor Große-Lochtmann + Wagner GmbH','2010-03-30 08:26:40','2010-03-31 16:02:17','Johannisstr. 139a','','Osnabrück',307,'49074',395,'','',''),(972,27,3,3,32,0,'03 71 / 2 82 05 63 ','','','','','Gründler-Dental','2010-03-30 08:26:40','2010-03-31 16:02:17','Chemnitzer Str. 31','','Neuirchen',307,'09221',395,'','',''),(973,27,3,3,32,0,'0 27 35 / 49 52','','0 27 35 / 30 20','','','Haas Dental-Technik GmbH; Burkhard Haas','2010-03-30 08:26:40','2010-03-31 16:02:17','Feldstr. 16','','Neunkirchen',307,'57290',395,'','',''),(974,27,3,3,32,0,'0 86 69 / 27 04 ','','0 86 69 / 98 04','','','Dental Labor Hallweger GmbH','2010-03-30 08:26:40','2010-03-31 16:02:17','Dresdnerstraße 8','','Traunreut',307,'83301',395,'','',''),(975,27,3,3,32,0,'0 43 51 / 8 35 88','','0 43 51 / 75 29 26','','','Dental-Labor Matthias Hasselberg','2010-03-30 08:26:40','2010-03-31 16:02:17','Schleswiger Straße 52','','Eckernförde',307,'24340',395,'','',''),(976,27,3,3,32,0,'03 42 03 / 4 70 10','','03 42 03 / 4 70 12','','','Molar Innovative Zahntechnik','2010-03-30 08:26:40','2010-03-31 16:02:17','Hauptstr. 25','','Zwenkau-Großdalzig',307,'04442',395,'','',''),(977,27,3,3,32,0,'06 51 / 4 71 99','','06 51 / 4 09 78','','','Dental Technik Heßel & Lutgen','2010-03-30 08:26:40','2010-03-31 16:02:17','Kaiserstraße 14','','Trier',307,'54290',395,'','BPS002252',''),(978,27,3,3,32,0,'0 36 71 / 51 29 10','','0 36 71 / 52 05 05','','','Zahntechnik Hans-Georg Hilpert','2010-03-30 08:26:40','2010-03-31 16:02:17','Primasenser Straße 27','','Saalfeld',307,'07318',395,'','BPS002201',''),(979,27,3,3,32,0,'0 93 91 / 91 65 10','','0 93 91 / 91 65 12','','','Zahntechnik GmbH Innodent','2010-03-30 08:26:40','2010-03-31 16:02:17','Würzburger Straße 5','','Marktheidenfeld',307,'97828',395,'','',''),(980,27,3,3,32,0,'0 35 83 / 5 89 06 80','','','dental-horn@t-online.de','','Dental-Labor Brigitte Horn','2010-03-30 08:26:40','2010-03-31 16:02:17','Olbersdorfer Straße 5 b','','Zittau-Eichgraben',307,'02763',395,'','BPS001049',''),(981,27,3,3,32,0,'09 31 / 78 37 33','','09 31 / 78 37 35','','','Zahntechnisches Labor P. Imhof','2010-03-30 08:26:40','2010-03-31 16:02:17','Wlterstr. 5a','','Würzburg',307,'97074',395,'','',''),(982,27,3,3,32,0,'02 01 / 4 99 44','','02 01 / 49 66 29','','','Dental-Labor Zoric GmbH','2010-03-30 08:26:40','2010-03-31 16:02:17','Brandstorstr. 9','','Essen',307,'45239',395,'','',''),(983,27,3,3,32,0,'0 29 21 / 96 97 60','','0 29 21 / 9 69 76 11','Labor-Kanzler@t-online.de','','Dental-Labor Uwe Kanzler GmbH','2010-03-30 08:26:40','2010-03-31 16:02:17','Jacobistraße 9 A','','Soest',307,'59494',395,'','BPS002002',''),(984,27,3,3,32,0,'0 20 41 / 9 19 67','','0 20 41 / 9 13 14','info@dentallabor-kaub.de','','Dental-Labor Christoph Kaub GmbH','2010-03-30 08:26:40','2010-03-31 16:02:17','Bügelstraße 3','','Bottrop',307,'46240',395,'','BPS002087',''),(985,27,3,3,32,0,'04 41 / 8 72 21','','04 41 / 8 85 02 21','','','Dental Labor Kenkel GmbH','2010-03-30 08:26:40','2010-03-31 16:02:17','Sonnenstraße 21','','Oldenburg',307,'26123',395,'','BPS002009',''),(986,27,3,3,32,0,'0 68 49 / 99 10 52','','0 68 49 / 99 10 53','','','Zahntechn. Labor Ulrike Kiefer GmbH','2010-03-30 08:26:40','2010-03-31 16:02:17','Hinter dem Schloss 1','','Kirkel',307,'66459',395,'','BPS002253',''),(987,27,3,3,32,0,'0 30 / 5 49 93 40','','0 30 / 5 49 93 41 11','info@ruebeling-klar.de','','Rübeling + Klar Dental Labor GmbH','2010-03-30 08:26:40','2010-03-31 16:02:17','Ruwersteig 43','','Berlin',307,'12681',395,'','BPS001007',''),(988,27,3,3,32,0,'03 81 / 77 63 00','','03 81 / 7 76 30 20','','','Hanse Zahntechnik Rostock GmbH','2010-03-30 08:26:40','2010-03-31 16:02:17','Trelleberger Str. 1','','Rostock',307,'18107',395,'','BPS001029',''),(989,27,3,3,32,0,'0 22 24 / 96 82 82','','0 22 24 / 96 77 35','info@kuehn-dentalkeramik.de','','Kühn Dentalkeramik GmbH','2010-03-30 08:26:40','2010-03-31 16:02:17','Hauptstr. 117 e','','Bad Honnef',307,'53604',395,'','BPS001026',''),(990,27,3,3,32,0,'0 37 41 / 44 57 92','','','','','Dentallabor Kullak GmbH','2010-03-30 08:26:40','2010-03-31 16:02:17','Gut Reusa 20','','Plauen',307,'08529',395,'','BPS002199',''),(991,27,3,3,32,0,'0 97 21 / 7 00 50','','0 97 21 / 70 05 66','info@lederer-dental.de','','Lederer Dentaltechnik GmbH','2010-03-30 08:26:40','2010-03-31 16:02:17','Albrecht-Dürer-Platz 1','','Schweinfurt',307,'97421',395,'','BPS002097',''),(992,27,3,3,32,0,'02 11 / 37 90 34','','02 11 / 37 99 78','lehwald-fahrenholz-dental@t-online.de','','Dentaltechnik Lehwald & Fahrenholz GmbH','2010-03-30 08:26:40','2010-03-31 16:02:17','Fürstenwall 154','','Düsseldorf',307,'40217',395,'','BPS002080',''),(993,27,3,3,32,0,'03 42 02 / 7 19 16','','03 42 02 / 2 50 65','AJK.Liebmann@t-online.de','','Dental-Labor Allmuth Liebmann','2010-03-30 08:26:40','2010-03-31 16:02:17','Vierzehner Reihe 23','','Delitzsch-Schenkenberg',307,'04509',395,'','BPS003470',''),(994,27,3,3,32,0,'09 91 / 2 77 00','','09 91 / 2 33 50','','','Roland Mark Zahntechnik','2010-03-30 08:26:40','2010-03-31 16:02:17','Ulrichsbergerstr. 46 b','','Deggendorf',307,'94469',395,'','BPS002016',''),(995,27,3,3,32,0,'0 89 / 7 60 65 65','','0 89 / 7 60 38 95','','','Marx Dentalkeramik GmbH','2010-03-30 08:26:40','2010-03-31 16:02:17','Partnachplatz 7','','München',307,'81373',395,'','BPS002247',''),(996,27,3,3,32,0,'06 81 / 3 90 87 87','','06 81 / 3 90 44 79','massek.dental@t-online.de','','Dental-Technik Roger Massek GmbH','2010-03-30 08:26:40','2010-03-31 16:02:17','Kaiserstr. 2','','Saarbrücken',307,'66111',395,'','BPS002235',''),(997,27,3,3,32,0,'0 89 / 6 42 79 50','','0 89 / 6 42 18 26','','','Zahntechn. Labor Auro-Dental GmbH Mehling','2010-03-30 08:26:40','2010-03-31 16:02:17','Seybothstr. 7','','München',307,'81545',395,'','BPS002095',''),(998,27,3,3,32,0,'02 01 / 25 48 86','','02 01 / 26 01 04','ZahntechnikMendak@t-online.de','','Zahntechn. Labor Mendak','2010-03-30 08:26:40','2010-03-31 16:02:17','Steeler-Str. 313','','Essen',307,'45138',395,'','BPS002325',''),(999,27,3,3,32,0,'0 40 / 8 80 16 97','','0 40 / 8 81 13 66','','','Wipla-Labor Selzer GmbH','2010-03-30 08:26:40','2010-03-31 16:02:17','Griegstr. 100','','Hamburg',307,'22763',395,'','BPS002239',''),(1000,27,3,3,32,0,'0 97 71 / 60 12 20','','0 97 71 / 60 12 21','unikat-dental@web.de','','Dental Labor Unikat Dental GmbH','2010-03-30 08:26:40','2010-03-31 16:02:17','Gartenstraße 11','','Bad Neustadt',307,'97616',395,'','',''),(1001,27,3,3,32,0,'0 42 03 / 8 12 50','','0 42 03 / 81 25 10','','','Zahntechn. Labor Alex Neumann','2010-03-30 08:26:40','2010-03-31 16:02:17','Handelsweg 13','','Kirchweyhe',307,'28844',395,'','BPS002005',''),(1002,27,3,3,32,0,'06 11 / 9 91 21 05','','06 11 / 9 91 21 20','','','Zahntechn. Labor Nicolin Dental','2010-03-30 08:26:40','2010-03-31 16:02:17','Dotzheimer Str. 39','','Wiesbaden',307,'65185',395,'','BPS002014',''),(1003,27,3,3,32,0,'0 23 81 / 96 50 2-0','','0 23 81 / 9 65 02 18','baer_noll@t-online.de','','Zahntechn. Labor Baer & Noll GmbH','2010-03-30 08:26:40','2010-03-31 16:02:17','Römerstr. 42','','Hamm',307,'59075',395,'','BPS001020',''),(1004,27,3,3,32,0,'0 73 61 / 7 66 78','','0 73 61 / 7 82 73','info@opferkuch-zahntechnik.de','','Zahntechn. Labor Sigmund Opferkuch','2010-03-30 08:26:40','2010-03-31 16:02:17','Pfahlstraße 22','','Aalen',307,'73433',395,'','BPS001005',''),(1005,27,3,3,32,0,'04 21 / 43 26 20','','04 21 / 4 32 62 26','','','Dental-Technik Overhoff','2010-03-30 08:26:40','2010-03-31 16:02:17','Stader Str. 107','','Bremen',307,'28205',395,'','BPS002003',''),(1006,27,3,3,32,0,'0 37 45 / 7 29 55','','0 37 45 / 7 77 29','','','DUO-Dental Zahntechnik GbR','2010-03-30 08:26:40','2010-03-31 16:02:17','Faldgardring 7','','Falkenstein',307,'08223',395,'','BPS002099',''),(1007,27,3,3,32,0,'03 42 02 / 6 44 03','','','','','Dental-Labor Wimmer & Quingue','2010-03-30 08:26:40','2010-03-31 16:02:17','Dübener Str. 75','','Delitzsch',307,'04509',395,'','BPS002231',''),(1008,27,3,3,32,0,'0 53 62 / 6 39 18','','','rasel.zahntechnik@t-online.de','','Dental Labor Ralf Rasel','2010-03-30 08:26:40','2010-03-31 16:02:17','Bahnhofstr. 8-9','','Wolfsburg-Fallersleben',307,'38442',395,'','BPS003474',''),(1009,27,3,3,32,0,'0 80 31 / 1 23 05','','','','','Zahntechnik Richter','2010-03-30 08:26:40','2010-03-31 16:02:17','Frühlingstr. 8','','Rosenheim',307,'83022',395,'','BPS002103',''),(1010,27,3,3,32,0,'0 61 72 / 96 77 77','','0 61 72 / 96 77 70','','','Innovatives Zahndesign DentiMed GmBH i.G. Zentrum für orale Gesundheit','2010-03-30 08:26:40','2010-03-31 16:02:17','Seifgrundstr. 2','','Bad Homburg',307,'61348',395,'','BPS003469',''),(1011,27,3,3,32,0,'04 71 / 98 48 7-0','','04 71 / 9 84 87 44 ','ruebeling_dental_labor@t-online.de','','Rübeling Dental-Labor GmbH','2010-03-30 08:26:40','2010-03-31 16:02:17','Langener Landstr. 173','','Bremerhaven',307,'27580',395,'','BPS001006',''),(1012,27,3,3,32,0,'0 39 81 / 2 49 30','','0 39 81 / 24 93 14','dental.schaefer@t-online.de','','Dental-Technik Schäfer GmbH','2010-03-30 08:26:40','2010-03-31 16:02:17','Zierker Straße 30','','Neustrelitz',307,'3017235',395,'','BPS002257',''),(1013,27,3,3,32,0,'03 44 64 / 2 84 01','','03 44 64 / 7 00 19','','','Freyburger Dentaltechnik Hendrik Scheibert GmbH','2010-03-30 08:26:40','2010-03-31 16:02:17','Gewerbepark 14','','Freyburg',307,'06632',395,'','BPS001010',''),(1014,27,3,3,32,0,'0 62 61 / 92 47-0','','0 62 61 / 1 35 86','','','Odenwälder Dental-Labor Udo Schinkel GmbH','2010-03-30 08:26:40','2010-03-31 16:02:17','Reichenbucher Straße 71','','Mosbach',307,'74821',395,'','BPS002096',''),(1015,27,3,3,32,0,'0 71 75 / 73 88','','0 71 75 / 77 57','','','Dental-Labor Kurt Schmidt','2010-03-30 08:26:40','2010-03-31 16:02:17','Bruckweg 7','','Schechingen',307,'73549',395,'','BPS002254',''),(1016,27,3,3,32,0,'0 36 72 / 35 21 18','','0 36 72 / 35 38 32','','','Dental-Labor M. Schneider','2010-03-30 08:26:40','2010-03-31 16:02:17','Zeigenheimerstr. 43','','Rudolstadt',307,'07407',395,'','BPS002198',''),(1017,27,3,3,32,0,'0 67 32 / 41 65','','0 67 32 / 40 23','','','PS Dental Peter Schneider','2010-03-30 08:26:40','2010-03-31 16:02:17','Ludwigstr. 70-74','','Udenheim',307,'55288',395,'','BPS001016',''),(1018,27,3,3,32,0,'05 31 / 7 51 59','','05 31 / 7 51 81','','','Ceradent Studio für Zahntechnik GmbH','2010-03-30 08:26:40','2010-03-31 16:02:17','Kreuztor 6','','Braunschweig',307,'38126',395,'','BPS002249',''),(1019,27,3,3,32,0,'05 11 / 52 49 99 60','','05 11 / 52 49 99 89','QuattroDent@t-online.de','','Quattro-Dent Dentaltechnik GmbH','2010-03-30 08:26:40','2010-03-31 16:02:17','Lehrter Str. 45','','Hannover',307,'30559',395,'','BPS003476',''),(1020,27,3,3,32,0,'03 73 83 / 62 81','','03 73 83 / 6 09 57','','','Dental-Labor Margit Schulze','2010-03-30 08:26:40','2010-03-31 16:02:17','Randsiedlung 23','','Lunzenau',307,'09328',395,'','BPS002069',''),(1021,27,3,3,32,0,'02 08 / 86 21 41','','02 08 / 86 40 43','','','Dental-Labor Sonnberger GmbH','2010-03-30 08:26:40','2010-03-31 16:02:17','Mellinghoferstr. 228','','Oberhausen',307,'46047',395,'','BPS002259',''),(1022,27,3,3,32,0,'03 92 62 / 5 71 ','','03 92 62 / 6 34 97','mario.stodolny@gdl-dental.de','','Güstener Dentallabor GmbH','2010-03-30 08:26:40','2010-03-31 16:02:17','Astrastr. 10','','Güsten',307,'39439',395,'','BPS001012',''),(1023,27,3,3,32,0,'04 81 / 8 57 40','','04 81 / 20 44 ','','','Hei-Dent GmbH Zahntechnik','2010-03-30 08:26:40','2010-03-31 16:02:17','Zum Autal 1','','Heide',307,'25746',395,'','BPS002261',''),(1024,27,3,3,32,0,'0 60 21 / 2 37 68','','0 60 21 / 21 89 03','','','Dental Labor Theo Tembrink GmbH','2010-03-30 08:26:40','2010-03-31 16:02:17','Kleberstraße 4','','Aschaffenburg',307,'63739',395,'','BPS002244',''),(1025,27,3,3,32,0,'0 23 69 / 2 14 73','','','','','Zahntechnik Völkel GmbH','2010-03-30 08:26:40','2010-03-31 16:02:17','Pörtnerskamp 10','','Dorsten',307,'46286',395,'','BPS002011',''),(1026,27,3,3,32,0,'0 59 71 / 5 40 08','','0 59 71 / 92 95 90','volkmer-zahntechnik@t-online.de','','Zahntechn. Labor Maximilian Volkmer','2010-03-30 08:26:40','2010-03-31 16:02:17','Salzbergener Straße 108','','Rheine',307,'48431',395,'','BPS001044',''),(1027,27,3,3,32,0,'0 21 61 / 17 90 90','','0 21 61 / 17 90 00','klaus.vossen@online-club.de','','Vossen Zahntechnik GmbH','2010-03-30 08:26:40','2010-03-31 16:02:17','Süchtelnerstr. 93','','Mönchengladbach',307,'41066',395,'','BPS001027',''),(1028,27,3,3,32,0,'0 85 62 / 9 60 10','','0 85 62 / 96 01 90','','','Wander Dentallabor GmbH','2010-03-30 08:26:40','2010-03-31 16:02:17','Am Sportplatz 12','','Anzenkirchen',307,'84371',395,'','BPS001004',''),(1029,27,3,3,32,0,'03 36 75 / 50 16','','03 36 75 / 50 16','','','Dental-Labor Lutz Weber','2010-03-30 08:26:40','2010-03-31 16:02:17','Hauptstraße 13','','Falkenberg',307,'15848',395,'','BPS002076',''),(1030,27,3,3,32,0,'06 11 / 3 93 71','','06 11 / 37 67 19 ','','','Zahntechnik Wiencke GmbH','2010-03-30 08:26:40','2010-03-31 16:02:17','Rheinstraße 56','','Wiesbaden',307,'65185',395,'','BPS002081',''),(1031,27,3,3,32,0,'0 40 / 3 90 72 69','','','','','Dental-Labor Christian Wiesner','2010-03-30 08:26:40','2010-03-31 16:02:17','Lobuschstraße 23','','Hamburg',307,'22765',395,'','BPS002075',''),(1032,27,3,3,32,0,'0 57 22 / 9 57 40','','0 57 22 / 95 74 74','','','Dental Labor Kurt Winkelhake & Achim Schulz','2010-03-30 08:26:40','2010-03-31 16:02:17','Kreuzbreite 30','','Bückeburg',307,'31675',395,'','BPS002248',''),(1033,27,3,3,32,0,'+81 (0) 244 443194','','','','','Nishi Labo','2010-03-30 08:26:40','2010-03-31 16:02:17','1-26 Minami-cho<br>\nOdaka-cho<br>\nSouma-gun','','Fukushima ',358,'979-2122',395,'COM','',''),(1034,27,3,3,32,0,'+81 (0) 48 8783391','','','','','K- 1 Dental Support','2010-03-30 08:26:40','2010-03-31 16:02:17','1826-4 Higashihongou <br>\nKawaguchi-shi','','Saitama',358,'334-0063',395,'COM','',''),(1035,27,3,3,32,0,'+81 (0)82 8240468','','','','','Miyatech Laboratory','2010-03-30 08:26:40','2010-03-31 16:02:17','2-50 Hinode-machi<br>\nKaita-cho<br>\nAki-gun','','Hiroshima ',358,'736-0035',395,'COM','',''),(1036,27,3,3,32,0,'+81 (0) 3 3607 3445','','','','','MAC Dental Japan Co., Ltd.','2010-03-30 08:26:40','2010-03-31 16:02:17','3-33-14 Nishimizumoto<br>\nKatsushika-ku','','Tokyo ',358,'125-0031',395,'COM','',''),(1037,27,3,3,32,0,'+81 (0)44 8664430','','','','','Kamibayashi Dental Clinic','2010-03-30 08:26:40','2010-03-31 16:02:17','1576 Maginu<br>\nMiyamae-ku<br>\nKawasaki-shi','','Kanagawa ',358,'216-0035',395,'COM','',''),(1038,27,3,3,32,0,'+81 (0) 3 57516553','','','i.d.t.8020@s5.dion.ne.jp','','I.D.T. Dental Laboratory','2010-03-30 08:26:40','2010-03-31 16:02:17','Nakanobu Heights 101 <br>\n2-3-6 Nishi Nakanobu <br>\nShinagawa-ku','','Tokyo ',358,'142-0054',395,'COM','',''),(1039,27,3,3,32,0,'+81 (0)27 2315320','','','fukuro@owl.gr.jp','','Fukuro Dental','2010-03-30 08:26:40','2010-03-31 16:02:17','3-3-6 Chiyoda-cho <br>\nMaebashi-shi','','Gunma ',358,'371-0022',395,'COM','',''),(1040,27,3,3,32,0,'','','','','','GZ Zahntechnik GmbH Brigitte Grimm','2010-03-30 08:26:40','2010-03-31 16:02:17','Bahnhofstrasse 88','','Uzwil',334,'9240',395,'','',''),(1041,27,3,3,32,0,'','','','','','Cosmética Reconstructiva Dental','2010-03-30 08:26:40','2010-03-31 16:02:17','Calz. Insurgentes No. 56-A','','Buena Vista',283,'54940',395,'','',''),(1042,27,3,3,32,0,'','','','','','REMOTEC','2010-03-30 08:26:40','2010-03-31 16:02:17','Boulevar Arriaga Rivera No 977','','Nueva Chapultepec',283,'58260',395,'','',''),(1043,27,3,3,32,0,'','','','','','Clinica de Implantologia Oral','2010-03-30 08:26:40','2010-03-31 16:02:17','Nueva Moneda No. 106','','Metropolitana 1a, Secc.',283,'57730',395,'','',''),(1044,27,3,3,32,0,'','','','','','Dental Visa','2010-03-30 08:26:40','2010-03-31 16:02:17','21 de Marzo Norte Nr. 310 Centro','','Tulcancingo, Hidalgo',283,'43600',395,'','',''),(1045,27,3,3,32,0,'','','','','','L.D.C.','2010-03-30 08:26:40','2010-03-31 16:02:17','Calle 82 No.. 459 A Depto 1 X 43 Y 45 Centro','','Mérida, Yucatán',283,'97000',395,'','',''),(1046,27,3,3,32,0,'','','','twhirler@satlink.com.au','','Ken Morris Laboratory','2010-03-30 08:26:40','2010-03-31 16:02:17','21 Davey St ','Victoria','Frankston',299,'3199',395,'','',''),(1047,27,3,3,32,0,'02 128 00 00','','','','','ART DENTAL','2010-03-30 08:26:40','2010-03-31 16:02:17','22, rue Augustin Delots','','LENS',310,'62000',395,'','',''),(1048,27,3,3,32,0,'02 98 41 71 10','','','','','GRALL SARL','2010-03-30 08:26:40','2010-03-31 16:02:17','59, rue de Paris','','Brest',310,'29200 ',395,'','',''),(1049,27,3,3,32,0,'03 22 23 39 51','','','','','MERLIN SARL et Associés','2010-03-30 08:26:40','2010-03-31 16:02:17','22, rue des Ecoles','','Crecy en Ponthieu',310,'80150',395,'','',''),(1050,27,3,3,32,0,'+32 (57) 21 67 94','','','desimpeldentaallabo@skynet.be','','Dentaalbedrijf Desimpel BVBA','2010-03-30 08:26:40','2010-03-31 16:02:17','Rozendaalstraat 37','','Ieper',303,'8900',395,'','',''),(1051,27,3,3,32,0,'+81 (0) 52 321 34 24','','','','','Central Laboratory','2010-03-30 08:26:40','2010-03-31 16:02:17','1-15-12 Kamimaezu<br>\nNaka-ku\nNagoya-shi','','Nagoya ',358,'460-0013',395,'COM','',''),(1052,27,3,3,32,0,'+81 (0) 45 823 9848','','+81 (0) 45 823 9862','doy108@luck.ocn.ne.jp','','Dental of Yu','2010-03-30 08:26:40','2010-03-31 16:02:17','2-36-5 Hirato <br>\nTotsuka-ku <br>\nYokohama-shi','','Kanagawa ',358,'244-0802',395,'COM','',''),(1053,27,3,3,32,0,'+81 (0) 561 62 33 11','','','dada@aichi-med-u.ac.jp','','Aichi Medical University','2010-03-30 08:26:40','2010-03-31 16:02:17','21 Karimata Yazako<br>\nNagakute-cho <br>\nAichi-gun','','Aichi',358,'480-1195',395,'COM','',''),(1054,27,3,3,32,0,'+81 (0)6 69 68 52 61','','','','','Kyoei Shiken','2010-03-30 08:26:40','2010-03-31 16:02:17','2-13-17 Nakahama<br>\nJyoto-ku<br>\nOsaka-shi','','Osaka',358,'536-0024',395,'COM','',''),(1055,27,3,3,32,0,'+81 (0)743 66 17 24','','','','','Dental Labo Katsui','2010-03-30 08:26:40','2010-03-31 16:02:17','1428 Yanagimoto-cho <br>\nTenri-shi','','Nara ',358,'632-0052',395,'COM','',''),(1056,27,3,3,32,0,'+81 (0) 90 8796 5764','','','','','Technical Art D','2010-03-30 08:26:40','2010-03-31 16:02:17','2-11-2 Honjou Higashi <br>\nKita-ku <br>\nOsaka-shi','','Osaka ',358,'531-0074',395,'COM','',''),(1057,27,3,3,32,0,'04 42 39 46 89','','','','','VACHER Patrick','2010-03-30 08:26:40','2010-03-31 16:02:17','\"Mercure - Bât. B\n80, rue Charles Duchesne\"','','Aix en Provence',310,'13100',395,'','',''),(1058,27,3,3,32,0,'','','','','','Prosthetiki 93 Dental Lab','2010-03-30 08:26:40','2010-03-31 16:02:17','27, N. Plastira Str.','','Iraklion',311,'71201',395,'','',''),(1059,27,3,3,32,0,'','','','','','Dental Aesthetics Michalis Papastamos','2010-03-30 08:26:40','2010-03-31 16:02:17','25 Martiou Str','','Kalithea - Athens',311,'17676',395,'','',''),(1060,27,3,3,32,0,'02/9838671','','','','','Laboratorio Odontotecnico Mallamo Giovanni','2010-03-30 08:26:40','2010-03-31 16:02:17','Via Ada Negri, 3/A','MI','Melegnano',315,'20077',395,'','',''),(1061,27,3,3,32,0,'04 92 09 98 94','','','','','FAUVERGNE BRAVI Patrick','2010-03-30 08:26:40','2010-03-31 16:02:17','214, chemin de la Costière','','Nice',310,'06000',395,'','',''),(1062,27,3,3,32,0,'+81 (0)265 52 0254','','+81 (0)265 52 1352','cosmic@ruby.ocn.ne.jp','','Cosmic Co., Ltd.','2010-03-30 08:26:40','2010-03-31 16:02:17','3317-13 Beppu-Kamisato<br>\nlida-shi','','Nagano ',358,'395-0003',395,'COM','',''),(1063,27,3,3,32,0,'+81 (0)287 48 1185','','','mantendo-8x8@nifty.com','','Denture Service Tochigi','2010-03-30 08:26:40','2010-03-31 16:02:17','2129-23 Kataoka <br>\nYaita-shi','','Tochigi ',358,'329-1571',395,'COM','',''),(1064,27,3,3,32,0,'+81 (0)47 360 5553','','','','','Shimizu Labo','2010-03-30 08:26:40','2010-03-31 16:02:17','Surpass 204 <br>\n2-16-7 Kitamatsudo <br>\nMatsudo-shi','','Chiba ',358,'271-0063',395,'COM','',''),(1065,27,3,3,32,0,'+81 (0)470 23 6734','','','ume-395@blue.ocn.ne.jp','','Umezawa Labo','2010-03-30 08:26:40','2010-03-31 16:02:17','2121-10 Kamisanagura <br>\nTateyama-shi','','Chiba ',358,'294-0038',395,'COM','',''),(1066,27,3,3,32,0,'+81 (0)3 3308 1260','','','','','Yamazaki Dental Laboratory','2010-03-30 08:26:40','2010-03-31 16:02:17','7-15-24 Kitakarasuyama <br>\nSetagaya-ku','','Tokyo',358,'157-0061',395,'COM','',''),(1067,27,3,3,32,0,'+81 (0)270 25 4663','','','info@ndent.co.jp','','Nihon Dento','2010-03-30 08:26:40','2010-03-31 16:02:17','948-7 Hinode-cho<br>\nIsesaki-shi','','Gunma ',358,'372-0022',395,'COM','',''),(1068,27,3,3,32,0,'+81 (0)27 235 4365','','+81 (0)27 232 1744','','','Takayama Dental Create','2010-03-30 08:26:40','2010-03-31 16:02:17','3-11-10 Iwagami-machi <br>\nMaebashi-shi','','Gunma ',358,'371-0035',395,'COM','',''),(1069,27,3,3,32,0,'+81 (0)3 3872 1189','','+81 (0)3 3872 1241','iriya-kdl@rondo.ocn.ne.jp','','Kodaira Dental Labo','2010-03-30 08:26:40','2010-03-31 16:02:17','2-10-5 Iriya<br>\nTaito-ku','','Tokyo ',358,'110-0013',395,'COM','',''),(1070,27,3,3,32,0,'+81 (0)550 83 8827','','','toyama@quartz.ocn.ne.jp','','Toyama Dental Laboratory','2010-03-30 08:26:40','2010-03-31 16:02:17','1404-3 Hagiwara <br>\nGotemba-shi','','Shizuoka ',358,'412-0042',395,'COM','',''),(1071,27,3,3,32,0,'03 89 48 55 05','','','','','Laboratoire de Prothèse TEL\'DENT','2010-03-30 08:26:40','2010-03-31 16:02:17','13, place de l\'Eglise','','Nambsheim',310,'68740',395,'','',''),(1072,27,3,3,32,0,'05 55 87 76 67','','','','','Jacques PARIS','2010-03-30 08:26:40','2010-03-31 16:02:17','26, rue du Caporal Marcel Sicard','','Brive la Gaillarde',310,'19100',395,'','',''),(1073,27,3,3,32,0,'+61 (07) 438 25 23 85','','','anneshepperd@msn.com','','After Hours Denture Repairs & Mobil Denture Services','2010-03-30 08:26:40','2010-03-31 16:02:17','8 Lancashire Dve','Queensland','Reedy Creek',299,'QLD 4228',395,'','',''),(1074,27,3,3,32,0,'+61 (03) 97 83 22 38','','','','','Allan Jackson','2010-03-30 08:26:40','2010-03-31 16:02:17','52 Cranbourne rd.','Victoria','Frankston',299,'VIC 3199',395,'','',''),(1075,27,3,3,32,0,'(61) 544 461 16','','','brumenz@tpg.com.au','','Bruce Menzies','2010-03-30 08:26:40','2010-03-31 16:02:17','135 Brisbane road','Queensland','Mooloolaba',299,'QLD 4557',395,'','',''),(1076,27,3,3,32,0,'+61 (08) 9250 5215','','','gregory959@bigpond.com.au','','Denture Professionals','2010-03-30 08:26:40','2010-03-31 16:02:17','303a Great Easten Hwy','Western Australia','Midland',299,'WA 6056',395,'','',''),(1077,27,3,3,32,0,'+61 (07)93 00 041 60','','','','','Perth Denture Center','2010-03-30 08:26:40','2010-03-31 16:02:17','30 Baross Heights','Western Australia','Ocean Reef',299,'WA 6027',395,'','',''),(1078,27,3,3,32,0,'(61) 98 90 50 00','','','info@prestigedental.ccom.au','','Prestige Dental Laboratory','2010-03-30 08:26:40','2010-03-31 16:02:17','28 Grose street','New South Wales','Parramatta',299,'NSW 2150',395,'','',''),(1079,27,3,3,32,0,'+61 (02) 98 90 50 00','','','','','Race Dental Laboratory','2010-03-30 08:26:40','2010-03-31 16:02:17','28 Grose street','New South Wales','Parramatta',299,'NSW 2150 ',395,'','',''),(1080,27,3,3,32,0,'+61 (03) 936 69 779','','+61 (03) 93 10 72 65','bondent@bigpond.net.au','','Bon-Dent Dental lab.','2010-03-30 08:26:40','2010-03-31 16:02:17','41 Taylors road','Victoria','St. Albans',299,'VIC 3021',395,'','',''),(1081,27,3,3,32,0,'+61 (03) 62 72 05 44','','+61 (03) 62 73 29 36','denturecentre@bigpond.com','','The Denture Centre','2010-03-30 08:26:40','2010-03-31 16:02:17','118 Main rd.','Tasmania','Moonah',299,'TAS 7009',395,'','BPS No. 3509/3510',''),(1082,27,3,3,32,0,'+61 (03) 95 51 28 26','','','','','Warwick Tibballs','2010-03-30 08:26:40','2010-03-31 16:02:17','C/-134 Centre Dandenong road','Victoria','Dingley',299,'VIC 3172',395,'','',''),(1083,27,3,3,32,0,'+81 (0)763 33 2439','','','','','Tonami Dental Laboratory','2010-03-30 08:26:40','2010-03-31 16:02:17','615 Ohtsuji <br>\nTonami-shi','','Toyama',358,'939-1328',395,'COM','',''),(1084,27,3,3,32,0,'+81 (0) 985 37 1288','','+81 (0) 985 88 1268','','','Mastery Dental Lab','2010-03-30 08:26:40','2010-03-31 16:02:17','10233-8 Ohza Shimanouchi Miyazaki city','','Miyazaki ',358,'880-0121',395,'','',''),(1085,27,3,3,32,0,'+81 (0)563 56 7094','','+81 (0)563 56 7094','','','Universal Dental','2010-03-30 08:26:40','2010-03-31 16:02:17','42-9 Noderamichi <br>\nYonezu-cho <br>\nNishio-shi','','Aichi',358,'445-0802',395,'COM','',''),(1086,27,3,3,32,0,'+81 (0)569 29 4415','','+81 (0)569 29 4415','ireba-center@mac.com','','108-Center Handa, Kainuma Laboratory','2010-03-30 08:26:40','2010-03-31 16:02:17','12.13-155-2F Kamezaki Tokiwa-cho<br>\nHanda-shi','','Aichi ',358,'475-0029',395,'COM','',''),(1087,27,3,3,32,0,'+81 (0)53 447 7963','','+81 (0)53 447 8076','','','Cera Tec Dental Lab','2010-03-30 08:26:40','2010-03-31 16:02:17','16109-6 Irino-cho <br>\nHamamatsu-shi','','Shizuoka',358,'432-8061',395,'COM','',''),(1088,27,3,3,32,0,'','','','k-d-art@kumin.ne.jp','','Kurume Dental Art','2010-03-30 08:26:40','2010-03-31 16:02:17','14-34 Hiyoshi-cho<br>\nKurume-shi','','Fukuoka ',358,'830-0017',395,'COM','',''),(1089,27,3,3,32,0,'+81 (0)87 835 5001','','+81 (0)87 835 5054','info@ashiken.com','','ASHIKEN','2010-03-30 08:26:40','2010-03-31 16:02:17','6-6 Tenjinmae<br>\nTakamatsu-shi','','Kagawa ',358,'760-0018',395,'COM','',''),(1090,27,3,3,32,0,'+81 (0)773 42 7131','','','','','Ayabe Dental Laboratory','2010-03-30 08:26:40','2010-03-31 16:02:17','47 Shinmachi <br> \nAyabe-shi','','Kyoto ',358,'623-0023',395,'COM','',''),(1091,27,3,3,32,0,'+81 (0)6 6358 6481','','','','','DENT. ART','2010-03-30 08:26:40','2010-03-31 16:02:17','3-8-1 Tenjinbashi <br>\nKita-ku <br>\nOsaka-shi','','Osaka ',358,'530-0041',395,'COM','',''),(1092,27,3,3,32,0,'','','','','','Zahntechnisches Labor Meinrad Maier','2010-03-30 08:26:40','2010-03-31 16:02:17','Holligenstrasse 70','','Bern',334,'3008',395,'','',''),(1093,27,3,3,32,0,'+61 (7) 54 78 05 99','','','ajardim@bigpond.net.au','','A J Jardim Dental Laboratory','2010-03-30 08:26:40','2010-03-31 16:02:17','PO BOX 8176','Queensland','Moroochydore',299,'QLD 4558',395,'','',''),(1094,27,3,3,32,0,'+81 (0)3 3465 2555','','+81 (0)3 3465 2554','','','CRYSTAL DENT Co., Ltd.','2010-03-30 08:26:40','2010-03-31 16:02:17','1-36-2 Ohara<br>\nSetagaya-ku','','Tokyo ',358,'156-0044',395,'COM','',''),(1095,27,3,3,32,0,'','','','','','Tine Mihelec','2010-03-30 08:26:40','2010-03-31 16:02:17','Cesta talcev 29','','Velenje',337,'3320',395,'','',''),(1096,27,3,3,32,0,'','','','','','Stanko Skobalj','2010-03-30 08:26:40','2010-03-31 16:02:17','Duce - Vavlje, Poljick Cesta 5','','Omis',317,'21310',395,'','',''),(1097,27,3,3,32,0,'','','','','','Stipe Perica','2010-03-30 08:26:40','2010-03-31 16:02:17','Starceviceva 21','','Podstrana',317,'21312',395,'','',''),(1098,27,3,3,32,0,'02 01 / 43 95 80','','02 01 / 4 39 58 10','pkappert@aol.com','','Dental Technik Peter Kappert','2010-03-30 08:26:40','2010-03-31 16:02:17','Einigkeitsstraße 28','','Essen',307,'45133',395,'','BPS1999-01',''),(1099,27,3,3,32,0,'01071 / 106 52 12','','01 71 / 98 87 55','','','ART-LINE-DENTAL','2010-03-30 08:26:40','2010-03-31 16:02:17','Hardinghauser Straße 18','','Uelsen',307,'49843',395,'','BPS003472',''),(1100,27,3,3,32,0,'27330105','','','','','Merven Dental Clinic and Laboratory','2010-03-30 08:26:40','2010-03-31 16:02:17','Rm. 305-306 Manuel F. Tiaoqui Bldg. Plaza Sta. Cruz','','Sta. Cruz, Manila',371,'',395,'','',''),(1101,27,3,3,32,0,'27366612','','','','','Totoy Dental Laboratory','2010-03-30 08:26:40','2010-03-31 16:02:17','1164 R. Hidalgo St.','','Quiapo, Manila',371,'',395,'','',''),(1102,27,3,3,32,0,'27236090','','','','','GC Dental Laboratory','2010-03-30 08:26:40','2010-03-31 16:02:17','#96 Hoover St. cor. Araullo St.','','San Juan, Metro Manila',371,'',395,'','',''),(1103,27,3,3,32,0,'24212015','','','','','Rod Dental Laboratory','2010-03-30 08:26:40','2010-03-31 16:02:17','100-D 9th Ave.','','Cubao, Quezon City',371,'',395,'','',''),(1104,27,3,3,32,0,'27369776','','','','','Nilo Dental Laboratory and Dental Clinic','2010-03-30 08:26:40','2010-03-31 16:02:17','#560 B. Gastambide St.','','Sampaloc, Manila',371,'',0,'','',''),(1105,27,3,3,32,0,'','','','','','Dentallabor Lukas Gehrig','2010-03-30 08:26:40','2010-03-31 16:02:17','Lotzwilstrasse 8','','Langenthal',334,'4900',395,'','',''),(1106,27,3,3,32,0,'','','','','','The Ultimate Dental Laboratory','2010-03-30 08:26:40','2010-03-31 16:02:17','40 Liverpool Road','','Formby, Merseyside',312,'L37 4BR',395,'','',''),(1107,27,3,3,32,0,'+81 (0) 3 5476 8516','','','bubut@voo4vaio.ne.jp','','Dent Logic Shibaura Laboratory','2010-03-30 08:26:40','2010-03-31 16:02:17','Kimura Bldg. 1 F <br>\n3-11-2 Shibaura <br>\nMinato-ku','','Tokyo ',358,'108-0023',395,'COM','',''),(1108,27,3,3,32,0,'+81 (0) 563 59 3293','','','','','Yunion Dent','2010-03-30 08:26:40','2010-03-31 16:02:17','48 Hanpeiyama <br>\nHeisaka-cho <br>\nNishio-shi','','Aichi',358,'444-0305',395,'COM','',''),(1109,27,3,3,32,0,'+81 (0) 289 77 3361','','','nao1104@bc9.ne.jp','','Sato Dental-Laboratory','2010-03-30 08:26:40','2010-03-31 16:02:17','415 Simonanma-cho <br>\nKanuma-shi','','Tochigi ',358,'322-0341',395,'COM','',''),(1110,27,3,3,32,0,'+81 (0) 43 277 8411','','','','','Suyama Shiken','2010-03-30 08:26:40','2010-03-31 16:02:17','2-24-7 Masago <br> \nMihama-ku <br>\nChiba-shi','','Chiba ',358,'261-0011',395,'COM','',''),(1111,27,3,3,32,0,'+81 (0) 48 865 7892','','','','','Dental Labo Itsumi','2010-03-30 08:26:40','2010-03-31 16:02:17','7-9-3 Bessho <br>\nMinami-ku <br>\nSaitama-shi','','Saitama ',358,'336-0021',395,'COM','',''),(1112,27,3,3,32,0,'+81 (0) 238 38 5620','','','friend@ms3.omn.ne.jp','','Dental Labo Friend','2010-03-30 08:26:40','2010-03-31 16:02:17','4-1-128-9 Ota-machi <br>\nYonezawa-shi','','Yamagata ',358,'992-0035',395,'COM','',''),(1113,27,3,3,32,0,'+81 (0) 463 82 3972','','','hirotakumi@nyc.odn.jp','','Technical Factory','2010-03-30 08:26:40','2010-03-31 16:02:17','268-1 Naganuki <br>\nHadano-shi','','Kanagawa ',358,'257-0024',395,'COM','',''),(1114,27,3,3,32,0,'+81 (0) 470 80 4533','','+81 (0) 470 80 4533','kurorei0702@ybb.ne.jp','','Duraworks','2010-03-30 08:26:40','2010-03-31 16:02:17','1871-1 Ogiwara <br>\nIsumi-machi <br> \nIsumi-gun','','Chiba ',358,'298-0131',395,'COM','',''),(1115,27,3,3,32,0,'','','','','','Walker and Griffin Dental Lab, John Harrison','2010-03-30 08:26:40','2010-03-31 16:02:17','Littlewood Drive 20','','Sheffield, South Yorkshire ',312,'S12 2LR',395,'','',''),(1116,27,3,3,32,0,'0736/349981','','0736/349981','','','Clementi R. e Collina V. SNC Laboratorio Odontotecnico','2010-03-30 08:26:40','2010-03-31 16:02:17','Via Dell\' Aspo, 1','AP','Ascoli Piceno',315,'63100',395,'','',''),(1117,27,3,3,32,0,'011/9295629','','011/7419846','','','Dental Progress SNC di Qurinio Riccardo e C.','2010-03-30 08:26:40','2010-03-31 16:02:17','Via Aldo Barbaro, 15','TO','Torino',315,'10100',395,'','',''),(1118,27,3,3,32,0,'+32 (3) 455 19 62','','','daniel.herpiny@skynet.be','','Dent Design','2010-03-30 08:26:40','2010-03-31 16:02:17','Wandelweg 9','','Halle-Zoersel',303,'2980',395,'','',''),(1119,27,3,3,32,0,'+32 (472) 61 63 36','','','specialdentalworks@skynet.be','','Special Dental Works b.v.b.a.','2010-03-30 08:26:40','2010-03-31 16:02:17','Rerum Novarumlaan 22','','Brasschaat',303,'2930',395,'','',''),(1120,27,3,3,32,0,'+81 (0)742 23 2057','','+81 (0)742 20 0868','odl528@s4.dion.ne.jp','','Ogura Dental Laboratory','2010-03-30 08:26:40','2010-03-31 16:02:17','104-15 Minami Kainozuka <br>\nNara-shi','','Nara ',358,'630-8604',395,'COM','',''),(1121,27,3,3,32,0,'+81 (0)73 422 3866','','+81 (0)73 422 7890','drk@gold.ocn.ne.jp','','Tamaki Dental Clinic','2010-03-30 08:26:40','2010-03-31 16:02:17','21 Higashinocho <br>\nSaikaya-machi <br>\nWakayama-shi','','Wakayama',358,'640-8241',395,'COM','',''),(1122,27,3,3,32,0,'+81 (0)48 466 1472','','','fwpe8657@mb.infoweb.ne.jp','','Hikari Dental Clinic - Dr. Satoh Takao','2010-03-30 08:26:40','2010-03-31 16:02:17','<b>BPS clinical instructor</b><br>\n2-12-6-1F Maruyamadai <br>\nWakou-shi','','Saitama ',358,'351-0112',396,'COM','',''),(1123,27,3,3,32,0,'+81 (0)977 21 3958','','+81 (0)977 21 3958','','','Watanabe Labo','2010-03-30 08:26:40','2010-03-31 16:02:17','1-8-48 Ishigaki Higashi <br> \nBeppu-shi','','Oita ',358,'874-0919',395,'COM','',''),(1124,27,3,3,32,0,'+81 (0)125 32 7020','','','','','J Tech Dental Laboratory','2010-03-30 08:26:40','2010-03-31 16:02:17','162-10-Kyowa-cho <br>\nAkabira-shi','','Hokkaido ',358,'079-1101',395,'COM','',''),(1125,27,3,3,32,0,'05 08 41 14 00','','','','','CENTRE HOSPITALIER François DUNAN','2010-03-30 08:26:40','2010-03-31 16:02:17','20, rue Maître Georges Lefevre- BP 4216','','St Pierre et Miquelon',310,'97500',395,'','',''),(1126,27,3,3,32,0,'','','+61 (2) 68 82 20 13','','','Brian McLauchlan','2010-03-30 08:26:40','2010-03-31 16:02:17','46 Church street','New South Wales','Dubbo',299,'NSW 2830',395,'','',''),(1127,27,3,3,32,0,'','','','','','Jason Patrick','2010-03-30 08:26:40','2010-03-31 16:02:17','23 Parkview Rise','South Australia','Hackham',299,'SA 5163',395,'','',''),(1128,27,3,3,32,0,'+61 7 4128 9044','','','noel.guy@bigpond.net.au','','Noel Guy','2010-03-30 08:26:40','2010-03-31 16:02:17','The Esplanade','Queensland','Urangan',299,'QLD 4655',395,'','',''),(1129,27,3,3,32,0,'','','','','','Prisma Prothetiek','2010-03-30 08:26:40','2010-03-31 16:02:17','Dulleweg 2A','','Broek op Langedijk',326,'1721 CT',395,'','',''),(1130,27,3,3,32,0,'','','','','','Gramsen Tandtechniek','2010-03-30 08:26:40','2010-03-31 16:02:17','Grotestraat 17A','','Well',326,'5855 AK',395,'','',''),(1131,27,3,3,32,0,'','','','','','VTL Venloos Tandtechnisch Laboratorium','2010-03-30 08:26:40','2010-03-31 16:02:17','Postbus 335','','Venlo',326,'5900 AH',395,'','',''),(1132,27,3,3,32,0,'','','','','','Barnoldswick Dental Laboratory','2010-03-30 08:26:40','2010-03-31 16:02:17','3 Old School, Noyna Road, Foulridge','','Colne',312,'BB8 7QY',395,'','',''),(1133,27,3,3,32,0,'','','','','','Barwick Dental Lab Services','2010-03-30 08:26:40','2010-03-31 16:02:17','Myton Park, Myton Road, Igleby Barwick','','Stockton on Tees',312,'TS17 0WA',395,'','',''),(1134,27,3,3,32,0,'','','','','','Benchmark Dental Laboratories','2010-03-30 08:26:40','2010-03-31 16:02:17','Renwick House, Brixham Road, Devon		','','Paignton',312,'TQ4 7RE',395,'','',''),(1135,27,3,3,32,0,'','','','','','Casterbridge Dental Studios','2010-03-30 08:26:40','2010-03-31 16:02:17','1 Poundbury Business Centre, Poundbury, Dorset\n','','Dorchester	',312,'DT1 3WA',395,'','',''),(1136,27,3,3,32,0,'','','','','','Christopher Gull Denture Centre','2010-03-30 08:26:40','2010-03-31 16:02:17','15 Ship Street\n','','Brighton',312,'BN1 1AD',395,'','',''),(1137,27,3,3,32,0,'','','','','','Crown Ceramics','2010-03-30 08:26:40','2010-03-31 16:02:17','8 Mill Lane, Derbyshire','','Codnor',312,'DE5 9QF',395,'','',''),(1138,27,3,3,32,0,'','','','','','Den Tech Dental Laboratory','2010-03-30 08:26:40','2010-03-31 16:02:17','1 Orchard Road, Essex	','','Romford',312,'RM10 9PT	',395,'','',''),(1139,27,3,3,32,0,'','','','','','Dental Designs','2010-03-30 08:26:40','2010-03-31 16:02:17','5 South Street, Tarring, West Sussex','','Worthing',312,'BN14 7LG',395,'','',''),(1140,27,3,3,32,0,'','','','','','Dental Precision','2010-03-30 08:26:40','2010-03-31 16:02:17','The Studio, Hurlingburrow Farm, Cornwall','','St. Agnes',312,'TR5 0PG',395,'','',''),(1141,27,3,3,32,0,'','','','','','Denture Design Studio','2010-03-30 08:26:40','2010-03-31 16:02:17','204 Portland Road, East Sussex','','Hove. East Sussex',312,'BN3 5QN',395,'','',''),(1142,27,3,3,32,0,'','','','','','Denture Studio Eastbourne','2010-03-30 08:26:40','2010-03-31 16:02:17','32 The Goffs, Eastbourne\n','','East Sussex',312,'BN21 1HD',395,'','',''),(1143,27,3,3,32,0,'','','','','','Design Ceramics Ltd.','2010-03-30 08:26:40','2010-03-31 16:02:17','Hanover House, 203 High Street, Kent','','Tonbridge',312,'TN9 1BW',395,'','',''),(1144,27,3,3,32,0,'','','','','','EAS Dental Laboratory','2010-03-30 08:26:40','2010-03-31 16:02:17','1b Woodside Road, Kent','','Sidcup',312,'DA15 7JF',395,'','',''),(1145,27,3,3,32,0,'','','','','','Elite Dental Studio','2010-03-30 08:26:40','2010-03-31 16:02:17','High Skellgate		','','Ripon',312,'HG4 1BD',395,'','',''),(1146,27,3,3,32,0,'','','','','','Greening Dentech Ltd','2010-03-30 08:26:40','2010-03-31 16:02:17','21 Bell Lane, Kitts Green\n','','Birmingham',312,'B33 0HS',395,'','',''),(1147,27,3,3,32,0,'','','','','','Guisborough Dental Lab','2010-03-30 08:26:40','2010-03-31 16:02:17','4 Redcar Road','','Guisborough',312,'TS14 6DB',395,'','',''),(1148,27,3,3,32,0,'','','','','','Horbury Dental Laboratory','2010-03-30 08:26:40','2010-03-31 16:02:17','Vincent House, Queen St.','','Horbury Wakefield',312,'WF4 6LP',395,'','',''),(1149,27,3,3,32,0,'','','','','','Hughes Dental Laboratory','2010-03-30 08:26:40','2010-03-31 16:02:17','Unit 26 Claro Business Park, Claro Road	','','Harrogate',312,'HG1 4BA',395,'','',''),(1150,27,3,3,32,0,'','','','','','J Partfitt Dental Laboratory','2010-03-30 08:26:40','2010-03-31 16:02:17','10 Tyn-Y-Coed Place, Roath\n','','Cardiff',312,'CF24 4TX',395,'','',''),(1151,27,3,3,32,0,'','','','','','Kimbolton Dental Laboratory','2010-03-30 08:26:40','2010-03-31 16:02:17','59 Harpur Street, Bedforshire\n','','Bedford',312,'MK40 2SR',395,'','',''),(1152,27,3,3,32,0,'','','','','','Milnthorpe Denture Center','2010-03-30 08:26:40','2010-03-31 16:02:17','Old Hall, Beetham Road\n','','Milthorpe',312,'LA7 7QR',395,'','',''),(1153,27,3,3,32,0,'','','','','','PDQ Dental Laboratory	','2010-03-30 08:26:40','2010-03-31 16:02:17','65a Market Street','','Stalybridge',312,'SK15 2AA',395,'','',''),(1154,27,3,3,32,0,'','','','','','Phoenix Dental Castings Ltd.','2010-03-30 08:26:40','2010-03-31 16:02:17','1 Cuxham Road, Oxfordshire\n','','Watlington',312,'OX49 5JW',395,'','',''),(1155,27,3,3,32,0,'','','','','','SG Dentures','2010-03-30 08:26:40','2010-03-31 16:02:17','2a Ladypit Lane, Beeston, West Yorkshire','','Leeds',312,'LS11 6AJ',395,'','',''),(1156,27,3,3,32,0,'','','','','','Smiles Cosmetic Dentures','2010-03-30 08:26:40','2010-03-31 16:02:17','99 Station Road, Taunton','','Somerset',312,'TA1 1PB',395,'','',''),(1157,27,3,3,32,0,'','','','','','Southern Smiles Ltd, Glasshouses Studios','2010-03-30 08:26:40','2010-03-31 16:02:17','Fryern Court Road Fordingsbridge Hampshire		\n','','Wiltshire',312,'SP6 1NG',395,'','',''),(1158,27,3,3,32,0,'','','','','','Steve McDermott Dental Laboratory','2010-03-30 08:26:40','2010-03-31 16:02:17','177B Kirkwood Drive Kenton Shopping Ctr. Kenton','','Newcastle upon Tyne',312,'NE3 3BH',395,'','',''),(1159,27,3,3,32,0,'+44 115 9733 591','','','','','Sunshine Denture Studio','2010-03-30 08:26:40','2010-03-31 16:02:17','20 college Street<br>Long Eaton','','Nottingham',312,'NG10 4ND',0,'COM','',''),(1160,27,3,3,32,0,'','','','','','TAD Dental Laboratory	','2010-03-30 08:26:40','2010-03-31 16:02:17','Wheybridge, West Quai Road, Poole		','','Dorset',312,'BH15 1JF',395,'','',''),(1161,27,3,3,32,0,'','','','','','Taggart Dental Laboratory','2010-03-30 08:26:40','2010-03-31 16:02:17','Pack Horse Lane		','','Carlisle',312,'CA3 8JP',395,'','',''),(1162,27,3,3,32,0,'','','','','','Taylor Dental Technologies','2010-03-30 08:26:40','2010-03-31 16:02:17','Independence House, Goldenhill Lane	','','Lancashire',312,'PR25 3NP',395,'','',''),(1163,27,3,3,32,0,'','','','','','Techdent Dental Laboratory','2010-03-30 08:26:40','2010-03-31 16:02:17','2 Dye Lane, Romiley Cheshire	','','Stockport',312,'SK6 3AN',395,'','',''),(1164,27,3,3,32,0,'','','','','','Waters Edge Ceramics','2010-03-30 08:26:40','2010-03-31 16:02:17','Waters Edge	','','Greenfield',312,'OL3 7EE',395,'','',''),(1165,27,3,3,32,0,'','','','','','Wearside Dental Service','2010-03-30 08:26:40','2010-03-31 16:02:17','Unit 7H, Southwick Industrial Estate, North Hilton Road, Southwick','','Sunderland',312,'SR5 3TX',395,'','',''),(1166,27,3,3,32,0,'','','','','','Westwood Dental Laboratory','2010-03-30 08:26:40','2010-03-31 16:02:17','13 Kelleythorpe Industrial Estate, East Yorkshire','','Driffield',312,'YO25 9DJ',395,'','',''),(1167,27,3,3,32,0,'','','','','','Woodford Dental Services','2010-03-30 08:26:40','2010-03-31 16:02:17','121-123 Westgate','','Guisborough',312,'TS14 6AH',395,'','',''),(1168,27,3,3,32,0,'','','','','','XL Dental Studio','2010-03-30 08:26:40','2010-03-31 16:02:17','39 Leeds Road, Ilkley','','West Yorkshire',312,'LS29 8DP',395,'','',''),(1169,27,3,3,32,0,'0033 68 22 14 80','','','','','ALSINA Jean ','2010-03-30 08:26:40','2010-03-31 16:02:17','8, rue du Pressoir','','Latour bas Elne',310,'66200',395,'','',''),(1170,27,3,3,32,0,'00355 23 26 50','','','','','MEDIKADENT Qsut Nene Tereza','2010-03-30 08:26:40','2010-03-31 16:02:17','Qsut Nene Tereza','','Tirana',301,'',395,'','',''),(1171,27,3,3,32,0,'','','','byronbindley@bigpond','','Cosmetic Dental Solutions','2010-03-30 08:26:40','2010-03-31 16:02:17','344 Old Cleveland Road','Queensland','Coorparoo',299,'QLD 4151',395,'','',''),(1172,27,3,3,32,0,'(61) 95 24 44 83','','','jg0808@bigpond.net.au','','Jennifer Craig','2010-03-30 08:26:40','2010-03-31 16:02:17','328 President Ave','New South Wales','Gymea',299,'NSW 2227',395,'','',''),(1173,27,3,3,32,0,'(61) 94 51 14 77','','','donagh@myoffice.net.au','','Cannington Denture Clinic','2010-03-30 08:26:40','2010-03-31 16:02:17','Shop 20, Cecile Ave','Western Australia','Cannington',299,'WA 6107',395,'','',''),(1174,27,3,3,32,0,'+61 (02) 66 86 31 88','','','mikedalepark@bigpond.com','','Ballina Denture Clinic','2010-03-30 08:26:40','2010-03-31 16:02:17','32 Moon st','New South Wales','Ballina',299,'NSW 2478',395,'','',''),(1175,27,3,3,32,0,'+61 (02) 60 21 72 36','','','james.sexton@bigpond.com','','Advanced Laboratoiries','2010-03-30 08:26:40','2010-03-31 16:02:17','440 Dean st.','New South Wales','Albury',299,'NSW 2640',395,'','',''),(1176,27,3,3,32,0,'+61 (2) 66 84 36 77','','','mdl@linknet.com.au','','Mullumbimby Dental Laboratory','2010-03-30 08:26:40','2010-03-31 16:02:17','75 Stuart St.','New South Wales','Mullumbimby',299,'NSW 2482',395,'','',''),(1177,27,3,3,32,0,'','','','','','Dentallabor Göran Andersson','2010-03-30 08:26:40','2010-03-31 16:02:17','Meidlinger Hauptstrasse 11/11','','Wien',328,'1120',395,'','',''),(1178,27,3,3,32,0,'','','','','','Dental-Labor Brugger','2010-03-30 08:26:40','2010-03-31 16:02:17','Gasserplatz 3','','Hermagor',328,'9620',395,'','',''),(1179,27,3,3,32,0,'','','','','','Dentallabor Ralph Fibinger','2010-03-30 08:26:40','2010-03-31 16:02:17','Paulinengasse 1','','Wien',328,'1180',395,'','',''),(1180,27,3,3,32,0,'','','','','','Dentallabor Hamberger','2010-03-30 08:26:40','2010-03-31 16:02:17','Stockhofstrasse 31','','Linz',328,'4020',395,'','',''),(1181,27,3,3,32,0,'','','','','','Praxislabor Wolfgang Hartner','2010-03-30 08:26:40','2010-03-31 16:02:17','Anton-Bruckner-Strasse 14','','Langenlois',328,'3550',395,'','',''),(1182,27,3,3,32,0,'','','','','','Zahntechnisches Labor Christoph Jarosik','2010-03-30 08:26:40','2010-03-31 16:02:17','Niederfeldgasse 3','','Berndorf',328,'2560',395,'','',''),(1183,27,3,3,32,0,'','','','','','Dentallabor Klug Johann','2010-03-30 08:26:40','2010-03-31 16:02:17','Brockmanngasse 51a','','Graz',328,'8010',395,'','',''),(1184,27,3,3,32,0,'','','','','','Praxis Dr. Beate Puchner','2010-03-30 08:26:40','2010-03-31 16:02:17','Hauptplatz 8-9','','Neunkirchen',328,'2620',395,'','',''),(1185,27,3,3,32,0,'','','','','','Dentallabor Robert Reichmann','2010-03-30 08:26:40','2010-03-31 16:02:17','St. Veiter Strasse 3','','Klagenfurt',328,'9020',395,'','',''),(1186,27,3,3,32,0,'','','','','','Dentallabor Dietmar Schuster','2010-03-30 08:26:40','2010-03-31 16:02:17','Bürgerstrasse 60','','Linz',328,'4020',395,'','',''),(1187,27,3,3,32,0,'','','','','','Smejkal Martina','2010-03-30 08:26:40','2010-03-31 16:02:17','Ringofenstrasse 10/2/9','','Leopoldsdorf',328,'2333',395,'','',''),(1188,27,3,3,32,0,'','','','','','Wohlgenannt Zahntechnik KEG','2010-03-30 08:26:40','2010-03-31 16:02:17','Kurzegasse 2','','Dornbirn',328,'6852',395,'','',''),(1189,27,3,3,32,0,'+32 (67) 64 73 95','','','','','Laboratoire Dentaire Averoldi','2010-03-30 08:26:40','2010-03-31 16:02:17','14, Rue Charles Herman','','Braine le Château',303,'1440',395,'','',''),(1190,27,3,3,32,0,'+32 (67) 64 77 89','','','','','Laboratoire Dentaire Borms','2010-03-30 08:26:40','2010-03-31 16:02:17','Rue du Chaumont 2','','Ittre',303,'1460',395,'','',''),(1191,27,3,3,32,0,'+32 (9) 222 82 83','','','koen@kamerynck.be','','Camerlynck NV','2010-03-30 08:26:40','2010-03-31 16:02:17','Bilkcken 26','','Lovendegem',303,'9920',395,'','',''),(1192,27,3,3,32,0,'+ 32 (71) 35 08 60','','','fr.demoulin@skynet.be','','Demoulin François TTL','2010-03-30 08:26:40','2010-03-31 16:02:17','chaussée de Nivelles ','','Gosselies',303,'6041',395,'','',''),(1193,27,3,3,32,0,'+32 (3) 771 03 31','','','ceradent@skynet.be','','Ceradent Dentaaltechn. Bedrijf','2010-03-30 08:26:40','2010-03-31 16:02:17','Vroonhoflaan 6','','Temse',303,'9140',395,'','',''),(1194,27,3,3,32,0,'+32 (3) 235 45 38','','','laboleen@proximedia.be','','Tandtechnisch Laboratorium Laboleen D.B.','2010-03-30 08:26:40','2010-03-31 16:02:17','Wetstraat 45','','Antwerpen',303,'2060',395,'','',''),(1195,27,3,3,32,0,'+32 (85) 31 55 57','','','patricia.hans@skynet.be','','Laboratoire Dentaire HANS Patricia','2010-03-30 08:26:40','2010-03-31 16:02:17','43D, Rue de le Cloche ','','Amay',303,'4540',395,'','',''),(1196,27,3,3,32,0,'+32 (4) 31 32 71','','','heyns.nv@proximedia.be','','Heyns Tandtechnisch Labo NV','2010-03-30 08:26:40','2010-03-31 16:02:17','Braamstraat 48','','Mol',303,'2400',395,'','',''),(1197,27,3,3,32,0,'+32 (2) 759 60 54','','','','','Labor Poot','2010-03-30 08:26:40','2010-03-31 16:02:17','Edegemstraat 74','','Kortenberg',303,'3070',395,'','',''),(1198,27,3,3,32,0,'+32 (89) 71 70 98','','','mdl@mdl-euregio.be','','Maaslands Dental Labo','2010-03-30 08:26:40','2010-03-31 16:02:17','Schoorstraat 1','','Maasmechelen',303,'3632',395,'','',''),(1199,27,3,3,32,0,'+32 (59) 33 17 99','','','bvda_bdls@belgacom.net','','B.D.L.S. Dental Labo','2010-03-30 08:26:40','2010-03-31 16:02:17','De Rudderstraat 71','','Oostende',303,'8400',395,'','',''),(1200,27,3,3,32,0,'','','','','','Sabine Uhlig Tandtechniek','2010-03-30 08:26:40','2010-03-31 16:02:17','Meenselstraat 93','','Binkom',303,'3211',395,'','',''),(1201,27,3,3,32,0,'+32 (2) 687 55 55','','','dentaline@skynet.be','','Laboratoire Dentaire Vanlaenen','2010-03-30 08:26:40','2010-03-31 16:02:17','Biesmuiterlaan 34','','Overijse',303,'3090',395,'','',''),(1202,27,3,3,32,0,'+32 (83) 21 68 48','','','','','Laboratoires Alain Vanval SPRL','2010-03-30 08:26:40','2010-03-31 16:02:17','Rue Roi Albert 22','','Ciney',303,'5590',395,'','',''),(1203,27,3,3,32,0,'+32 (49) 618 65 72','','','sabine.vonsinner@ivoclarvivadent.com','','Von Sinner Sabine','2010-03-30 08:26:40','2010-03-31 16:02:17','Rue Sainte Agathe 10','','Hamois',303,'5360',395,'','',''),(1204,27,3,3,32,0,'(11) 45 21 93 58','','','','','Laboratório Dental','2010-03-30 08:26:40','2010-03-31 16:02:17','Rua Prudente de Moraes ','','Jundiaí /SP',287,'13201-340',395,'','',''),(1205,27,3,3,32,0,'(14) 424 78 94','','','','','Laboratório Ferreira','2010-03-30 08:26:40','2010-03-31 16:02:17','Rua Guapiacu 203','','Santo André /SP',287,'09290-420',395,'','',''),(1206,27,3,3,32,0,'(19) 38 75 17 96','','','','','Laboratório Gelson','2010-03-30 08:26:40','2010-03-31 16:02:17','Rua Persio Sampaio Filho 87','','Inaiatuba /SP',287,'13345-150',395,'','',''),(1207,27,3,3,32,0,'(47) 433 70 30','','','','','RPD Protese Dentaria LTDA','2010-03-30 08:26:40','2010-03-31 16:02:17','Rua Coronel Santiago 445','','Joinville /SC',287,'89203-560',395,'','',''),(1208,27,3,3,32,0,'(43) 33 21 67 88','','','','','Laboratorio de Prót. Odont. Romanini Ltda.','2010-03-30 08:26:40','2010-03-31 16:02:17','Av. Rio de Janerio 1306','','Londrina / PR',287,'86010-150',395,'','',''),(1209,27,3,3,32,0,'705-6532-287','','','','','Campbellford Denture Clinic','2010-03-30 08:26:40','2010-03-31 16:02:17','Front Street S 23','','Campbellford',297,'K0L 1L0',395,'','',''),(1210,27,3,3,32,0,'905-6391-597','','','','','David Barrick Denture Clinic','2010-03-30 08:26:40','2010-03-31 16:02:17','5112 New Street','','Burlington',297,'L7L 1V1',395,'','',''),(1211,27,3,3,32,0,'450-6537-474','','','','','Gilles Beauchemin Denturologiste','2010-03-30 08:26:40','2010-03-31 16:02:17','1100 Bontaruille','','St. Bruno',297,'J3V 3T1',395,'','',''),(1212,27,3,3,32,0,'866-2335-233','','','','','Manitoulin Denture Clinic','2010-03-30 08:26:40','2010-03-31 16:02:17','11 Robinson Street','','Little Current / Ontario',297,'P0P 1K0',396,'','',''),(1213,27,3,3,32,0,'519-8849-298','','','','','Tram-Blair Denture Clinic','2010-03-30 08:26:40','2010-03-31 16:02:17','28 Young Street St. E','','Waterloo',297,'N2J 2L5',395,'','',''),(1214,27,3,3,32,0,'519-2911-234','','','','','Listowel Denture Clinic','2010-03-30 08:26:40','2010-03-31 16:02:17','Argyle Avenue North 145','','Listowel / Ontario',297,'N4W 1M7',395,'','',''),(1215,27,3,3,32,0,'902-4228-531','','','','','Pro-Dent Laboratory Ltd.','2010-03-30 08:26:40','2010-03-31 16:02:17','1494 Carlton St.','','Halifax',297,'B3J 3H5',395,'','',''),(1216,27,3,3,32,0,'514-7446-695','','','','','Raymond Bourassa dd.','2010-03-30 08:26:40','2010-03-31 16:02:17','1325 boul. Cote-vertu, #200','','Montreal',297,'H4L 1Z1',395,'','',''),(1217,27,3,3,32,0,'613-5324-831','','','','','Ringrose Denture Clinic','2010-03-30 08:26:40','2010-03-31 16:02:17','217 Plaunt St. S.','','Renfrew, ON',297,'K7V 1M8',396,'','',''),(1218,27,3,3,32,0,'780-6248-514','','780-624-4329','','','Bowman Denture Clinic - Sharon Bowman','2010-03-30 08:26:40','2010-03-31 16:02:17','9905 - 98th Avenue','','Peace River, AB',297,'T8S 1S4',396,'','',''),(1219,27,3,3,32,0,'450-4674-237','','','','','David Brochu dd','2010-03-30 08:26:40','2010-03-31 16:02:17','101 St Jean Baptist','','Beloeil',297,'J3G 2B3',395,'','',''),(1220,27,3,3,32,0,'604-5366-414','','','','','G W Brown Denturist','2010-03-30 08:26:40','2010-03-31 16:02:17','1570 Johnston Road','','White Rock',297,'V4B 3Z7',395,'','',''),(1221,27,3,3,32,0,'604-9216-628','','','','','Janusz Budzynski, dd','2010-03-30 08:26:40','2010-03-31 16:02:17','1445 Mariane Drive','','W Vancouver',297,'V7T 1B8',395,'','',''),(1222,27,3,3,32,0,'905-8897-766','','','','','Pro-Esthetics Dental Lab','2010-03-30 08:26:40','2010-03-31 16:02:17','21 Bradwick Drive , Suite #1','','Concord',297,'L4K 1K6',395,'','',''),(1223,27,3,3,32,0,'514-3252-475','','','','','Dominic Pelletier dd','2010-03-30 08:26:40','2010-03-31 16:02:17','4912 Gouin EST','','Montreal',297,'H1G 1A4',395,'','',''),(1224,27,3,3,32,0,'604-6850-728','','','','','Anthony Chung Denturist','2010-03-30 08:26:40','2010-03-31 16:02:17','Denmann St. 704','','Vancouver',297,'V6G 2L5',395,'','',''),(1225,27,3,3,32,0,'604-8763-029','','','','','Main Street Denture Clinic','2010-03-30 08:26:40','2010-03-31 16:02:17','2712 Main Street','','Vancouver',297,'BC V5T 3E8',395,'','',''),(1226,27,3,3,32,0,'450-4342-688','','','','','Andre Cote, dd.','2010-03-30 08:26:40','2010-03-31 16:02:17','du Blainvillier 12','','Blainville',297,'J7C 5A7',395,'','',''),(1227,27,3,3,32,0,'807-2746-519','','','','','Curtis Denture Clinic','2010-03-30 08:26:40','2010-03-31 16:02:17','241A 2nd St. East\n','','Fort Frances',297,'P9A 1M7',395,'','',''),(1228,27,3,3,32,0,'416-2235-870','','','','','De Luca Dental Laboratory','2010-03-30 08:26:40','2010-03-31 16:02:17','129 Willowdale','','Willowdale / Ontario',297,'M2N 4Y3',395,'','',''),(1229,27,3,3,32,0,'514-7225-838','','','','','Laboratoire Alpha-Tec','2010-03-30 08:26:40','2010-03-31 16:02:17','3886 Jean Talon Est.','','Montreal QC',297,'H2A 1Y7',395,'','',''),(1230,27,3,3,32,0,'418-6618-040','','','','','Carl Desbiens','2010-03-30 08:26:40','2010-03-31 16:02:17','Bastin 562','','Beauport',297,'G1C 6S9',395,'','',''),(1231,27,3,3,32,0,'418-2850-832','','','','','Mylene-Audrey Emond. dd','2010-03-30 08:26:40','2010-03-31 16:02:17','89 ROUTE 138','','Donnacona',297,'G3M 1B8',395,'','',''),(1232,27,3,3,32,0,'403-2641-025','','','','','A M Dental Lab','2010-03-30 08:26:40','2010-03-31 16:02:17','518 - 906 8th Ave SW','','Calgary / Alberta',297,'T2P 1H9',395,'','',''),(1233,27,3,3,32,0,'418-5427-032','','','','','Dany Fillion','2010-03-30 08:26:40','2010-03-31 16:02:17','3600 boul. Harvey','','Jonquiere',297,'G7X 3B3',395,'','',''),(1234,27,3,3,32,0,'514-9312-540','','','','','Francois Gadbois','2010-03-30 08:26:40','2010-03-31 16:02:17','465 Victoris St., Ste 205','','St. Lambert',297,'J4P 2J2',395,'','',''),(1235,27,3,3,32,0,'905-3884-333','','','','','Gilmour Denturists','2010-03-30 08:26:40','2010-03-31 16:02:17','545 Upper Wellington','','Hamilton',297,'L9A 3P8',395,'','',''),(1236,27,3,3,32,0,'250-4956-922','','','','','Maria D. Gonzales Denturist','2010-03-30 08:26:40','2010-03-31 16:02:17','PO Box 288','','Osoyoos',297,'V0H 1V0',395,'','',''),(1237,27,3,3,32,0,'250-3749-443','','','','','Goessmann Denture Clinic','2010-03-30 08:26:40','2010-03-31 16:02:17','367 4th Avenue','','Kamloops',297,'V2C 3P1',395,'','',''),(1238,27,3,3,32,0,'250-4900-702','','','','','Community Denture Centre','2010-03-30 08:26:40','2010-03-31 16:02:17','104 - 1505 Main Street','','Penticton / British Columbia',297,'V2A 5G7',395,'','',''),(1239,27,3,3,32,0,'905-6372-357','','','','','Maunder & Haigh Denture Clinic','2010-03-30 08:26:40','2010-03-31 16:02:17','3400 Faiview Street','','Burlington',297,'L7N 3G5',395,'','',''),(1240,27,3,3,32,0,'','','','','','Asthetic Acrylic Appliance','2010-03-30 08:26:40','2010-03-31 16:02:17','Deepwood Cove 48','204-7877-091','Winnipeg',297,'R2V 4E5',395,'','',''),(1241,27,3,3,32,0,'905-2388-812','','','','','Exquisite Dental Lab','2010-03-30 08:26:40','2010-03-31 16:02:17','3045 South Creek Road, Unit 5','','Mississauga ON',297,'L4X 2X6',395,'','',''),(1242,27,3,3,32,0,'613-3980-940','','','','','Family Dental Centre','2010-03-30 08:26:40','2010-03-31 16:02:17','44 Trent Street','','Frankford, ON',297,'K0K 2C0',396,'','',''),(1243,27,3,3,32,0,'905-8050-044','','','','','Port Hope Denture Clinic','2010-03-30 08:26:40','2010-03-31 16:02:17','121 Peter Street','','Port Hope',297,'L1A 1C5',395,'','',''),(1244,27,3,3,32,0,'250-7231-811','','','','','Alberni Denture Clinic','2010-03-30 08:26:40','2010-03-31 16:02:17','4824 Johnston Road','','Port Alberni',297,'V9Y 5M1',395,'','',''),(1245,27,3,3,32,0,'905-8712-882','','','','','Tony Kreze Denture Clinic','2010-03-30 08:26:40','2010-03-31 16:02:17','139 Niagara Blvd','','Fort Erie ON',297,'L2A 3G6',395,'','',''),(1246,27,3,3,32,0,'403-2303-205','','','','','Centre De Reparation de Prothese Rive-Sud Inc.','2010-03-30 08:26:40','2010-03-31 16:02:17','780 Boulevard Ste-Foy','','Longueuil  QC',297,'J4J 1Z3',395,'','',''),(1247,27,3,3,32,0,'519-4212-377','','','','','Likins Denture Clinic','2010-03-30 08:26:40','2010-03-31 16:02:17','628 Dundas Street','','Woodstock',297,'N4S 1E2',395,'','',''),(1248,27,3,3,32,0,'613-7495-397','','','','','Lima Denturist Prof Corp','2010-03-30 08:26:40','2010-03-31 16:02:17','261 Marier','','Ottawa',297,'K1L 5P7',395,'','',''),(1249,27,3,3,32,0,'604-5822-772','','','','','Dianne Livingston Denturist','2010-03-30 08:26:40','2010-03-31 16:02:17','110115 136A Street','','Surrey',297,'V3T 4G1',395,'','',''),(1250,27,3,3,32,0,'705-4728-300','','','','','North Bay Denture Clinic','2010-03-30 08:26:40','2010-03-31 16:02:17','401 MCIntyre St. E','','North Bay',297,'P1B 1E1',395,'','',''),(1251,27,3,3,32,0,'604-7920-411','','','','','Fern MacPherson Denturist','2010-03-30 08:26:40','2010-03-31 16:02:17','45713 Ontario Ave.','','',297,'V2P 6S8',395,'','',''),(1252,27,3,3,32,0,'519-8276-022','','','','','Csilla Madarasz, dd','2010-03-30 08:26:40','2010-03-31 16:02:17','115 17th Avenue S.W.','','Calgary - Alberta',297,'AB T2S OA1',395,'','',''),(1253,27,3,3,32,0,'418-2485-574','','','','','Laboratoire Jean Masse','2010-03-30 08:26:40','2010-03-31 16:02:17','9 Blvd Tache Est, Suite 210','','Montmagny  QC',297,'G5V 1B6',395,'','',''),(1254,27,3,3,32,0,'604-7880-380','','','','','Alpha Dental','2010-03-30 08:26:40','2010-03-31 16:02:17','93 Mott Crescent','','New Westminster / British Columbia',297,'V3L 4L8',395,'','',''),(1255,27,3,3,32,0,'519-7432-921','','','','','Louie Micali Denture Clinic','2010-03-30 08:26:40','2010-03-31 16:02:17','99 Weber St W','','Kitchener',297,'N2H 3Z6',395,'','',''),(1256,27,3,3,32,0,'905-9371-812','','','','','Montague Denture Clinic','2010-03-30 08:26:40','2010-03-31 16:02:17','3 Lakeshore Road','','St. Catharines / Ontario',297,'L2N 2S7',395,'','',''),(1257,27,3,3,32,0,'613-8292-914','','','','','Cosmo Dental Lab Inc.','2010-03-30 08:26:40','2010-03-31 16:02:17','Richmond Rd, Ste 204','','Ottawa, ON',297,'K2H 5B9',395,'','',''),(1258,27,3,3,32,0,'306-9666-329','','','','','University of Saskatchewan Dental Clinic','2010-03-30 08:26:40','2010-03-31 16:02:17','3005 Early Dr.','','Saskatoon  SK',297,'S7H 3K5',395,'','',''),(1259,27,3,3,32,0,'780-4231-017','','','','','Universal Dental Lab','2010-03-30 08:26:40','2010-03-31 16:02:17','No. 400, 10735- 107th Av','','Edmonton / Alberta',297,'T5H 0W6',395,'','',''),(1260,27,3,3,32,0,'905-9455-775','','','','','Costa Nassar Denturist','2010-03-30 08:26:40','2010-03-31 16:02:17','Main St. West Unit 10','','Grimsby',297,'L3M 1R6',395,'','',''),(1261,27,3,3,32,0,'905-5223-355','','','','','Frank Odorico Denture Clinic','2010-03-30 08:26:40','2010-03-31 16:02:17','1 Young Street, Ste 306','','Hamilton',297,'L8N 1T8',395,'','',''),(1262,27,3,3,32,0,'705-3270-366','','','','','Palummieri Denture Clinic','2010-03-30 08:26:40','2010-03-31 16:02:17','369 West Street North','','Orillia',297,'L3V 5E5',395,'','',''),(1263,27,3,3,32,0,'519-2547-512','','','','','Tom Bardgett Denture Clinic','2010-03-30 08:26:40','2010-03-31 16:02:17','600 Tecumseh Road East Suite 142','','Windsor / Ontario',297,'N8X 4X9',395,'','',''),(1264,27,3,3,32,0,'519-4856-112','','','','','Parker Denture Clinic','2010-03-30 08:26:40','2010-03-31 16:02:17','107 Melita Street','','Ingersoll',297,'N5C 3T2',395,'','',''),(1265,27,3,3,32,0,'514-2871-102','','','','','Pelletier Louis DD','2010-03-30 08:26:40','2010-03-31 16:02:17','4535 De castille','','Montreal',297,'H1H 1Y3',395,'','',''),(1266,27,3,3,32,0,'416-4850-067','','','','','Yonge Davisville Denture Clinic','2010-03-30 08:26:40','2010-03-31 16:02:17','1962 Yonge Street, Ste 202','','Toronto ON',297,'M4S 1Z4',396,'','',''),(1267,27,3,3,32,0,'250-3744-022','','','','','Kamloops Dental Lab Inc.','2010-03-30 08:26:40','2010-03-31 16:02:17','367 - 4th Ave','','Kamloops BC',297,'V2C 3P1',395,'','',''),(1268,27,3,3,32,0,'519-4536-520','','','','','Pisek Denture Clinic','2010-03-30 08:26:40','2010-03-31 16:02:17','1489 Dundas St. East','','London',297,'N5W 3B8',395,'','',''),(1269,27,3,3,32,0,'819-3753-930','','','','','Pierre Yvon Plante, dd','2010-03-30 08:26:40','2010-03-31 16:02:17','3579 de Cherbourg','','Trois-Rivieres',297,'G8Y 5V9',395,'','',''),(1270,27,3,3,32,0,'519-5392-065','','','','','Pow Laboratories Inc.','2010-03-30 08:26:40','2010-03-31 16:02:17','63 Ridgeway Circle','','Woodstock  ON',297,'N4S 8Y4',395,'','',''),(1271,27,3,3,32,0,'514-2525-255','','','','','Katy Richter DD.','2010-03-30 08:26:40','2010-03-31 16:02:17','4220 Ontario St E','','Montreal',297,'H1V 1K1',395,'','',''),(1272,27,3,3,32,0,'250-7481-990','','','','','Dwight Roux Denturist','2010-03-30 08:26:40','2010-03-31 16:02:17','#9 364 Trunk Road','','Duncan',297,'V9L 2P6',395,'','',''),(1273,27,3,3,32,0,'604-5309-936','','','','','Brookswood Denture Clinic','2010-03-30 08:26:40','2010-03-31 16:02:17','102 - 20103 40th Avenue','','Langley / British Columbia',297,'V3A 2W3',395,'','',''),(1274,27,3,3,32,0,'306-7645-520','','','','','Carlton Dental Ceramics Inc','2010-03-30 08:26:40','2010-03-31 16:02:17','No.2- 210-15th St. East','','Prince Albert  SK',297,'S6V 1G2',395,'','',''),(1275,27,3,3,32,0,'780-4542-222','','','','','Wright Denture Clinic','2010-03-30 08:26:40','2010-03-31 16:02:17','11439 Kingsway NW','','Edmonton AB',297,'T5G 3E8',395,'','',''),(1276,27,3,3,32,0,'780-4591-077','','','','','Sturgeon Denture Clinic','2010-03-30 08:26:40','2010-03-31 16:02:17','114 - 8 Perron Street','','St. Albert / Alberta',297,'T8N 1E2',395,'','',''),(1277,27,3,3,32,0,'604-5885-211','','','','','Guildford Denture Clinic','2010-03-30 08:26:40','2010-03-31 16:02:17','10246 A 152nd St.','','Surrey',297,'V3R 6N7',395,'','',''),(1278,27,3,3,32,0,'519-6224-500','','','','','Grandview Dental Centre','2010-03-30 08:26:40','2010-03-31 16:02:17','171 Hespler Dr','','Cambridge',312,'N1R 3H6',395,'','',''),(1279,27,3,3,32,0,'780-9133-220','','','','','First Impressions Denture Clinic','2010-03-30 08:26:40','2010-03-31 16:02:17','91 Salisbury Avenue','','St. Albert / Alberta',297,'T8N 0M9',395,'','',''),(1280,27,3,3,32,0,'403-3623-181','','','','','Newell Denture Clinic','2010-03-30 08:26:40','2010-03-31 16:02:17','220.404 Cassills Road West','','Brooks',297,'T1R 0V4',395,'','',''),(1281,27,3,3,32,0,'705-5688-565','','','','','Karen Suykens Denture Clinic','2010-03-30 08:26:40','2010-03-31 16:02:17','14 Government Rd West','','Kirkland Lake',297,'P2N 1A3',396,'','',''),(1282,27,3,3,32,0,'416-7367-162','','','','','George Szigeti, RDT','2010-03-30 08:26:40','2010-03-31 16:02:17','189 Robert Hicks Drive','','Toronto',297,'M2R 3R3',395,'','',''),(1283,27,3,3,32,0,'780-6729-288','','','','','Wild Rose Denture Clinic','2010-03-30 08:26:40','2010-03-31 16:02:17','4819 48th Street','','Camrose / Alberta',297,'T4V 1L4',395,'','',''),(1284,27,3,3,32,0,'418-5423-915','','','','','Pierre Trembalay, Denturologiste dd','2010-03-30 08:26:40','2010-03-31 16:02:17','3954 de la Fabrique','','Jonquiere',297,'G7X 3N2',395,'','',''),(1285,27,3,3,32,0,'780-4062-121','','','','','Castle Down Denture Clinic','2010-03-30 08:26:40','2010-03-31 16:02:17','105 - 15379 Castle Down Road','','Edmonton / Alberta',297,'T5X 3Y7',395,'','',''),(1286,27,3,3,32,0,'905-9376-060','','','','','Paul Verroche Denture Clinic','2010-03-30 08:26:40','2010-03-31 16:02:17','284 Geneva Street','','St. Catharines / Ontario',297,'L2N 2E8',395,'','',''),(1287,27,3,3,32,0,'450-6783-600','','','','','Jocelyn Vignola DD','2010-03-30 08:26:40','2010-03-31 16:02:17','2475 Cornwall','','St Hubert',297,'J3Y 5G2',395,'','',''),(1288,27,3,3,32,0,'613-2382-216','','','','','Vranjes Denture Clinic','2010-03-30 08:26:40','2010-03-31 16:02:17','796 Bank Street','','Ottawa / Ontario',297,'K1S 3V8',395,'','',''),(1289,27,3,3,32,0,'705-7352-777','','','','','Michael John Watson, dd','2010-03-30 08:26:40','2010-03-31 16:02:17','400 bayfield St. #244','','Barrie',297,'L4M 5A1',395,'','',''),(1290,27,3,3,32,0,'780-4223-235','','','','','Burton Denture Clinic','2010-03-30 08:26:40','2010-03-31 16:02:17','10240 12th Avenue N.W.','','Edmonton / Alberta',297,'T5N 3W6',395,'','',''),(1291,27,3,3,32,0,'780-4717-682','','','','','Northern Alberta Istitute of Technology','2010-03-30 08:26:40','2010-03-31 16:02:17','11762 106 St. Edmonton E101','','Alberta',297,'T56 2RI',395,'','',''),(1292,27,3,3,32,0,'','','','','','Laboratorio de Estética Dental Odontoprotésico','2010-03-30 08:26:40','2010-03-31 16:02:17','\"Irarrázaval 55, No. 2821 Torre B, \nOf. #1403, Prov. de Ñuñoa\"','','Santiago',288,'',395,'','',''),(1293,27,3,3,32,0,'','','','','','Zubotehnicki Laboratorij Dragan Deak','2010-03-30 08:26:40','2010-03-31 16:02:17','Kralja Tomislava 250','','Bizovac',317,'31222',395,'','',''),(1294,27,3,3,32,0,'','','','','','Zubotehnicki Laboratorij Kirsic Dino','2010-03-30 08:26:40','2010-03-31 16:02:17','P. Levaka 23','','Pula',317,'52100',395,'','',''),(1295,27,3,3,32,0,'+357 (25) 36 88 88/37 88 88','','','','','K. Th. Dental Art','2010-03-30 08:26:40','2010-03-31 16:02:17','23, Demostheni Mitsi ','','Limassol',344,'3022',395,'','',''),(1296,27,3,3,32,0,'+358 (8) 311 44 44','','','','','Oulun Uusihammas Oy','2010-03-30 08:26:40','2010-03-31 16:02:17','Saaristonkatu 27','','Oulu',309,'90100',395,'','',''),(1297,27,3,3,32,0,'+358 (40) 519 41 41','','','','','Lindfors Mikko','2010-03-30 08:26:40','2010-03-31 16:02:17','Männistöntie 1','','Hollola',309,'15880',395,'','',''),(1298,27,3,3,32,0,'+358 (3) 781 79 75','','','','','Dental-Minerva Oy','2010-03-30 08:26:40','2010-03-31 16:02:17','Torikatu 3B','','Lahti',309,'15110',395,'','',''),(1299,27,3,3,32,0,'+358 (2) 846 00 50','','','','','Hammaslaboratorio Vakkapurenta Oy','2010-03-30 08:26:40','2010-03-31 16:02:17','Alinenkatu 29','','Uusikaupunki',309,'23500',395,'','',''),(1300,27,3,3,32,0,'+358 (9) 773 18 11','','','','','Kvalident Oy','2010-03-30 08:26:40','2010-03-31 16:02:17','Sörnaästen rantatie 27A','','Helsinki',309,'00500',395,'','',''),(1301,27,3,3,32,0,'+358 (9) 455 45 53','','','','','Espoon Hammaspalvelu Oy','2010-03-30 08:26:40','2010-03-31 16:02:17','Sammalkallionkuja 2C','','Espoo',309,'02210',395,'','',''),(1302,27,3,3,32,0,'+358 (400) 47 56 27','','','','','Hammasforum Oy','2010-03-30 08:26:40','2010-03-31 16:02:17','Torikatu 6-8, lt2','','Hyvikää',309,'05800',395,'','',''),(1303,27,3,3,32,0,'02 40 24 88 07','','','','','Gilles AVENARD','2010-03-30 08:26:40','2010-03-31 16:02:17','7C, boulevard du Nord','','Guerande',310,'44350',395,'','',''),(1304,27,3,3,32,0,'03 80 57 23 51','','','','','Laboratoire dentaire Bussiere','2010-03-30 08:26:40','2010-03-31 16:02:17','13, rue des Fassoles','','Talant',310,'21240',395,'','',''),(1305,27,3,3,32,0,'02 40 41 27 43','','','','','MUTUELES LOIRE-ATLANTIQUE','2010-03-30 08:26:40','2010-03-31 16:02:17','29, quai François Mitterrand','','Nantes Cedex 2',310,'44273',395,'','',''),(1306,27,3,3,32,0,'03 26 55 34 99','','','','','Laboratoire CONRAUX Edouard','2010-03-30 08:26:40','2010-03-31 16:02:17','48, rue des Closets','','Epernay',310,'51200',395,'','',''),(1307,27,3,3,32,0,'02 54 86 64 72','','','','','Labo Acs','2010-03-30 08:26:40','2010-03-31 16:02:17','Rue Francois Arago','','Montoire sur le loir',310,'41800',395,'','',''),(1308,27,3,3,32,0,'03 80 72 16 31','','','','','Laboratoire dentaire','2010-03-30 08:26:40','2010-03-31 16:02:17','22, rue Gustave Eiffel- BP 12','','Saint Apollinaire',310,'21850',395,'','',''),(1309,27,3,3,32,0,'03 21 51 79 16','','','','','FRANÇOIS et BONNEL SARL','2010-03-30 08:26:40','2010-03-31 16:02:17','10, rue Général Leclerc','','Maroeuil',310,'62161',395,'','',''),(1310,27,3,3,32,0,'02 51 31 38 23','','','','','André FRANÇOIS','2010-03-30 08:26:40','2010-03-31 16:02:17','73, boulevard Jean Yole','','Les Lucs sur Boulogne',310,'85170',395,'','',''),(1311,27,3,3,32,0,'04 75 96 39 62','','','','','MON-LABO SARL','2010-03-30 08:26:40','2010-03-31 16:02:17','34 Place de la gare - BP 61','','Pierrelatte Cedex',310,'26701',395,'','',''),(1312,27,3,3,32,0,'05 63 61 92 53','','','','','PEREIRA  Ligerio','2010-03-30 08:26:40','2010-03-31 16:02:17','141, avenue Maréchal Foch','','Aussilon',310,'81200',395,'','',''),(1313,27,3,3,32,0,'04 50 87 20 22','','','','','Laboratoire Benjamin ROLAND','2010-03-30 08:26:40','2010-03-31 16:02:17','8, rue des Artisans','','VETRAZ-MONTHOUX',310,'74100',395,'','',''),(1314,27,3,3,32,0,'04 75 01 68 62','','','','','SI VA DENT Laboratoire de Prothèse','2010-03-30 08:26:40','2010-03-31 16:02:17','15, chemin du Pêcher','','Montellimar',310,'26200',395,'','',''),(1315,27,3,3,32,0,'05 55 93 25 88','','','','','LABORATOIRE ESTHETIC DENTAIRE','2010-03-30 08:26:40','2010-03-31 16:02:17','M. VERGNAL Didier 12-14,\nrue Joseph Vialaneix','','Egletons',310,'19300',395,'','',''),(1316,27,3,3,32,0,'05 11 / 52 34 66','','05 11 / 52 34 61','','','Beißner Zahntechnik GmbH','2010-03-30 08:26:40','2010-03-31 16:02:17','Lange-Feld-Str. 29a','','Hannover',307,'30559',395,'','',''),(1317,27,3,3,32,0,'03 41 / 520 16 92','','03 41 / 520 16 93','boethel-zahntechnik@t-online.de','','Böthel Zahntechnik GmbH','2010-03-30 08:26:40','2010-03-31 16:02:17','Bahnhofstr. 11','','Leipzig',307,'04158',395,'','',''),(1318,27,3,3,32,0,'04 21 / 62 81 08','','','','','Bremer Zahnmanufaktur','2010-03-30 08:26:40','2010-03-31 16:02:17','Schönebecker Kirchweg 61','','Bremen',307,'28757',395,'','',''),(1319,27,3,3,32,0,'02 05 6 / 93 07 15','','02 05 6 / 93 07 16','','','Zahntechnik Erdmann GmbH','2010-03-30 08:26:40','2010-03-31 16:02:17','Hauptstr. 284','','Heiligenhaus',307,'42579',395,'','',''),(1320,27,3,3,32,0,'08 15 2 / 14 13','','08 15 2 / 16 12','','','Peter Quadfass Dental Labor GmbH ','2010-03-30 08:26:40','2010-03-31 16:02:17','Mühlfelder Straße 11','','Herrsching',307,'82211',395,'','',''),(1321,27,3,3,32,0,'07 22 1 / 834 45','','','','','Janke GmbH Zahntechnik','2010-03-30 08:26:40','2010-03-31 16:02:17','Im Unterfeld 18','','Sinzheim b.  Baden-Baden',307,'76547',395,'','',''),(1322,27,3,3,32,0,'03 46 6 / 30 23 56 ','','03 46 6 / 32 47 29','','','Marco Köllmer Dentalästhetik','2010-03-30 08:26:40','2010-03-31 16:02:17','Steinstr. 4','','Ohrdruf',307,'99885',395,'','',''),(1323,27,3,3,32,0,'03 32 2 / 20 66 22','','03 32 2 / 20 66 23','','','ARCON Dental-Technik GmbH','2010-03-30 08:26:40','2010-03-31 16:02:17','Finkenkrugerstr. 142','','Falkensee',307,'14612',395,'','',''),(1324,27,3,3,32,0,'04 14 1 / 454 95','','04 14 1 / 452 16','','','Dental Design GmbH','2010-03-30 08:26:40','2010-03-31 16:02:17','Schiefe Str. 1','','Stade',307,'21682',395,'','',''),(1325,27,3,3,32,0,'03 0 / 971 00 00','','03 0 / 97 10 00 21','info@cuspident.de','','Cuspident Zahntechnik GmbH','2010-03-30 08:26:40','2010-03-31 16:02:17','Reichenberger Str. 3','','Berlin',307,'13055',395,'','',''),(1326,27,3,3,32,0,'06 81 / 552 33','','06 81 / 557 99','','','Peifer & Peifer GmbH Dental-Labor ','2010-03-30 08:26:40','2010-03-31 16:02:17','Hohenzollernstr. 13','','Saarbrücken',307,'66117',395,'','',''),(1327,27,3,3,32,0,'04 21 / 66 22 21','','04 21 / 66 23 36','','','Smiatek-Dental-Technik Inh.  ZTM  Uwe Pieza','2010-03-30 08:26:40','2010-03-31 16:02:17','Breite Str. 10-11','','Bremen',307,'28757',395,'','',''),(1328,27,3,3,32,0,'07 71 / 209 87 71','','07 71 / 46 36 45','','','Herr Queißer Praxislabor','2010-03-30 08:26:40','2010-03-31 16:02:17','Elgersburger Str. 2c','','Manebach',307,'98693',395,'','',''),(1329,27,3,3,32,0,'0 95 43 / 93 66','','0 95 43 / 85 07 52','','','Dr. Alois Laube Zahnarztpraxis','2010-03-30 08:26:40','2010-03-31 16:02:17','Germanenstr. 5','','Hirschaid',307,'96114',395,'','',''),(1330,27,3,3,32,0,'0 87 09 / 15 42','','0 87 09 / 966 78 52','','','Rucker Dental Labor','2010-03-30 08:26:40','2010-03-31 16:02:17','Regierungsplatz 569','','Landshut',307,'84028',395,'','',''),(1331,27,3,3,32,0,'0 33 46 / 896 70','','0 33 46 / 89 67 22','info@tricusdental.de','','Tricus Dental GmbH','2010-03-30 08:26:40','2010-03-31 16:02:17','Frankfurter Str. 55','','Seelow',307,'15306',395,'','',''),(1332,27,3,3,32,0,'0 44 21 / 568 96','','0 44 21 / 568 96','','','Uwe Severin','2010-03-30 08:26:40','2010-03-31 16:02:17','Tiarksstr. 55','','Wilhelmshaven',307,'26388',395,'','',''),(1333,27,3,3,32,0,'(852) 2405-3288','','(852) 2492-6615','info@nature-dental.com.hk','','Nature Dental Laboratory Company','2010-03-30 08:26:40','2010-03-31 16:02:17','Room 1101, Mega Trade Centre, No. 1 Mei Wan Street','','Hong Kong',350,'',395,'','',''),(1334,27,3,3,32,0,'','','','','','Delicacy Dental lab','2010-03-30 08:26:40','2010-03-31 16:02:17','Flat B, F/F Grand marine industrial Building No3 \nYue Fung Street, Tin Wan','','Hong Kong',350,'',395,'','',''),(1335,27,3,3,32,0,'0 56 / 703 43','','','KCdental@indigio.ie','','Campion Dental Laboratory','2010-03-30 08:26:40','2010-03-31 16:02:17','5, Watergate, Kilkenny','','Co Kilkenny',313,'',395,'','',''),(1336,27,3,3,32,0,'0 66 / 712 91 12','','','srdtlab@eircom.net','','Sean Rush Dental Laboratory','2010-03-30 08:26:40','2010-03-31 16:02:17','11 High Street Tralee','','Co Kerry',313,'',395,'','',''),(1337,27,3,3,32,0,'+81 (0) 99 220 7499','','+81 (0) 99 220 7499','hiro0515@abelia.ocn.ne.jp','','Kagoshima Daiichi Dental Labo','2010-03-30 08:26:40','2010-03-31 16:02:17','3-14-24 Ishikidai<br>\nKagoshima-shi ','','Kagoshima ',358,'890-007',395,'COM','',''),(1338,27,3,3,32,0,'+81 (0)742 23 7184','','+81 (0)742 23 7184','kohcyan-dt-4gx@docomo.ne.jp','','Nishimori Shiken','2010-03-30 08:26:40','2010-03-31 16:02:17','4-107-1 Minamikidera-cho<br> \nNara-shi','','Nara ',358,'630-8303',395,'COM','',''),(1339,27,3,3,32,0,'+81 (0)572 68 0264','','+81 (0)572 68 0264','i240teta@ob2.aitai.ne.jp','','Tsuchiya Dental Clinic','2010-03-30 08:26:40','2010-03-31 16:02:17','3-94 Myougadai <br>\nMizunami-shi','','Gifu ',358,'509-6105',395,'COM','',''),(1340,27,3,3,32,0,'081/8271006','','081/3389027','mikyambro2002@libero.it','','Ambrosio Montanera Lab. Odontotecnico','2010-03-30 08:26:40','2010-03-31 16:02:17','Via Scudieri 50','','S.Giuseppe Vesuviano',315,'80047',395,'','',''),(1341,27,3,3,32,0,'041/5100599','','','dentalriviera@libero.it','','DENTAL RIVIERA sas di Baldan Fabio & C.','2010-03-30 08:26:40','2010-03-31 16:02:17','Via Riviera Del Brenta 338','','Fiesso D\'Artico',315,'30032',395,'','',''),(1342,27,3,3,32,0,'011/9086375','','','unident45@libero.it','','Unident 45 di Barella A. e C. SNC','2010-03-30 08:26:40','2010-03-31 16:02:17','Via C. Battisti 5','','Condove',315,'10055',395,'','',''),(1343,27,3,3,32,0,'0521/771881','','0521/272342','lanziecavalli@libero.it','','Lanzi & Cavalli SNC Laboratorio Odontotecnico','2010-03-30 08:26:40','2010-03-31 16:02:17','Strada Nuova Naviglio 8B','','Parma',315,'43100',395,'','',''),(1344,27,3,3,32,0,'0432/997730','','0432/4497426','','','Bernardinis Gianni -Odontotecnico-','2010-03-30 08:26:40','2010-03-31 16:02:17','Via Montello 49','','Visco',315,'33040',395,'','',''),(1345,27,3,3,32,0,'011/9831596','','011/9831596','','','Laboratorio La Ceramica (S.N.C.)','2010-03-30 08:26:40','2010-03-31 16:02:17','V. Martiri D\'Italia 3','','Caluso',315,'10014',395,'','',''),(1346,27,3,3,32,0,'015/703906','','','dental.lab@libero.it','','Dental Lab SAS di Luca Boccalate Luca & C. Laborratorio Odontotecnico','2010-03-30 08:26:40','2010-03-31 16:02:17','Via Ormezzano 47','','Valle Mosso',315,'13825',395,'','',''),(1347,27,3,3,32,0,'030/9966325','','030/9966325','','','Laboratorio Odontoprotesico Di Mauro Gerevini E Ma','2010-03-30 08:26:40','2010-03-31 16:02:17','V. Galizzi 17','','Carpenedolo',315,'25013',395,'','',''),(1348,27,3,3,32,0,'02/6150746','','','','','Laboratorio Odontotecnico LTA Snc','2010-03-30 08:26:40','2010-03-31 16:02:17','Via Raffaello Sanzio 3','','Cormano',315,'20032',395,'','',''),(1349,27,3,3,32,0,'055/768684','','','','','Di Paolo Stefano Laboratorio odontotecnico','2010-03-30 08:26:40','2010-03-31 16:02:17','Via Della Caduta 1','','Scandicci',315,'50018',395,'','',''),(1350,27,3,3,32,0,'011/4551617','','','','','Dusto Roberto','2010-03-30 08:26:40','2010-03-31 16:02:17','Via G.Borsi 132','','Torino',315,'10149',395,'','',''),(1351,27,3,3,32,0,'06/9344284','','','l.facca@gmail.com','','Facca e Schettini SNC Laboratorio Odontotecnico','2010-03-30 08:26:40','2010-03-31 16:02:17','Via Innocenzo XII 44','RM','Ariccia',315,'00040',395,'COM','',''),(1352,27,3,3,32,0,'06/2072208','','06/2072208','centro3@virgilio.it','','Centro 3 SNC di Lelli Maurizio Laboratorio odontotecnico','2010-03-30 08:26:40','2010-03-31 16:02:17','Via Licata 25e','','Roma',315,'00133',395,'','',''),(1353,27,3,3,32,0,'0773/517886','','0773/517886','licciascanio@libero.it','','Licci Ascano Laboratorio Oontotecnico','2010-03-30 08:26:40','2010-03-31 16:02:17','Via Dei Guitti 10','','Sabaudia',315,'04016',395,'','',''),(1354,27,3,3,32,0,'080/5024271','','','','','Bari Ortodonzia di Lorusso Roberto Laboratorio odontotecnico ','2010-03-30 08:26:40','2010-03-31 16:02:17','Via Vitoantonio Di Cagno 14','','Bari',315,'70124',395,'','',''),(1355,27,3,3,32,0,'0552/934247','','0552/934247','','','Penta SNC di Milani Gian Marco e C. Laboratorio Odontotecnico','2010-03-30 08:26:40','2010-03-31 16:02:17','Via Pizzetti I° 12','','Reggio Emilia',315,'42100',395,'','',''),(1356,27,3,3,32,0,'081/5493438','','','salmarco56@libero.it','','Muzzio Marco Laboratorio Odontotecnico','2010-03-30 08:26:40','2010-03-31 16:02:17','Via Salvator Rosa 124','','Napoli',315,'80128',395,'','',''),(1357,27,3,3,32,0,'0321/882882','','','snoe@libero.it','','Noe\' Stefano','2010-03-30 08:26:40','2010-03-31 16:02:17','C. Giuseppe Mazzini 32','','Vespolate',315,'28079',395,'','',''),(1358,27,3,3,32,0,'095/505069','','095/505069','labpiana@interfree.it','','Antonio Piana Laboratorio Odontotecnico','2010-03-30 08:26:40','2010-03-31 16:02:17','Via Randazzo 5','','Catania',315,'95100',395,'','',''),(1359,27,3,3,32,0,'0695/758246','','','','','New Prodent SAS Lab. Odontotecnico','2010-03-30 08:26:40','2010-03-31 16:02:17','Via Roma 1','','Villa San Giovanni',315,'89018',395,'','',''),(1360,27,3,3,32,0,'06/4103354','','06/4103354','mbm.odontolab@libero.it','','Mbm Sandro Silvetti','2010-03-30 08:26:40','2010-03-31 16:02:17','Via Donato Menichella 304','','Roma',315,'00156',395,'','',''),(1361,27,3,3,32,0,'0541/478144','','0541/476388','alger69@libero.it','','Evolab SRL di Sommariva Alberto Laboratorio Odontotecnico','2010-03-30 08:26:40','2010-03-31 16:02:17','Via Catania 28','','Rivazzurra di Rimini',315,'47900',395,'','',''),(1362,27,3,3,32,0,'059/285219','','059/285218','lab@lorilabors.it','','Lorilabors SRL Laboratorio Odontotecnico','2010-03-30 08:26:40','2010-03-31 16:02:17','Viale Indipendenza 5','','Modena',315,'41100',395,'','',''),(1363,27,3,3,32,0,'051/359507','','051/359507','aelle.snc@virgilio.it','','Zandi Andrea Laboratorio Odontotecnico','2010-03-30 08:26:40','2010-03-31 16:02:17','Via Mitelli 22d','','Bologna',315,'40128',395,'','',''),(1364,27,3,3,32,0,'+81 (0) 26 293 2222','','+81 (0) 26 293 8281','dentplan.aoki@nifty.co.jp','','Dentplan Aoki','2010-03-30 08:26:40','2010-03-31 16:02:17','2256-4 Futatuyanagi Shinonoi \nNagano-shi','','Nagano',358,'388-8012',395,'COM','',''),(1365,27,3,3,32,0,'+81 (0)86 429 0520','','+81 (0)86 429 0520','','','Fujiwara Yutaka','2010-03-30 08:26:40','2010-03-31 16:02:17','727-3 Kasuyama <br>\nKurashiki-shi','','Okayama',358,'710-0026',395,'COM','',''),(1366,27,3,3,32,0,'+81 (0)567 46 2503','','+81 (0)567 46 4355','tdl@clovernet.ne.jp','','T.D.L. Tsushima Dental Laboratory','2010-03-30 08:26:40','2010-03-31 16:02:17','238 Yamanohata Yokoide <br>\nHeiwa-cho <br>\nInazawa-shi','','Aichi',358,'490-1313',395,'COM','',''),(1367,27,3,3,32,0,'+81 (0)246 62 3610','','+81 (0)246 62 3610','','','Seeds','2010-03-30 08:26:40','2010-03-31 16:02:17','2-8-5 Sanuka-machi Higashi <br>\nIwaki-shi','','Fukushima',358,'974-8223',395,'COM','',''),(1368,27,3,3,32,0,'+81 (0)973 23 3200','','+81 (0)973 22 5114','','','Nishinihon Shikahotetsu Kenkyusho','2010-03-30 08:26:40','2010-03-31 16:02:17','480-3 Seiwa-cho\nHita-shi','','Oita',358,'877-0056',395,'COM','',''),(1369,27,3,3,32,0,'+81 (0)48 267 5235','','','minoru-ikeda@kbd.biglobe.ne.jp','','Ikeda Dental Labo','2010-03-30 08:26:40','2010-03-31 16:02:17','Tsukasa Heights 1F <br>\n1-5-5 Shibanakata <br>\nKawaguchi-shi','','Saitama',358,'333-0847',395,'COM','',''),(1370,27,3,3,32,0,'+81(0)896 23 8641','','+81(0)896 23 8641','','','Iota Dental Laboratory','2010-03-30 08:26:40','2010-03-31 16:02:17','945 Kaimigashiwa-cho <br>\nShikokuchuou-shi','','Ehime',358,'799-0412',395,'COM','',''),(1371,27,3,3,32,0,'+81 (0)463 32 1499','','+81 (0)463 32 1499','','','Teeth Factory','2010-03-30 08:26:40','2010-03-31 16:02:17','1-7 Hanamizudai <br>\nHiratsuka-shi <br>','','Kanagawa',358,'254-0824',395,'COM','',''),(1372,27,3,3,32,0,'+81 (0)76 253 2456','','+81 (0)76 253 2458','dental@os-line.jp','','O\'s LINE Dental Tech Institute','2010-03-30 08:26:40','2010-03-31 16:02:17','202-1 Kosakamachi-Kita\nKanazawa-shi','','Ishikawa',358,'920-0811',395,'COM','',''),(1373,27,3,3,32,0,'+81 (0)977 23 6713','','+81 (0)977 23 9923','hiroshi_i@mbc.nifty.com','','Iwasaki Hiroshi','2010-03-30 08:26:40','2010-03-31 16:02:17','10 Asahigaoka-cho\nBeppu-shi','','Oita',358,'874-0846',395,'COM','',''),(1374,27,3,3,32,0,'+81 (0)463 82 3972','','+81 (0)463 82 3972','','','Yuubi Shikagiken','2010-03-30 08:26:40','2010-03-31 16:02:17','268-1 Naganuki\nHatano-shi','','Kanagawa',358,'257-0024',395,'COM','',''),(1375,27,3,3,32,0,'+81 (0)78 903 6400','','+81 (0)78 903 6400','wd1012-m-n@maia.eonet.ne.jp','','Work Dental Mizuguchi','2010-03-30 08:26:40','2010-03-31 16:02:17','1-12-14 Sumiredai <br>\nNishinomiya-shi','','Hyogo',358,'651-1432',395,'COM','',''),(1376,27,3,3,32,0,'+81 (0)52 805 3276','','+81 (0)52 805 3276','xybfr639@yahoo.co.jp','','Tokai Dental TEC','2010-03-30 08:26:40','2010-03-31 16:02:17','4-358 Hirako <br>\nAsada-cho <br>\nNisshin-shi','','Aichi ',358,'470-0124',395,'COM','',''),(1377,27,3,3,32,0,'+81 (0) 3 3499 4618','','+81 (0) 3 3499 4618','','','Aoyama Alice Dental Clinic','2010-03-30 08:26:40','2010-03-31 16:02:17','Sugahara Bldg. 4F\n2-10-16 Shibuya<br>','Tokyo','Shibuya',358,'150-0002',395,'COM','',''),(1378,27,3,3,32,0,'+81 (0) 267 68 1377','','+81 (0) 267 67 3658','','','Dental Clinic Kaho','2010-03-30 08:26:40','2010-03-31 16:02:17','3162-13 Iwamurata <br>\nSaku-shi','','Nagano',358,'385-0022',395,'COM','',''),(1379,27,3,3,32,0,'+81 (0)771 27 2005','','+81 (0)771 27 2005','','','Yoshitaka Nagasawa','2010-03-30 08:26:40','2010-03-31 16:02:17','62-6 Ochiai<br>\nNange\nHigashibetsuin-cho\n','','Kyoto',358,'621-0111',395,'COM','',''),(1380,27,3,3,32,0,'+81 (0) 725 54 2772','','','','','Eruwan Dental Laboratory','2010-03-30 08:26:40','2010-03-31 16:02:17','365 Hisai-cho <br>\nIzumi-shi','','Osaka',358,'594-1142',395,'COM','',''),(1381,27,3,3,32,0,'+81 (792)39 88 41','','','','','Nakayama Dental Clinic','2010-03-30 08:26:40','2010-03-31 16:02:17','192-6 Tenman\nOtsu-ku','','Hyogo',358,'671-1143',395,'','',''),(1382,27,3,3,32,0,'+81 (0)4 2942 1197','','+81 (0)4 2943 4081','taiseico@theia.ocn.ne.jp','','Taisei Shiken','2010-03-30 08:26:40','2010-03-31 16:02:17','2-2351-10 Hanazono <br>\nTokorozawa-shi <br>','','Saitama',358,'359-0047',395,'COM','',''),(1383,27,3,3,32,0,'+81 (0)90 8146 1979','','','','','Mr Kinya Ooide','2010-03-30 08:26:40','2010-03-31 16:02:17','408 3-1-11 Mikagehonmachi <br>\nHigashinada-ku br>\nKobe-shi','','Hyougo',358,'658-0054',395,'COM','',''),(1384,27,3,3,32,0,'+81 (0)985 32 4941','','+81 (0)985 32 4941','octc-mi@mx2.wt.tiki.ne.jp','','Osaka Ceramic Training Center (Miyazaki Branch)','2010-03-30 08:26:40','2010-03-31 16:02:17','Success 90 Bldg. 6F <br>\n1-7 Ohashi <br>\nMiyazaki-shi','','Miyazaki',358,'880-0022',395,'COM','',''),(1385,27,3,3,32,0,'+81 (0) 48 810 0108','','+81 (0) 48 810 0108','dent-corretto@syd.odn.ne.jp','','Dent Corretto','2010-03-30 08:26:40','2010-03-31 16:02:17','2-5-41 Banba <br>\nMidori-ku <br>\nSaitama-shi','','Saitama',358,'336-0912',395,'COM','',''),(1386,27,3,3,32,0,'+81 (0) 566 21 3119','','+81 (0) 566 21 3119','d-link@katch.ne.jp','','Dental Link','2010-03-30 08:26:40','2010-03-31 16:02:17','62 Ookiya <br>\nIzumida-cho <br>\nKariya-shi','','Aichi ',358,'448-0004',395,'COM','',''),(1387,27,3,3,32,0,'+81 (0)24 522 4659','','+81 (0)24 523 4236','tohokudp@eameo.plala.or.jp','','Tohoku Shika Seimitsu','2010-03-30 08:26:40','2010-03-31 16:02:17','10-8 Chugen-cho <br>\nFukushima-shi','','Fukushima',358,'960-8105',395,'COM','',''),(1388,27,3,3,32,0,'+81 (0)774 93 0143','','+81 (0)774 93 0143','sanjyo@zeus.eonet.ne.jp','','Sanjyo','2010-03-30 08:26:40','2010-03-31 16:02:17','1-4 Minami Inayazuma Morigaito <br> \nSeika-cho <br>\nSouraku-gun','','Kyoto',358,'619-0243',395,'COM','',''),(1389,27,3,3,32,0,'+81 (0)92 948 3460','','','','','Fukuoka Meister Labo','2010-03-30 08:26:40','2010-03-31 16:02:17','622 Onaka <br>\nSasaguri-machi <br>\nKasuya-gun','','Fukuoka',358,'811-2413',395,'COM','',''),(1390,27,3,3,32,0,' +81 (0)49 286 2317','',' +81 (0)49 286 2317','','','Artisan Nao','2010-03-30 08:26:40','2010-03-31 16:02:17','589-29 Shimoshinden\nTsurugashima-shi','','Saitama',358,'350-2222',395,'COM','',''),(1391,27,3,3,32,0,'+81 (0)47 343 2670','','+81 (0)47 343 2658','','','Kyowa Dental Laboratory','2010-03-30 08:26:40','2010-03-31 16:02:17','3-3-7 Nishimabashi<br>\nMatsudo-shi','','Chiba',358,'271-0044',395,'COM','',''),(1392,27,3,3,32,0,'+81 (0)89 956 5761','','+81 (0)89 956 5761','tam2@sky.quolia.com','','Tamura Dental Laboratory','2010-03-30 08:26:40','2010-03-31 16:02:17','4-5 Higashi ishii-machi <br>\nMatsuyama-shi','','Ehime',358,'790-0932',395,'COM','',''),(1393,27,3,3,32,0,'+81 (0)247 49 3327','','+81 (0)247 49 3327','wankopost.k@k9.dion.ne.jp','','A.T Labo','2010-03-30 08:26:40','2010-03-31 16:02:17','146 Hanuki<br>\nSamegawa-mura<br>\nHigashi shirakawa-gun','','Fukushima',358,'963-8403',395,'COM','',''),(1394,27,3,3,32,0,'+81 (0)942 43 3732','','+81 (0)942 43 3732','','','LAB QUALITY','2010-03-30 08:26:40','2010-03-31 16:02:17','4203-43 Kourauchi-machi <br>\nKurume-shi','','Fukuoka',358,'839-0852',395,'COM','',''),(1395,27,3,3,32,0,'+81 (748)88 46 18','','','','','Rinsho Shigaku Kenkyusho','2010-03-30 08:26:40','2010-03-31 16:02:17','2216-49  Aburahi <br>\nKouka-machi <br>\nKouka-gun','','Shiga',358,'520-3413',395,'COM','',''),(1396,27,3,3,32,0,'+81 (0)48 624 2824','','+81 (0)48 624 2824','ponko-gt350@docomo.ne.jp','','Tsuruta Dental Lab','2010-03-30 08:26:40','2010-03-31 16:02:17','1391-6 Hourai  <br>\nNishi-ku <br>\nSaitama-shi','','Saitama',358,'331-0074',395,'COM','',''),(1397,27,3,3,32,0,'+81 (0)977 27 6151','','+81 (0)977 27 6150','','','Kawabata Shikagikousho','2010-03-30 08:26:40','2010-03-31 16:02:17','5-2 Baba-machi<br>\nBeppu-shi','','Oita',358,'874-0847',395,'COM','',''),(1398,27,3,3,32,0,'+81 (0)(45)542 7587','','+81 (0)45 542 7559','','','Sowa Shiken','2010-03-30 08:26:40','2010-03-31 16:02:17','6-11-12 Tsunashima Higashi <br>\nKohoku-ku <br>\nYokohama-shi','','Kanagawa',358,'223-0052',395,'COM','',''),(1399,27,3,3,32,0,'+81 (0) 543 67 8898','','+81 (0) 543 67 8810','fine2001@hw.tnc.ne.jp','','Fine Dentures Laboratory','2010-03-30 08:26:40','2010-03-31 16:02:17','5-7-35 Takahshi <br>\nShimizu-ku <br>\nShizuoka-shi','','Shizuoka',358,'424-0041',395,'COM','',''),(1400,27,3,3,32,0,'+81 (0) 6 63 96 44 00','','','yonedan@aol.com','','Hakusui Trading Co. Ltd.','2010-03-30 08:26:40','2010-03-31 16:02:17','1-1-15 Niitaka <br>\nYodogawa-ku\nOsaka-shi','','Osaka',358,'532-0033',395,'COM','',''),(1401,27,3,3,32,0,'','','','','','Alfonso Arredonto Mata','2010-03-30 08:26:40','2010-03-31 16:02:17','Fermin Espinoza No. 6, Peña Taurina','','San José Iturbide, Guanajuato',290,'37980',395,'','',''),(1402,27,3,3,32,0,'','','','','','Hernández Laboratorio Dental','2010-03-30 08:26:40','2010-03-31 16:02:17','162, Pto San José del Cabo','','Mexico City',283,'07580',395,'','',''),(1403,27,3,3,32,0,'','','','','','Atención Dental  Multisiciplinarias S.C.','2010-03-30 08:26:40','2010-03-31 16:02:17','9, Beristain y Souza','','Mexico City',283,'08200',395,'','',''),(1404,27,3,3,32,0,'','','','','','Laboratorio de Odontotecnica Ochoa','2010-03-30 08:26:40','2010-03-31 16:02:17','Honduras 106 Ote.','','Cd. Madero Tamauhipas',283,'89580',395,'','',''),(1405,27,3,3,32,0,'','','','','','Rodríguez Prótesis Dental','2010-03-30 08:26:40','2010-03-31 16:02:17','73, Campeche','','Mexico City',283,'06700',395,'','',''),(1406,27,3,3,32,0,'','','','','','Laboratorio Dental Tobón','2010-03-30 08:26:40','2010-03-31 16:02:17','22 Nte 803, Los Remedios','','Puebla, Puebla',283,'72000',395,'','',''),(1407,27,3,3,32,0,'','','','','','Aalst Tandtechniek van','2010-03-30 08:26:40','2010-03-31 16:02:17','Postbus 7463','','Numansdorp',326,'3280 AG',395,'','',''),(1408,27,3,3,32,0,'','','','','','Tandtechnisch laboratorium Merwedent','2010-03-30 08:26:40','2010-03-31 16:02:17','Merwedeplantsoen 67','','Utrecht',326,'3522 JZ',395,'','',''),(1409,27,3,3,32,0,'','','','','','Tandtechnisch laboratorium Quintadent Emmen BV','2010-03-30 08:26:40','2010-03-31 16:02:17','Postbus 44','','Emmen',326,'7800 AA',395,'','',''),(1410,27,3,3,32,0,'','','','','','Tandzorg Bergen op Zoom','2010-03-30 08:26:40','2010-03-31 16:02:17','Boerhaveplein 9','','Bergen op Zoom',326,'4624 VT',395,'','',''),(1411,27,3,3,32,0,'','','','','','Tandtechnisch laboratorium Beekman','2010-03-30 08:26:40','2010-03-31 16:02:17','Postbus 2030','','Veendam',326,'9640 CA',395,'','',''),(1412,27,3,3,32,0,'','','','','','Tandprothtische praktijk Berkien','2010-03-30 08:26:40','2010-03-31 16:02:17','Prins Hendrikstraat 37','','Naaldwijk',326,'2671 JG',395,'','',''),(1413,27,3,3,32,0,'','','','','','Betker P. TPP','2010-03-30 08:26:40','2010-03-31 16:02:17','Dukatenpassage 157','','Lelystad',326,'8232 GE',395,'','',''),(1414,27,3,3,32,0,'','','','','','Tandtechnisch laboratorium Brug de','2010-03-30 08:26:40','2010-03-31 16:02:17','Postbus 4','','Balkbrug',326,'7707 ZG',395,'','',''),(1415,27,3,3,32,0,'','','','','','Tandprothetische Praktijk PJM Coenen','2010-03-30 08:26:40','2010-03-31 16:02:17','Cuijkstraat 7','','Uden',326,'5604 XJ',395,'','',''),(1416,27,3,3,32,0,'','','','','','Praktijk/Laboratorium T.X. de Jong','2010-03-30 08:26:40','2010-03-31 16:02:17','Zernikesstraat 16','','Amersfoort',326,'3817 SV',395,'','',''),(1417,27,3,3,32,0,'','','','','','Tandtechnisch laboratorium Zuid','2010-03-30 08:26:40','2010-03-31 16:02:17','Strevelsweg 121 B','','Rotterdam',326,'3073 DX',395,'','',''),(1418,27,3,3,32,0,'','','','','','Tandtechnisch laboratorium Intradent','2010-03-30 08:26:40','2010-03-31 16:02:17','Postbus 78','','Raalte',326,'8100 AB',395,'','',''),(1419,27,3,3,32,0,'','','','','','Tandprothetische praktijk','2010-03-30 08:26:40','2010-03-31 16:02:17','Cornelis Ditostraat 67','','Den Helder',326,'1782 TP',395,'','',''),(1420,27,3,3,32,0,'','','','','','Tandtechnische Praktijk Geboers','2010-03-30 08:26:40','2010-03-31 16:02:17','de Wijer 10c','','Hapert',326,'5527 EA',395,'','',''),(1421,27,3,3,32,0,'','','','','','Tandprothetische praktijk Gombault G.K.','2010-03-30 08:26:40','2010-03-31 16:02:17','Witte Paal 245','','Schagen',326,'17412 LB',395,'','',''),(1422,27,3,3,32,0,'','','','','','Tandtechnisch laboratorium Centrum tandheelkunde','2010-03-30 08:26:40','2010-03-31 16:02:17','Postbus 532','','Assen',326,'9400 AM',395,'','',''),(1423,27,3,3,32,0,'','','','','','Tandtechnisch laboratorium Timmermans','2010-03-30 08:26:40','2010-03-31 16:02:17','Jachthavenweg 14','','Venlo',326,'5928 NT',395,'','',''),(1424,27,3,3,32,0,'','','','','','TTL Hendriksen','2010-03-30 08:26:40','2010-03-31 16:02:17','Schorpioen 63','','Oostburg',326,'4501 HC',395,'','',''),(1425,27,3,3,32,0,'','','','','','Tandtechnisch laboratorium Hesselink & Kuster','2010-03-30 08:26:40','2010-03-31 16:02:17','Postbus 158','','Lichtenvoorde',326,'7130 AD',395,'','',''),(1426,27,3,3,32,0,'','','','','','Hoeve Tandtechniek BV','2010-03-30 08:26:40','2010-03-31 16:02:17','Postbus 157','','Gouda',326,'2800 AD',395,'','',''),(1427,27,3,3,32,0,'','','','','','Tandprothetische praktijk Hout B. in \'t','2010-03-30 08:26:40','2010-03-31 16:02:17','Weerdingerstraat 52','','Emmen',326,'7815 SE',395,'','',''),(1428,27,3,3,32,0,'','','','','','DENTALLUX Tandtechniek','2010-03-30 08:26:40','2010-03-31 16:02:17','Bonaire 6','','Apeldoorn',326,'7332 BN',395,'','',''),(1429,27,3,3,32,0,'','','','','','Tandkliniek Ike Tandtechniek','2010-03-30 08:26:40','2010-03-31 16:02:17','Hoofdstraat 83','','Beetsterzwaag',326,'9244 CM',395,'','',''),(1430,27,3,3,32,0,'','','','','','Tandprothetische laboratorium Kauwenberg F.Ch.Th.','2010-03-30 08:26:40','2010-03-31 16:02:17','Bolwerk 26','','Veldhoven',326,'5509 MH',395,'','',''),(1431,27,3,3,32,0,'','','','','','Tandtechnisch laboratorium Groesbeeks','2010-03-30 08:26:40','2010-03-31 16:02:17','Sportlaan 84','','Groesbeek',326,'6560 AB',395,'','',''),(1432,27,3,3,32,0,'','','','','','Tandtechnisch laboratorium Kind A.L.J.','2010-03-30 08:26:40','2010-03-31 16:02:17','Postbus 83','','Winterswijk',326,'7100 AB',395,'','',''),(1433,27,3,3,32,0,'','','','','','Tandtechnisch laboratorium Klaassen B.V.','2010-03-30 08:26:40','2010-03-31 16:02:17','Communicatielaan 3','','Terneuzen',326,'4538 BV',395,'','',''),(1434,27,3,3,32,0,'','','','','','Tandtechnisch laboratorium E.K. Dental Team','2010-03-30 08:26:40','2010-03-31 16:02:17','Zenderstraat 113','','Hilversum',326,'1223 DT',395,'','',''),(1435,27,3,3,32,0,'','','','','','Tandprothetische praktijk Lameijer/Prothista B.V.','2010-03-30 08:26:40','2010-03-31 16:02:17','Schepenlaan 36b','','Zaandam',326,'1503 HL',395,'','',''),(1436,27,3,3,32,0,'','','','','','Tandprothetische praktijk B. Lip','2010-03-30 08:26:40','2010-03-31 16:02:17','Van Echtenskanaal NZ 174','','Klazienaaveen',326,'7891 AK',395,'','',''),(1437,27,3,3,32,0,'','','','','','Tandprothetische Praktijk Woerden P.C.C. Mooijman, tandprotheticus','2010-03-30 08:26:40','2010-03-31 16:02:17','Polanerbaan 13a','','Woerden',326,'3447 GN',395,'','',''),(1438,27,3,3,32,0,'','','','','','Tandtechnisch laboratorium Mastenbroek','2010-03-30 08:26:40','2010-03-31 16:02:17','Onnaweg 5','','EZ Steenwijk',326,'8331',395,'','',''),(1439,27,3,3,32,0,'','','','','','Tandtechnisch laboratorium den Bosch B.V.','2010-03-30 08:26:40','2010-03-31 16:02:17','Postbus 1110','','S Hertogenbosch',326,'5200 BD',395,'','',''),(1440,27,3,3,32,0,'','','','','','Tandprothetische praktijk P.K. Monten','2010-03-30 08:26:40','2010-03-31 16:02:17','Richterpad 8','','Valkenswaard',326,'5554 BJ',395,'','',''),(1441,27,3,3,32,0,'','','','','','Tandtechnisch laboratorium W. Neefs','2010-03-30 08:26:40','2010-03-31 16:02:17','Goudenregenstraat 184','','S-Gravenhage',326,'2565 GC',395,'','',''),(1442,27,3,3,32,0,'','','','','','Tandtechnisch laboratorium Dental Laboratorium IJsselmond','2010-03-30 08:26:40','2010-03-31 16:02:17','Postbus 40010','','Zwolle',326,'8004 DA',395,'','',''),(1443,27,3,3,32,0,'','','','','','Tandtechnisch laboratorium D.A.N. Naafs BV','2010-03-30 08:26:40','2010-03-31 16:02:17','Arnhemseweg 73','','Apeldoorn',326,'7331 BC',395,'','',''),(1444,27,3,3,32,0,'','','','','','Okkerse Tandtechniek','2010-03-30 08:26:40','2010-03-31 16:02:17','Noordwind 2','','S-Gravenzande',326,'2791 BA',395,'','',''),(1445,27,3,3,32,0,'','','','','','Tandprothetische praktijk Overdijk','2010-03-30 08:26:40','2010-03-31 16:02:17','Zeddamseweg 84b','','S-Heerenberg',326,'7041 CT',395,'','',''),(1446,27,3,3,32,0,'','','','','','Marland Dental Labor B.V.','2010-03-30 08:26:40','2010-03-31 16:02:17','de Pol 34','','Losser',326,'7582 CZ',395,'','',''),(1447,27,3,3,32,0,'','','','','','Tandprothetische praktijk Pleysant S.P.','2010-03-30 08:26:40','2010-03-31 16:02:17','Olstgracht 61','','Almere',326,'1315 BH',395,'','',''),(1448,27,3,3,32,0,'','','','','','Tandtechniek Reijs','2010-03-30 08:26:40','2010-03-31 16:02:17','Postbus 2039','','Hoogeveen',326,'7900 AB',395,'','',''),(1449,27,3,3,32,0,'','','','','','Tandtechnisch laboratorium Walfit','2010-03-30 08:26:40','2010-03-31 16:02:17','Postbus 452','','Alkmaar',326,'1800 AL',395,'','',''),(1450,27,3,3,32,0,'','','','','','Tandtechnisch laboratorium Scheffer','2010-03-30 08:26:40','2010-03-31 16:02:17','De J. van Maerlanstr. 21','','Den Bosch',326,'5216 JB',395,'','',''),(1451,27,3,3,32,0,'','','','','','Tandtechnisch laboratorium Scholten G. BV','2010-03-30 08:26:40','2010-03-31 16:02:17','Postbus 4212 ','','Tilburg',326,'5004 JE',395,'','',''),(1452,27,3,3,32,0,'','','','','','Tandtechnisch laboratorium Sluiter P.','2010-03-30 08:26:40','2010-03-31 16:02:17','Postbus 32','','Abcoude',326,'1390 AA',395,'','',''),(1453,27,3,3,32,0,'','','','','','Tandtechnisch laboratorium Smit','2010-03-30 08:26:40','2010-03-31 16:02:17','Bornerbroecksestraat 282','','Almelo',326,'7606 BS',395,'','',''),(1454,27,3,3,32,0,'','','','','','Tandtechnisch laboratorium Tajeddin','2010-03-30 08:26:40','2010-03-31 16:02:17','Postbus 43','','Bussum',326,'1400 AA',395,'','',''),(1455,27,3,3,32,0,'','','','','','Rijssen Dental','2010-03-30 08:26:40','2010-03-31 16:02:17','Vennekesgaarden 67','','Rijssen',326,'7462 TR',395,'','',''),(1456,27,3,3,32,0,'','','','','','Tandprothetische praktijk Woerkom G.J. van','2010-03-30 08:26:40','2010-03-31 16:02:17','de Wiel 8','','Helmond',326,'5701 PN',395,'','',''),(1457,27,3,3,32,0,'','','','','','Tandtechnisch laboratorium Van Aalst Tandtechniek','2010-03-30 08:26:40','2010-03-31 16:02:17','Postbus 7563','','Numansdorp',326,'3280AG',395,'','',''),(1458,27,3,3,32,0,'','','','','','Tandtechnisch laboratorium Eemsmond kroon/brug werk','2010-03-30 08:26:40','2010-03-31 16:02:17','Postbus 199','','Delfzijl',326,'9930 AD',395,'','',''),(1459,27,3,3,32,0,'','','','','','Tandtechnisch laboratorium ASTO','2010-03-30 08:26:40','2010-03-31 16:02:17','De werf 4','','Loenen A/D Vecht',326,'3632 AE',395,'','',''),(1460,27,3,3,32,0,'','','','','','Dental Union B.V.','2010-03-30 08:26:40','2010-03-31 16:02:17','Ravenswade 54-K','','Nieuwegein',326,'3439 LD',395,'','',''),(1461,27,3,3,32,0,'','','','','','Tandtechnisch laboratorium Prima Dent','2010-03-30 08:26:40','2010-03-31 16:02:17','Postbus 185','','Kampen',326,'8260 AD',395,'','',''),(1462,27,3,3,32,0,'','','','','','Tandtechnisch laboratorium Emergo','2010-03-30 08:26:40','2010-03-31 16:02:17','Postbus 290','','Enkhuizen',326,'1600 AG',395,'','',''),(1463,27,3,3,32,0,'','','','','','Tandtechnisch laboratorium Miedema E.','2010-03-30 08:26:40','2010-03-31 16:02:17','het Anker 1b','','Drachten',326,'9206 AL',395,'','',''),(1464,27,3,3,32,0,'','','','','','Edwin van der Male','2010-03-30 08:26:40','2010-03-31 16:02:17','Van Karnebeekpad 5','','Zwijndrecht',326,'3332 CS',395,'','',''),(1465,27,3,3,32,0,'','','','','','Oudheusden Dental B.V.','2010-03-30 08:26:40','2010-03-31 16:02:17','Leeuweriklaan 2','','Zeist',326,'3704 GR',395,'','',''),(1466,27,3,3,32,0,'','','','','','Pal P.J. van der','2010-03-30 08:26:40','2010-03-31 16:02:17','Watersnip 10','','Coevorden',326,'7742 PZ',395,'','',''),(1467,27,3,3,32,0,'','','','','','Hoeve Tandtechniek B.V.','2010-03-30 08:26:40','2010-03-31 16:02:17','Nijverheidsweg 3','','Hellelevoetsluis',326,'3225 LL',395,'','',''),(1468,27,3,3,32,0,'','','','','','Bussums Tandtechnisch Lab','2010-03-30 08:26:40','2010-03-31 16:02:17','Postbus 364','','Bussum',326,'1400 AJ',395,'','',''),(1469,27,3,3,32,0,'','','','','','Tandtechnisch laboratorium Dental Twente','2010-03-30 08:26:40','2010-03-31 16:02:17','Postbus 649','','Almelo',326,'7600  AP',395,'','',''),(1470,27,3,3,32,0,'','','','','','Tandtechnisch laboratorium Thema','2010-03-30 08:26:40','2010-03-31 16:02:17','Beltstraat 43c','','Enschede',326,'7512 AC',395,'','',''),(1471,27,3,3,32,0,'','','','','','R. M. Schouten Tandtechniek B.V','2010-03-30 08:26:40','2010-03-31 16:02:17','Eerste Zeine 8a','','Waalkwijk',326,'5144 AK',395,'','',''),(1472,27,3,3,32,0,'+64 3 332 4169','','','','','Beckenham Dental Lab','2010-03-30 08:26:40','2010-03-31 16:02:17','269 Colombo Street','','Christchurch',300,'',395,'','',''),(1473,27,3,3,32,0,'+64 3 355 4704','','','','','Merivale Denture Clinic','2010-03-30 08:26:40','2010-03-31 16:02:17','206 Papanui Road','','Christchurch',300,'',395,'','',''),(1474,27,3,3,32,0,'+64 3 545 0909','','','','','Pannell Dental Lab','2010-03-30 08:26:40','2010-03-31 16:02:17','34 Seaton Street','','Nelson',300,'',395,'','',''),(1475,27,3,3,32,0,'+64 9 448 1346','','','','','Denture Tech','2010-03-30 08:26:40','2010-03-31 16:02:17','5A 331 Rosedale Road','','Albany, Auckland',300,'',395,'','',''),(1476,27,3,3,32,0,'+64 7 348 3970','','','','','Phillip A Tasker','2010-03-30 08:26:40','2010-03-31 16:02:17','1140 Tutanekai Street','','Rotorua',300,'',395,'','',''),(1477,27,3,3,32,0,'','','','','','Bodo Dentallaboratoirum AS','2010-03-30 08:26:40','2010-03-31 16:02:17','Dronningens Gate, Postboks 567','','Bodo',327,'8006',395,'','',''),(1478,27,3,3,32,0,'','','','','','Karl Arne Schneider','2010-03-30 08:26:40','2010-03-31 16:02:17','Kluftebakken 7','','Kongsberg',327,'3600',395,'','',''),(1479,27,3,3,32,0,'','','','','','Clínica Belmont S.A.','2010-03-30 08:26:40','2010-03-31 16:02:17','Av. Javier Prado Este 1692, \nSan Borja','','Lima 41',294,'',395,'','',''),(1480,27,3,3,32,0,'','','','','','Cesar Garay Ticeran','2010-03-30 08:26:40','2010-03-31 16:02:17','San Miguel 869, Interior D\nSurquillo','','Lima 34',294,'',395,'','',''),(1481,27,3,3,32,0,'27229662','','','','','R.A. Dental Supplies & Laboratory Inc.','2010-03-30 08:26:40','2010-03-31 16:02:17','#446 Kennedy Bldg.\nF. Blumentritt St. (near Kamuning)\nSan Juan','','Metro Manila',371,'',395,'','',''),(1482,27,3,3,32,0,'27342664','','','','','J. Barrientos Dental Lab','2010-03-30 08:26:40','2010-03-31 16:02:17','Rm.507   5th Flr. Borja Bldg\nKatubusan St. Sta. Cruz','','Manila',371,'',395,'','',''),(1483,27,3,3,32,0,'472246458','','','','','Duro\'s Dental Lab','2010-03-30 08:26:40','2010-03-31 16:02:17','71-  14th St. New Kalalake','','Olongapo (Zambales)',371,'',395,'','',''),(1484,27,3,3,32,0,'22760184','','','','','Rudy Dental Lab','2010-03-30 08:26:40','2010-03-31 16:02:17','No. 104 SGT. Catolos St.','','Cubao, Quezon City',371,'',395,'','',''),(1485,27,3,3,32,0,'822210937','','','','','R.M. Dental Lab & Supply','2010-03-30 08:26:40','2010-03-31 16:02:17','Floor 2, Asaje Bldg. Magallanes St.','','Davao City',371,'',395,'','',''),(1486,27,3,3,32,0,'88724367','','','','','B. Sia','2010-03-30 08:26:40','2010-03-31 16:02:17','105 Haves St.','','Cagayan de Oro City',371,'',395,'','',''),(1487,27,3,3,32,0,'','','','','','Dentalia d.o.o.','2010-03-30 08:26:40','2010-03-31 16:02:17','Celovska 197','','Ljubljana',337,'1000',395,'','',''),(1488,27,3,3,32,0,'','','','','','Zobotehnicni Laboratorij Janezi','2010-03-30 08:26:40','2010-03-31 16:02:17','Presernova 8','','Domzale',337,'1230',395,'','',''),(1489,27,3,3,32,0,'','','','','','Ing. Janez Mihelec','2010-03-30 08:26:40','2010-03-31 16:02:17','Cesta talcev 29','','Velenje',337,'3320',395,'','',''),(1490,27,3,3,32,0,'','','','','','Tehnodent d.o.o. - Zobni Laboratorij','2010-03-30 08:26:40','2010-03-31 16:02:17','Cesta v Mestni log 55','','Ljubljana',337,'1000',395,'','',''),(1491,27,3,3,32,0,'','','','','','Zobotehnicni Laboratorij Ing. Franci Rojko','2010-03-30 08:26:40','2010-03-31 16:02:17','Na Tratah 4','','Ptuj',337,'2250',395,'','',''),(1492,27,3,3,32,0,'','','','','','Miro Zimmer','2010-03-30 08:26:40','2010-03-31 16:02:17','Stobovska 11a','','Domzale',337,'1230',395,'','',''),(1493,27,3,3,32,0,'','','','','','Zobotehnicni Laboratorij Mirjana Zorcic','2010-03-30 08:26:40','2010-03-31 16:02:17','Efenkova 61','','Velenje',337,'3320',395,'','',''),(1494,27,3,3,32,0,'+82 (0) 2 931 09 33','','+82 (0) 2 931 09 21','taesung0933@naver.com','','TAESUNG','2010-03-30 08:26:40','2010-03-31 16:02:17','169-14 Sanggae-dong,Nowon-gu','','Seoul City',375,'',395,'','',''),(1495,27,3,3,32,0,'+82 (0) 54 281 31 41','','+82 (0) 54 281 81 94','one2816141@hanmail.net','','Dental Lab Pohang One','2010-03-30 08:26:40','2010-03-31 16:02:17','18-19, Dae Do Dong, Nam-gu','','Pohang ',375,'',395,'','',''),(1496,27,3,3,32,0,'+82 (0) 55 742 69 65','','+82 (0) 55 743 82 06','cbl-heaven@hanmail.net','','SHINAN','2010-03-30 08:26:40','2010-03-31 16:02:17','2F, 448-4, Sinandong Jinju-si','','Gyungsangnam-do',375,'',395,'','',''),(1497,27,3,3,32,0,'+82 (0) 2-3446-8711','','+82 (0) 2-3445-6776','tisoncap@dreamwiz.com','','Damok International Ltd.','2010-03-30 08:26:40','2010-03-31 16:02:17','2 floor so-hae B/D, 527 Sinsa Dong\nGamnam-gu','','Seoul',375,'',395,'','',''),(1498,27,3,3,32,0,'+82 (0) 2 857 28 08','','+82 (0) 2 26 98 28 09','molar305@hanmail.net','','Chungdam Dental Lab','2010-03-30 08:26:40','2010-03-31 16:02:17','992-6, Sinjeong 4-dong, Yangcheon-gu\n','','Seoul ',375,'',395,'','',''),(1499,27,3,3,32,0,'+82 (0) 42 535 18 04','','+82 (0) 42 535 18 04','jieum@hanmail.net','','JIEUM','2010-03-30 08:26:40','2010-03-31 16:02:17','3F 594-14 yongmun-dong seo-gu','','Daejeon ',392,'',395,'','',''),(1500,27,3,3,32,0,'+82 (0) 2 22 31 99 40','','+82 (0) 2 22 31 93 49','cr9940@naver.com','','CR','2010-03-30 08:26:40','2010-03-31 16:02:17','#501, yaksu B/D, 340-73 Sindang-dong Jung-gu','','Seoul ',375,'',395,'','',''),(1501,27,3,3,32,0,'+82 (0) 2 467 28 05','','+82 (0) 2 464 68 53','jungsang1227@hanmail.net','','B&G','2010-03-30 08:26:40','2010-03-31 16:02:17','2F service gwangwang noryeon B/D, 24-21 Hwa yang-dong\nGwangjin-gu','','Seoul ',375,'',395,'','',''),(1502,27,3,3,32,0,'+82 (0) 31 336 28 79','','+82 (0) 31 321 28 82','okdentop@yahoo.co.kr','','YONGIN OK','2010-03-30 08:26:40','2010-03-31 16:02:17','3F Cheong B/D, 90-6 Kimyangjang-dong, Youngin-si\n\n','','Gyeonggido',375,'',395,'','',''),(1503,27,3,3,32,0,'+82 (0) 2 22 91 13 14','','+82 (0) 2 22 91 13 16','sjdc629@hanmail.net','','SAMJUNG','2010-03-30 08:26:40','2010-03-31 16:02:17','3F Jinho B/D, 68 Doseon-dong, Seongdong-gu','','Seoul',375,'',395,'','',''),(1504,27,3,3,32,0,'+82 (0) 2 884 58 92','','+82 (0) 2 873 60 68','tmj2875@hanmail.net','','TMJ','2010-03-30 08:26:40','2010-03-31 16:02:17','3F, 944-32, Bongcheon-dong, Gwanak-gu\n','','Seoul',375,'',395,'','',''),(1505,27,3,3,32,0,'+82 (0) 31 212 28 79','','+82 (0) 31 212 28 79','bbaru1976@hanmail.net','','OK','2010-03-30 08:26:40','2010-03-31 16:02:17','2F 320-5, Woncheon-dong, youngtong-gu, suwon-si\n','','Gyeonggi-do',375,'',395,'','',''),(1506,27,3,3,32,0,'+82 (0) 32 429 28 04','','+82 (0) 32 424 28 20','kksh64@hanmail.net','','SAEGIL','2010-03-30 08:26:40','2010-03-31 16:02:17','7F Daeyu B/D, 1450 Guwol-dong, Namdong-gu','','Incheon City',375,'',395,'','',''),(1507,27,3,3,32,0,'+82 (0) 2 931 44 13','','+82 (0) 2 951-01 81','yma4413@yahoo.co.kr','','BEUTIFUL','2010-03-30 08:26:40','2010-03-31 16:02:17','6F Bogo plaza, 157-26 Joong gae-dong \nNowon-gu','','Seoul ',375,'',395,'','',''),(1508,27,3,3,32,0,'+82 (0) 2 749 35 46','','+82 (0) 2 749 47 16','palrang392@hanmail.net','','ROYAL','2010-03-30 08:26:40','2010-03-31 16:02:17','#1203, Daeryung techno town 7th 489-11 Gasan-dong, Geumcheon-gu','','Seoul',375,'',395,'','',''),(1509,27,3,3,32,0,'+82 (0) 32 526 18 84','','+82 (0) 32 526 18 84','gns10400@hanmail.net','','SOO','2010-03-30 08:26:40','2010-03-31 16:02:17','4F, seogyung B/D, 203-6 Bupyung-4dong, Boo Pyung-gu','','Incheon',375,'',395,'','',''),(1510,27,3,3,32,0,'+82 (0) 61 798 70 57','','+82 (0) 61 798 70 57','sun858@hanmail.net','','Gwangyang Gihon','2010-03-30 08:26:40','2010-03-31 16:02:17','3F 624-4 Gemho-dong, Gwangyang-si','','Jeollanam-do',375,'',395,'','',''),(1511,27,3,3,32,0,'+82 (0) 2 26 61 60 55','','+82 (0) 2 26 68 60 52','sjdnetal@hanmail.net','','SANGJO','2010-03-30 08:26:40','2010-03-31 16:02:17','4F, 723-6, Naebalsan-dong, Gangseo-gu','','Seoul ',375,'',395,'','',''),(1512,27,3,3,32,0,'+82 (0) 2 22 36 75 20','','+82 (0) 2 22 52 72 07','vigodental@korea.com','','VIGO','2010-03-30 08:26:40','2010-03-31 16:02:17','366-21 Sindang-dong Jung-gu','','Seoul ',375,'',395,'','',''),(1513,27,3,3,32,0,'+82 (0) 2 720 28 04','','+82 (0) 2 730 65 77','ivokorea@daum.net','','Ivokorea Dental Lab','2010-03-30 08:26:40','2010-03-31 16:02:17','3rd, 419-10, Gal-hyeon-dong,\nEun-pyeong-gu','','Seoul ',375,'',395,'COM','',''),(1514,27,3,3,32,0,'+82 (0) 52 292 49 28','','+82 (0) 52 292 49 28','sunshinelab@hanmail.net','','ULSAN HAETBIT','2010-03-30 08:26:40','2010-03-31 16:02:17','4F, 423-15, Hak sung -dong, Jung-gu','','Ulsan ',375,'',395,'','',''),(1515,27,3,3,32,0,'+82 (0) 2 22 98 42 06','','+82 (0) 2 22 98 22 04','01023751121@hanmail.net','','HONGWU','2010-03-30 08:26:40','2010-03-31 16:02:17','3 F, 406 Hong ik-dong \nSeongdong-gu','','Seoul ',375,'',395,'','',''),(1516,27,3,3,32,0,'+82 (0) 51 334 11 15','','+82 (0) 51 342 19 24','psh3341115@hanmail.net','','BUSAN LINEART','2010-03-30 08:26:40','2010-03-31 16:02:17','38-23 Doekcheon 2(i)- dong \nPuk-gu\n','','Pusan ',375,'',395,'','',''),(1517,27,3,3,32,0,'+82 (0) 31 451 28 04','','+82 (0) 31 451 28 03','69101@hanmail.net','','OK JAYEON','2010-03-30 08:26:40','2010-03-31 16:02:17','504-1 World vision office, 234-6 Gochun-dong, Euiwnag-si\n','','Geyonggi-do',375,'',395,'','',''),(1518,27,3,3,32,0,'+82 (0) 2-993-1118','','+82 (0) 2-993-1128','jiyooung@yahoo.co.kr','','MIPRO','2010-03-30 08:26:40','2010-03-31 16:02:17','3F 638 Ssangmun-2(i)dong, Dobong-gu\n','','Seoul',375,'',395,'','',''),(1519,27,3,3,32,0,'+82 (0) 2 22 48 69 92','','+82 (0) 2 22 48 88 53','yl6992@hanmail.net','','YOON','2010-03-30 08:26:40','2010-03-31 16:02:17','#401 4F FCN B/D, 69-4 Yongdab-dong Seongdong-gu','','Seoul ',375,'',395,'','',''),(1520,27,3,3,32,0,'+82 (0) 63 463 01 84','','+82 (0) 63 463 01 84','santatmj@hanmail.net','','GUNSAN TMJ','2010-03-30 08:26:40','2010-03-31 16:02:17','316-23, Nawun dong, Gunsai-si','','Jeollabuk-do',375,'',395,'','',''),(1521,27,3,3,32,0,'0651-141 41','','0651-102 86','','','Albinssons Dentallab Ljusdal','2010-03-30 08:26:40','2010-03-31 16:02:17','S:a Järnvägsgatan 52','','Ljusdal',333,'827 32',395,'COM','',''),(1522,27,3,3,32,0,'011-319461','','','','','Graham\'S Dentalteknik','2010-03-30 08:26:40','2010-03-31 16:02:17','MäLarsjukhuset ','','Eskilstuna',333,'63188',395,'','',''),(1523,27,3,3,32,0,'036-719525','','036-710058','','','DP NOVA','2010-03-30 08:26:40','2010-03-31 16:02:17','Kämpevägen 35\nBox 438','','JÖNKÖPING',333,'551 16',395,'','',''),(1524,27,3,3,32,0,'031-772 04 70','','031-772 04 71','goteborg@dpnova.se','','DP NOVA','2010-03-30 08:26:40','2010-03-31 16:02:17','Medicinaregatan 12 B','','GÖTEBORG',333,'413 46',395,'','',''),(1525,27,3,3,32,0,'026-617040','','','','','Aop Tandteknik AB','2010-03-30 08:26:40','2010-03-31 16:02:17','Brunsgatan 66\nBox 6198','','Gävle',333,'80251',395,'','',''),(1526,27,3,3,32,0,'0480-172 65','','0480-172 65','tandtekniskakalmar@telia.com','','Tandtekniska Lab Clas Simonsson AB','2010-03-30 08:26:40','2010-03-31 16:02:17','Fiskaregalan 8 B\nBox 46','','Kalmar',333,'39120',395,'','',''),(1527,27,3,3,32,0,'','','','','','Kurt Bader Zahntechnisches Labor','2010-03-30 08:26:40','2010-03-31 16:02:17','Ziegelfeldstrasse 50','','Olten',334,'4600',395,'','',''),(1528,27,3,3,32,0,'','','','','','Olivier Béguelin Techniques Dentaires','2010-03-30 08:26:40','2010-03-31 16:02:17','Rue de la Servette 59','','Genève',334,'1202',395,'','',''),(1529,27,3,3,32,0,'','','','','','Zahntechnisches Labor Gilbert Blanchard','2010-03-30 08:26:40','2010-03-31 16:02:17','Sägetstrasse 43','','Tafers',334,'1712',395,'','',''),(1530,27,3,3,32,0,'','','','','','Prothetikerpraxis Aurelio Botti','2010-03-30 08:26:40','2010-03-31 16:02:17','Birmensdorferstr. 397','','Zürich',334,'8055',395,'','',''),(1531,27,3,3,32,0,'','','','','','Zahntechnisches Labor Sandra Brack','2010-03-30 08:26:40','2010-03-31 16:02:17','Grubenstrasse 2','','Frick',334,'5070',395,'','',''),(1532,27,3,3,32,0,'','','','','','Byrde & Cie Labor. en Technique Dentaire','2010-03-30 08:26:40','2010-03-31 16:02:17','Ch. des Travers-Bancs 8','','Belmont-sur-Lausanne',334,'1092',395,'','',''),(1533,27,3,3,32,0,'','','','','','Alessandro Capraro','2010-03-30 08:26:40','2010-03-31 16:02:17','Stuckishausstrasse 19','','Herrenschwanden',334,'3037',395,'','',''),(1534,27,3,3,32,0,'','','','','','Casellini Dental-Labor','2010-03-30 08:26:40','2010-03-31 16:02:17','Kornplatz 2','','Chur',334,'7000',395,'','',''),(1535,27,3,3,32,0,'','','','','','Georges Degoumois Dental-Laboratorium','2010-03-30 08:26:40','2010-03-31 16:02:17','Westbahnhofstrasse 1','','Solothurn',334,'4500',395,'','',''),(1536,27,3,3,32,0,'','','','','','Marcel Dupont Laboratoire Dentaire','2010-03-30 08:26:40','2010-03-31 16:02:17','Av. de la Gare 6','','Vevey',334,'1800',395,'','',''),(1537,27,3,3,32,0,'','','','','','Beatrice Frei Zahntechnik','2010-03-30 08:26:40','2010-03-31 16:02:17','Längmattstrasse 2','','Gerlafingen',334,'4563',395,'','',''),(1538,27,3,3,32,0,'','','','','','Arnold Graf Dental-Labor','2010-03-30 08:26:40','2010-03-31 16:02:17','Seestrasse 51','','Beinwil a. See',334,'5712',395,'','',''),(1539,27,3,3,32,0,'','','','','','Marc Grütter Dentallabor','2010-03-30 08:26:40','2010-03-31 16:02:17','Hauptstrasse 31','','Meinisberg',334,'2554',395,'','',''),(1540,27,3,3,32,0,'','','','','','Praxis für Zahnprothetik Jürg Hengartner','2010-03-30 08:26:40','2010-03-31 16:02:17','Klosterhof 1','','Rüti',334,'8630',395,'','',''),(1541,27,3,3,32,0,'','','','','','Praxis für Zahnprothetik Rudolf Knuchel','2010-03-30 08:26:40','2010-03-31 16:02:17','Gotthardstr. 16a','','Thalwil',334,'8800',395,'','',''),(1542,27,3,3,32,0,'','','','','','Thomas Kühne Zahntechn. Labor','2010-03-30 08:26:40','2010-03-31 16:02:17','Gotthelfstrasse 23','','Burgdorf',334,'3400',395,'','',''),(1543,27,3,3,32,0,'','','','','','Radosav Lazic Zahntechnik','2010-03-30 08:26:40','2010-03-31 16:02:17','Tittwiesenstrasse 61','','Chur',334,'7000',395,'','',''),(1544,27,3,3,32,0,'','','','','','Dentaltechnik Lorenzon','2010-03-30 08:26:40','2010-03-31 16:02:17','Bahnhofstrasse 35','','Zürich',334,'8001',395,'','',''),(1545,27,3,3,32,0,'','','','','','Georg Lorenzon Praxis für Zahnprothetik','2010-03-30 08:26:40','2010-03-31 16:02:17','Badenerstrasse 333\nEPA-Haus','','Zürich',334,'8003',395,'','',''),(1546,27,3,3,32,0,'','','','','','Das Zahnlabor','2010-03-30 08:26:40','2010-03-31 16:02:17','Felsenstr. 57','','St. Gallen',334,'9000',395,'','',''),(1547,27,3,3,32,0,'','','','','','Rosemarie Mall Zahnprothetik','2010-03-30 08:26:40','2010-03-31 16:02:17','Habsburgstrasse 2','','Zürich',334,'8037',395,'','',''),(1548,27,3,3,32,0,'','','','','','Dental Labor Marino Marchetti','2010-03-30 08:26:40','2010-03-31 16:02:17','Schwizerstrasse 1','','Uster',334,'8610',395,'','',''),(1549,27,3,3,32,0,'','','','','','Cerom AG Dent-Team','2010-03-30 08:26:40','2010-03-31 16:02:17','Oberstrasse 28','','Herzogenbuchsee',334,'3360',395,'','',''),(1550,27,3,3,32,0,'','','','','','Praxis für Zahnprothetik Peter Moser','2010-03-30 08:26:40','2010-03-31 16:02:17','Bahnhofstr. 65','','Wetzikon',334,'8620',395,'','',''),(1551,27,3,3,32,0,'','','','','','Zahntechnisches Labor Heinz Noser & Peter Fenner','2010-03-30 08:26:40','2010-03-31 16:02:17','Hegibachstrasse 1','','Zürich',334,'8032',395,'','',''),(1552,27,3,3,32,0,'','','','','','Bruno Pellanda Zahntechnisches Labor','2010-03-30 08:26:40','2010-03-31 16:02:17','Furkastr. 28','','Naters',334,'3904',395,'','',''),(1553,27,3,3,32,0,'','','','','','Laboratoire de prothèses dentaire Jean-Yves Pellissier','2010-03-30 08:26:40','2010-03-31 16:02:17','Rue des Vergers 1','','Sion',334,'1950',395,'','',''),(1554,27,3,3,32,0,'','','','','','Claude Ponchant Laboratoire de prothèses dentaire','2010-03-30 08:26:40','2010-03-31 16:02:17','rue Adrien-Lachenal 26','','Genève',334,'1207',395,'','',''),(1555,27,3,3,32,0,'','','','','','Roger R. Renevey Laboratoire dentaire','2010-03-30 08:26:40','2010-03-31 16:02:17','Ch. de la Gravière 2','','Les Acacias',334,'1227',395,'','',''),(1556,27,3,3,32,0,'','','','','','Alwin Sarbach Dentallabor','2010-03-30 08:26:40','2010-03-31 16:02:17','Bahnhofstrasse 5','','Brig',334,'3900',395,'','',''),(1557,27,3,3,32,0,'','','','','','Zahntechnik Stupan GmbH','2010-03-30 08:26:40','2010-03-31 16:02:17','Marktgasse 46','','Langenthal',334,'4900',395,'','',''),(1558,27,3,3,32,0,'','','','','','Praxis Dr. Joachim Dehmelt','2010-03-30 08:26:40','2010-03-31 16:02:17','Steinwiesstr. 17','','Zürich',334,'8032',395,'','',''),(1559,27,3,3,32,0,'','','','','','Mario Tschanz Zahntechnisches Labor','2010-03-30 08:26:40','2010-03-31 16:02:17','Bleichenbergstrasse 2','','Biberist',334,'4562',395,'','',''),(1560,27,3,3,32,0,'','','','','','Jürg Wegmüller Dental-Labor','2010-03-30 08:26:40','2010-03-31 16:02:17','Sägeweg 14','','Lyss',334,'3250',395,'','',''),(1561,27,3,3,32,0,'','','','','','Praxis für Zahnprothesen Christian Wettstein','2010-03-30 08:26:40','2010-03-31 16:02:17','Römertorstrasse 11','','Winterthur',334,'8404',395,'','',''),(1562,27,3,3,32,0,'','','','','','Zahnprothetik Daniel Wirz','2010-03-30 08:26:40','2010-03-31 16:02:17','Heerenwiesen 18','','Zürich',334,'8051',395,'','',''),(1563,27,3,3,32,0,'','','','','','Dres. Lars und Jonna Bengtson','2010-03-30 08:26:40','2010-03-31 16:02:17','Hauptstrasse 74','','Speicher',334,'9042',395,'','',''),(1564,27,3,3,32,0,'','','','','','Lee Butler Dental Laboratory','2010-03-30 08:26:40','2010-03-31 16:02:17','St. Lawrence House, Bernes Close','','Winchester / Hampshire',312,'So23 9QX',395,'','',''),(1565,27,3,3,32,0,'','','','','','Bloomfiled Dental Laboratory','2010-03-30 08:26:40','2010-03-31 16:02:17','Unit 2 OPM House, Haydn Road, Sherwood','','Nottingham',312,'NG5 2LB',395,'','',''),(1566,27,3,3,32,0,'','','','','','Norwich DL','2010-03-30 08:26:40','2010-03-31 16:02:17','Elm House, The Common, Mulbarton','','Norwich / Norfolk',312,'NR14 8JS',395,'','',''),(1567,27,3,3,32,0,'','','','','','RADFORD HEATH DENTAL CERAMIC','2010-03-30 08:26:40','2010-03-31 16:02:17','Suite 12, Castle Circus House, 136 Union Street','','Torquay, Devon',312,'TQ2 5QG',395,'','',''),(1568,27,3,3,32,0,'','','','','','TopLabs Ltd.','2010-03-30 08:26:40','2010-03-31 16:02:17','990a Bristol Road South','','Birmingham',334,'B31 2PR',395,'','',''),(1569,27,3,3,32,0,'','','','','','Mainline Acrylic Longborough Dental Surgery','2010-03-30 08:26:40','2010-03-31 16:02:17','Reigate Road','','Dorking / Surrey',312,'RH4 1QE',395,'','',''),(1570,27,3,3,32,0,'','','','','','The West Surrey Dental Laboratory Ltd.','2010-03-30 08:26:40','2010-03-31 16:02:17','Unit 2 R/o 105-111 Hersham Road','','Walton on Thames, Surrey',312,'KT12 1RN',395,'','',''),(1571,27,3,3,32,0,'','','','','','Cosmetic Dental Specialities, Inc.','2010-03-30 08:26:40','2010-03-31 16:02:17','SE 122nd Ave 1034','','Portland, OR',298,'97233',395,'','',''),(1572,27,3,3,32,0,'','','','','','Oark-Hill Dental Laboratory C.D.L.','2010-03-30 08:26:40','2010-03-31 16:02:17','P.O. Box 434','','Belfast, Maine',298,'04915',395,'','',''),(1573,27,3,3,32,0,'','','','','','Cleveland Clinic Foundation','2010-03-30 08:26:40','2010-03-31 16:02:17','9500 Euclid Ave. Desk A-70','','Cleveland, OH',298,'44195',395,'','',''),(1574,27,3,3,32,0,'','','','','','David Gelman\'s Dental Lab LLC','2010-03-30 08:26:40','2010-03-31 16:02:17','4525 N Pine Island Rd Ste A 25','','Sunrise, FL',298,'33351',395,'','',''),(1575,27,3,3,32,0,'','','','','','Gibson Dental Design of Alabama','2010-03-30 08:26:40','2010-03-31 16:02:17','1319  Broad Rd.','','Phenix City Alabama',298,'268867 AL',395,'','',''),(1576,27,3,3,32,0,'','','','','','Dentek. Com Dental Lab','2010-03-30 08:26:40','2010-03-31 16:02:17','237 Brinkby Ave.','','Reno / Nevada',298,'89509 NV',395,'','',''),(1577,27,3,3,32,0,'','','','','','Loma Linda University, School of Dentistry','2010-03-30 08:26:40','2010-03-31 16:02:17','Anderson St. 1092','','Loma Linda  CA',298,'92350',395,'','',''),(1578,27,3,3,32,0,'','','','','','The Cleveland Clinic Foundation Dept. of Dentistry','2010-03-30 08:26:40','2010-03-31 16:02:17','Euclid Avenue 9500','','Cleveland, OH',298,'44195',395,'','',''),(1579,27,3,3,32,0,'','','','','','Ito & Koly Dental Studio','2010-03-30 08:26:40','2010-03-31 16:02:17','Castleplace Dr. 6402','','Indianapolis  IN',298,'46250',395,'','',''),(1580,27,3,3,32,0,'','','','','','Lord\'s Dental Studio','2010-03-30 08:26:40','2010-03-31 16:02:17','16680 W Cleeland Ave Ste E','','New Berlin WI',298,'53151',395,'','',''),(1581,27,3,3,32,0,'','','','','','Denture Technology Removable Prosthetic Laboratory','2010-03-30 08:26:40','2010-03-31 16:02:17','1219 Stewart','','Irving  TX',298,'75061',395,'','',''),(1582,27,3,3,32,0,'','','','','','Wiley Dantal Lab','2010-03-30 08:26:40','2010-03-31 16:02:17','1219 Stewart Drive','','',298,'Irving  TX',395,'','',''),(1583,27,3,3,32,0,'','','','','','Vera Skendaj','2010-03-30 08:26:40','2010-03-31 16:02:17','ngjitur me poliklinikën qëndore','','Tirana',301,'',395,'','',''),(1584,27,3,3,32,0,'+54 11 42 09 30 42','','','','','Luis López','2010-03-30 08:26:40','2010-03-31 16:02:17','Mario Bravo 2123','','Avellaneda',285,'1870',395,'','',''),(1585,27,3,3,32,0,'','','','','','Roberto Reggio','2010-03-30 08:26:40','2010-03-31 16:02:17','Augustin Alvarez 1638, \nDept. 3','','Florida',285,'1602',395,'','',''),(1586,27,3,3,32,0,'+61 3 623 69 477','','','sboxhall@netspace.net.au','','Stephen Boxhall','2010-03-30 08:26:40','2010-03-31 16:02:17','98 Elizabeth st','Tasmania','Hobart',299,'TAS 7000',395,'','',''),(1587,27,3,3,32,0,'+61 3 522 42 014','','','enquire@smilecaredentures.com.au','','Neil Boyd','2010-03-30 08:26:40','2010-03-31 16:02:17','55 Ryrien','Victoria','Geelong',299,'VIC 3220',396,'','',''),(1588,27,3,3,32,0,'+61 7 552 32 555','','','jbrom@ozemail.com.au','','John Bromley Denture Clinic','2010-03-30 08:26:40','2010-03-31 16:02:17','54 Kirkwood Road','Queensland','Tweed Heads South',299,'QLD 2486',395,'','',''),(1589,27,3,3,32,0,'+61 2 4369 5944','','','','','Geoffrey Dominguez Denture Clinic','2010-03-30 08:26:40','2010-03-31 16:02:17','Shop 11 b, The Kincumber Centre 39 Avoca Dr','New South Wales','Kincumber ',299,'NSW 2251',396,'','',''),(1590,27,3,3,32,0,'+61 2 941 84 922','','','martin@dentureclinic.com.au','','North Shore Denture & Mouthguard Clinic','2010-03-30 08:26:40','2010-03-31 16:02:17','Suite 7, St. John\'s Ave.','New South Wales','Gordon',299,'NSW 2072',395,'','',''),(1591,27,3,3,32,0,'+61 3 959 28 980','','','','','Hansard Dental Lab','2010-03-30 08:26:40','2010-03-31 16:02:17','Shop 9, Shoalwater Shoppingcenter','Western Australia','Rockingham',299,'WA 6168',395,'','',''),(1592,27,3,3,32,0,'+61 3 938 88 915','','','paul_8@iprimus.com.au','','Paul Fagliarone','2010-03-30 08:26:40','2010-03-31 16:02:17','41 Glenlyon road','Victoria','Brunswick',299,'VIC 3056',395,'','',''),(1593,27,3,3,32,0,'+61 3 952 82 114','','','','','Richard Green','2010-03-30 08:26:40','2010-03-31 16:02:17','831 Glenferrie rd','Victoria','Kew',299,'VIC 3101',395,'','',''),(1594,27,3,3,32,0,'+61 3 989 88 680','','','','','Dental Perfection','2010-03-30 08:26:40','2010-03-31 16:02:17','1st Floor, Suite 4, 30-32 Ellingworth Pde','Victoria','Box Hill',299,'VIC 3128',395,'','',''),(1595,27,3,3,32,0,'+61 2 922 32 292','','','christopherkelly@pacific.com.au','','Natural Looking Dentures','2010-03-30 08:26:40','2010-03-31 16:02:17','Agriculture Haous, Suite 1&2, Level 5, 195 Maquarie St.','New South Wales','Sydney',299,'NSW 2000',395,'','',''),(1596,27,3,3,32,0,'+61 2 955 38 766','','','','','Leinonen Dental Laboratory','2010-03-30 08:26:40','2010-03-31 16:02:17','24 Idamea St.','Queensland','Carina',299,'QLD 4152',395,'','',''),(1597,27,3,3,32,0,'+61 7 492 25 727','','','chamar2@tpg.com.au','','C.Q. Dental Lab','2010-03-30 08:26:40','2010-03-31 16:02:17','160 Bolsover st','Queensland','Rockhampton',299,'QLD 4700',395,'','',''),(1598,27,3,3,32,0,'+61 2 947 77 650','','','smcglynn@bigpond.net.au','','Hornsby Denture Clinic','2010-03-30 08:26:40','2010-03-31 16:02:17','1 Ashley Street','New South Wales','Hornsby',299,'NSW 2077',395,'','',''),(1599,27,3,3,32,0,'','','','','','Dick Dentaltechnik GmbH','2010-03-30 08:26:40','2010-03-31 16:02:17','Sparkassenstr. 4','','Bischofshofen',328,'5500',395,'','',''),(1600,27,3,3,32,0,'','','','','','Fischer Dental-Technik GesmbH','2010-03-30 08:26:40','2010-03-31 16:02:17','Taschelried 6','','Steyr',328,'4400',395,'','',''),(1601,27,3,3,32,0,'','','','','','Heinz Frötscher Zahntechn. Labor','2010-03-30 08:26:40','2010-03-31 16:02:17','Brunneckerstrasse 8','','Innsbruck',328,'6020',395,'','',''),(1602,27,3,3,32,0,'','','','','','Zahnlabor Kanotscher Alex Ges.m.b.H.','2010-03-30 08:26:40','2010-03-31 16:02:17','Högenauer Strasse 3','','Braunau',328,'5280',395,'','',''),(1603,27,3,3,32,0,'','','','','','DEN TECH Burghard Klösch','2010-03-30 08:26:40','2010-03-31 16:02:17','Kardinalsplatz 9','','Klagenfurt',328,'9020',395,'','',''),(1604,27,3,3,32,0,'','','','','','Labor Koller Zahntechniker Betrieb','2010-03-30 08:26:40','2010-03-31 16:02:17','Frankenberggasse 14','','Wien',328,'1040',395,'','',''),(1605,27,3,3,32,0,'','','','','','Ivo Kolodziej Dentaltechnik','2010-03-30 08:26:40','2010-03-31 16:02:17','Buchengasse 131','','Wien',328,'1100 ',395,'','',''),(1606,27,3,3,32,0,'','','','','','Franz Kostersitz Dental-Labor GmbH','2010-03-30 08:26:40','2010-03-31 16:02:17','Rögergasse 29','','Wien',328,'1090',395,'','',''),(1607,27,3,3,32,0,'','','','','','Gold & Kwasny Dental','2010-03-30 08:26:40','2010-03-31 16:02:17','Hauptplatz 14','','Wiener Neustadt',328,'2700',395,'','',''),(1608,27,3,3,32,0,'','','','','','Zahntechnisches Labor Harald Leiner','2010-03-30 08:26:40','2010-03-31 16:02:17','Hartfelderweg 32','','Graz',328,'8053',395,'','',''),(1609,27,3,3,32,0,'','','','','','Dentaltechnik L.O.S. GesmbH.','2010-03-30 08:26:40','2010-03-31 16:02:17','Halleiner Landesstrasse 99','','Oberalm',328,'5411',395,'','',''),(1610,27,3,3,32,0,'','','','','','Zahntechnisches Labor Paul Machac jun.','2010-03-30 08:26:40','2010-03-31 16:02:17','Schulhausgasse 8','','Ferlach',328,'9170',395,'','',''),(1611,27,3,3,32,0,'','','','','','Dentallabor EASYDENT GmbH','2010-03-30 08:26:40','2010-03-31 16:02:17','Unterer Platz 12','','St. Veit/Glan',328,'9300',395,'','',''),(1612,27,3,3,32,0,'','','','','','Dentalstudio Rudolf Müller','2010-03-30 08:26:40','2010-03-31 16:02:17','Wasagasse 12','','Wien',328,'1090',395,'','',''),(1613,27,3,3,32,0,'','','','','','Robert Pulai Zahntechnisches Labor GmbH','2010-03-30 08:26:40','2010-03-31 16:02:17','Esslinger Hauptstrasse 120','','Wien',328,'1220',395,'','',''),(1614,27,3,3,32,0,'','','','','','Peter Riener Zahntechnik GMBH','2010-03-30 08:26:40','2010-03-31 16:02:17','Schiffslände 1','','Gmunden',328,'4810',395,'','',''),(1615,27,3,3,32,0,'','','','','','Zahntechnik Otmar Siegele','2010-03-30 08:26:40','2010-03-31 16:02:17','Labebene 230','','Kappl',328,'6555',395,'','',''),(1616,27,3,3,32,0,'','','','','','Peter Skoda Zahntechnisches Labor Ges.m.b.H.','2010-03-30 08:26:40','2010-03-31 16:02:17','Wienerbergstrasse 34','','Wien',328,'1120',395,'','',''),(1617,27,3,3,32,0,'','','','','','Unterlechner Ges.m.b.H. Dentallabor','2010-03-30 08:26:40','2010-03-31 16:02:17','Oberer Markt 12','','Senftenberg',328,'3541',395,'','',''),(1618,27,3,3,32,0,'','','','','','Zahntechn. Labor Klemens Veronesi','2010-03-30 08:26:40','2010-03-31 16:02:17','Schmidingersiedlung 8','','Schalchen',328,'5231',395,'','',''),(1619,27,3,3,32,0,'','','','','','Dentallabor Heinz Ziehaus','2010-03-30 08:26:40','2010-03-31 16:02:17','Rosentaler Strasse 5','','Klagenfurt',328,'9020',395,'','',''),(1620,27,3,3,32,0,'+32 (9) 348 26 60','','','labo.dewitte@itinera.be','','Tandtechnisch laboratorium Dewitte','2010-03-30 08:26:40','2010-03-31 16:02:17','Weverslaan 10a','','Lokeren',303,'9160',395,'','',''),(1621,27,3,3,32,0,'+32 (55) 31 68 70','','','ttldrieghe@skynet.be','','Tandtechnisch laboratorium Drieghe','2010-03-30 08:26:40','2010-03-31 16:02:17','Aalststraat 4','','Oudenaarde',303,'9700',395,'','',''),(1622,27,3,3,32,0,'','','','','','Conceição Castro','2010-03-30 08:26:40','2010-03-31 16:02:17','Rua Treze de Abril, 145','Piracicaba SP','',287,'13420-775',395,'','',''),(1623,27,3,3,32,0,'','','','','','Instituto Odont. Adhemar Prisco','2010-03-30 08:26:40','2010-03-31 16:02:17','Av.Lisboa','','S.J..Campos / SP',287,'12216-630',395,'','',''),(1624,27,3,3,32,0,'','','','','','Fernando Fontes de Magalhães Jr.','2010-03-30 08:26:40','2010-03-31 16:02:17','Rua Tupã 112','','Marília / SP',287,'17502-630',395,'','',''),(1625,27,3,3,32,0,'','','','','','Marcio Katsuo Toiama','2010-03-30 08:26:40','2010-03-31 16:02:17','Av. Miguel Stefano 1033','','São Paulo',287,'04301-011',395,'','',''),(1626,27,3,3,32,0,'','','','','','Laboratório Knebel','2010-03-30 08:26:40','2010-03-31 16:02:17','Rua Prof. Annes Dias, 112 sl 22','','Porto Alegre / RS',287,'90020-090',395,'','',''),(1627,27,3,3,32,0,'','','','','','Clélio Prótese Dentária','2010-03-30 08:26:40','2010-03-31 16:02:17','Av. Alfonso Pena, 867 sl. 1312','','B. Horizonte /MG',287,'30130-905',395,'','',''),(1628,27,3,3,32,0,'','','','','','Luiza Luciane Mecca','2010-03-30 08:26:40','2010-03-31 16:02:17','Av. Dr. Eduardo Cotching, 224','','Sao Paulo - SP',287,'03356-000',395,'','',''),(1629,27,3,3,32,0,'','','','','','Daniel Mazzo','2010-03-30 08:26:40','2010-03-31 16:02:17','Rua Soror Angélica 168, No.25\nSantana','','São Paulo /SP',287,'02452-060',395,'','',''),(1630,27,3,3,32,0,'','','','','','Vagner Mendes','2010-03-30 08:26:40','2010-03-31 16:02:17','Av. Manoel Dias da Silva, 923 sl 501','','Salvador /BA',287,'41830-000',395,'','',''),(1631,27,3,3,32,0,'','','','','','Gomes e Vilalta Lab. Prót. Dentária','2010-03-30 08:26:40','2010-03-31 16:02:17','Av. José Olegario de Barros 468','','Taubaté / SP',287,'12060-400',395,'','',''),(1632,27,3,3,32,0,'','','','','','Angeloni Walker','2010-03-30 08:26:40','2010-03-31 16:02:17','Rua Guapiaçu 203','','Santo André / SP',287,'09290-420',395,'','',''),(1633,27,3,3,32,0,'','','','','','Mihail Todorov DINEV','2010-03-30 08:26:40','2010-03-31 16:02:17','Dobrudja-Str. 19, Bl.  Dobrudja Entr. 1','','Silistra',305,'7500',395,'','',''),(1634,27,3,3,32,0,'','','','','','Veliko Georgiev NIKIFOROV','2010-03-30 08:26:40','2010-03-31 16:02:17','Pirin-Str. 12','','Targovishte',305,'7700',395,'','',''),(1635,27,3,3,32,0,'613-2301-527','','','','','Alvarez Denture Clinic','2010-03-30 08:26:40','2010-03-31 16:02:17','158 Mac Laren St.','','Ottawa  ON',297,'K2P OK9',395,'','',''),(1636,27,3,3,32,0,'514-7444-442','','','','','Dent-Estherium Inc.','2010-03-30 08:26:40','2010-03-31 16:02:17','630 Rue Quimet','','Ville St-Laurent  QC',297,'H4L 3T1',395,'','',''),(1637,27,3,3,32,0,'905-7646-322','','','','','Baluke Dental Studios, Inc.','2010-03-30 08:26:40','2010-03-31 16:02:17','W. Wilmot Street, Unit 8 85','','Richmond Hill  ON',297,'L4B 1K7',395,'','',''),(1638,27,3,3,32,0,'403-2533-367','','','','','Complete Dental Ceramics, Inc.','2010-03-30 08:26:40','2010-03-31 16:02:17','5807 - 1A St. SW','','Calgary  AB',297,'T2H 0G2',395,'','',''),(1639,27,3,3,32,0,'','','604-9444-910','','','Burke Mountain Denture Clinic','2010-03-30 08:26:40','2010-03-31 16:02:17','Suite 6211, 2850 Shaughnessy St.','','Port Coquitlam  BC',297,'V3C 6K5',395,'','',''),(1640,27,3,3,32,0,'905-5765-541','','','','','Dunn Denture Clinic','2010-03-30 08:26:40','2010-03-31 16:02:17','196 Bond St. E.','','Oshawa  ON',297,'L1G 1B3',395,'','',''),(1641,27,3,3,32,0,'','','','','','Caygeon Denture Clinic','2010-03-30 08:26:40','2010-03-31 16:02:17','129 Main St., Box 1473','','Bobcaygeon  ON',297,'K0M 1AO',395,'','',''),(1642,27,3,3,32,0,'705-7266-301','','','','','Central Dental Labs, Ltd.','2010-03-30 08:26:40','2010-03-31 16:02:17','Suite 100, Ferris Lane 151','','Barrie, ON',297,'L4M 5E2',395,'','',''),(1643,27,3,3,32,0,'416-415-4548','','','','','George Brown College','2010-03-30 08:26:40','2010-03-31 16:02:17','P O Bpx 1015, Station B','','Toronto',297,'M5T 2T9',395,'','',''),(1644,27,3,3,32,0,'450-449-3948','','','','','Exacto Dental Lab','2010-03-30 08:26:40','2010-03-31 16:02:17','405 Samuel de Champlain','','Boucherville',297,'J4B 1P7',395,'','',''),(1645,27,3,3,32,0,'705-728-9898','','','','','Barrie Denture Clinic','2010-03-30 08:26:40','2010-03-31 16:02:17','Bradford St. 5','','Barrie  ON',297,'L4N 5A6',395,'','',''),(1646,27,3,3,32,0,'514-754-4746','','','','','CL Reekie Denture Clinic','2010-03-30 08:26:40','2010-03-31 16:02:17','Miller St. 43','','Parry Sound  ON',297,'P2A 1S9',395,'','',''),(1647,27,3,3,32,0,'250-542-5164','','','','','Aurum Ceramic Dental Laboratories, Inc. Vern','2010-03-30 08:26:40','2010-03-31 16:02:17','201, 3002 - 32nd Avenue','','Vernon',297,'BC V1T 2L7',395,'','',''),(1648,27,3,3,32,0,'604-737-2010','','','','','Aurum Ceramic Dental Laboratoires, Inc. Van','2010-03-30 08:26:40','2010-03-31 16:02:17','936 West 8th, Suite 305','','Vancouver',297,'BC V5Z 1E5',395,'','',''),(1649,27,3,3,32,0,'905-264-1414','','','','','Classic Dental Laboratories','2010-03-30 08:26:40','2010-03-31 16:02:17','1 Whitmore Rd, Unit 19','','Woodbridge  ON',297,'L4L 8G4',395,'','',''),(1650,27,3,3,32,0,'807-623-3311','','','','','Balmoral Dental Designs Ltd.','2010-03-30 08:26:40','2010-03-31 16:02:17','660 Balmoral St. Unit C','','Thunder Bay  ON',297,'P7C 5G9',395,'','',''),(1651,27,3,3,32,0,'902-422-6640','','','','','Pro-Dent Laboratories','2010-03-30 08:26:40','2010-03-31 16:02:17','1494 Carlton Street','','Halifax',297,'NS B3J 3H5',395,'','',''),(1652,27,3,3,32,0,'416-469-4121','','','','','Pro-Art Dental Laboratory, Inc.','2010-03-30 08:26:40','2010-03-31 16:02:17','Broadview Ave, Suite 500 855','','Toronto  ON',297,'M4K 3Z1',395,'','',''),(1653,27,3,3,32,0,'418-826-8888','','','','','Dentachrome Inc.','2010-03-30 08:26:40','2010-03-31 16:02:17','4715 Rue des Replats, Suite 170','','Quebec  QC',297,'G2J 1B8',395,'','',''),(1654,27,3,3,32,0,'','','','','','Hodel.technología dental','2010-03-30 08:26:40','2010-03-31 16:02:17','Las Trinitarias 6818, Las Condes','','Santiago',288,'',395,'','',''),(1655,27,3,3,32,0,'','','','','','Héctor Mazuera','2010-03-30 08:26:40','2010-03-31 16:02:17','Calle 17 No. 4 - 70\nPiso 2','','Pereira - Riseralda',290,'',395,'','',''),(1656,27,3,3,32,0,'','','','','','Zubni Laborator Zlatica Kucharovicova','2010-03-30 08:26:40','2010-03-31 16:02:17','Klicperovo Nam. 68','','Chlumec Nad Cidlikou',317,'50351',395,'','',''),(1657,27,3,3,32,0,'','','','','','Zubni Laborator Oldriska Pochmannova','2010-03-30 08:26:40','2010-03-31 16:02:17','Budecska 33-35','','Praha 2',317,'120 00',395,'','',''),(1658,27,3,3,32,0,'','','','','','DONDIATECHNE','2010-03-30 08:26:40','2010-03-31 16:02:17','Allée Hélène Bouché- ZA du Moulin','','Vambrechies',310,'59118',395,'','',''),(1659,27,3,3,32,0,'','','','','','Jean ALSINA','2010-03-30 08:26:40','2010-03-31 16:02:17','8, rue du Pressoir','','Latour bas Elne',310,'66200',395,'','',''),(1660,27,3,3,32,0,'','','','','','A.J. STELLITE','2010-03-30 08:26:40','2010-03-31 16:02:17','21, rue Ferdinand Hamelin','','Betheny',310,'51450',395,'','',''),(1661,27,3,3,32,0,'','','','','','NORD HERAULT DENTAIRE','2010-03-30 08:26:40','2010-03-31 16:02:17','9, avenue de la République','','Lodeve',310,'347000',395,'','',''),(1662,27,3,3,32,0,'','','','','','PRO-SUD','2010-03-30 08:26:40','2010-03-31 16:02:17','22, rue d l\'Agenais','','Montpellier cedex 04',310,'34088',395,'','',''),(1663,27,3,3,32,0,'','','','','','MUTUALITE DE LA HAUTE GARONNE','2010-03-30 08:26:40','2010-03-31 16:02:17','3, rue du Doyen J. Lefebvre','','Toulouse',310,'31081',395,'','',''),(1664,27,3,3,32,0,'','','','','','MUTUALITE DE L\'ANJOU','2010-03-30 08:26:40','2010-03-31 16:02:17','2, rue du Puits de l\'Air','','Cholet',310,'49300',395,'','',''),(1665,27,3,3,32,0,'','','','','','Eric ARBOD','2010-03-30 08:26:40','2010-03-31 16:02:17','9, rue du Général Koenig','','Crest',310,'26400',395,'','',''),(1666,27,3,3,32,0,'','','','','','BERTIN S.A.','2010-03-30 08:26:40','2010-03-31 16:02:17','5, rue des Prévoyants','','La Courneuve',310,'93120',395,'','',''),(1667,27,3,3,32,0,'','','','','','Laboratoire de Prothèse MIJO','2010-03-30 08:26:40','2010-03-31 16:02:17','74B, rue François Lépine','','Luisant',310,'28600',395,'','',''),(1668,27,3,3,32,0,'','','','','','COUPAT - LAVERNHE','2010-03-30 08:26:40','2010-03-31 16:02:17','18, av. Charles de Gaulle\n','','Saint-Flour Cedex',310,'15106',395,'','',''),(1669,27,3,3,32,0,'+54 (0) 11 49 61 73 60','','','','','Dr. Fassina Norberto','2010-03-30 08:26:40','2010-03-31 16:02:17','Junin 933,  4° E','','Buenos Aires',285,'1113',396,'','',''),(1670,27,3,3,32,0,'+54 (0) 351 461 72 34','','','','','Dr. Jorge Ismael Navarro','2010-03-30 08:26:40','2010-03-31 16:02:17','Str. Luis Maria Drago 53','','Córdoba',285,'5000',396,'','',''),(1671,27,3,3,32,0,'+54 (0) 8 94 50 17 72','','','','','Delta dental / Benchmark denture clinic','2010-03-30 08:26:40','2010-03-31 16:02:17','1 Marsh Avenue','','Manning',285,'WA 6152',396,'','',''),(1672,27,3,3,32,0,'+61 (0) 2 97 00 93 99','','','','','Mascott Denture Clinic','2010-03-30 08:26:40','2010-03-31 16:02:17','131B King Street','New South Wales','Mascot',299,'NSW 2020',396,'','',''),(1673,27,3,3,32,0,'+61 (0) 2 409 92 84 19','','','jamily@yahoo.com.au','','Jamily Gittani','2010-03-30 08:26:40','2010-03-31 16:02:17','3 Sewwil St','New South Wales','Ryde',299,'NSW 2122',396,'','',''),(1674,27,3,3,32,0,'+61 (0) 2 92 21 14 89','','','','','Brian R.Gow Dental Laboratory','2010-03-30 08:26:40','2010-03-31 16:02:17','83 /183 Macquarie Street','New South Wales','Sydney NSW',299,'2000',396,'','',''),(1675,27,3,3,32,0,'+61 (0) 49262296 49 26 22 96','','','dentureclinic@mail.com','','Blair Grundy Denture Center','2010-03-30 08:26:40','2010-03-31 16:02:17','226 Berserker Street','Queensland','North Rockhampton',299,'4701',396,'','',''),(1676,27,3,3,32,0,'+61 (0) 7 41 28 90 44','','','noel.guy@bigpond.net.au','','Noel Guy','2010-03-30 08:26:40','2010-03-31 16:02:17','551 The Espalade','Queensland','Urangan QLD',299,'4655',396,'','',''),(1677,27,3,3,32,0,'+61 (0) 7 33 59 66 67','','','dentpod@bigpond.net.au','','Graham Hannam','2010-03-30 08:26:40','2010-03-31 16:02:17','19 Quill Street','Queensland','Stafford Heights',299,'4053',396,'','',''),(1678,27,3,3,32,0,'+61 (0) 7 38 82 14 30','','','kussrow@optusnet.com.au','','Janet Kussrow','2010-03-30 08:26:40','2010-03-31 16:02:17','1 Oxford Street','Queensland','Joyner',299,'QLD 4500',396,'','',''),(1679,27,3,3,32,0,'+61 (0) 3 97 07 39 56','','','','','Crown Dental Laboratory','2010-03-30 08:26:40','2010-03-31 16:02:17','3 Manuka Road','Victoria','Berwick VIC',299,'3806',396,'','',''),(1680,27,3,3,32,0,'+61 (0) 7 41 21 37 76','','','','','Maryborough Denture Center','2010-03-30 08:26:40','2010-03-31 16:02:17','87 Richmond Street','Queensland','Maryborough QLD',299,'4650',396,'','',''),(1681,27,3,3,32,0,'+61 (0) 2 68 82 20 13','','','','','Brian McLaughlan','2010-03-30 08:26:40','2010-03-31 16:02:17','46 Church Street NSW','New South Wales','Dubbo',299,'2830',396,'','',''),(1682,27,3,3,32,0,'+61 (0) 8 82 65 03 00','','','','','Dental Technik Laboratories','2010-03-30 08:26:40','2010-03-31 16:02:17','1A Kesters & Wilkinson Roads','South Australia','Para Hills SA',299,'5096',396,'','',''),(1683,27,3,3,32,0,'+61 (0) 3 98 86 96 66','','','','','Dr. John Pearson','2010-03-30 08:26:40','2010-03-31 16:02:17','1564 Malvern rd','Victoria','Malvern',299,'3146',396,'','',''),(1684,27,3,3,32,0,'+61 (0) 3 98 36 88 06','','+61 (0) 3 98 36 11 51','','','Eastern Laboratory','2010-03-30 08:26:40','2010-03-31 16:02:17','893A Riversale Road','Victoria','Camberwell',299,'3124',396,'','',''),(1685,27,3,3,32,0,'+61 (0) 7 55 36 90 09','','','gsanders1@hotkey.net.au','','Gavin Sanders','2010-03-30 08:26:40','2010-03-31 16:02:17','Shop 2-29 Boyd St','Queensland','Tweed Heads',299,'QLD 2485',396,'','',''),(1686,27,3,3,32,0,'+61 (0) 3 93 11 10 72','','','','','Teeth Solutions','2010-03-30 08:26:40','2010-03-31 16:02:17','22 Watt Street','Victoria','Sunshine',299,'VIC 3020',396,'','',''),(1687,27,3,3,32,0,'+61 (0) 3 97 36 44 80','','','','','John Stafford Denture Clinic','2010-03-30 08:26:40','2010-03-31 16:02:17','8 Station Street','Victoria','Mt Evelyn',299,'VIC 3796',396,'','',''),(1688,27,3,3,32,0,'+61 (0) 2 422 23 02 84','','','','','Winston Stone','2010-03-30 08:26:40','2010-03-31 16:02:17','2 / 16 Sussex St','New South Wales','Epping',299,'NSW 2121',396,'','',''),(1689,27,3,3,32,0,'+61 (0) 7 54 43 32 55','','','','','Maroochy dental lab','2010-03-30 08:26:40','2010-03-31 16:02:17','PO Box 1340','Queensland','Maroochydore',299,'QLD 4558',396,'','',''),(1690,27,3,3,32,0,'+61 (0) 2 98 93 85 87','','','','','HCF Dental Center','2010-03-30 08:26:40','2010-03-31 16:02:17','L5 128 Marsden St.','New South Wales','Parramatta',299,'NSW 2150',396,'','',''),(1691,27,3,3,32,0,'+32 (0) 53 70 15 08','','','buyle.marc@telenet.be','','Tandprothetische Praktijk A.T.Z.','2010-03-30 08:26:40','2010-03-31 16:02:17','Dendermondse Steenweg 13','','Aalst',303,'9300',396,'','',''),(1692,27,3,3,32,0,'+32 (0) 71 31 01 51','','','jeanmarie.hubert@skynet.be','','Dentist Jean Marie Hubert','2010-03-30 08:26:40','2010-03-31 16:02:17','rue des Combattants 48','','Monceau-s-Sambre',303,'6031',396,'','',''),(1693,27,3,3,32,0,'+32 (0) 14 22 12 07','','+32 (0) 14 23 24 20','ilona.olyslaegers@pandora.be','','ARTIDENT Dental Labo','2010-03-30 08:26:40','2010-03-31 16:02:17','Poederleeseweg 58','','Herentals',303,'2200',396,'','',''),(1694,27,3,3,32,0,'+387 (0) 33 66 36 51','','','','','Prim. Dr. med. dent. Ibrahim Begeta','2010-03-30 08:26:40','2010-03-31 16:02:17','Cemalusa 4','','Sarajewo',304,'71000',396,'','',''),(1695,27,3,3,32,0,'+55 (0) 12 39 21 92 57','','','','','Dr. Carreira','2010-03-30 08:26:40','2010-03-31 16:02:17','Rua Tremembé 53 v.s. Terezinha','','São José dos Campos / SP',287,'12231-070',396,'','',''),(1696,27,3,3,32,0,'+55 (0) 11 55 61 25 11','','','','','Dr. Jürgen Jacobsen Clinica Odontologia','2010-03-30 08:26:40','2010-03-31 16:02:17','Rue Barão do Triunfo, 375','','São Paulo / SP',287,'04602-000',396,'','',''),(1697,27,3,3,32,0,'+1 (0) 403 253 85 00','','','','','Glenmore Denture Clinic','2010-03-30 08:26:40','2010-03-31 16:02:17','MacLeod Trail SW 105-7015','','Calgary  AB',297,'T2H 2K6',396,'','',''),(1698,27,3,3,32,0,'+1 (0) 403 246 86 85','','','','','Swiss Denture Clinic','2010-03-30 08:26:40','2010-03-31 16:02:17','3208 17 Ave S.W.','','Calgary  AB',297,'T3E 0B3',396,'','',''),(1699,27,3,3,32,0,'+1 (0) 905 389 22 17','','','','','Battell Denture Clinic','2010-03-30 08:26:40','2010-03-31 16:02:17','409 Concession St.','','Hamilton  ON',297,'L9A 1B8',396,'','',''),(1700,27,3,3,32,0,'+1 (0) 905 353 15 52','','','','','Niagara Denture Clinic','2010-03-30 08:26:40','2010-03-31 16:02:17','5501 Drummond Rd.','','Nigara Falls',297,'ON L2G 4L2',396,'','',''),(1701,27,3,3,32,0,'+1 (0) 604 886 27 12','','','','','Gibson\'s Denture Clinic','2010-03-30 08:26:40','2010-03-31 16:02:17','325 - 287 Gower Point Road PO Pox 155','','Gibsons',297,'BC VON 1VO',396,'','',''),(1702,27,3,3,32,0,'+1 (0) 250 286 13 52','','','','','Westward Denture Clinic','2010-03-30 08:26:40','2010-03-31 16:02:17','12th Avenue 850d','','Campbell River BC',297,'V9W 6B5',396,'','',''),(1703,27,3,3,32,0,'+1 (0) 418 661 44 41','','','','','Marie-Chantal Bernard, D.D.','2010-03-30 08:26:40','2010-03-31 16:02:17','491 Blvd Raymond','','Beauport  QC',297,'G1C 7T8',396,'','',''),(1704,27,3,3,32,0,'+1 (0) 819 762 52 06','','','','','M. Louis Bessette, D.D.','2010-03-30 08:26:40','2010-03-31 16:02:17','100 Ave Dallaire','','Rouyn Noranda  QC',297,'J9X 4S7',396,'','',''),(1705,27,3,3,32,0,'+1 (0) 705 524 04 99','','','','','Beswick Denture Clinic','2010-03-30 08:26:40','2010-03-31 16:02:17','850 Barrydowne Road, Suite 206','','Sudbury  ON',297,'P3A 3T7',396,'','',''),(1706,27,3,3,32,0,'+1 (0) 613 345 21 10','','','','','Brockville Denture Clinic','2010-03-30 08:26:40','2010-03-31 16:02:17','65 George St.','','Brockville  ON',297,'K6V 3V6',396,'','',''),(1707,27,3,3,32,0,'+1 (0) 514 381 42 14','','','','','Serge Breard, D.D.','2010-03-30 08:26:40','2010-03-31 16:02:17','22234 Fleury E., Suite 201','','Montreal  QC',297,'H2B 1K4',396,'','',''),(1708,27,3,3,32,0,'+1 (0) 416 243 21 03','','','','','Roy Brown Denture Clinic','2010-03-30 08:26:40','2010-03-31 16:02:17','2103 Lawrence Ave West','','Weston  ON',297,'M9N 1H7',396,'','',''),(1709,27,3,3,32,0,'+1 (0) 905 607 99 97','','','','','Sawmill Valley Dental','2010-03-30 08:26:40','2010-03-31 16:02:17','3405 Southmill Way, Unit 2','','Mississauga  ON',297,'L5L 3R1',396,'','',''),(1710,27,3,3,32,0,'+1 (0) 905 453 33 93','','','','','Brian Carr Denture Clinic','2010-03-30 08:26:40','2010-03-31 16:02:17','284 Queen St. E., Suite 230','','Brampton  ON',297,'L6V1C2',396,'','',''),(1711,27,3,3,32,0,'+1 (0) 905 688 52 60','','','','','Chaaram Denture Clinic','2010-03-30 08:26:40','2010-03-31 16:02:17','187A Church Street','','St. Chatharines / Ontario',297,'L2R 3E8',396,'','',''),(1712,27,3,3,32,0,'+1 (0) 705 264 94 69','','','','','Collins Denturist Clinic','2010-03-30 08:26:40','2010-03-31 16:02:17','Balsam St. South 125','','Timmins  ON',297,'P4N 2E1',396,'','',''),(1713,27,3,3,32,0,'+1 (0) 519 631 22 99','','','','','Conrad Denture Clinic','2010-03-30 08:26:40','2010-03-31 16:02:17','658 Talbot St.','','',297,'N5P 1C8',396,'','',''),(1714,27,3,3,32,0,'+1 (0) 780 791 99 40','','','','','McMurray Denture Centre','2010-03-30 08:26:40','2010-03-31 16:02:17','Hardin St. 1000-9713','','Fort McMurray',297,'T9H 1L2',396,'','',''),(1715,27,3,3,32,0,'+1 (0) 519 352 1600','','','','','Dalios Denture Clinic','2010-03-30 08:26:40','2010-03-31 16:02:17','334 King St. W','','Chatham / Ontario',297,'N7M 1G1',396,'','',''),(1716,27,3,3,32,0,'+1 (0) 705 324 54 02','','','','','Brian Deegan Denture Clinic','2010-03-30 08:26:40','2010-03-31 16:02:17','Kent St. West 231','','Lindsay ON',297,'L1G 4X3',396,'','',''),(1717,27,3,3,32,0,'+1 (0) 905 725 36 95','','','','','Simcoe Denture Clinic','2010-03-30 08:26:40','2010-03-31 16:02:17','Simcoe St. N. 1240','','Oshawa  ON',297,'L1G 4X3',396,'','',''),(1718,27,3,3,32,0,'+1 (0) 905 642 48 87','','','','','Stouffville Denture Clinic','2010-03-30 08:26:40','2010-03-31 16:02:17','6428 Main St.','','Stouffville  ON',297,'L4A 1E2',396,'','',''),(1719,27,3,3,32,0,'+1 (0) 905 683 60 74','','','','','Deegan Denture Clinic','2010-03-30 08:26:40','2010-03-31 16:02:17','Harwood Ave. S. 134','','Ajax  ON',297,'L1S 2H6',396,'','',''),(1720,27,3,3,32,0,'+1 (0) 905 623 4473','','','','','Bowmanville Denture Clinic','2010-03-30 08:26:40','2010-03-31 16:02:17','10 Liberty Denture Clinic','','Bowmanville',297,'L1C 2L4',396,'','',''),(1721,27,3,3,32,0,'+1 (0) 705 566 8721','','','','','Allan Delsaut Denture Clinic','2010-03-30 08:26:40','2010-03-31 16:02:17','1612 Lasalle Blvd','','Sudbury',297,'P3A 1A7',396,'','',''),(1722,27,3,3,32,0,'+1 (0) 780 853 58 87','','','','','Richardson Denture Clinic','2010-03-30 08:26:40','2010-03-31 16:02:17','50th Ave 4932','','Vermilion  AB',297,'T9X 1A4',396,'','',''),(1723,27,3,3,32,0,'+1 (0) 403 347 74 77','','','','','Platinum Denture Clinic','2010-03-30 08:26:40','2010-03-31 16:02:17','45th St. 101-5018','','Red Deer  AB',297,'T4N 1K9',396,'','',''),(1724,27,3,3,32,0,'+1 (0) 519 336 65 81','','','','','Sarnia Denture Clinic','2010-03-30 08:26:40','2010-03-31 16:02:17','270 N Christina St.','','Sarnia  ON',297,'N7T 5V3',396,'','',''),(1725,27,3,3,32,0,'+1 (0) 519 364 32','','','','','Hanover Denture Clinic','2010-03-30 08:26:40','2010-03-31 16:02:17','550 10th St.','','Hanover  ON',297,'N4N 1R5',396,'','',''),(1726,27,3,3,32,0,'+1 (0) 403 845 66 93','','+1 (0) 403 845 20 08','','','Rocky Mountain Denture Clinic','2010-03-30 08:26:40','2010-03-31 16:02:17','5203-50th Ave.\nP.O. Box 1837','','Rocky Mountain House',297,'T4T 1B4',396,'','',''),(1727,27,3,3,32,0,'+1 (0) 250 746 62 41','','','','','Duncan Dental','2010-03-30 08:26:40','2010-03-31 16:02:17','100 - 321 Festubert Street','','Duncan',297,'BC V9L 3T1',396,'','',''),(1728,27,3,3,32,0,'+1 (0) 613 741 11 26','','','','','François Fournier, Denturist/Denturologiste','2010-03-30 08:26:40','2010-03-31 16:02:17','Montreal Road 307','','Ottawa ON',297,'K1L 6B8',396,'','',''),(1729,27,3,3,32,0,'+1 (0) 519 884 92 98','','','','','Tram-Blair Denture Clinic','2010-03-30 08:26:40','2010-03-31 16:02:17','28 Young Street St. E','','Waterloo',297,'N2J 2L5',396,'','',''),(1730,27,3,3,32,0,'+1 (0) 519 457 64 62','','','','','Gillooly Denture Clinic','2010-03-30 08:26:40','2010-03-31 16:02:17','1551 Dundas St. Unit 3','','London',297,'ON N5W 5Y5',396,'','',''),(1731,27,3,3,32,0,'+1 (0) 403 327 28 22','','','','','Black & Gilmore','2010-03-30 08:26:40','2010-03-31 16:02:17','7th Street South 430','','Lethbridge  AB',297,'T1J 2G7',396,'','',''),(1732,27,3,3,32,0,'+1 (0) 403 223 88 55','','','','','Taber Denture Clinic','2010-03-30 08:26:40','2010-03-31 16:02:17','48th Ave 5329','','Taber  AB',297,'T1G 1S7',396,'','',''),(1733,27,3,3,32,0,'+1 (0) 905 788 96 76','','','','','Denture Centre','2010-03-30 08:26:40','2010-03-31 16:02:17','3-547 Thorold Rd','','Welland  ON',297,'L3C 3W9',396,'','',''),(1734,27,3,3,32,0,'+1 (0) 780 986 57 77','','','','','Le Duc Denture','2010-03-30 08:26:40','2010-03-31 16:02:17','51 Avenue 4910','','Leduc , AB',297,'T9E 7H6',396,'','',''),(1735,27,3,3,32,0,'+1 (0) 705 445 11 21','','','','','The Harrison Denture Clinic','2010-03-30 08:26:40','2010-03-31 16:02:17','251 Peel St.','','Collingwood  ON',297,'',396,'','',''),(1736,27,3,3,32,0,'+1 (0) 250 782 70 05','','','','','Dawson Creek Denture Clinic - Crystal Hayward','2010-03-30 08:26:40','2010-03-31 16:02:17','1216 177 Ave','','Dawson Creek BC',297,'V16 4R5',396,'','',''),(1737,27,3,3,32,0,'+1 (0) 250 286 63 29','','','','','Hengel Denture Clinic','2010-03-30 08:26:40','2010-03-31 16:02:17','100 - 1260 Shoppers Row','','Campbell River',297,'BC V9W 2C8',396,'','',''),(1738,27,3,3,32,0,'+1 (0) 709 753 87 00','','','','','East End Denture Clinic','2010-03-30 08:26:40','2010-03-31 16:02:17','Torbay Rd, Suite 120 44','','St. John\'s  NF',297,'A1A 2G4',396,'','',''),(1739,27,3,3,32,0,'+1 (0) 250 758 37 31','','','','','Carson Denture Clinic','2010-03-30 08:26:40','2010-03-31 16:02:17','4186 Deaparture Bay Road','','Nanaimo',297,'BC V9T 4B1',396,'','',''),(1740,27,3,3,32,0,'+1 (0) 450 349 24 25','','','','','François Jean','2010-03-30 08:26:40','2010-03-31 16:02:17','366 Blvd. St-Luc','','St-Luc  QC',297,'J2W 2A3',396,'','',''),(1741,27,3,3,32,0,'+1 (0) 780 352 43 43','','','','','Wetaskiwin Denture Clinic','2010-03-30 08:26:40','2010-03-31 16:02:17','50th Ave 5114','','Wetaskiwin  AB',297,'T9A 1R6',396,'','',''),(1742,27,3,3,32,0,'+1 (0) 604 872 55 64','','','','','Northwest Denture Clinic','2010-03-30 08:26:40','2010-03-31 16:02:17','3330 Fraser Street','','Vancouver',297,'BC V5V 4C1',396,'','',''),(1743,27,3,3,32,0,'+1 (0) 905 569 90 99','','','','','Paul Karolidis DD, RDT','2010-03-30 08:26:40','2010-03-31 16:02:17','34-3105 Unity Dr.','','Mississauga / Ontario',297,'L5L 4L1',396,'','',''),(1744,27,3,3,32,0,'+1 (0) 613 839 29 19','','','','','Harry Kastner OD Stittsville Dental Office','2010-03-30 08:26:40','2010-03-31 16:02:17','Main Street 1553','','Stittsville  ON',297,'K2S 1A9',396,'','',''),(1745,27,3,3,32,0,'+1 (0) 416 737 84 79','','','','','Michelle Klingler, D.D.','2010-03-30 08:26:40','2010-03-31 16:02:17','1162 Kipling Ave','','Toronto  ON',297,'M9B 3M6',396,'','',''),(1746,27,3,3,32,0,'+1 (0) 905 356 33 85','','','','','Kreze Denture Clinic','2010-03-30 08:26:40','2010-03-31 16:02:17','4535 Queen St','','Niagara Falls',297,'',396,'','',''),(1747,27,3,3,32,0,'+1 (0) 306 873 48 58','','','','','Kuny Denture Clinic','2010-03-30 08:26:40','2010-03-31 16:02:17','100A St. 507','','Tisdale  SK',297,'S0E 1T0',396,'','',''),(1748,27,3,3,32,0,'+1 (0) 519 633 16 24','','','','','St. Thomas Denture Clinic','2010-03-30 08:26:40','2010-03-31 16:02:17','83 Curtis St.','','St. Thomas',297,'N5P 1J3',396,'','',''),(1749,27,3,3,32,0,'+1 (0) 450 679 07 77','','','','','Clinique de Denturologie Benoit Leduc D.D.','2010-03-30 08:26:40','2010-03-31 16:02:17','1494 Chemin de Chambly','','Longueuil',297,'H2W 1Z1',396,'','',''),(1750,27,3,3,32,0,'+1 (0) 613 749 53 97','','','','','Sam Lima Denture Clinic','2010-03-30 08:26:40','2010-03-31 16:02:17','Marier 261 ','','Ottawa  ON',297,'K1L 5P7',396,'','',''),(1751,27,3,3,32,0,'+1 (0) 613 596 66 23','','','','','The Robert MacLeay Denture Clinic','2010-03-30 08:26:40','2010-03-31 16:02:17','3730 Richmond Rd. Suite 102','','Nepean  ON',297,'K2H 5B9',396,'','',''),(1752,27,3,3,32,0,'+1 (0) 250 426 68 62','','','','','Cranbrook Denture Clinic','2010-03-30 08:26:40','2010-03-31 16:02:17','1324 2ND Street North','','Cranbrook',297,'BC V1C 4T6',396,'','',''),(1753,27,3,3,32,0,'+1 (0) 519 623 77 02','','','','','McCabe Denture Clinic','2010-03-30 08:26:40','2010-03-31 16:02:17','33 Cambridge St.','','Cambridge  ON',297,'N1R 3R8',396,'','',''),(1754,27,3,3,32,0,'+1 (0) 705 743 43 51','','','','','McKenzie Denture Clinic','2010-03-30 08:26:40','2010-03-31 16:02:17','Sherbrooke Street 219','','Peterborough  ON',297,'K9J 2N2',396,'','',''),(1755,27,3,3,32,0,'+1 (0) 403 652 25 45','','','','','High River Denture Clinic','2010-03-30 08:26:40','2010-03-31 16:02:17','120d 1st St. W','','High River  AB',297,'T1V 1M3',396,'','',''),(1756,27,3,3,32,0,'+1 (0) 450 651 32 30','','+1 (0) 450 463 05 16','','','Denturologiste','2010-03-30 08:26:40','2010-03-31 16:02:17','2066 Ch. Chambly, Suite 300','','Longueuil (Quebec)',297,'J4J 3Y7',396,'','',''),(1757,27,3,3,32,0,'+1 (0) 905 707 73 33','','','','','Cliff Muzylowsky','2010-03-30 08:26:40','2010-03-31 16:02:17','8300 Young Street','','Thornhill',297,'0N L4J 7R3',396,'','',''),(1758,27,3,3,32,0,'+1 (0) 604 532 1082','','','','','Tanya N Little','2010-03-30 08:26:40','2010-03-31 16:02:17','20427 41 A Avenue','Canada','British Columbia',297,'Langley',396,'','',''),(1759,27,3,3,32,0,'+1 (0) 250 995 16 63','','','','','Christopher Nordell Denturist','2010-03-30 08:26:40','2010-03-31 16:02:17','#2 435 Simcoe St.','','Victoria  BC',297,'V8V 4T4',396,'','',''),(1760,27,3,3,32,0,'+1 (0) 519 354 77 70','','','','','G. D. Nuttall, D.D.','2010-03-30 08:26:40','2010-03-31 16:02:17','227 Grand Ave West','','Chatham  ON',297,'N7L 1C3',396,'','',''),(1761,27,3,3,32,0,'+1 (0) 250 272 12 34','','','','','Stratford Denture Clinic','2010-03-30 08:26:40','2010-03-31 16:02:17','184 Ontario Street','','Stratford / Ontario',297,'N5A 3H4',396,'','',''),(1762,27,3,3,32,0,'+1 (0) 905 549 22 74','','','','','DiNardo Denture Clinic','2010-03-30 08:26:40','2010-03-31 16:02:17','1552 King Street East','','Hamilton / Ontario',297,'L8K 1T2',396,'','',''),(1763,27,3,3,32,0,'+1 (0) 705 566 87 21','','','','','Alliston Denture Clinic','2010-03-30 08:26:40','2010-03-31 16:02:17','Victoria St. 59','','Alliston  ON',297,'L9R 1X4',396,'','',''),(1764,27,3,3,32,0,'+1 (0) 403 276 67 75','','','','','Stuart Denture Clinic','2010-03-30 08:26:40','2010-03-31 16:02:17','#14 1015 Centre St. N.W.','','Calgary  AB',297,'T2E 2P8',396,'','',''),(1765,27,3,3,32,0,'+1 (0) 905 707 59 09','','','','','Toothcrafters Denture Services','2010-03-30 08:26:40','2010-03-31 16:02:17','Yonge St. 8300','','Thornhill  ON',297,'L4J 7R3',396,'','',''),(1766,27,3,3,32,0,'+1 (0) 780 532 43 20','','+1 (09 532 43 20','','','Grande Prairie Denture Clinic','2010-03-30 08:26:40','2010-03-31 16:02:17','10017, 101st Street ','','Grande Prairie AB',297,'T8V 0X9',396,'','',''),(1767,27,3,3,32,0,'+1 (0) 613 224 10 01','','','','','William Barry Stratton','2010-03-30 08:26:40','2010-03-31 16:02:17','1580 Merivale Rd., Suite 206','','Nepean  ON',297,'K2G 4B5',396,'','',''),(1768,27,3,3,32,0,'+1 (0) 613 746 06 02','','','','','Impact Dental Laboratory Ltd.','2010-03-30 08:26:40','2010-03-31 16:02:17','5300 Canotetek Rd. Ste 200','','Gloucester',297,'K1J 1A4',395,'','',''),(1769,27,3,3,32,0,'+1 (0) 513 343 60 53','','','','','University of Montreal','2010-03-30 08:26:40','2010-03-31 16:02:17','C.P. 6128 Succursalle Centre Ville','','Montreal  QC',297,'H3C 3J7',396,'','',''),(1770,27,3,3,32,0,'+1 (0) 519 754 47 46','','+1 (0) 754 06 38','','','Charing Cross Denture Clinic','2010-03-30 08:26:40','2010-03-31 16:02:17','108 Charing Cross','','Brantford / Ontario',297,'N3R 2H9',396,'','',''),(1771,27,3,3,32,0,'+1 (0) 604 872 55 64','','','','','Alan Tong','2010-03-30 08:26:40','2010-03-31 16:02:17','711 7TH Avenue Ap. 806','','New Westminster',297,'BC V3M 5S8',396,'','',''),(1772,27,3,3,32,0,'+1 (0) 450 625 89 00','','','','','Les Dentaire Tech-Alliage','2010-03-30 08:26:40','2010-03-31 16:02:17','254 Cure Labelle, Bureau 204','','Ste Rose Laval  QC',297,'H7L 3A1',396,'','',''),(1773,27,3,3,32,0,'+1 (0) 519 853 00','','','','','Acton Denture Clinic','2010-03-30 08:26:40','2010-03-31 16:02:17','Mill St. East 130','','Acton',297,'L7J 1J1',396,'','',''),(1774,27,3,3,32,0,'+1 (0) 450 756 19 36','','','','','Richard Tremblay Denturologiste','2010-03-30 08:26:40','2010-03-31 16:02:17','1140 Blvd de Lanaudiere','','Joliette  QC',297,'J6E 3P1',396,'','',''),(1775,27,3,3,32,0,'+1 (0) 905 450 51 56','','','','','Talisman Dental Lab','2010-03-30 08:26:40','2010-03-31 16:02:17','20 Regan Road, Unit 17','','Brampton ON',297,'L7A 1C3',396,'','',''),(1776,27,3,3,32,0,'+1 (0) 403 230 32 05','','','','','Centre St. Denture Clinic','2010-03-30 08:26:40','2010-03-31 16:02:17','#1 Centre St., NW 1901','','Calgary  AB',297,'T2E 2S7',396,'','',''),(1777,27,3,3,32,0,'+1 (0) 519 821 17 29','','','','','Guelph Prosthetics','2010-03-30 08:26:40','2010-03-31 16:02:17','Woolwich St 630','','Guelph',297,'N1H 3Y2',396,'','',''),(1778,27,3,3,32,0,'+1 (0) 613 966 73 63','','','','','Vout\'s Denture Clinic','2010-03-30 08:26:40','2010-03-31 16:02:17','Dundas St. East 66','','Belleville  ON',297,'K8N 1C1',396,'','',''),(1779,27,3,3,32,0,'+1 (0) 250 492 20 75','','','','','Margaret Walker','2010-03-30 08:26:40','2010-03-31 16:02:17','321 Martin St.','','Penticton  BC',297,'V2A 5K6',396,'','',''),(1780,27,3,3,32,0,'+1 (0) 905 306 01 16','','','','','Katharine Weinwurm-Martinez B.Sc.,DD','2010-03-30 08:26:40','2010-03-31 16:02:17','1229 North Service Road','','Mississauga / Ontario',297,'L4Y 1A8',396,'','',''),(1781,27,3,3,32,0,'+1 (0) 604 874 66 71','','','','','Allan White','2010-03-30 08:26:40','2010-03-31 16:02:17','103 - 1435 Kingsway','','Vancouver',297,'BC V5N 2R6',396,'','',''),(1782,27,3,3,32,0,'+1 (0) 780 454 54 27','','','','','Wittmeier Denture Centre','2010-03-30 08:26:40','2010-03-31 16:02:17','11910 111th Ave, Suite 105','','Edmonton  AB',297,'T5G OE5',396,'','',''),(1783,27,3,3,32,0,'+1 (0) 613 542 54 42','','','','','Kingston Denture Clinic','2010-03-30 08:26:40','2010-03-31 16:02:17','1317 Princess Street','','Kingston / Ontario',297,'K7M 3E3',396,'','',''),(1784,27,3,3,32,0,'','','','drpena@clinicasancrescente.cl','','Dental San Crescente','2010-03-30 08:26:40','2010-03-31 16:02:17','San Crescente 190\nLas Condes','','Santiago',288,'',396,'','',''),(1785,27,3,3,32,0,'+57 (0) 4 268 58 51','','+57 (0) 4 311 80 63','jairorn@epm.net.co','','Clinica Las Vegas','2010-03-30 08:26:40','2010-03-31 16:02:17','Calle 2 Sur N°. 46-55 / Consultorio 520','','Medellin',290,'',396,'','',''),(1786,27,3,3,32,0,'+385 (0) 23 23 90 20','','','','','Zubotehnicki laboratorij Dr. Branka Bilan','2010-03-30 08:26:40','2010-03-31 16:02:17','Frane Alfirevica 7/1','','Zadar',317,'23000',396,'','',''),(1787,27,3,3,32,0,'+385 (0) 91 728 87 81','','','','','Zubotehnicki laboratorij Dr. Maja Birimisa Grgic','2010-03-30 08:26:40','2010-03-31 16:02:17','Lovretska 5','','Split',317,'21000',396,'','',''),(1788,27,3,3,32,0,'','','','matbozic@inet.hr','','Zubotehnicki laboratorij Dr. Matko Bozic','2010-03-30 08:26:40','2010-03-31 16:02:17','Jaksina 9','','Vis',317,'21480',396,'','',''),(1789,27,3,3,32,0,'','','','hrvoje.bracic@inet.hr','','Zubotehnicki laboratorij Dr. Hrvoje Bracic','2010-03-30 08:26:40','2010-03-31 16:02:17','Brace Vranjanin 6','','Zadar',317,'23000',396,'','',''),(1790,27,3,3,32,0,'+385 (0) 1 482 84 88','','','bklaic@spz.hr','','Stomatoloska Poliklinika \"Zagreb\"','2010-03-30 08:26:40','2010-03-31 16:02:17','Perkovceva 3','','Zagreb',317,'10000',396,'','',''),(1791,27,3,3,32,0,'','','','storm-ord-ivan-kunstek@kc.tel.hr','','Zubotehnicki laboratorij Dr. Ivan Kunstek','2010-03-30 08:26:40','2010-03-31 16:02:17','Krizevacka 4','','Sv Ivan Zabno',317,'48214',396,'','',''),(1792,27,3,3,32,0,'+385 (0) 51 27 49 92','','+385 (0) 51 27 49 92','imi.comerce@ri.htnet.hr','','IMI COMERCE d.o.o.','2010-03-30 08:26:40','2010-03-31 16:02:17','Put Urosa Radeta 1','','Matulji (Rijeka)',317,'51211',396,'','',''),(1793,27,3,3,32,0,'','','','ivo.tomic1@st.htnet.hr','','Zubotehnicki laboratorij Dr. Ivo Tomic','2010-03-30 08:26:40','2010-03-31 16:02:17','Vitaruja b. b.','','Jelsa',317,'21465',396,'','',''),(1794,27,3,3,32,0,'+385 (0) 21 53 02 07','','','','','Zubotehnicki laboratorij Dr. Zdrinka Varnica','2010-03-30 08:26:40','2010-03-31 16:02:17','Poljicka cesta 1a','','Split',317,'21000',396,'','',''),(1795,27,3,3,32,0,'','','','','','Edwin Rene Rosero Mera','2010-03-30 08:26:40','2010-03-31 16:02:17','Luque #628 y Boyaca (Mezzanine)','','Guayaquil',289,'',396,'','',''),(1796,27,3,3,32,0,'+503 (0) 243 50 23','','+503 (0) 243 29 56','jucagar@hotmail.com','','Laboratorio Dental Plaza del Sol','2010-03-30 08:26:40','2010-03-31 16:02:17','Edif. Plaza del Sol, 2da Planta #2, \nCalle del Mediterráneo\nCol. La Sultana','','San Salvador',280,'',396,'','',''),(1797,27,3,3,32,0,'+503 (0) 226 12 43','','+503 (0) 226 12 43','vicrivas@hotmail.com','','Victor Ernesto Rivas','2010-03-30 08:26:40','2010-03-31 16:03:20','Calle La Ceiba #265\nColonia Escalón','','San Salvador',280,'',396,'','',''),(1798,27,3,3,32,0,'05 55 74 06 00','','','','','MULTIFACETTE','2010-03-30 08:26:40','2010-03-31 16:02:17','19, avenue Emile Zola','','Brive la Gaillarde',310,'19100',396,'COM','',''),(1799,27,3,3,32,0,'+49 (0) 366 28 600 81','','+49 (0) 366 28 600 83','','','CDZ City Dentaltechnik GmbH','2010-03-30 08:26:40','2010-03-31 16:02:17','Weißendorfer Str. 8','','Zeulenroda',307,'07937',396,'','',''),(1800,27,3,3,32,0,'+49 (0) 43 54 87 39','','+49 (0) 43 54 98 62 09','','','Wolfgang Groy Zahnarztpraxis','2010-03-30 08:26:40','2010-03-31 16:02:17','Hauptstr. 19','','Fleckeby',307,'24357',396,'','',''),(1801,27,3,3,32,0,'+49 (0) 42 29 80 97 77','','+49 (0) 42 29 80 97 78','h.hasler@t-online.de','','Zawita GmbH & Co. KG Dental Labor','2010-03-30 08:26:40','2010-03-31 16:02:17','Bremer Str. 294','','Delmenhorst',307,'27751',396,'','',''),(1802,27,3,3,32,0,'+49 (0) 95 43 93 66','','+49 (0) 95 43 85 07 52','','','Dr. Alois Laube Zahnarzpraxis','2010-03-30 08:26:40','2010-03-31 16:02:17','Germanenstr. 5','','Hirschaid',307,'96114',396,'','',''),(1803,27,3,3,32,0,'+49 (0) 561 87 57 00','','+49 (0) 561 87 57 26','','','Dr. Kai & Dr. Karolina Leimbach Zahnarztpraxis','2010-03-30 08:26:40','2010-03-31 16:02:17','Im Bornhof 2','','Kassel',307,'34125',396,'','',''),(1804,27,3,3,32,0,'+49 (0) 36 31 68 50 26','','+49 (0) 36 31 68 50 27','','','Frank Lindner','2010-03-30 08:26:40','2010-03-31 16:02:17','Käthe-Kollwitz-Str. 5','','Nordhausen',307,'99734',396,'','',''),(1805,27,3,3,32,0,'+49 (0) 64 53 424','','+49 (0) 64 53 16 14','','','Dr. Ewald Vestweber Leni Poppov Gemeinschaftspraxis','2010-03-30 08:26:40','2010-03-31 16:02:17','Schafhof 2','','Gemünden',307,'35285',396,'','',''),(1806,27,3,3,32,0,'+502 (0) 385 77 77','','+502 (0) 385 77 78','','','Centro Dental Multimedica','2010-03-30 08:26:40','2010-03-31 16:02:17','Blvd. Vista Hermosa I 25-19, \nZona 15, Of.101','','Ciudad de Guatemala',281,'01015',396,'','',''),(1807,27,3,3,32,0,'+502 (0) 337 17 73','','','cedesa@intelnet.net.gt','','Centro Dental de Especialistas','2010-03-30 08:26:40','2010-03-31 16:02:17','Blvd. Vista Hermosa I 25-19, Zona 15\nNivel 1, Ofic. 101','','Ciudad de Guatemala',281,'01010',396,'','',''),(1808,27,3,3,32,0,'','','','','','Centro Dental del Sur, Escuintla','2010-03-30 08:26:40','2010-03-31 16:02:17','Centro Comercial Plaza \nPalmeras, local R-6','','Escuintla',281,'',396,'','',''),(1809,27,3,3,32,0,'+91 (0) 44 26 61 26 51','','','radhavasu1@yahoo.co.uk','','Dr R. Vasudevan','2010-03-30 08:26:40','2010-03-31 16:02:17','3 Floor, P.A. Towers\n869, Poonamalee Hight Road\nKilpauk','','Chennai',353,'600010',396,'','',''),(1810,27,3,3,32,0,'+91 (0) 22 597 13 57','','+91 (0) 22 540 70 15','drrverma@vsnl.com','','Creative dental Ceramics Dental Laboratory','2010-03-30 08:26:40','2010-03-31 16:02:17','14A, Shreeji Arcade. Opp. Nitin Co., Above Bata Almeida Road Panchpakhadi','Thane (W)','',353,'400601',396,'','',''),(1811,27,3,3,32,0,'','','','hr-barikani@yahoo.com','','Dr H. Barikani','2010-03-30 08:26:40','2010-03-31 16:02:17','Apt. No. 15, 3rd floor 1357 building Gholhak, Shariati st.','','Tehran',356,'',396,'','',''),(1812,27,3,3,32,0,'','','','gholamrezamahdian@yahoo.com','','Dr. G. Mahdian','2010-03-30 08:26:40','2010-03-31 16:02:17','3rd floor- no. 117 next to north Razan St.\nMirdamad Ave','','Tehran',356,'',396,'','',''),(1813,27,3,3,32,0,'','','','monanasser1@googlemail.com','','Dr Mona Nasser','2010-03-30 08:26:40','2010-03-31 16:02:17','Apt. No. 4 No 4.58\nGohebadian Gharbi St.','','Tehran',356,'',396,'','',''),(1814,27,3,3,32,0,'','','','taerehriahy@yahoo.com','','Dr Tahereh Riahi','2010-03-30 08:26:40','2010-03-31 16:02:17','Apt. No. 15, 3rd floor 1357 building Gholhak, Shariati st.','','Tehran',356,'',396,'','',''),(1815,27,3,3,32,0,'+39 (0) 80 524 39 60','','','','','Dailly Antonio Studio Odontotecnico','2010-03-30 08:26:40','2010-03-31 16:02:17','Via Imbriani Matteo Renato 48','','Bari',315,'70121',395,'','',''),(1816,27,3,3,32,0,'+39 (0) 735 75 33 47','','','','','Adriatica Odontotecnica SNC di Pelliccioni Claudio & Camela Lino','2010-03-30 08:26:40','2010-03-31 16:02:17','Via A. Da Barbiano 2','AB','Porto D\'Ascoli',315,'63037',396,'','',''),(1817,27,3,3,32,0,'+81 (0) 246 32 58 08','','+81 (0) 246 32 58 08','t-monchi@jfb.so.net.jp','','Iwaki Dental  laboratory','2010-03-30 08:26:40','2010-03-31 16:02:17','145 Umegaoka<br>\nYotsukura-machi <br>\nIwaki-shi','','Fukushima',358,'979-0201',395,'COM','',''),(1818,27,3,3,32,0,'+81 (0) 6 63 71 44 03','','+81 (0) 6 63 71 44 03','imanaka@shikaiin.co.jp','','Imanaka Dental Office','2010-03-30 08:26:40','2010-03-31 16:02:17','9-8 Kurosaki-cho<br>\nKita-ku','','Osaka',358,'530-0023',395,'COM','',''),(1819,27,3,3,32,0,'+81 (0) 4 71 64 30 00','','+81 (0) 4 71 64 97 82','','','Tanaka Dental Clinic - Dr. Tanaka Jyoji','2010-03-30 08:26:40','2010-03-31 16:02:17','3-15-1 Chiyoda<br>\nKashiwa-shi','','Chiba',358,'277-0025',396,'COM','',''),(1820,27,3,3,32,0,'+81 (0) 792 85 00 80','','+81 (0) 792 85 00 80','','','Dental Laboratory Nexus','2010-03-30 08:26:40','2010-03-31 16:02:17','71-1 Babasaki Idei <br>\nHimeji-shi','','Hyogo',358,'670-0805',395,'COM','',''),(1821,27,3,3,32,0,'+81 (0) 6 67 47 41 82','','','','','Kubota Dental Clinic','2010-03-30 08:26:40','2010-03-31 16:02:17','3-1-10 Inadahonmachi<br>\nHigashi Osaka-shi','','Osaka',358,'577-0007',395,'COM','',''),(1822,27,3,3,32,0,'+81 (0) 241 66 25 80','','+81 (0) 241 65 50 51','shouri@cello.ocn.ne.jp','','Precise Laboratory','2010-03-30 08:26:40','2010-03-31 16:02:17','729-1 Shimoyasumiba<br>\nSekimoto<br>\nMinamiaizu-machi<br>\nMinami Aizu-gun','','Fukushima-ken',358,'967-0013',395,'COM','',''),(1823,27,3,3,32,0,'+81 (0) 257 01 08','','+81 (0) 257 01 08','','','A.T.D.L','2010-03-30 08:26:40','2010-03-31 16:02:17','2F 3-5-31 Harano-machi<br>\nMiyagino-ku<br>\nSendai-shi','','Miyagi',358,'983-0841',395,'COM','',''),(1824,27,3,3,32,0,'+52 (0) 42 22 12 36 52','','','miguelcelm@hotmail.com','','Laboratorio Aricel','2010-03-30 08:26:40','2010-03-31 16:02:17','Alamos  3a. sección\nArbol #7','','Santiago de Queretaro',283,'76160',396,'','',''),(1825,27,3,3,32,0,'+52 (0) 58 56 75 79','','','','','CLINICA DENTAL AVILA','2010-03-30 08:26:40','2010-03-31 16:02:17','Aldama No. 25, Col. Centro','','Los Reyes la Paz,Edo de México',283,'564000',396,'','',''),(1826,27,3,3,32,0,'+52 (0) 55 46 60 55 38 20 18','','+52 (0) 55 46 60 55 11','hectorkawakami@hotmail.com','','Dr. Hector Manuel Kawakami Shirai','2010-03-30 08:26:40','2010-03-31 16:02:17','Beristain y Souza 9, Planta Baja','','México, D.F.',283,'09890',396,'','',''),(1827,27,3,3,32,0,'','','','','','Dr. Gilberto López Chávez','2010-03-30 08:26:40','2010-03-31 16:02:17','15, Hidalgo','','San José Iturbide, Gto',283,'37980',396,'','',''),(1828,27,3,3,32,0,'','','','','','Dr. Idilio Pardillo Cardena','2010-03-30 08:26:40','2010-03-31 16:02:17','318, Dakota','','Mexico City',283,'03810',396,'','',''),(1829,27,3,3,32,0,'+52 (0) 44 33 40 11 69','','+52 (0) 44 33 40 11 69','','','Evolución Dental Silva','2010-03-30 08:26:40','2010-03-31 16:02:17','Adolfo Cano 200-B','','Morelia, Mich.',283,'58260',396,'','',''),(1830,27,3,3,32,0,'+52 (0) 57 36 54 07','','','','','FARMACIA LA SALUD, S.A. DE C.V','2010-03-30 08:26:40','2010-03-31 16:02:17','Carmelo Pérez No. 550, Col. Benito Juárez','','Cd. Neza, Edo. de México',283,'57000',396,'','',''),(1831,27,3,3,32,0,'+507 (0) 323 80 03','','+507 (0) 323 80 01','','','Biodental','2010-03-30 08:26:40','2010-03-31 16:02:17','Apartado 55-0267 Paitilla\n(Plaza Agora Chanis\nPlanta Alta Local No.10)','','Ciudad de Panama',284,'',396,'','',''),(1832,27,3,3,32,0,'','','','','','Edwin Zacarias Briceño','2010-03-30 08:26:40','2010-03-31 16:02:17','Avenidas Arenales 2081 m Piso 2\nSurquillo','','Lima 14',294,'',396,'','',''),(1833,27,3,3,32,0,'+386 (0) 1 505 55 12','','+386 (0) 1 515 29 78','janko.dobrin@siol.net','','Janko Dobrin','2010-03-30 08:26:40','2010-03-31 16:02:17','Vodnikova 4','','Luijbljana',337,'1000',396,'','',''),(1834,27,3,3,32,0,'','','','','','Dr. Ivan Janezic','2010-03-30 08:26:40','2010-03-31 16:02:17','Efenkova 61','','Velenje',337,'3320',396,'','',''),(1835,27,3,3,32,0,'','','','','','Dr. stom spec.soc.med. Milos Lezaic','2010-03-30 08:26:40','2010-03-31 16:02:17','Vodnikova cesta 1','','Velenje',337,'3320',396,'','',''),(1836,27,3,3,32,0,'+389 (0) 2 540 90 60','','','','','Ordinacija Dr. stom. Mirjana Petrovic','2010-03-30 08:26:40','2010-03-31 16:02:17','Cankova 65b','','Cankova',337,'9261',396,'','',''),(1837,27,3,3,32,0,'+386 (0) 1 300 72 47','','','jzarnic@yahoo.com','','SREDNJA SOLA ZA FARMACIJO, KOZMETIKO IN ZDRAVSTVO','2010-03-30 08:26:40','2010-03-31 16:02:17','Oddelek zobna tehnika\nZemljemerska ulica 5','','Ljubljana',337,'1000',396,'','',''),(1838,27,3,3,32,0,'+27 (0) 21 671 70 37','','+27 (0) 21 671 65 88','','','Dr. M.B. Keet','2010-03-30 08:26:40','2010-03-31 16:02:17','12 Wilderness Road','','Claremont 7708',392,'',396,'','',''),(1839,27,3,3,32,0,'+27 (0) 41 373 76 38','','+27 (0) 41 373 61 42','','','Dr. A.J. Taljaard','2010-03-30 08:26:40','2010-03-31 16:02:17','151 Cape Road, Millpark','','Port Elizabeth 6001',392,'',396,'','',''),(1840,27,3,3,32,0,'','','','','','Fang Bo-Duen','2010-03-30 08:26:40','2010-03-31 16:02:17','No. 131, Jiankang Rd., Songshan District','','Taipei City',377,'105',396,'','',''),(1841,27,3,3,32,0,'','','','','','Chung-Ho Memorial Hospital Kaohsiung Medical University','2010-03-30 08:26:40','2010-03-31 16:02:17','No.14-27, Zhong Shan 1st. Road, Xin Xing District','','Kaohsiung City',377,'807',396,'','',''),(1842,27,3,3,32,0,'','','','','','Sunny Dental Clinic','2010-03-30 08:26:40','2010-03-31 16:02:17','No.1, Lane 296, Sec 6, Mincyuan E. Rd.,Neihu District','','Taipei',377,'114',396,'','',''),(1843,27,3,3,32,0,'','','','','','MENG GIA Dental Clinic','2010-03-30 08:26:40','2010-03-31 16:02:17','No. 244, Sec. 3, Heping W. Rd., Wanhua District','','Taipei City',377,'108',396,'','',''),(1844,27,3,3,32,0,'','','','','','Chang Yu-Ching','2010-03-30 08:26:40','2010-03-31 16:02:17','1F, No.2, Alley 3, Lane 217, Sec. 3 Zhongxiao E.Rd. Da-an District','','Taipei City',377,'106',396,'','',''),(1845,27,3,3,32,0,'','','','','','Spec Dental Lab. Co. Ltd.','2010-03-30 08:26:40','2010-03-31 16:02:17','307/207 Charansanitwong 31 Bangkhunsri Bangkoknoi','','Bangkok',378,'10700',396,'','',''),(1846,27,3,3,32,0,'+90 (0) 536 577 12 62','','','a.uludamar@superonline.com','','Dr. Altay Uludamer','2010-03-30 08:26:40','2010-03-31 16:02:17','Tunali Hilmi Cad.\nCelikler Is Merkezi\n91/101 Kavaklidere','','Ankara',340,'',396,'','',''),(1847,27,3,3,32,0,'+1 (0) 607 937 53 41','','','','','Corning Dental lab','2010-03-30 08:26:40','2010-03-31 16:02:17','218 Denison Pkwy E. Suite 1','','Corning, NY',298,'14830',396,'','',''),(1848,27,3,3,32,0,'+1 (0) 203 929 68 77','','','','','Disantis Prosthetics','2010-03-30 08:26:40','2010-03-31 16:02:17','66 W. View Terrace','','Shelton, CT',298,'6484',396,'','',''),(1849,27,3,3,32,0,'+1 (0) 909 335 11 66','','','','','Dr. Mark Esti','2010-03-30 08:26:40','2010-03-31 16:02:17','1806 Orange Tree Lane 1881','','Redlands',298,'CA 92374',396,'','',''),(1850,27,3,3,32,0,'+1 (0) 904 827 18 81','','','','','Denture Designs','2010-03-30 08:26:40','2010-03-31 16:02:17','405 Ponce De Leon Blvd','','St. Augustine, FL',298,'32082',396,'','',''),(1851,27,3,3,32,0,'+1 (0) 317 639 33 11','','','','','Charles R. Hayes, DDS','2010-03-30 08:26:40','2010-03-31 16:02:17','3032 E. 10th Street','','Indianapolis, IN',298,'46201',396,'','',''),(1852,27,3,3,32,0,'+1 (0) 864 859 41  11','','','','','Dr. Peter Holsen','2010-03-30 08:26:40','2010-03-31 16:02:17','1617 E.Main St.','','Easley South Carolina',298,'SC 29640',396,'','',''),(1853,27,3,3,32,0,'+1 (0) 716 833 08 50','','','','','Ronald Jarvis, DDS','2010-03-30 08:26:40','2010-03-31 16:02:17','Sweet Home Road 590','','Amherst, NY',298,'14226',396,'','',''),(1854,27,3,3,32,0,'+1 (0) 760 479 09 61','','','','','Dr. Gary Krueger / Scripps Office Medical Bldg.','2010-03-30 08:26:40','2010-03-31 16:02:17','320 Santa Fe Dr, Suite 201','','Encinitas California',298,'92024 CA',396,'','',''),(1855,27,3,3,32,0,'+1 (0) 573 634 22 22','','','','','Bryan Pope, DDS','2010-03-30 08:26:40','2010-03-31 16:02:17','Emerald Ln. 3306','','Jefferson City, MO',298,'65109',396,'','',''),(1856,27,3,3,32,0,'+1 (0) 630 232 06 59','','','','','Dr. James B. Sacrey','2010-03-30 08:26:40','2010-03-31 16:02:17','328 Anderson Blvd','','Geneva',298,'IL 60134',396,'','',''),(1857,27,3,3,32,0,'+1 (0) 405 521 19 18','','','','','Precision Dental Arts Laboratory','2010-03-30 08:26:40','2010-03-31 16:02:17','3003 N Oklahoma','','Oklahoma City',298,'OK 73105',396,'','',''),(1858,27,3,3,32,0,'+1 (0) 256 435 44 64','','','','','Dr. Bruce Young','2010-03-30 08:26:40','2010-03-31 16:02:17','505 S. Pelham Rd.','','Jacksonville',298,'36265 AL ',396,'','',''),(1859,27,3,3,32,0,'+1 (0) 334 887 26 15','','','','','Yount Dental Lab','2010-03-30 08:26:40','2010-03-31 16:02:17','1216 Commerce Dr.','','Auburn',298,'Al 36830',396,'','',''),(1860,27,3,3,32,0,'','','','','','Beurskens Tandtechniek','2010-03-30 08:26:40','2010-03-31 16:02:17','Schepersweg 2C','','Merum-Herten',326,'6049 CV',395,'','',''),(1861,27,3,3,32,0,'','','','','','Oostwoud Tandtechnisch laboratorium','2010-03-30 08:26:40','2010-03-31 16:02:17','Oostwoud Dorpsstraat 44','','Oostwoud',326,'1678 HG',395,'','',''),(1862,27,3,3,32,0,'','','','','','Pluymen Tandtechnisch Lab.BV','2010-03-30 08:26:40','2010-03-31 16:02:17','Spekhofstraat 24','','Kerkrade',326,'6466 LZ',395,'','',''),(1863,27,3,3,32,0,'','','','','','F. Buurlage Tandtechnisch laboratorium','2010-03-30 08:26:40','2010-03-31 16:02:17','Postbus 189','','Oosterwolde',326,'8430 AD',395,'','',''),(1864,27,3,3,32,0,'','','','','','Dentique Tandtechnisch laboratorium','2010-03-30 08:26:40','2010-03-31 16:02:17','Postbus 9602','','Amsterdam',326,'1006 GC',395,'','',''),(1865,27,3,3,32,0,'','','','','','Dent All Company','2010-03-30 08:26:40','2010-03-31 16:02:17','Postbus 3592','','\'S-Hertogenbosch',326,'5203 DB',395,'','',''),(1866,27,3,3,32,0,'','','','','','dToren Joop Tandprothetische praktijk','2010-03-30 08:26:40','2010-03-31 16:02:17','Postbus 407','','Veendam',326,'9640 AK',395,'','',''),(1867,27,3,3,32,0,'','','','','','Spera R.M.P. Tandtechnisch laboratorium','2010-03-30 08:26:40','2010-03-31 16:02:17','Ruth Firststraat 13','','Heerlen',326,'6418 PM',395,'','',''),(1868,27,3,3,32,0,'+2 (0) 61 66 84 36 77','','','mdl@linknet.com.au','','Mullumbimby Dental Laboratory','2010-03-30 08:26:40','2010-03-31 16:02:17','75 Stuart St.','New South Wales','Mullumbimby',299,'NSW 2482',395,'','',''),(1869,27,3,3,32,0,'','','','','','Crystal Hayward','2010-03-30 08:26:40','2010-03-31 16:02:17','#2-705, 103rd Avenue','','Dawsson Creek',297,'V1G 4W8',395,'','',''),(1870,27,3,3,32,0,'001 250 734 9443','','001 250 374 7933','','','Goesmann Denture Clinic','2010-03-30 08:26:40','2010-03-31 16:02:17','603, St. Paul Street','','Kamloops',297,'V2C 2K1',395,'','',''),(1871,27,3,3,32,0,'','','','','','Mike Duncan','2010-03-30 08:26:40','2010-03-31 16:02:17','10246A, 152nd St','','Surrey',297,'V3R 6N7',395,'','',''),(1872,27,3,3,32,0,'001 604 943 7818','','001 604 943 7818','','','Dianne Piesche','2010-03-30 08:26:40','2010-03-31 16:02:17','1222-56th Street','','Delta',297,'V4L 2A4',395,'','',''),(1873,27,3,3,32,0,'001 604 921 6628','','','','','Janusz Budzynski','2010-03-30 08:26:40','2010-03-31 16:02:17','946 Groveland Route','','W. Vancouver',297,'V7S 1Z1',395,'','',''),(1874,27,3,3,32,0,'001 250 748 1990','','001 250 748 1990','','','Dwigth Roux','2010-03-30 08:26:40','2010-03-31 16:02:17','105-5462 Trans Canada Hwy','','Duncan',297,'V9L 6W4',395,'','',''),(1875,27,3,3,32,0,'001 604 886 2712','','','','','Ward bautz','2010-03-30 08:26:40','2010-03-31 16:02:17','121B St Ann\'s Road','','Campbell River',297,'V9W 6B5',395,'','',''),(1876,27,3,3,32,0,'001 250 762 3022','','001 250 762 3074','','','Aurum Ceramic Dental Labs, Inc','2010-03-30 08:26:40','2010-03-31 16:02:17','1710, Ellis St. Suit 10','','Kelowna',297,'V1Y 2B5',395,'','',''),(1877,27,3,3,32,0,'001 250 751 8588','','001 250 756 4588','','','Aiken Denture Clinic','2010-03-30 08:26:40','2010-03-31 16:02:17','27B. 3200 North Island Hwy','','Nanaimo',297,'V9T 1W1',395,'','',''),(1878,27,3,3,32,0,'','','','','','Harbour City Denture Clinic','2010-03-30 08:26:40','2010-03-31 16:02:17','620 Wentworth St','','Nanaimo',297,'V9R 3E5',395,'','',''),(1879,27,3,3,32,0,'','','','','','Clayton Sulek','2010-03-30 08:26:40','2010-03-31 16:02:17','#B-2003 North State St','','Bellingham',298,'98225 USA',395,'','',''),(1880,27,3,3,32,0,'001 604 871 7123','','','','','Vancouver Community College','2010-03-30 08:26:40','2010-03-31 16:02:17','City Centre Campus, 250 West Pender St','','Vancouver',297,'V6B 1S9',395,'','',''),(1881,27,3,3,32,0,'','','','','','Allstar Dental Laboratories Ltd.','2010-03-30 08:26:40','2010-03-31 16:02:17','316-5th Avenue West','','Vancouver',297,'V5Y 1J5',395,'','',''),(1882,27,3,3,32,0,'','','','','','Fine Arts Dental Laboratories','2010-03-30 08:26:40','2010-03-31 16:02:17','1375 Boundary Road','','Vancouver',297,'V5K 4T9',395,'','',''),(1883,27,3,3,32,0,'','','','','','Aertssen Tandtechniek','2010-03-30 08:26:40','2010-03-31 16:02:17','Vlampijpstraat 45','','Utrech',326,'3534 AR',395,'','',''),(1884,27,3,3,32,0,'','','','','','Tanszorg Goes','2010-03-30 08:26:40','2010-03-31 16:02:17','L.P. v.d. Soeigelstr. 56','','Goes',326,'4461 LN',395,'','',''),(1885,27,3,3,32,0,'','','','','','Prisma Tandprothetiek','2010-03-30 08:26:40','2010-03-31 16:02:17','Zuidergracht','','',326,'Harlington',396,'','',''),(1886,27,3,3,32,0,'','','','','','TPP J. de Vries','2010-03-30 08:26:40','2010-03-31 16:02:17','Kerkstraat 10','','Zwolle',326,'8011 RT',396,'','',''),(1887,27,3,3,32,0,'','','','','','Wildt Tandtechniek','2010-03-30 08:26:40','2010-03-31 16:02:17','Zandweg 47','','Heerlen',326,'6417 AS',396,'','',''),(1888,27,3,3,32,0,'','','','','','Centrum voor Mondzorg','2010-03-30 08:26:40','2010-03-31 16:02:17','Van Sonsbeecklaan 3a','','Beek',326,'6191 JL',396,'','',''),(1889,27,3,3,32,0,'','','','','','TTL Westerkwartier','2010-03-30 08:26:40','2010-03-31 16:02:17','Nieuwstraat 22','','Zuidhorn',326,'9801 CS',395,'','',''),(1890,27,3,3,32,0,'','','','','','TTP Kauwenberg','2010-03-30 08:26:40','2010-03-31 16:02:17','Ommelsweg 55','','Asten',326,'5721 WT',396,'','',''),(1891,27,3,3,32,0,'','','','','','Walfit Tandtechniek','2010-03-30 08:26:40','2010-03-31 16:02:17','Vossekoog 16','','Alkmaar',326,'1822 BG',395,'','',''),(1892,27,3,3,32,0,'','','','','','TTP Launspach','2010-03-30 08:26:40','2010-03-31 16:02:17','4e morgen 18','','s-Hertogenbosch',326,'5233 NS',396,'','',''),(1893,27,3,3,32,0,'','','','','','TTP Monten','2010-03-30 08:26:40','2010-03-31 16:02:17','Marggravvstraat 1','','Vught',326,'5262 AS',396,'','',''),(1894,27,3,3,32,0,'','','','','','Feniks tandtechniek','2010-03-30 08:26:40','2010-03-31 16:02:17','Polanerbaan 13a','','Woerden',326,'3447 GN',395,'','',''),(1895,27,3,3,32,0,'','','','','','TTP Muller','2010-03-30 08:26:40','2010-03-31 16:02:17','Prinses Beatrixhof 123','','Naarden',326,'1411 CJ',396,'','',''),(1896,27,3,3,32,0,'','','','','','R.M. Schouten Tandtechniek b.v.','2010-03-30 08:26:40','2010-03-31 16:02:17','Eerste Zeine 8a','','Waalwijk',326,'5411 AK',395,'','',''),(1897,27,3,3,32,0,'','','','','','TTL Oosterwijk','2010-03-30 08:26:40','2010-03-31 16:02:17','Wilheminapark 26','','Utrecht',326,'3581 NE',395,'','',''),(1898,27,3,3,32,0,'','','','','','Nijmeegs Tandtchnisch Laboratorium','2010-03-30 08:26:40','2010-03-31 16:02:17','Prof Bellefroidstraat 22','','Nijmegen',326,'6525 AE',395,'','',''),(1899,27,3,3,32,0,'','','','','','TPP J.F van de Born','2010-03-30 08:26:40','2010-03-31 16:02:17','Swerts de Landastraat 60','','Arnheim',326,'6814 DH',396,'','',''),(1900,27,3,3,32,0,'','','','','','TTP van Kuyk','2010-03-30 08:26:40','2010-03-31 16:02:17','De Gouden leeuw 2','','Venray',326,'5801 BX',396,'','',''),(1901,27,3,3,32,0,'','','','','','TTP Verberkt','2010-03-30 08:26:40','2010-03-31 16:02:17','Hescheweg 48','','Oss',326,'5342 CK',396,'','',''),(1902,27,3,3,32,0,'','','','','','ABC Tandtechniek','2010-03-30 08:26:40','2010-03-31 16:02:17','Buurtweg 44','','Rheden',326,'6991 VZ',396,'','',''),(1903,27,3,3,32,0,'36 53 35 20 66','','','marketing@tmz.hu','','TMZ Tömösközi Zoltán','2010-03-30 08:26:40','2010-03-31 16:02:17','Rákóczi u. 50','','Nagykörös',342,'2750 ',395,'','',''),(1904,27,3,3,32,0,'+31 524 55 19 79','','','','','Wesselink Tandtechniek','2010-03-30 08:26:40','2010-03-31 16:02:17','Burg.ten Holteweg 44','','Dalen',326,'7751 CS',395,'','',''),(1905,27,3,3,32,0,'','','','calib1.tw@yahoo.com.tw','','Mr. Shin-Keng Chen','2010-03-30 08:26:40','2010-03-31 16:02:17','No. 25, Alley 30, Lane 428, Zongzhen Rd.','','Yonghe City Taipei County 234',377,'',395,'','',''),(1906,27,3,3,32,0,'+886 2 2365-7972','','','simon547@seed.net.tw','','Mr. Shih-Chi Hu','2010-03-30 08:26:40','2010-03-31 16:02:17','4F, No.6, Lane 17, Sec.1, Xinhai Rd.','','Zhongzheng Dist. Taipei City 100',377,'',395,'','',''),(1907,27,3,3,32,0,'+886 (03) 523-3456','','','','','Yu-Cheng Chu','2010-03-30 08:26:40','2010-03-31 16:02:17','No. 125, Jhongjheng Rd. ','','Hsinchu City 300',377,'',396,'','',''),(1908,27,3,3,32,0,'+886 (03) 785-6060','','','','','Wei-Shuo Chen','2010-03-30 08:26:40','2010-03-31 16:02:17','No. 72, Heping Rd.','','Yuanli Township, Miaoli County 358',377,'',396,'','',''),(1909,27,3,3,32,0,'+886 (04) 768-1174','','','','','Shih-Shyong Cheng','2010-03-30 08:26:40','2010-03-31 16:02:17','No. 310, Jhongshan Rd.','','Sioushuei Township, Changhua County 504',377,'',396,'','',''),(1910,27,3,3,32,0,'+886 (07) 223-3203','','','','','Jian-Wen Liau','2010-03-30 08:26:40','2010-03-31 16:02:17','Nr. 15, Alley 14, Lane 171, Jhongshan Rd.','','Alian Township, Kaohsiung County 822',377,'',396,'','',''),(1911,27,3,3,32,0,'+886 (08) 732-6033','','','','','Shin-Chin Wang','2010-03-30 08:26:40','2010-03-31 16:02:17','No. 80, Lioujhou St.','','Pingtung City, Pingtung County 900',377,'',396,'','',''),(1912,27,3,3,32,0,'','','','','','Brampton Denture Centre','2010-03-30 08:26:40','2010-03-31 16:02:17','111 Queen Street W,#102','','Brampton ON',297,'L6Y 2E4',396,'','',''),(1913,27,3,3,32,0,'','','','','','Jorda Denture Clinic','2010-03-30 08:26:40','2010-03-31 16:02:17','1121 Bellamy Road N.','','Scarborough ON',297,'M1H 3B9',396,'','',''),(1914,27,3,3,32,0,'','','','','','Keith D. Collins Denture','2010-03-30 08:26:40','2010-03-31 16:02:17','125 Balsam St. S','','Timmins',297,'P4N 2E1',396,'','',''),(1915,27,3,3,32,0,'','','','','','Smiths Falls Denture Clinic','2010-03-30 08:26:40','2010-03-31 16:02:17','43 Main Street East','','Smiths Falls, ON',297,'K7A 1A3',396,'','',''),(1916,27,3,3,32,0,'','','','','','Bio-dent Laboratories','2010-03-30 08:26:40','2010-03-31 16:02:17','225 Nugget Ave., Unit 18','','Scarborough, ON',297,'M1S 3L2',395,'','',''),(1917,27,3,3,32,0,'','','','','','EDL Partners ','2010-03-30 08:26:40','2010-03-31 16:02:17','3080 Windwood Drive','','Mississauga, ON',297,'L5N 2K5',396,'','',''),(1918,27,3,3,32,0,'','','','','','Advanced Denture clinic','2010-03-30 08:26:40','2010-03-31 16:02:17','4312 Dewdney Avenue','','Regina, SK',297,'S4T 1A8',396,'','',''),(1919,27,3,3,32,0,'','','','','','Gallingwood Denture Clinic','2010-03-30 08:26:40','2010-03-31 16:02:17','The Marketplace at Gallingwood No.446, 6650, 177 Street','','Edmonton, AB',297,'T5T 4J5',396,'','',''),(1920,27,3,3,32,0,'','','','','','Camrose Denture Clinic','2010-03-30 08:26:40','2010-03-31 16:02:17','4867-51 Street','','Camrose, AB',297,'T4V 1S2',396,'','',''),(1921,27,3,3,32,0,'','','','','','Care Denture Clinic','2010-03-30 08:26:40','2010-03-31 16:02:17','9516-163rd St NW','','Edmonton, AB',297,'T5P 3M7',396,'','',''),(1922,27,3,3,32,0,'','','','','','Fountain Lake Denture Clinic','2010-03-30 08:26:40','2010-03-31 16:02:17','3267-28th Avenue','','Edmonton, AB',297,'T6T 1P6',396,'','',''),(1923,27,3,3,32,0,'','','','','','Getty Denture Clinic','2010-03-30 08:26:40','2010-03-31 16:02:17','10025-106St NW, Suite #1202','','Edmonton, AB',297,'T5J 1G4',396,'','',''),(1924,27,3,3,32,0,'','','','','','Holyk\'s Denture Clinic','2010-03-30 08:26:40','2010-03-31 16:02:17','12123, 54 Th Street','','Edmonton, AB',297,'T5W 3N4',396,'','',''),(1925,27,3,3,32,0,'','','','','','Lakeland Denture Clinic','2010-03-30 08:26:40','2010-03-31 16:02:17','Box 77810130, 101 Ave','','Lac La Biche, AB',297,'T0A 2C0',396,'','',''),(1926,27,3,3,32,0,'','','','','','South Hill Dental Lab','2010-03-30 08:26:40','2010-03-31 16:02:17','Unit3 A, 2685, 2nd Avenue W','','Prince Albert, SK',297,'S6V 5E4',396,'','',''),(1927,27,3,3,32,0,'','','','','','Advanced Dental Lab','2010-03-30 08:26:40','2010-03-31 16:02:17','#2-1901 Centre St. NW','','Calgary, AB',297,'T2E 2S7',395,'','',''),(1928,27,3,3,32,0,'','','','','','Precision Ceramics','2010-03-30 08:26:40','2010-03-31 16:02:17','11523-100th Ave, 412 Le Marchand','','Edmonton, AB',297,'T5K 0J8',395,'','',''),(1929,27,3,3,32,0,'','','','','','Mr. Aphonse Pettigrew','2010-03-30 08:26:40','2010-03-31 16:02:17','5001 Boul Dagenais','','Laval, QC',297,'H7R 1L9',396,'','',''),(1930,27,3,3,32,0,'','','','','','Mr. Claude Lauze','2010-03-30 08:26:40','2010-03-31 16:02:17','780 Boulevard Ste Foy','','Longueuil, QC',297,'J4J 1Z3',396,'','',''),(1931,27,3,3,32,0,'','','','','','Mr. Jean Gagnon','2010-03-30 08:26:40','2010-03-31 16:02:17','98 Rue Merry Nord','','Magog, QC',297,'J1X 2E6',396,'','',''),(1932,27,3,3,32,0,'','','','','','Mr. Jean Gibeault','2010-03-30 08:26:40','2010-03-31 16:02:17','720 Blvd, Taschereau #2','','La Prairie, QC',297,'J5R 1V6',396,'','',''),(1933,27,3,3,32,0,'','','','','','Mr. Vincent Lortie','2010-03-30 08:26:40','2010-03-31 16:02:17','220 Sainte-Marie Avenue','','Donnacona, QC',297,'G3M 2M2',396,'','',''),(1934,27,3,3,32,0,'','','','','','Robert Rousseau Denture Clinic - Mr. Robert Rousseau','2010-03-30 08:26:40','2010-03-31 16:02:17','340 101ieme  Ave. Sud','','Sherbrooke, QC',297,'J1G 2R7',396,'','',''),(1935,27,3,3,32,0,'','','','','','Mr. Stephane B. Cote','2010-03-30 08:26:40','2010-03-31 16:02:17','#308-2360 Rue Notre Dame','','Montreal, QC',297,'H3J 1N4',396,'','',''),(1936,27,3,3,32,0,'','','','','','Ms. Susan Dubois','2010-03-30 08:26:40','2010-03-31 16:02:17','3092, 1st Avenue','','Quebec City, QC',297,'G1L 3P4',396,'','',''),(1937,27,3,3,32,0,'','','','','','Ms. Christine L\'Heureux','2010-03-30 08:26:40','2010-03-31 16:02:17','4715 Des Replats, Bureau 170','','Quebec City, QC',297,'G2J 1B8',396,'','',''),(1938,27,3,3,32,0,'','','','','','Classic Dental Lab','2010-03-30 08:26:40','2010-03-31 16:02:17','1175 Cecil Avenue','','Ottawa, ON',297,'K1H 7Z6',395,'','',''),(1939,27,3,3,32,0,'','','','','','Mr. Daniel Morin','2010-03-30 08:26:40','2010-03-31 16:02:17','9 Blvd Teche E., #210','','Montmagny, QC',297,'G5V 1B6',396,'','',''),(1940,27,3,3,32,0,'','','','','','Mr. Marc Desjardins','2010-03-30 08:26:40','2010-03-31 16:02:17','1932 Blvd Des Laurentides','','Vimont-Laval, QC',297,'H7M 2R3',396,'','',''),(1941,27,3,3,32,0,'','','','','','Mr. Sylvain Belanger','2010-03-30 08:26:40','2010-03-31 16:02:17','154 Rue Leduc','','St. Therese, QC',297,'J7E 2W4',396,'','',''),(1942,27,3,3,32,0,'','','','','','Ms. Genevieve Samson','2010-03-30 08:26:40','2010-03-31 16:02:17','101 St. Jean Baptist','','Beloeil, QC',297,'J3G 2B3',396,'','',''),(1943,27,3,3,32,0,'','','','','','John Knapman Denture Clinic','2010-03-30 08:26:40','2010-03-31 16:02:17','135 East Main Street','','Welland, ON',297,'L3B 3W5',396,'','',''),(1944,27,3,3,32,0,'','','','','','Mr. Joseph Della Marina','2010-03-30 08:26:40','2010-03-31 16:02:17','6 Alden Court','','St. Catherines, ON',297,'L2T 3X3',396,'','',''),(1945,27,3,3,32,0,'','','','','','Lake Street Denture Clinic','2010-03-30 08:26:40','2010-03-31 16:02:17','90 Lake Street','','St. Catherines, ON',297,'L2R 5X6',396,'','',''),(1946,27,3,3,32,0,'','','','','','Schankula Denture Clinic','2010-03-30 08:26:40','2010-03-31 16:02:17','400 Scott Street','','St. Catherines, ON',297,'L2M 3W4',396,'','',''),(1947,27,3,3,32,0,'','','','','','Wellington Street Denture Clinic - Christian Lagos','2010-03-30 08:26:40','2010-03-31 16:02:17','62 Wellington St. S.','','Woodstock, ON',297,'N4S 3H6',396,'','',''),(1948,27,3,3,32,0,'','','','','','Mr. Jack Abergel','2010-03-30 08:26:40','2010-03-31 16:02:17','1466 Bathurst St. #302','','Toronto, ON',297,'M5R 3S3',396,'','',''),(1949,27,3,3,32,0,'','','','','','Ms. Isabelle Poirier','2010-03-30 08:26:40','2010-03-31 16:02:17','550 Tenth Street','','Hanover, ON',297,'N4N 1R5',396,'','',''),(1950,27,3,3,32,0,'','','','','','Singer Gordana Ceramics Ltd.','2010-03-30 08:26:40','2010-03-31 16:02:17','2016 Bathurst St. Suite #102','','Toronto, ON',297,'M5P 3L1',395,'','',''),(1951,27,3,3,32,0,'','','','','','Baluke Dental Studios Ltd.','2010-03-30 08:26:40','2010-03-31 16:02:17','84W Wilmot St, Unit #48','','Richmont Hill, ON',297,'L4B  1K7',395,'','',''),(1952,27,3,3,32,0,'','','','','','Ms. Patricia Thobaden, Denturist','2010-03-30 08:26:40','2010-03-31 16:02:17','#102-20103, 40th Avenue','','Langley, BC',297,'V3A 2W3',396,'','',''),(1953,27,3,3,32,0,'','','','','','Lewis Denture Clinic','2010-03-30 08:26:40','2010-03-31 16:02:17','#2-2145 Bowen Road','','Nanaimo, BC',297,'V9S 1H8',396,'','',''),(1954,27,3,3,32,0,'','','','','','Mr. Al Brown','2010-03-30 08:26:40','2010-03-31 16:02:17','810-20th Street','','New Westminster, BC',297,'V3M 4W6',396,'','',''),(1955,27,3,3,32,0,'','','','','','Mr. Hyo Kim','2010-03-30 08:26:40','2010-03-31 16:02:17','2615 Pauline Street','','Abbotsford, BC        ',297,'V2S 3S2',396,'','',''),(1956,27,3,3,32,0,'','','','','','Mr. Jeffrey Frasch','2010-03-30 08:26:40','2010-03-31 16:02:17','#203-3140 Lakeshore Road','','Kelowna, BC',297,'V1W 3T1',396,'','',''),(1957,27,3,3,32,0,'','','','','','Mr. Ken Wong','2010-03-30 08:26:40','2010-03-31 16:02:17','2609 E. Hastings St.','','Vancouver, BC',297,'V5K 1Z5',396,'','',''),(1958,27,3,3,32,0,'','','','','','Mr. Larry Gilbert','2010-03-30 08:26:40','2010-03-31 16:02:17','Box 507','','Qualicum Beach, BC',297,'V9K 1T1',396,'','',''),(1959,27,3,3,32,0,'','','','','','Richmond Denture Clinic','2010-03-30 08:26:40','2010-03-31 16:02:17','370 Gilbert Road','','Richmond, BC',297,'V7C 5L9',396,'','',''),(1960,27,3,3,32,0,'','','','','','Mr. Kore Connolly','2010-03-30 08:26:40','2010-03-31 16:02:17','#370-6091 Gilbert Road','','Richmond, BC',297,'V77C 5L9',396,'','',''),(1961,27,3,3,32,0,'','','','','','Stewart Denture Clinic','2010-03-30 08:26:40','2010-03-31 16:02:17','6860, #3 Road','','Richmond, BC',297,'V6Y 2C4',396,'','',''),(1962,27,3,3,32,0,'','','','','','White Rock Denture Clinic','2010-03-30 08:26:40','2010-03-31 16:02:17','15168 Roper Avenue','','White Rock, BC',297,'V4B 2E7',396,'','',''),(1963,27,3,3,32,0,'','','','','','Fischer Denture Clinic, C/o VCC','2010-03-30 08:26:40','2010-03-31 16:02:17','#334-250W Pender St.','','Vancouver, BC',297,'V6B 1S9',396,'','',''),(1964,27,3,3,32,0,'','','','','','Mr. Michael Kim','2010-03-30 08:26:40','2010-03-31 16:02:17','#343-5000 Kingsway','','Burnaby, BC',297,'V5H 2E4',396,'','',''),(1965,27,3,3,32,0,'604-944-4910','','604-468-4912','','','Burke Mountain Denture Clinic Inc., Mr. Ravinder Lyall','2010-03-30 08:26:40','2010-03-31 16:02:17','6211-2850 Shaughnessy Street','','Port Coquitlam, BC',297,'V3C 6K5',396,'','',''),(1966,27,3,3,32,0,'+1 306 783 6350','','+1 306 786 6645','info@thecaringteam.com','','BG Denture Clinic','2010-03-30 08:26:40','2010-03-31 16:02:17','15 - 1st. Ave. North','SK','Yorkton ',297,'S3N 1J3',396,'','',''),(1967,27,3,3,32,0,'127 8 9250 5215','','','bway@westnet.com.au','','MIDLAND DENTURE CLINIC','2010-03-30 08:26:40','2010-03-31 16:02:17','303A Great Eastern Highway','Western Australia','Midland',299,'6056',396,'','',''),(1968,27,3,3,32,0,'','','','','','Erikoishammasteknikko Anssi Soininen','2010-03-30 08:26:40','2010-03-31 16:02:17','Haplähteenkatu 41','','Kuopio',309,'70110',396,'','',''),(1969,27,3,3,32,0,'','','','','','Chen Ying-Chi','2010-03-30 08:26:40','2010-03-31 16:02:17','No. 244, Sec. 3, Heping W.Rd. Wanhua District','','Taipei City 108',377,'',396,'','',''),(1970,27,3,3,32,0,'++44 / 162 956 558','','','','','Springmount Dental Practice - Dr. Nigel Rosenbaum','2010-03-30 08:26:40','2010-03-31 16:02:17','41 Bank Road','Derbeshire','Matlock',312,'DE4 3GL',396,'','',''),(1971,27,3,3,32,0,'','','','shaundunn@sympatico.ca','','Mr. Shaun Dunn','2010-03-30 08:26:40','2010-03-31 16:02:17','1455 Lakeshore Road','Ontario ','Burlington /ON',297,'',396,'','',''),(1972,27,3,3,32,0,'','','','zczczc@cogeco.ca','','Mr. Carlo Zanon','2010-03-30 08:26:40','2010-03-31 16:02:17','21 Elm Street','Ontario','Grimsby / ON',297,'L3M IH4',396,'','',''),(1973,27,3,3,32,0,'','','','','','Mr. Efthymios Michael Vakalis','2010-03-30 08:26:40','2010-03-31 16:02:17','244 Thomas st','Ontario','Burlington /ON',297,'L1L 4M9',396,'','',''),(1974,27,3,3,32,0,'','','','ameryhk@telus.net','','Denturist Hussein Amery','2010-03-30 08:26:40','2010-03-31 16:02:17','Sunridge Professional Bldg.#112, 2675 - 36 St NE','Alberta','Calgary/ AB',297,'T1Y 6H6',396,'','',''),(1975,27,3,3,32,0,'','','','','','Mrs. Renata Kunova','2010-03-30 08:26:40','2010-03-31 16:02:17','Papradova 3','','Bratislava',336,'82101',395,'','',''),(1976,27,3,3,32,0,'','','','','','Mr. Michal Hermanek','2010-03-30 08:26:40','2010-03-31 16:02:17','Geologa Posepneho 263','','Jilemnice',339,'51401',395,'','',''),(1977,27,3,3,32,0,'','','','','','Dr. Darina Ramusch','2010-03-30 08:26:40','2010-03-31 16:02:17','Kainachgasse 19/5/12','','Wien',328,'1210',396,'','',''),(1978,27,3,3,32,0,'','','','','','Dr. Mei Elen HO','2010-03-30 08:26:40','2010-03-31 16:02:17','Komödiengasse 10','','Wien',328,'1020',396,'','',''),(1979,27,3,3,32,0,'','','','','','Dr. Robert Stillmann','2010-03-30 08:26:40','2010-03-31 16:02:17','Nusswaldgasse 4/3/1','','Wien',328,'1190',396,'','',''),(1980,27,3,3,32,0,'','','','','','Dr. Milena Kotlan','2010-03-30 08:26:40','2010-03-31 16:02:17','Kainachgasse 19/5/12','','Wien',328,'1210',396,'','',''),(1981,27,3,3,32,0,'','','','','','WGKK - Gesundheitszentrum - Prim. Dr. Ewald Niefergall','2010-03-30 08:26:40','2010-03-31 16:02:17','Renngasse 15','','Wien',328,'1010',396,'','',''),(1982,27,3,3,32,0,'','','','','','WGKK - Gesundheitszentrum - Dr. Brigitte Jobst','2010-03-30 08:26:40','2010-03-31 16:02:17','Renngasse 15','','Wien',328,'1010',396,'','',''),(1983,27,3,3,32,0,'','','','','','WGKK - Gesundheitszentrum - Dr.Daniela Dimova-Schada','2010-03-30 08:26:40','2010-03-31 16:02:17','Kerb-Aschenbrennergasse 3, Nord','','Wien',328,'1210',396,'','',''),(1984,27,3,3,32,0,'','','','','','WGKK - Gesundheitszentrum - Dr. Pavel Mozanik','2010-03-30 08:26:40','2010-03-31 16:02:17','Kerb-Aschenbrennergasse 3, Nord','','Wien',328,'1210',396,'','',''),(1985,27,3,3,32,0,'','','','','','WGKK - Gesundheitszentrum - Dr. Grazyna Szczurowski','2010-03-30 08:26:40','2010-03-31 16:02:17','Renngasse 15','','Wien',328,'1010',396,'','',''),(1986,27,3,3,32,0,'','','','','','WGKK - Gesundheitszentrum - Dr. Plössing-Oberleitner','2010-03-30 08:26:40','2010-03-31 16:02:17','Renngasse 15','','Wien',328,'1010',396,'','',''),(1987,27,3,3,32,0,'+81 (0)52 263 6211 ','','','yoshiki.dc@eco.ocn.ne.jp','','Yoshiki Dental Clinic - Dr. Yoshiki Kunio','2010-03-30 08:26:40','2010-03-31 16:02:17','<b>BPS clinical instructor</b><br>\nSakae Toei Bldg. 9F<br>\n3-7-12 Sakae<br>\nNaka-ku<br>\nNagoya-shi','','Aichi',358,'460-0008',396,'COM','',''),(1988,27,3,3,32,0,'+81 (0) 175 29 2367','','+81 (0) 175 29 4900','','','Miykawa Dental Laboratory','2010-03-30 08:26:40','2010-03-31 16:02:17','12-9 Matsumori-cho Mutsu-shi','','Aomori 035-0078',358,'',395,'','',''),(1989,27,3,3,32,0,'+81 (0)985 31 1956','','+81 (0) 985 31 1959','kanri@tsuchida-dent.com','','Tsuchida Dental Clinic','2010-03-30 08:26:40','2010-03-31 16:02:17','1-3-6 Miyazakieki Higashi<br>\nMiyazaki-shi','','Miyazaki',358,'880-0879',395,'COM','',''),(1990,27,3,3,32,0,'+81 (0) 99 229 1541','','+81 (0) 99 229 1541','','','Dental Koubou Ryo','2010-03-30 08:26:40','2010-03-31 16:02:17','2029-15 Shimoishiki-cho <br>\nKagoshima-shi','','Kagoshima',358,'890-0004',395,'COM','',''),(1991,27,3,3,32,0,'+81 (0) 45 301 7515','','+81 (0) 45 301 7515','','','Yanagisawa Dental Laboratory','2010-03-30 08:26:40','2010-03-31 16:02:17','22-8 Kitashin <br>\nSeya-ku <br>\nYaokohama-shi','','Kanagawa',358,'246-0036',395,'COM','',''),(1992,27,3,3,32,0,'+81 (0) 45 594 4009','','+81 (0) 45 594 4009','itoh-life55@nifty.ne.jp','','Nakao Dental Clinic','2010-03-30 08:26:40','2010-03-31 16:02:17','5-12-5 Takadanishi<br>\nKohoku-ku<br>\nYokohama-shi','','Kanagawa',358,'223-0066',395,'COM','',''),(1993,27,3,3,32,0,'+81 (0) 80 1707 9776','','','qqny4dec9@fork.ocn.ne.jp','','Mr. Shinya Nakano','2010-03-30 08:26:40','2010-03-31 16:02:17','3-22-40-101 Tatsudajnnai<br>\nKumamoto-shi','','Kumamoto',358,'861-8005',395,'COM','',''),(1994,27,3,3,32,0,'+81 (0) 3 3411 5141','','','','','Yuyuudoori Dental Laboratory','2010-03-30 08:26:40','2010-03-31 16:02:17','4-18-21-1F Komazawa Setagaya-ku','','Tokyo',358,'154-0012',395,'','',''),(1995,27,3,3,32,0,'+81 (0) 24 522 6876','','+81 (0) 24 522 6876','','','Akatsuka Dental Clinic','2010-03-30 08:26:40','2010-03-31 16:02:17','Unix Bldg. 2F <br>\n6-6 Sakae-machi<br>\nFukushima-shi','','Fukushima',358,'960-8031',395,'COM','',''),(1996,27,3,3,32,0,'+81 (0) 23 658 8080','','+81 (0) 23 658 8185','','','Konno Dental Clinic','2010-03-30 08:26:40','2010-03-31 16:02:17','2-6-20 Midaregawa<br>\nTendo-shi','','Yamagata',358,'994-0002',395,'COM','',''),(1997,27,3,3,32,0,'','','','','','Zubna Technika Zubak-Zubakova s.r.o. -Robert Zubak','2010-03-30 08:26:40','2010-03-31 16:02:17','Javornicka 41','','Banska Bystrica',336,'97411',395,'','',''),(1998,27,3,3,32,0,'','','','keshvad@irandental.org','','Dr. Alireza Keshvad','2010-03-30 08:26:40','2010-03-31 16:02:17','Fati - Shaqaqi Street 139','','Tehran',356,'14317',396,'','',''),(1999,27,3,3,32,0,'','','','tomislav.pezelj@gmail.com','','Mr. Tomislav Pezelj','2010-03-30 08:26:40','2010-03-31 16:02:17','Trg hrvatskih branitelja 2','','Sisak',317,'44000',395,'','',''),(2000,27,3,3,32,0,'(07) 5449 7929','','','','','John Taylor Precision Dentures','2010-03-30 08:26:40','2010-03-31 16:02:17','2/48 Mary Street ','Queensland','Noosaville ',299,'4566',396,'','',''),(2001,27,3,3,32,0,'','','','','','Dr.Siva Shankar Nalluswamy - Jasmin Dental Hospital','2010-03-30 08:26:40','2010-03-31 16:02:17','996, Kovai Road','','Karur',353,'639002',396,'','',''),(2002,27,3,3,32,0,'','','','','','Dr. Senthil Velan Chidambaram - Ragu Dental Clinic','2010-03-30 08:26:40','2010-03-31 16:02:17','39A Main Road Somanur','','Coimbatore',353,'641668',396,'','',''),(2003,27,3,3,32,0,'','','','','','Dr. Suresh Kumar Ramasubramanian - Janatha Dental Clinic','2010-03-30 08:26:40','2010-03-31 16:02:17','No. 103, 3D, Sankara Vinayagar Koil Street','','Puliangudi, Tamil Nadu',353,'627855',396,'','',''),(2004,27,3,3,32,0,'','','','','','Dr. Vijay Mabrukar - Yashratna Dental Centre','2010-03-30 08:26:40','2010-03-31 16:02:17','34, Amba Complex, Opp. Wonderland, M.G. Road','','Pune',353,'',396,'','',''),(2005,27,3,3,32,0,'','','','','','Dr. Bhavin Patel - N.K. Patel & Sons','2010-03-30 08:26:40','2010-03-31 16:02:17','7, Kalyan Niwas, 3rd Road, Khar','','Mumbai',353,'400052 ',396,'','',''),(2006,27,3,3,32,0,'','','','','','Dr. Raj Kumar Ramakrishnan - Baliga Dental Clinic','2010-03-30 08:26:40','2010-03-31 16:02:17','103, T.V.K. Road','','Villupuram',353,'605602',396,'','',''),(2007,27,3,3,32,0,'0052 81 8347-0831','','','','','Dra. Diana Laura Bernal Rodríguez - Instituto Dental de Implantología','2010-03-30 08:26:40','2010-03-31 16:02:17','Factores Mutuos No. 210. Col. Leones','','Monterrey. N.L.',283,'C.P. 64600',396,'','',''),(2008,27,3,3,32,0,'0115255 / 56066018 calling from USA','','0115255 / 56664115','edgargrageda@gmail.com','','Edgar Grageda DDS, MS - Medica sur Hospital','2010-03-30 08:26:40','2010-03-31 16:02:17','Puente de Piedra #150 Int. 904-913, Col. Toriello Guerra, Delegación Tlalpan. ','','Mexico City',283,'C.P. 14050',396,'','',''),(2009,27,3,3,32,0,'0052 55 3195-2930','','0052 55 3195-2930','','','Dr. Giovanni Molina Lugo - Hospital Español','2010-03-30 08:26:40','2010-03-31 16:02:17','Ejercito Nacional No. 613 - Sala 19 Consultorio, Col. Granada','','Mexico D.F.',283,'C.P. 11520',396,'','',''),(2010,27,3,3,32,0,'0052 55 5516-9756','','','emilioaguirre@axtel.net.','','Dr. Emilio Aguirre Gas','2010-03-30 08:26:40','2010-03-31 16:02:17','Altata No. 51-403, Col. Hipódromo Condesa','','Mexico, D.F.',283,'C.P. 06170',396,'','',''),(2011,27,3,3,32,0,'0030 210 5056009','','','','','Mr. Dimitris Leventis','2010-03-30 08:26:40','2010-03-31 16:02:17','72, Rodou Str','','Petroupoli',311,'132 31',395,'','',''),(2012,27,3,3,32,0,'604-939-0179','','604-939-0177','','','Andrew Dounis','2010-03-30 08:26:40','2010-03-31 16:02:17','#107-508 Clarke Road','','Coquitlam',297,'BC V3J 3X2',396,'','',''),(2013,27,3,3,32,0,'519-453-7352','','519-453-9381','','','Steven Gallaher - C/o Shaw London Dental Lab','2010-03-30 08:26:40','2010-03-31 16:02:17','1905 Oxford Avenue East','','London',297,'ON N5V 2Z7',396,'','',''),(2014,27,3,3,32,0,'450-654-1818','','450-654-1818','','','Laboratoire Dentaire Dentum - Michel Girand','2010-03-30 08:26:40','2010-03-31 16:02:17','69A Richemont','','Repentigny, QC',297,'5JY 3J8',395,'','',''),(2015,27,3,3,32,0,'','','','','','Sylvain Bélanger','2010-03-30 08:26:40','2010-03-31 16:02:17','154 Leduc','','St.-Therese, QC',297,'',396,'','',''),(2016,27,3,3,32,0,'','','','','','Susan Wong','2010-03-30 08:26:40','2010-03-31 16:02:17','707-2055 Yukon St.','','Vancouver, B.C.',297,'V5Y-4B7',396,'','',''),(2017,27,3,3,32,0,'','','','','','Elaine-Charters-Osborne','2010-03-30 08:26:40','2010-03-31 16:02:17','M/A 4188 HWY 3A','','',297,'V1L 6N1 Nelson, B.C.',396,'','',''),(2018,27,3,3,32,0,'','','','','','Yves Morneault','2010-03-30 08:26:40','2010-03-31 16:02:17','31 Rue Michaud','','Edmundston N.B.',297,'E3V 1X2',396,'','',''),(2019,27,3,3,32,0,'','','','','','Alexander Ney','2010-03-30 08:26:40','2010-03-31 16:02:17','Apt. No. 1408, 75 Charolais Blvd','','Brampton ON',297,'L6Y 2R8',396,'','',''),(2020,27,3,3,32,0,'','','','kdadswell@sympatico.ca','','Mrs. Kimberley Dadswell','2010-03-30 08:26:40','2010-03-31 16:02:17','12 Pine Street','','Collingwood ON',297,'L9Y 2N7',396,'','',''),(2021,27,3,3,32,0,'','','','','','William','2010-03-30 08:26:40','2010-03-31 16:02:17','293 Tunis Street','','St. Ingerson, ON',297,'N5C 1W9',396,'','',''),(2022,27,3,3,32,0,'','','','','','Fernando Paiz','2010-03-30 08:26:40','2010-03-31 16:02:17','3175 Rutherford Rd., Bldg. G, Unit 36, ','','Vaughan ON ',297,'L4K 5Y6',396,'','',''),(2023,27,3,3,32,0,'','','','','','Calvin Hawn','2010-03-30 08:26:40','2010-03-31 16:02:17','576 Maitland street','','London ON',297,'N6B 2Z7',396,'','',''),(2024,27,3,3,32,0,'','','','','','Thien Dieu Ly','2010-03-30 08:26:40','2010-03-31 16:02:17','1175 Wellington St., Suite 1','','Ottawa ON',297,'K1Y 2Y9',396,'','',''),(2025,27,3,3,32,0,'','','','','','Mrs. Anick Brouilette','2010-03-30 08:26:40','2010-03-31 16:02:17','2660 Principale','','St. Jean Baptiste, QC',297,'J0L 2B0',396,'','',''),(2026,27,3,3,32,0,'','','','','','Laboratoire Dentaire Lafond Desjardin et Ass.INC','2010-03-30 08:26:40','2010-03-30 08:26:40','1932 Bvld des Laurentides','','Lawal , QC',0,'H7M 2R3',396,'','',''),(2027,27,3,3,32,0,'','','','','','Mrs Ariane Lucier-Jobin','2010-03-30 08:26:40','2010-03-31 16:02:17','5186 St. Jaques','','Laval, QC',297,'H7C 1G9',396,'','',''),(2028,27,3,3,32,0,'','','','le_giao@yahoo.ca','','Mr. Giao Lee','2010-03-30 08:26:40','2010-03-31 16:02:17','2318 E 40th Avenue','','Vancouver BC',297,'V5R 2V7 ',396,'','',''),(2029,27,3,3,32,0,'','','','','','Mr. Nelson Morisset - Laboratoire dentaire Morisset Inc.','2010-03-30 08:26:40','2010-03-31 16:02:17','695 Boulv. Charest Est. ','','Québec, QC',297,'G1K 3K5',396,'','',''),(2030,27,3,3,32,0,'','','','','','Mr. Dean C. McLeod','2010-03-30 08:26:40','2010-03-31 16:02:17','1330 Avenue W. North','','Saskatoon  SK',297,'37L 3J3',396,'','',''),(2031,27,3,3,32,0,'','','','','','Mr. Alan C. Brown','2010-03-30 08:26:40','2010-03-31 16:02:17','810 20th Street','','New West, B.C.',297,'N3M 4W6',396,'','',''),(2032,27,3,3,32,0,'','','','','','Mrs. Mylaine Thériault','2010-03-30 08:26:40','2010-03-31 16:02:17','2039 Cartier No. 5','','Montréal, QC',297,'H2K 4E9',396,'','',''),(2033,27,3,3,32,0,'','','','michewwe@hotmail. com','','Mrs. Michelle Du Gay','2010-03-30 08:26:40','2010-03-31 16:02:17','15158 Roper Ave.','','White Rock, B.C.',297,'V4B 2E7',396,'','',''),(2034,27,3,3,32,0,'','','','','','Mr. Lino Gaita','2010-03-30 08:26:40','2010-03-31 16:02:17','No. 2-22214 Dewdney Trunk Rd. ','','Maple Ridge, B.C.',297,'',396,'','',''),(2035,27,3,3,32,0,'','','','','','Mr. Jean-Luc LaRouche','2010-03-30 08:26:40','2010-03-31 16:02:17','1285 St. Cyrille ','','Normandin P., QC',297,'G8M 4K1',396,'','',''),(2036,27,3,3,32,0,'','','','','','Mr. Tomasz Szarski','2010-03-30 08:26:40','2010-03-31 16:02:17','17 Shiregrenn Or.','','Ottawa, ON.',297,'K2J 3N5 ',396,'','',''),(2037,27,3,3,32,0,'','','','','','Mr. Ky Trinh Ly','2010-03-30 08:26:40','2010-03-31 16:02:17','8 Spinter Cres','','Ottawa, ON ',297,'K2B 1B2',396,'','',''),(2038,27,3,3,32,0,'','','','','','Iwona Cebo','2010-03-30 08:26:40','2010-03-31 16:02:17','15 Vivora Linkway No. 912','','Toronto, ONT',297,'M3C 1A8',396,'','',''),(2039,27,3,3,32,0,'','','','','','Mrs. Jocelyn Michaud','2010-03-30 08:26:40','2010-03-31 16:02:17','1040 RG Petit Bois','','Louiseville',297,'J5V 2R3',396,'','',''),(2040,27,3,3,32,0,'','','','','','Mr. Erik Furois','2010-03-30 08:26:40','2010-03-31 16:02:17','8695 Hochelaga bureau 212','','Montreal, QC',297,'H1L 6J5',396,'','',''),(2041,27,3,3,32,0,'','','','','','Mrs. Charlène Milot','2010-03-30 08:26:40','2010-03-31 16:02:17','525 Barkoff Suite 102','','Trois-Rivières, QC',297,'',396,'','',''),(2042,27,3,3,32,0,'','','','','','Mr. Michel Girard','2010-03-30 08:26:40','2010-03-31 16:02:17','69 A de Richemont','','Repentigny, QC',297,'',396,'','',''),(2043,27,3,3,32,0,'604-874-6671','','','glkoss@hotmail.com','','Mr. Gerald Lee-Kwen - Kingsway Denture Clinic','2010-03-30 08:26:40','2010-03-31 16:02:17','#103-1435 Kingsway','','Vancouver, BC',297,'V5N 2R3',396,'','',''),(2044,27,3,3,32,0,'','','','','','Mr Peter Hodson','2010-03-30 08:26:40','2010-03-31 16:02:17','1451 Johnston Rd.','','White Rock, B.C.',297,'V4B 3Z4',396,'','',''),(2045,27,3,3,32,0,'','','','cambiedentureclinic@hotmail.com','','Mr. Henry Wong','2010-03-30 08:26:40','2010-03-31 16:02:17','4915 Main Street','','Vancouver ',297,'V5W 2R2',396,'','',''),(2046,27,3,3,32,0,'','','','','','Mr. Karl Kafka','2010-03-30 08:26:40','2010-03-31 16:02:17','460-309 2nd. Avenue','','Prince Rupert, B.C.',297,'V8J 3T1',396,'','',''),(2047,27,3,3,32,0,'','','','','','Mr. Frank Yoo','2010-03-30 08:26:40','2010-03-31 16:02:17','20185 56st. Aavenue','','Langley, B.C.',297,'V3A 3Y6',396,'','',''),(2048,27,3,3,32,0,'','','','','','Mr. Peter Jensen','2010-03-30 08:26:40','2010-03-31 16:02:17','4321 Hastings str.','','Burnaby, B.C.',297,'V5C2J7',396,'','',''),(2049,27,3,3,32,0,'','','','','','Mr. Daniel Vorano','2010-03-30 08:26:40','2010-03-31 16:02:17','43 Main St. East','','Smiths Falls, ON',297,'K7A 1A3',396,'','',''),(2050,27,3,3,32,0,'905 459 7442','','','','','Mrs. Abigail Feige','2010-03-30 08:26:40','2010-03-31 16:02:17','101 Main St.N., Suite 5','','Brampton / ON',297,'L6Y 2E4',396,'','',''),(2051,27,3,3,32,0,'+30 2610 622545','','+30 2610 272653','','','Mr. Christopoulos Panagiotis ','2010-03-30 08:26:40','2010-03-31 16:02:17','5 Parodos Synt.\n','','Patra',311,'26331',395,'','',''),(2052,27,3,3,32,0,'+30 6944 960414','','','nikos0404@yahoo.gr','','Mr. Nikolaos Dimitriadis','2010-03-30 08:26:40','2010-03-31 16:02:17','3,Agias Lavras ','','N.Heraklio, Athens',311,'14121',395,'','',''),(2053,27,3,3,32,0,'+30 210 952 1605','','','nbridkos@otenet.gr','','Mr. Antigoni Foutsi','2010-03-30 08:26:40','2010-03-31 16:02:17','Salaminos 72-74','','Kallithea  - Atens',311,'17675',395,'','',''),(2054,27,3,3,32,0,'+30 210 5248508','','','','','Elli Ionnidou & Co.','2010-03-30 08:26:40','2010-03-31 16:02:17','Aristotelous','','Athens',311,'104-32',395,'','',''),(2055,27,3,3,32,0,'+30 265 1020025','','','','','Mr. Spiros Kazianis','2010-03-30 08:26:40','2010-03-31 16:02:17','Solomou 2','','Ioannina',311,'45221',395,'','',''),(2056,27,3,3,32,0,'+30 2641046322','','+30 26410 46322','mamasoulask@yahoo.gr','','Mr. Konstantinos Mamasoulas','2010-03-30 08:26:40','2010-03-31 16:02:17','Gorgopotamoy Etoloakamanias 1','','Agrinio',311,'30100',395,'','',''),(2057,27,3,3,32,0,'+30 210 2013538','','','mountdim@acksmi.gr','','Mr. Dimitrios Mountoudis','2010-03-30 08:26:40','2010-03-31 16:02:17','IA Kovaton 37','','Athens',311,'11144',395,'','',''),(2058,27,3,3,32,0,'+30 210 9317094','','+30 210 9317094','maya.zafiri@dentalvision.gr','','Dental Laboratory Nikolaou','2010-03-30 08:26:40','2010-03-31 16:02:17','Adiochias 46','','N.Smimi-Athens',311,'17123',395,'','',''),(2059,27,3,3,32,0,'+30 210 8029196','','','sigouros1@hol.gr','','K.S. Dent Laboratory','2010-03-30 08:26:40','2010-03-31 16:02:17','Dionysou 9','','Marousi',311,'15124',395,'COM','',''),(2060,27,3,3,32,0,'+30 210 7525627','','','info@dentaltech.gr','','Dental Tech ','2010-03-30 08:26:40','2010-03-31 16:02:17','Artotinis Pagkrati 30','','Athens',311,'11633',395,'','',''),(2061,27,3,3,32,0,'+30 26340 24401','','+30 26340 24401','','','Mr. Ioannis Styliaras','2010-03-30 08:26:40','2010-03-31 16:02:17','Ethnikis Simfiliosis Etoloakarnanias','','Nafpaktos',311,'30300',395,'','',''),(2062,27,3,3,32,0,'','','','','','Dr. Julia Döpfer','2010-03-30 08:26:40','2010-03-31 16:02:17','Gumpendorferstr. 87/1/0','','Wien',328,'1060',396,'','',''),(2063,27,3,3,32,0,'+1/ 604 814 0244','','','','','Fischer Denture Clinic - Mr. Markus Fischer','2010-03-30 08:26:40','2010-03-31 16:02:17','7545  Blue Jam Crescent','','Mission, BC',297,'V2V 2Z5',396,'','',''),(2064,27,3,3,32,0,'','','','','','George Brown College - Mr. Bob Gasper','2010-03-30 08:26:40','2010-03-31 16:02:17','P.O. Box 1015, Station B','','Toronto ON',297,'M5T 2T9',396,'','',''),(2065,27,3,3,32,0,'+82 (0)63-274-2804','','','namgil0145@hanmail.net','','Jeonju Sungwon','2010-03-30 08:26:40','2010-03-31 16:02:17','596-26 Songcheondong 1-ga, Deokjin-gu, Jeonju-si','','Jeollabuk-do',375,'',395,'','',''),(2066,27,3,3,32,0,'+82 (0)54-475-5275','','+82 (0)54-471-7587','ivocap@korea.com','','EASYWELL','2010-03-30 08:26:40','2010-03-31 16:02:17','4th, 5th floor ssangdoongi B/D, 318-7 Hwang sang-dong, easy well dental clinic , ','','Gumi-si, Gyeongsangbuk-do',375,'',395,'','',''),(2067,27,3,3,32,0,'+82 (0)51-247-7873','','+82 (0)51-807-6969','haesung7873@yahoo.co.kr','','HAESEONG','2010-03-30 08:26:40','2010-03-31 16:02:17','660-18 Jeonpo 2(i)-dong, Busanjin-gu','','Busan',375,'',395,'','',''),(2068,27,3,3,32,0,'82 (0)2-877-2872','','82 (0)2-877-2873','oacht@hanmail.net','','SINHWA','2010-03-30 08:26:40','2010-03-31 16:02:17','2nd floor 912-11 Bongcheon-dong, Gwanak-gu','','Seoul',375,'',395,'','',''),(2069,27,3,3,32,0,'+82 (0)31-253-3216','','+82 (0)31-257-3217','ssh1974@hanmai.net','','SOLBIT','2010-03-30 08:26:40','2010-03-31 16:02:17','245-31 Yeonmu-dong, Jangan-gu, Suwon-si','','Gyeonggi-do',375,'',395,'','',''),(2070,27,3,3,32,0,'+82 (2)928-2804','','+82 2-927-2804','eano11@nate.com','','Dawon','2010-03-30 08:26:40','2010-03-31 16:02:17','3rd floor daeseong B/D 102-12 Sinseol-dong, Dongdaemun-gu','','Seoul',375,'',395,'','',''),(2071,27,3,3,32,0,'+82 (0)2-854-2802','','+82 (0)2-854-2806','mncdental@hanmail.net','','Guro M&C','2010-03-30 08:26:40','2010-03-31 16:02:17','2nd floor Samwon building, 98-11 Guro 6(yuk)-dong, Guro-gu','','Seoul',375,'',395,'','',''),(2072,27,3,3,32,0,'+82 (0)2-2208-2844','','+82 (0)2-2208-2842','sotbng2010@daum.net','','HANSOT','2010-03-30 08:26:40','2010-03-31 16:02:17','3rd floor 472-1 Sinnae-dong, Jungnang-gu','','Seoul',375,'',395,'','',''),(2073,27,3,3,32,0,'+82(0)3 31-293-2804','','','denturist@hanmail.net','','Suewon dain','2010-03-30 08:26:40','2010-03-31 16:02:17','#201 Dawoo building, 911-1 Guun-dong, Gwonseon-gu, Suwon-si','','KR-Gyeonggi-do',375,'',395,'','',''),(2074,27,3,3,32,0,'82 (0)31-794-2876','','82 (0)31-764-2812','joogumi@hanmail.net','','Bada','2010-03-30 08:26:40','2010-03-31 16:02:17','6th floor Daeyu Building 523-4 Sinjang-dong, Hanam-si','','Gyeonggi-do',375,'',395,'','',''),(2075,27,3,3,32,0,'+82 (0)55-741-4954','','82 (0)55-741-4954','hamoodo@hanmail.net','','Jinju Pyounghwa','2010-03-30 08:26:40','2010-03-31 16:02:17','2nd floor, 55 Gye-dong, Jinju-si','','Gyeongsangnam-do',375,'',395,'','',''),(2076,27,3,3,32,0,'+82 (0)2-384-4282','','+82 (0)2-384-4283','PartialHouse@hanmail.net','','Partial house','2010-03-30 08:26:40','2010-03-31 16:02:17','3th floor changdo Building 14-63 Daejo-dong, Eunpyeong-gu','','Seoul',375,'',395,'','',''),(2077,27,3,3,32,0,' 780-538-1077','','780-539-9150','','','Chrenek Denture Clinic - Laura Shoemaker','2010-03-30 08:26:40','2010-03-31 16:02:17','101, 12125 - 99 Street','','Grande Prairie, AB',297,'T8V 6X9 ',396,'','',''),(2078,27,3,3,32,0,'','','','','','Shree Sai Dental Laboratory','2010-03-30 08:26:40','2010-03-31 16:02:17','62, Navi Peth, L B S Road, Opp Happy house','','Pune 411030',353,'',395,'','',''),(2079,27,3,3,32,0,'','','','','','Mondzorgcentrum Bergen','2010-03-30 08:26:40','2010-03-31 16:02:17','Pieter Breughelstraat 57-59','','Bergen (L)',326,'',396,'','',''),(2080,27,3,3,32,0,'','','','','','Mondzorgcentrum Cuyk','2010-03-30 08:26:40','2010-03-31 16:02:17','Grotestraat 2','','Cuyk',326,'5432 DK',396,'','',''),(2081,27,3,3,32,0,'','','','','','Mondzorgcentrum Wychen','2010-03-30 08:26:40','2010-03-31 16:02:17','Kruisbergseweg 40','','Wychen',326,'6601 DC',396,'','',''),(2082,27,3,3,32,0,'','','','','','Alfred Hoeksma','2010-03-30 08:26:40','2010-03-31 16:02:17','Textielweg 16','','Culemborg',326,'4101 AM',396,'','',''),(2083,27,3,3,32,0,'','','','','','Cedar Dental Laboratory - Mr. Terry Simsion','2010-03-30 08:26:40','2010-03-31 16:02:17','14 Rosehill Court, St. Helier Avenue','','Morden',312,'GB-SM4 6JT',395,'','',''),(2084,27,3,3,32,0,'','','','','','Elite Dental Studio- Gary Sillett','2010-03-30 08:26:40','2010-03-31 16:02:17','30 West Street','','Burgess Hill',312,'GB-RH15 8NX',395,'','',''),(2085,27,3,3,32,0,'','','','','','Melbourne Dental Laboratory - Mr. Jamie Wright','2010-03-30 08:26:40','2010-03-31 16:02:17','Unit 9, Potters Yard, Potters St','','Melbourne',312,'GB-DE73 1DW',395,'','',''),(2086,27,3,3,32,0,'','','','','','Maczek GmbH - Herr Edin Begovic','2010-03-30 08:26:40','2010-03-31 16:02:17','Siebenbrunnengasse 21','','Wien',328,'1050',395,'','',''),(2087,27,3,3,32,0,'','','','','','Versicherungsanstalt f. Eisenbahn+Bergbau- Zahnambulatorium - Her Michael Riedl','2010-03-30 08:26:40','2010-03-31 16:02:17','Julius Raab Promenade 1 Stg. 1/2','','St. Pölten',328,'3100',395,'','',''),(2088,27,3,3,32,0,'+81 (0)565 88 3833','','+81 (0)565 88 3833','to-chin@hm6.aitai.ne-jp','','Arc Dental Works ','2010-03-30 08:26:40','2010-03-31 16:02:17','5-198 Hirai-cho <br> \nToyota-shi','','Aichi',358,'471-0011',395,'COM','',''),(2089,27,3,3,32,0,'+81 (0) 78 947 7008','','+81 (0) 78 947 7008','ffwxy193@ybb.co.jp','','Ishibashi Dental Laboratory','2010-03-30 08:26:40','2010-03-31 16:02:17','672-7 Nishijima <br>\nOkubo-cho <br>\nAkashi-shi','','Hyougo',358,'674-0065',395,'COM','',''),(2090,27,3,3,32,0,'+81 (0) 898 72 2007','','+81 (0) 898 72 3198','','','FUKADA DENTAL CLINIC','2010-03-30 08:26:40','2010-03-31 16:02:17','323-1 Shinyashiki <br>\nKomatsu-cho <br>\nSaijo-shi','','Ehime',358,'799-1101',395,'COM','',''),(2091,27,3,3,32,0,'+81 (0) 52 801 2116','','+81 (0) 52 801 2116','','','Codei Dental Labo','2010-03-30 08:26:40','2010-03-31 16:02:17','1105 Horocho<br>\nTenpaku-ku<br>\nNagoya-shi','','Aichi',358,'468-0041',395,'COM','',''),(2092,27,3,3,32,0,'+81 (0) 6 6791 3020','','+81 (0) 6 6794 2077','dentaltaiconium@mug.biglobe.ne.jp','','Dental Ticonium','2010-03-30 08:26:40','2010-03-31 16:02:17','7-3-20 Kamihigashi <br>\nHirano-ku <br>\nOsaka-shi','','Osaka',358,'547-0006',395,'COM','',''),(2093,27,3,3,32,0,'+81 (0) 78 994 8002','','+81 (0) 78 994 9896','','','Yano Technical Laboratory','2010-03-30 08:26:40','2010-03-31 16:02:17','3-9-13 Akibadai <br>\nNishi-ku <br>\nKobe-shi','','Hyougo',358,'651-2224',395,'COM','',''),(2094,27,3,3,32,0,'+81 (0) 86 201 0114','','+81 (0) 86 201 0114','','','Yamasaki Dental Laboratory','2010-03-30 08:26:40','2010-03-31 16:02:17','391-18 Hirotani <br>\nOkayama-shi','','Okayama',358,'704-8182',395,'COM','',''),(2095,27,3,3,32,0,'+81 (0) 86 263 0373','','+81 (0) 86 263 0373','','','YOU DENTAL','2010-03-30 08:26:40','2010-03-31 16:02:17','544-12 Fukuda, Okayama city','','Okayama 702-8021',358,'',395,'','',''),(2096,27,3,3,32,0,'+81 (0) 538 55 4321','','+81 (0) 538 58 2327','','','Hara Dental Clinic','2010-03-30 08:26:40','2010-03-31 16:02:17','3109 Fukuda <br>\nIwata-shi','','Shizuoka ',358,'437-1203',395,'COM','',''),(2097,27,3,3,32,0,' +81 (0) 776 67 0484','','+81 (0) 776 67 0484','','','Kaihatsu Debtal Laboratory','2010-03-30 08:26:40','2010-03-31 16:02:17','2-207-1 Shinkuzuryu<br>\nMaruoka-cho<br>\nSakai-shi','','Fukui',358,'910-0369',395,'COM','',''),(2098,27,3,3,32,0,'+81 (0) 52 883 4108','','+81 (0) 52 883 4108','kitekunika@aol.com','','KI Technica','2010-03-30 08:26:40','2010-03-31 16:02:17','4-6-20 Gokiso<br>\nShowa-ku<br>\nNagoya shi','','Aichi',358,'466-0051',395,'COM','',''),(2099,27,3,3,32,0,'+41 (0)32 622 25 06','','','','','Zahntechnisches Labor Bruno Studer','2010-03-30 08:26:40','2010-03-31 16:02:17','Löwengasse 13','','Solothurn',334,'4500 ',395,'','',''),(2100,27,3,3,32,0,'','','','','','Mr Alan Tong','2010-03-30 08:26:40','2010-03-31 16:02:17','711 7TH Avenue Ap. 806','','New Westminster',297,'BC V3M 5S8',396,'','',''),(2101,27,3,3,32,0,'','','','','','Mr Alan Tong','2010-03-30 08:26:40','2010-03-31 16:02:17','6829-6th Street','','Burnaby, B.C.',297,'V5E 3S9',396,'','',''),(2102,27,3,3,32,0,'+64 7 578 9659','','','','','Peter Scott','2010-03-30 08:26:40','2010-03-31 16:02:17','73 Grace Rd','','Tauranga',300,'',395,'','',''),(2103,27,3,3,32,0,'+64 3 388 5014','','','','','Denture Essentials (Richard Clyne)','2010-03-30 08:26:40','2010-03-31 16:02:17','206 Papanui Road','','Merivale, Christchurch',300,'',395,'','',''),(2104,27,3,3,32,0,'(07) 5545 3128','','','gly36616@bigpond.net.au','','JOE RUSSELL','2010-03-30 08:26:40','2010-03-31 16:02:17','Shop 10/17 South Port Ave. Eagle Heights Shopping Centre','Victoria','Eagle Heighs',299,'',396,'','',''),(2105,27,3,3,32,0,'+82 (0)2-485-2805','','+82 (0)2-485-2805','naetlly@hanmail.net','','DULTOP','2010-03-30 08:26:40','2010-03-31 16:02:17','9F 125-9 Seongnae-2(i)dong, Gangdong-gu','','Seoul',375,'',395,'','',''),(2106,27,3,3,32,0,'514-554-3164','','','','','Manuel Bautista, DDS','2010-03-30 08:26:40','2010-03-31 16:02:17','#309- 50 Willowdale Avenue','','Outremont, QC',297,'H3T 1G1',396,'','',''),(2107,27,3,3,32,0,'','','','','','Dental Clinic Dr. Andreas Tapinis','2010-03-30 08:26:40','2010-03-31 16:02:17','Apostolopoulou 22','','Athens',311,'15121',396,'','',''),(2108,27,3,3,32,0,'','','','','','Protypo Odontiatreio Fotini Garofalidou','2010-03-30 08:26:40','2010-03-31 16:02:17','Sevastoupoleos 40','','Athens',311,'11526',396,'','',''),(2109,27,3,3,32,0,'','','','','','Laboratory Dimitris Karnavos','2010-03-30 08:26:40','2010-03-31 16:02:17','Ax. Parashou 67','','Athens',311,'11474',395,'','',''),(2110,27,3,3,32,0,'','','','','','Lorentis S.A.','2010-03-30 08:26:40','2010-03-31 16:02:17','Protopapadaki 36','','Athens',311,'11147',395,'','',''),(2111,27,3,3,32,0,'','','','','','Laboratory Leonidas Anastopoulos','2010-03-30 08:26:40','2010-03-31 16:02:17','M. Maxrogenous 3','','Nikaia',311,'18454',395,'','',''),(2112,27,3,3,32,0,'','','','','','Pollux Poon - Hong Kong Dental Laboratory Ltd.','2010-03-30 08:26:40','2010-03-31 16:02:17','4th Fl. Central Mansion, 270 Queens Road, Central','','Hong Kong',352,'',395,'','',''),(2113,27,3,3,32,0,'+886 7 731 1876','','','','','Jing-Feng Dung','2010-03-30 08:26:40','2010-03-31 16:02:17','No.327, Chung Cheng Road\nNiao Song Shiang,\n                      \n','','Kaohsiung County ',377,'833',396,'','',''),(2114,27,3,3,32,0,'+886 3 494 1234 ext. 3130','','','','','Tien-De Chiu','2010-03-30 08:26:40','2010-03-31 16:02:17','No.77, Guang Tai Road\nPing Zhen City,\n                     ','',' Taoyuan City ',377,'324',396,'','',''),(2115,27,3,3,32,0,'','','','','','First Impressions Dental Laboratory, Steve Martin','2010-03-30 08:26:40','2010-03-31 16:02:17','Unit 31\nNew Forest Enterprise Centre \nChapel Lane\nTotton','','Southampton',312,'So40 9LA',395,'','',''),(2116,27,3,3,32,0,'780/696-9696','','','','','Brenton Denture Clinic, Kim M. Bisgrove','2010-03-30 08:26:40','2010-03-31 16:02:17','5012-50 Avenue','','Brenton ',297,'T0C 0P0',396,'','',''),(2117,27,3,3,32,0,'044-26612651','','','','','Perfection Lab ','2010-03-30 08:26:40','2010-03-31 16:02:17','A32, 7th Floor, PA Towers, 869, Poonamallee High road, Kilpauk','','Chennai',353,'600010',396,'','',''),(2118,27,3,3,32,0,'','','','','','Dr. Jigna H. Shah','2010-03-30 08:26:40','2010-03-31 16:02:17','4/B Ashish Tenaments, Jawahar Colony, Geeta Chowk','','Bhavnagar',353,'364001',396,'','',''),(2119,27,3,3,32,0,'','','','','','Ramana Dental clinic - Dr. Jayaprakash Krishnan Narayanan','2010-03-30 08:26:40','2010-03-31 16:02:17','No. 366-c, Mps Salsi, thiruthani','','Chennai',353,'631209',396,'','',''),(2120,27,3,3,32,0,'','','','','','Ravi Dental Care Center - Dr. Ravi Kumar Reddy Malli Reddy','2010-03-30 08:26:40','2010-03-31 16:02:17','Eluru Road, Gudivada','','Gudivada',353,'521301 ',396,'','',''),(2121,27,3,3,32,0,'','','','','','Jai Dental Cosmetic Clinic - Dr. Rajavel Natarajan','2010-03-30 08:26:40','2010-03-31 16:02:17','Corporation Complex, Panagal Road','','Madurai',353,'625020',396,'','',''),(2122,27,3,3,32,0,'','','','','','Kumaran Clinic - Dr. Rajasankar Guruswamy','2010-03-30 08:26:40','2010-03-31 16:02:17','No. 66 Trichy Road','','Thuraiyur',353,'621010',396,'','',''),(2123,27,3,3,32,0,'','','','','','Dr. S. Seetharaman Aaress Orthodontic & Ceramic Dental Center','2010-03-30 08:26:40','2010-03-31 16:02:17','54, East Sambandham Road, R.S. Puram','','Coimbatore',353,'641002',396,'','',''),(2124,27,3,3,32,0,'','','','','','Sowbhagya Dental Clinic - Dr. Siva Kumar Viswanathan','2010-03-30 08:26:40','2010-03-31 16:02:17','439-B. Lawrence Complex, Cross Cut Road, Gandhipuram','','Coimbatore',353,'641012 ',395,'','',''),(2125,27,3,3,32,0,'','','','venkaiahdentallab@yahoo.co.in','','Venkaiah Dental Lab - Srinivas Illuri','2010-03-30 08:26:40','2010-03-31 16:02:17','No. 32-36-126/2, Lion\'s Club Street, Chuttugunta','','Vijayawada A.P.',353,'520004',395,'','',''),(2126,27,3,3,32,0,'(0) 9815013329','','','priyagoyal_2june@yahoo.co.in','','DR. PRIYAGOYAL, D/O, Rajkumar Goyal','2010-03-30 08:26:40','2010-03-31 16:02:17','M/S R.K. Steels. Showroom 210, Sector-20-D, Iron Market','','Chandigarh- 160030',353,'',396,'','',''),(2127,27,3,3,32,0,'+81 (0) 195 75 1715','','+81 (0) 195 75 1715','t-n-m-r@msd.biglobe.ne.jp','','Terada Dental Laboratory','2010-03-30 08:26:40','2010-03-31 16:02:17','24-77-60 Tairadate <br>\nHachimantai-shi','','Iwate',358,'028-7405',395,'COM','Mr Tsuyoshi Terada',''),(2128,27,3,3,32,0,'+81 (0) 125 65 5053','','+81 (0) 125 65 4507','','','Sorachi Shiken','2010-03-30 08:26:40','2010-03-31 16:02:17','1037-204 Aza Chisunai <br>\nNaie-cho <br>\nSorachi-gun\n','','Hokkaido',358,'079-0314',395,'COM','Mr Shinichi Nose',''),(2129,27,3,3,32,0,'+81 (0)246 26 0382','','+81 (0)246 26 0382','','','Hiro Dental Workshop','2010-03-30 08:26:40','2010-03-31 16:02:17','35-2 Enokishita <br>\nUchigou-tsuzura-machi <br>\nIwaki-shi','','Fukushima',358,'973-8403',395,'COM','Mr Eisuke Aya',''),(2130,27,3,3,32,0,'+81 (0) 42 586 9675','','+81 (0) 42 586 9675','','','HOTETSUYA APL','2010-03-30 08:26:40','2010-03-31 16:02:17','4-16-29 Shinmei <br>\nHino-shi','','Tokyo',358,'191-0016',395,'COM','Mr Akira Aoyagi',''),(2131,27,3,3,32,0,'+81 (0) 475 42 8200','','+81 (0) 475 42 8200','SYOU-DENTAL@ybb.ne.jp','','Shou Dental','2010-03-30 08:26:40','2010-03-31 16:02:17','3108 Ichimiya <br>\nIchimiya-machi <br>\nChousei-gun','','Chiba',358,'299-4301',395,'COM','Mr Shouya Miyazaki',''),(2132,27,3,3,32,0,'+81 (0) 42 740 3200','','+81 (0) 42 740 4233','','','KYOYUKAI Co., LTD','2010-03-30 08:26:40','2010-03-31 16:02:17','4-52-6 Hon-cho<br>\nKamitsuruma<br>\nSagamihara-shi','','Kanagawa',358,'228-0818',395,'COM','Mr. Noriyuki Nakaya',''),(2133,27,3,3,32,0,'+81 (0) 72 693 0045','','+81 (0) 72 693 6557','','','SCHWARZ','2010-03-30 08:26:40','2010-03-31 16:02:17','1-13-25-402 Tonda-cho <br>\nTakatsuki-shi','','Osaka',358,'569-0814',395,'COM','Mr. Koichi Kitamura',''),(2134,27,3,3,32,0,'+81 (0) 49 222 0648','','+81 (0) 49 222 0648','info@41108.jp','','Shima Dental Clinic','2010-03-30 08:26:40','2010-03-31 16:02:17','25-8 Renjaku-cho <br>\nKawagoe-shi','','Saitama',358,'350-0066',395,'COM','Mr. Yosuke Shima',''),(2135,27,3,3,32,0,'+81 (0) 87 874 9152','','+81 (0) 87 874 9152','k.d-spot@h8.dion.ne.jp','','Konishi Dental Spot ','2010-03-30 08:26:40','2010-03-31 16:02:17','845-1 Kokubu<br>\nKokubunji-cho<br>\nTakamatsu-shi','','Kagawa',358,'769-0102',395,'COM','Mr. Yoshitaro Konishi',''),(2136,27,3,3,32,0,'','','','','','Laboratorij Baelija','2010-03-30 08:26:40','2010-03-31 16:02:17','Stalaeka 6','','Subotica',335,'24000',395,'','Gustav Baelija',''),(2137,27,3,3,32,0,'','','','','','K-DENT. PI s.r.o.','2010-03-30 08:26:40','2010-03-31 16:02:17','Heydukova 101','','Pisek',339,'397 01 ',395,'','Mrs. Hana Jelinkova',''),(2138,27,3,3,32,0,'','','','','','Gentjana Papaj','2010-03-30 08:26:40','2010-03-31 16:02:17','Blv. Bajram Curri. Ap.2/2','','Tirana',301,'',395,'','',''),(2139,27,3,3,32,0,'','','','','','Zubotehnicki lab Krivec Rezo','2010-03-30 08:26:40','2010-03-31 16:02:17','Krste Hegedusica 18','','Sesvete',317,'10360',395,'','Marijo Rezo',''),(2140,27,3,3,32,0,'+81 (0) 72 298 3001','','+81 (0) 72 298 3002','','','Dr. Rai Hiroo','2010-03-30 08:26:40','2010-03-31 16:02:17','5-6-9 Akasakadai<br>\nMinami-ku<br>\nSakai-shi','','Osaka',358,'590-0144',396,'COM','',''),(2141,27,3,3,32,0,'+81 (0) 44 322 5762','','+81 (0) 44 344 1340','takashi22@mri.biglobe.ne.jp','','Dr. Nakagawa Takashi','2010-03-30 08:26:40','2010-03-31 16:02:17','2-5-4 Wataridashincho<br>\nKawasaki-ku<br>\nKawasaki-shi','Kanagawa','Kanagawa',358,'210-0844',396,'COM','',''),(2142,27,3,3,32,0,'+81 (0) 3 5626 0177','','+81 (0) 3 5626 0177','yoi-ireba39@s5.dion.ne.jp','','Dr. Aizawa Masayuki','2010-03-30 08:26:40','2010-03-31 16:02:17','2-32-4-101 Kameido<br>\nKoutou-ku','Tokyo ','Tokyo ',358,'136-0071',396,'COM','',''),(2143,27,3,3,32,0,'+81 (0) 86 278 2586','','+81 (0) 86 278 2586','','','Dr. Senoh Shin','2010-03-30 08:26:40','2010-03-31 16:02:17','273-1 Nagatoshi<br>\nOkayama-shi','','Okayama',358,'703-8223',396,'COM','',''),(2144,27,3,3,32,0,'+81 (0) 78 811 4618','','+81 (0) 78 811 4619','info@k-d-o.jp','','Dr. Kinoshita Takao','2010-03-30 08:26:40','2010-03-31 16:02:17','1-4-18 Mikageyamate<br>\nHigashinada-ku<br>\nKobe-shi','','Hyogo',358,'658-0065',396,'COM','',''),(2145,27,3,3,32,0,'+81 (0) 532 54 5943','','+81 (0) 532 54 5943','','','Dr. Fujishiro Akihiro','2010-03-30 08:26:40','2010-03-31 16:02:17','75 Nishiodawara<br>\nToyohashi-shi','Aichi ','Aichi',358,'440-0887',396,'COM','',''),(2146,27,3,3,32,0,'+81 (0) 86 256 4618','','+81 (0) 86 256 4618','info@nakanodent.com','','Dr. Nakano Kosuke','2010-03-30 08:26:40','2010-03-31 16:02:17','6-1 Yasakahigashimachi<br>\nOkayama-shi','','Okayama',358,'700-0074',396,'COM','',''),(2147,27,3,3,32,0,'+81 (0) 26 239 7005','','+81 (0) 26 239 7005','dai-dental.clinic@silk.plala.or.jp','','Dr. Dohto Daisuke','2010-03-30 08:26:40','2010-03-31 16:02:17','2-16-11 Mayumida<br>\nNagano-shi','','Nagano',358,'381-0052',396,'COM','',''),(2148,27,3,3,32,0,'+81 (0) 563 55 7171','','+81 (0) 563 53 3251','','','Dr. Kanie Toshio','2010-03-30 08:26:40','2010-03-31 16:02:17','2-2 Kasugara<br>\nYatsuomote-cho<br>\nNishio-shi','','Aichi',358,'445-0082',396,'COM','',''),(2149,27,3,3,32,0,'+81 (0) 562 44 2111','','+81 (0) 562 44 2111','kokoro@royal.ocn.ne.jp','','Dr. Hata Shinjirou','2010-03-30 08:26:40','2010-03-31 16:02:17','1-187 Moriokacho<br>\nOobu-shi','','Aichi',358,'474-0038',396,'COM','',''),(2150,27,3,3,32,0,'+81 (0) 565 80 7757','','+81 (0) 565 80 7699','dentist@hm.aitai.ne.jp','','Dr. Fukuoka Yasuyoshi','2010-03-30 08:26:40','2010-03-31 16:02:17','3-6-9 Izumi-cho<br>\nToyota-shi','','Aichi',358,'471-0803',396,'COM','',''),(2151,27,3,3,32,0,'001 (562) 467 0987','','001 (562) 467 0998','easterndental@gmail.com','','Eastern Dental Lab','2010-03-30 08:26:40','2010-03-31 16:02:17','12120 1/2 Centralia Road','California','Hawaiian Gardens',298,'90716',395,'','',''),(2152,27,3,3,32,0,'','','','','','Tandprothetische Praktyk R. Kamstra','2010-03-30 08:26:40','2010-03-31 16:02:17','Slapenshaven 13','','BK Hoorn',326,'1621',396,'','Mr. Kamstra Rene',''),(2153,27,3,3,32,0,'','','','','','TPP Centrum voor Mondzorg BeeK','2010-03-30 08:26:40','2010-03-31 16:02:17','Van Sonsbeecklaan 3A','','JL, Beek',326,'6191',396,'','Mr. Ed Houben',''),(2154,27,3,3,32,0,'','','','','','Centrum voor Mondzorg Roermond','2010-03-30 08:26:40','2010-03-31 16:02:17','Karel Doormanstraat 20','','Roermond',326,'',396,'','Mr. Ed Hoyben',''),(2155,27,3,3,32,0,'','','','','','TPP Rolink','2010-03-30 08:26:40','2010-03-31 16:02:17','Eursing 2','','Beilen',326,'',396,'','Mr. Tim Rolink',''),(2156,27,3,3,32,0,'','','','','','Centrum voor Mondzorg Maastricht','2010-03-30 08:26:40','2010-03-31 16:02:17','Prof. Pieter Willemstr. 21 - 23','','Maastricht',326,'',396,'','Mr. Ed Houben',''),(2157,27,3,3,32,0,'','','','','','Tandprothetische Praktijk J. Jansen','2010-03-30 08:26:40','2010-03-31 16:02:17','Lilienthalplein 2','','Stadskanaal',326,'',396,'','Mr. John Jansen',''),(2158,27,3,3,32,0,'','','','info@nitri.it','','Nitri Guiseppe Laboratorio Odontotecnico','2010-03-30 08:26:40','2010-03-31 16:02:17','Via Roma 50/52','','Rosora',315,'60030 ',395,'','',''),(2159,27,3,3,32,0,'03 365 5208','','','','','Advanced Ceramics','2010-03-30 08:26:40','2010-03-31 16:02:17','234 Kilmore Street','','Christchurch',300,'',397,'','',''),(2160,27,3,3,32,0,'Ph: 0-9- 534 2444 (Mike Niterl)','','','','','Creative Dental Ceramics','2010-03-30 08:26:40','2010-03-31 16:02:17','43 Hutchinson Road, Howick\n','','Auckland',300,'',397,'','',''),(2161,27,3,3,32,0,'','','','','','Anastasios KALOMOIRHS','2010-03-30 08:26:40','2010-03-31 16:02:17','Place Magiakou 2','','Livadia-Viotia',311,'32100',395,'','',''),(2162,27,3,3,32,0,'','','','','','Dimosthenis MAGLARAS','2010-03-30 08:26:40','2010-03-31 16:02:17','Ellopos 31','','Chalkis',311,'34100',395,'','',''),(2163,27,3,3,32,0,'','','','','','Midtown Denture Clinic  - Peter Lapichino','2010-03-30 08:26:40','2010-03-31 16:02:17','117 1/2 Welland Avenue','','St. Catherines',297,'L2R 2N4 ',396,'','',''),(2164,27,3,3,32,0,'','','','','','Stamp Denture Clinic - Dawn Stamp','2010-03-30 08:26:40','2010-03-31 16:02:17','546 Dominion Avenue','','Midland',297,'L4R 1P9',396,'','',''),(2165,27,3,3,32,0,'','','','','','Sarnia Denture Clinic - Gregory Steele','2010-03-30 08:26:40','2010-03-31 16:02:17','270 North Christina St.','','Sarnia',297,'N2T 5V3',396,'','',''),(2166,27,3,3,32,0,'','','','','','Adrian Haigh Denture Centre - Zoltan Nagy and Diana Gosciewska','2010-03-30 08:26:40','2010-03-31 16:02:17','3400 Fairview Street','','Burlington ',297,'L7N 3G5 ',396,'','',''),(2167,27,3,3,32,0,'','','','','','Denturity Centre - Monica Martins','2010-03-30 08:26:40','2010-03-31 16:02:17','323 Rushholme Rd. Apt. 703','','Toronto',297,'M6H 2Z2 ',396,'','',''),(2168,27,3,3,32,0,'','','','','','Denture Clinic Marc Hebert','2010-03-30 08:26:40','2010-03-31 16:02:17','47 du Marché','','Valleyfield ',297,'J6T 1P3',396,'','',''),(2169,27,3,3,32,0,'0962/930277','','','dentalia@dentalia.it','','Dentalia SRL','2010-03-30 08:26:40','2010-03-31 16:02:17','Loc. Passovecchio zona industriale','KR','Crotone',315,'88900',395,'','',''),(2170,27,3,3,32,0,'','','','','','Marc Morisette Denturologiste','2010-03-30 08:26:40','2010-03-31 16:02:17','931 Avenue de Bourgogne\n','','Quebèc',297,'G1V 3E4',396,'','',''),(2171,27,3,3,32,0,'','','','','','Clinique de denturologie Denis Brisson','2010-03-30 08:26:40','2010-03-31 16:02:17','980 Boul. des Seigneurs Ste. 103','','Terre-Bonne',297,'J6W 1V1',396,'','Denis and Francois Brisson',''),(2172,27,3,3,32,0,'','','','','','Dignard et Genest Denturologiste','2010-03-30 08:26:40','2010-03-31 16:02:17','2310 1iere Avenue','','Quebec',297,'G1L 3N1',396,'','Myriam Genest',''),(2173,27,3,3,32,0,'','','','','','Carre Four de la Denturologie','2010-03-30 08:26:40','2010-03-31 16:02:17','3544 Boul. Dagenais Quest','','Laval',297,'H7P 1V7 ',396,'','Serge-Andrè Demars',''),(2174,27,3,3,32,0,'','','','','','Lab Dentaire Superieur','2010-03-30 08:26:40','2010-03-31 16:02:17','2220 Boul. Lapiniere, Bur. 207','','Brossard',297,'J4W 1M2 ',396,'','Alfred Guirguis',''),(2175,27,3,3,32,0,'','','','','','Dental Clinic - Pierre Rivard','2010-03-30 08:26:40','2010-03-31 16:02:17','37 La Rue Pere Divet','','Sept-Iles',297,'G4R 3N3 ',396,'','',''),(2176,27,3,3,32,0,'','','','','','Centre de denturologie de St. Bruno ','2010-03-30 08:26:40','2010-03-31 16:02:17','1534 Montarville, Bur. 101','','St. Bruno ',297,'J3V 3T7 ',396,'','Eric Garceau',''),(2177,27,3,3,32,0,'','','','','','Langford Denture Clinic','2010-03-30 08:26:40','2010-03-31 16:02:17','730 Goldstream Avenue','','Victoria',297,'V9X 2X3',396,'','Boris Borisson',''),(2178,27,3,3,32,0,'','','','','','Battistoni Denture Clinic ','2010-03-30 08:26:40','2010-03-31 16:02:17','17739-56A Avenue','','Surrey',297,'V3S 1G4 ',396,'','Bruce Battistoni ',''),(2179,27,3,3,32,0,'','','','','','Victoria Drive Denture Clinic','2010-03-30 08:26:40','2010-03-31 16:02:17','5477 Victoria Drive','','Vancouver',297,'V5P 3V9 ',396,'','Eugene Shmitsman',''),(2180,27,3,3,32,0,'','','','','','Northern Denture Clinic','2010-03-30 08:26:40','2010-03-31 16:02:17','No. 1 - 106 Main Street','','Whitehorse',297,'Y1A 2A7 ',396,'','Peter Allen',''),(2181,27,3,3,32,0,'','','','','','Edgewater Denture Clinic ','2010-03-30 08:26:40','2010-03-31 16:02:17','No. 204 - 1819 Beaufort Avenue','','Comox',297,'V9M 1R9 ',396,'','Jan Lefeber ',''),(2182,27,3,3,32,0,'','','','','','Power River Denture Clinic Ltd.','2010-03-30 08:26:40','2010-03-31 16:02:17','4699 Marine Avenue ','','Power River ',297,'V8A 2L2 ',396,'','Brian Mansell',''),(2183,27,3,3,32,0,'','','','','','Denture Clinic - Sang Yup Kim','2010-03-30 08:26:40','2010-03-31 16:02:17','7287 Pandora Street ','','Burnaby',297,'V5A 1B8 ',396,'','',''),(2184,27,3,3,32,0,'','','','','','North Glen Dentistry ','2010-03-30 08:26:40','2010-03-31 16:02:17','240 Ravine Way, Suite 500','','Glenview',297,'60025',396,'','Gregory Jacob',''),(2185,27,3,3,32,0,'','','','','','Joseph Lima Denture Clinic','2010-03-30 08:26:40','2010-03-31 16:02:17','797 Richmond Rd.','','Ottawa',297,'K2A 0G7 ',396,'','Guiseppe Lima ',''),(2186,27,3,3,32,0,'','','','','','ZG Qualident','2010-03-30 08:26:40','2010-03-31 16:02:17','4430 Bathurst St. Suite 305','','Toronto',297,'M3H 3S3',396,'','Reyhan Zeynalova',''),(2187,27,3,3,32,0,'','','','','','Wallaceburg Denture Clinic ','2010-03-30 08:26:40','2010-03-31 16:02:17','327 James Street ','','Wallaceburg',297,'N8A 2NL ',396,'','Michael Levy',''),(2188,27,3,3,32,0,'','','','','','Hanmer Denture Clinic','2010-03-30 08:26:40','2010-03-31 16:02:17','5085 Hwy 69N Box 3064','','Hanmer',297,'P3P 1J6 ',396,'','Nicole Dandeno',''),(2189,27,3,3,32,0,'','','','','','DOC-TOP Kft - Dr. med dent. Gabor Gombkötö','2010-03-30 08:26:40','2010-03-31 16:02:17','Hüvösvölgyi Str. ','','Budapest',342,'1021',396,'','',''),(2190,27,3,3,32,0,'015/32260','','015/32260','diegovaccino@libero.it','','Vaccino Diego Lab. Odontotecnico','2010-03-30 08:26:40','2010-03-31 16:02:17','Strada Buffarola 9','BI','Bielle',315,'13900',395,'','',''),(2191,27,3,3,32,0,'','','','yuchun46@ms65.hinet.net','','Lin Chun-Ming','2010-03-30 08:26:40','2010-03-31 16:02:17','89 Tai - Kang Street\nSan Min District','','Koashiung',377,'',395,'','',''),(2192,27,3,3,32,0,'','','','finwild@hotmail.com','','Richard Greenlees','2010-03-30 08:26:40','2010-03-31 16:02:17','402 Montreal Street ','','Christchurch',300,'',395,'','',''),(2193,27,3,3,32,0,'','','','a46341@cttv.tinp.net.tw','','Ming-Kun Hsiao','2010-03-30 08:26:40','2010-03-31 16:02:17','No. 400 Yu Chih St.\nYu Chih Village\nCaotun Town','','Nantou',377,'542',396,'','',''),(2194,27,3,3,32,0,'','','','man7307733@yahoo.com.tw','','Chao Shi Chang','2010-03-30 08:26:40','2010-03-31 16:02:17','No. 747 Chung Cheng Rd\nCaotun Town ','','Nantou',377,'542 ',396,'','',''),(2195,27,3,3,32,0,'','','','fu76986@yahoo.com.tw','','Shuang Fu Chu','2010-03-30 08:26:40','2010-03-31 16:02:17','','','',377,'',396,'','',''),(2196,27,3,3,32,0,'','','','j44oey@yahoo.com.tw','','Chang - Yu Wang','2010-03-30 08:26:40','2010-03-31 16:02:17','No. 243 Nan Sing St.\nPuli Town','','Nantou County',377,'545',396,'','',''),(2197,27,3,3,32,0,'','','','ROBAX!N808@yahoo.com.tw','','Min - Chih Lee','2010-03-30 08:26:40','2010-03-31 16:02:17','No. 590 Wen Heng Rd\nFengshan City','','Kahosiung County',377,'830',396,'','',''),(2198,27,3,3,32,0,'','','','caviton@gmail.com','','Chung - Chi Tseng ','2010-03-30 08:26:40','2010-03-31 16:02:17','17F-3, No 420 Bo Ai Rd, Sec 2\n','','Kaohsiung City ',377,'813',396,'','',''),(2199,27,3,3,32,0,'+81 (0) 725 55 2575','','+81 (0) 725 55 7696','','','Mori Dental Service ','2010-03-30 08:26:40','2010-03-31 16:02:17','283 Kajiya-cho<br>\nIzumi-shi ','','Osaka',358,'594-1117',395,'COM','Mr. Satoshi Chiba ',''),(2200,27,3,3,32,0,'+81 (0) 585 32 2989','','+81 (0) 585 32 2989','','','Academy Dental Clinic Gifu-Honin/Faith ','2010-03-30 08:26:40','2010-03-31 16:02:17','833-12 Kurono <br>\nOono-cho<br>\nIbi-gun','','Gifu',358,'501-0521',395,'COM','Mr. Norimasa Tokoro ',''),(2201,27,3,3,32,0,'+81 (0) 740 22 6166','','+81 (0) 740 22 6166','','','Rise Dental Community Co. ','2010-03-30 08:26:40','2010-03-31 16:02:17','452 Kitoge <br>\nImazu-cho <br>\nTakashima-shi','','Shiga',358,'520-1603',395,'COM','Mr. Jun Morinaga',''),(2202,27,3,3,32,0,'+81 (0)568 24 5991','','+81 (0) 568 24 5992','ochiai@sepia.ocn.ne.jp','','Manpou ','2010-03-30 08:26:40','2010-03-31 16:02:17','35-1 Sunaba<br>\nTakadaji<br>\nKitanagoya-shi','','Aichi',358,'481-0011',395,'COM','',''),(2203,27,3,3,32,0,'+81 (0) 52 703  9745','','+81 (0) 52 702 5953','orion@mut.biglobe.ne.jp','','Orion Creative Dental Laboratory','2010-03-30 08:26:40','2010-03-31 16:02:17','Orion 2-2 Daiman-cho <br>\nMeito-ku <br>\nNagoya-shi','','Aichi',358,'465-0086',395,'COM','Mr. Hirohiko Horio ',''),(2204,27,3,3,32,0,'+81 (0)11 683 8681','','+81 (0)11 695 1712','info@medical-1081.com','','Sapporo Medical Labo. Inc','2010-03-30 08:26:40','2010-03-31 16:02:17','1-4-10-17 Nishimiyanosawa <br>\nTeine-ku <br>\nSapporo-shi','','Hokkaido',358,'006-0001 ',395,'COM','Mr. Yuji Nakaibayashi',''),(2205,27,3,3,32,0,'+81 (0) 538 33 2960','','+81 (0) 538 33 2960','rufipesdental@ybb.ne.jp','','Rufipes Dental ','2010-03-30 08:26:40','2010-03-31 16:02:17','1312-3 Kamo <br>\nItawa-shi ','','Shizuoka',358,'438-0804',395,'COM','Mr Takayuki Hayazawa',''),(2206,27,3,3,32,0,'+81 (0) 86 943 1388','','','','','Yamasaki Dental Labo','2010-03-30 08:26:40','2010-03-31 16:02:17','160-2 Sin Saidaiji <br>\nOkayama-shi','','Okayama',358,'704-8127',395,'COM','Ms. Sachiyo Oda',''),(2207,27,3,3,32,0,'+81 (0) 52 624 7623','','+81 (0) 52 624 7623','xkcbd297@ybb.ne.jp','','Den Puro Laboratory','2010-03-30 08:26:40','2010-03-31 16:02:17','103-1 Hosone <br>\nNarumi-cho <br>\nMidori-ku <br>\nNagoya-shi','','Aichi',358,'458-0827',395,'COM','Mr. Tooru Okuda',''),(2208,27,3,3,32,0,'','','','','','Soili M. - Tsagarakis C.','2010-03-30 08:26:40','2010-03-31 16:02:17','Amfiaraou 126','','Athens ',311,'',395,'','Mrs. Maria Soili',''),(2209,27,3,3,32,0,'','','','','','Odontotexniki Gioros Parros','2010-03-30 08:26:40','2010-03-31 16:02:17','Agia Paraskevi-Tinos ','','Tinos-Kylades',311,'84200',395,'','Mr. Giorgios Psarros',''),(2210,27,3,3,32,0,'','','','','','Zahntechnisches Labor Peter Munzi','2010-03-30 08:26:40','2010-03-31 16:02:17','Sternadsiedlung 9','St. Michael in der Obersteiermark','St. Michael in der Obersteiermark',328,'8770',395,'','Mr. Peter Munzi',''),(2211,27,3,3,32,0,'','','','','','Zahntechnik Stefan Remplbauer','2010-03-30 08:26:40','2010-03-31 16:02:17','Raiffeisenstrasse 1','Hagenberg im Mühlkreis','Hagenberg im Mühlkreis',328,'4232',395,'','Mr. Stefan Remplbauer',''),(2212,27,3,3,32,0,'','','','','','Laboratoire Dentaire Linder','2010-03-30 08:26:40','2010-03-31 16:02:17','Place Georges Ista 23','','Grivegnèe',303,'4030',395,'','Mr. Marc Linder',''),(2213,27,3,3,32,0,'','','','','','Cabinet Dentaire LSD Hibo Benoit','2010-03-30 08:26:40','2010-03-31 16:02:17','88, Rue Patenier','','Namur',303,'5000',396,'','Mr. LSD Hibo Benoit ',''),(2214,27,3,3,32,0,'','','','','','Cavan Denture Lab','2010-03-30 08:26:40','2010-03-31 16:02:17','25 College St.','','Cavan',313,'',395,'','Mr. Garreth Mac Enri',''),(2215,27,3,3,32,0,'','','','','','Dunboyne Dental Lab','2010-03-30 08:26:40','2010-03-31 16:02:17','4a Yeates Centre,\nSummerhill Road','','Dunboyne',313,'',395,'','Mrs. Ewelina Klinowska',''),(2216,27,3,3,32,0,'','','','','','Dental Laboratory Langton ','2010-03-30 08:26:40','2010-03-31 16:02:17','Mt Brilliant Road, Green Hill','','Kilkenny',313,'',395,'','Paddy Langton ',''),(2217,27,3,3,32,0,'+81 ( 0)3 3326 5071','','+81 ( 0)3 3326 5071','ace-kokubo@m7.dion.ne.jp','','Ace Dental Laboratory - Ms Kyoko Kokubo','2010-03-30 08:26:40','2010-03-31 16:02:17','<b>BPS technical instructor</b><br>\n3-32-11 Kyuden<br>\nSetagaya-ku','','Tokyo',358,'157-0064',395,'COM','Ms Kyoko Kokubo',''),(2218,27,3,3,32,0,'+81 (0) 22 276 2525','','+81 (0) 22 274 1011','Kunimino@peach.plala.or.jp','','Kunimino Saito Dental Clinic - Dr. Saito Yoshihiro','2010-03-30 08:26:40','2010-03-31 16:02:17','4-2-1 Kunimi Aoba-ku<br>\nSendai-shi','','Miyagi',358,'981-0943',396,'COM','',''),(2219,27,3,3,32,0,'+81 (0)3 3300 1184','','+81 (0)3 3300 1455','','','Abe Dental Clinic - Dr. Abe Jiro','2010-03-30 08:26:40','2010-03-31 16:02:17','<b>BPS clinical instructor</b><br>\n1-12-43-2F Sengawa<br>\nChofu-shi','','Tokyo',358,'182-0002',396,'COM','',''),(2220,27,3,3,32,0,'+81 (0) 48 258 8555','','+81 (0) 48 258 5556','kameda@nifty.com','','Kameda Dental Clinic - Dr. Kameda Yukio','2010-03-30 08:26:40','2010-03-31 16:02:17','#101, 4-2-41 Kawaguchi<br>\nKawaguchi-shi','','Saitama',358,'332-0015',396,'COM','',''),(2221,27,3,3,32,0,'+302 102 617 004','','','','','Anargyros Psarris','2010-03-30 08:26:40','2010-03-31 16:02:17','Chr. Lada 18','','Athens',311,'',395,'','',''),(2222,27,3,3,32,0,'+1 450 964 5833','','','','','Ghislaine Bonin Denturologiste','2010-03-30 08:26:40','2010-03-31 16:02:17','1364 boul.des Seigneurs','','Terrebonne',297,'J6XIBI',396,'','Ghislaine Bonin',''),(2223,27,3,3,32,0,'0427-231 5636','','','y_kamal2005@yahoo.com','','R. Kamala Kannan Kamal','2010-03-30 08:26:40','2010-03-31 16:02:17','F-1, Plot No:107, 16th Street\nKrishna Nagar, Maduravoyal\n\n','','Chennai',353,'600095',396,'','',''),(2224,27,3,3,32,0,'','','','','','Smile Dental Clinic','2010-03-30 08:26:40','2010-03-31 16:02:17','3/783 opp to Gini Priya Theatre\nAnnanagar','','Madurai',353,'625020',396,'','Senthil Pan Dian',''),(2225,27,3,3,32,0,'0427-2440353, 9443015786','','','','','Ramkumar V.','2010-03-30 08:26:40','2010-03-31 16:02:17','F-23, Raman Road \nAvk Nagar','','Salem, Tamilnadu',353,'',396,'','',''),(2226,27,3,3,32,0,'+919444368839','','','ak_sdc@rediffmail.com','','Saraswathi Dental Centre, Dr. M.J. Anandkumar','2010-03-30 08:26:40','2010-03-31 16:02:17','No. 52, Venkatesan Street \nWest Tambaram','','Chennai',353,'600045',396,'','',''),(2227,27,3,3,32,0,'984 1400 210','','','','','Dr. Ranzani R. ','2010-03-30 08:26:40','2010-03-30 08:26:40','No. 1, Krishnamachari St.,\nRadha Nagar, Chromepet','','Chennai',0,'600044',396,'','',''),(2228,27,3,3,32,0,'984 1400 210','','','','','Dr. Ranzani R.','2010-03-30 08:26:40','2010-03-31 16:02:17','No:1, Krishnamachari St.\nRadha Nagar, Chromepet','','Chennai',353,'600044',396,'','',''),(2229,27,3,3,32,0,'+919 249 492 112, +919 447 092 112','','','','','John Kuriakose','2010-03-30 08:26:40','2010-03-31 16:02:17','Ernakulam (Dist)','Kerala','Muvattupuzha',353,'686661',395,'','',''),(2230,27,3,3,32,0,'9841481814, 26480302','','','','','Dr. Abby Abraham, Smiline Dental Centre','2010-03-30 08:26:40','2010-03-31 16:02:17','919 First Lane, Evr Periyar Salai\nAdjacent to Hotel Abu Palace','','Chennai',353,'600084 ',396,'','',''),(2231,27,3,3,32,0,'305 4555-64','','0471-2446400','cosmetictvm@gmail.com','','Jeevan Dental Ceramics','2010-03-30 08:26:40','2010-03-31 16:02:17','pazhaya road,\nmedical college p.o','','trivandrum',353,'695 011',395,'','Dr. C. P. John',''),(2232,27,3,3,32,0,'+91 944 706 6400','','','','','Cosmetic Dental Centre','2010-03-30 08:26:40','2010-03-31 16:02:17','G.A.Glendale Manor\nChalakuzhy Road\nPattom P.O','','Trivandrum',353,'695004',396,'','Dr. John Philip',''),(2233,27,3,3,32,0,'03 23 57 59 76','','','','','TURPIN François','2010-03-30 08:26:40','2010-03-31 16:02:17','97, rue de Chateaudun','','VOÜL',310,'02700',395,'','',''),(2234,27,3,3,32,0,'06 16 65 83 24','','','','','REALYS','2010-03-30 08:26:40','2010-03-31 16:02:17','41, rue Gornet Boivin','','ROMILLY SUR SEINE',310,'10100',395,'','',''),(2235,27,3,3,32,0,'04 68 72 32 85','','','','','MOBILE 11','2010-03-30 08:26:40','2010-03-31 16:02:17','66, avenue Franklin ROOSEVELT','','CARCASSONNE',310,'11000',395,'','',''),(2236,27,3,3,32,0,'06 08 26 34 62','','','','','LAPORTE Cyril','2010-03-30 08:26:40','2010-03-31 16:02:17','10, boulevard Denys Puech','','RODEZ',310,'12000',395,'','',''),(2237,27,3,3,32,0,'04 91 43 06 60','','','','','L.J.M.','2010-03-30 08:26:40','2010-03-31 16:02:17','1, montée de Saint-Menet','','MARSEILLE',310,'13001',395,'','',''),(2238,27,3,3,32,0,'04 91 78 66 46','','','','','Jean-Marc QUAZEZ','2010-03-30 08:26:40','2010-03-31 16:02:17','152, avenue de Toulon','','MARSEILLE',310,'13100',395,'','',''),(2239,27,3,3,32,0,'02 31 77 92 83','','','','','PINCON Didier','2010-03-30 08:26:40','2010-03-31 16:02:17','2, rue Georges Clémenceau','','VILLERS BOCAGE',310,'14310',395,'','',''),(2240,27,3,3,32,0,'+64 6 758 5033','','','','','The Dental Lab Taranaki','2010-03-30 08:26:40','2010-03-31 16:02:17','411 Devon Street East\nFitzroy','','New Plymouth',300,'',395,'','',''),(2241,27,3,3,32,0,'+64 3 365 5208','','','','','Advanced Ceramics','2010-03-30 08:26:40','2010-03-31 16:02:17','234 Kilmore Street','','Christchurch',300,'',402,'','',''),(2242,27,3,3,32,0,'+64 9 638 8600','','','','','Mt Eden C&B Studio','2010-03-30 08:26:40','2010-03-31 16:02:17','520B Mt Eden Road','','Auckland',300,'',402,'','',''),(2243,27,3,3,32,0,'+64 9 422 2489','','','','','Matakana Coast Ceramics','2010-03-30 08:26:40','2010-03-31 16:02:17','33 Rosemount Road,\nRD5','','Warkworth',300,'',402,'','',''),(2244,27,3,3,32,0,'+64 377 4054','','','','','Prosthetic Processes','2010-03-30 08:26:40','2010-03-31 16:02:17','224 Hobson Street','','Auckland',300,'',402,'','',''),(2245,27,3,3,32,0,'+64 9 486 0097','','','','','OralArt','2010-03-30 08:26:40','2010-03-31 16:02:17','162 Kitchener Road,\nMilford','','Auckland',300,'',401,'','',''),(2246,27,3,3,32,0,'+64 838 4505','','','','','TK Dental Laboratory','2010-03-30 08:26:40','2010-03-31 16:02:17','45 Lincoln Road,\nHenderson','','Auckland',300,'',401,'','',''),(2247,27,3,3,32,0,'+64 9 818 0078','','','','','Evolution Dental Lab','2010-03-30 08:26:40','2010-03-31 16:02:17','72 Glenmall Place,\nGlen Eden','','Auckland',300,'',401,'','',''),(2248,27,3,3,32,0,'+64 9 368 1815','','','','','Newmarket Dental Studio','2010-03-30 08:26:40','2010-03-31 16:02:17','106 Carlton Gore Road,\nNewmarket','','Auckland',300,'',401,'','',''),(2249,27,3,3,32,0,'+64 9 425 8476','','','','','Warkworth Dental Practice','2010-03-30 08:26:40','2010-03-31 16:02:17','6 Morpeth Street','','Warkworth',300,'',401,'','',''),(2250,27,3,3,32,0,'+64 3 365 5208','','','','','Advanced Ceramics','2010-03-30 08:26:40','2010-03-31 16:02:17','234 Kilmore Street','','Christchurch',300,'',397,'','',''),(2251,27,3,3,32,0,'+64 9 534 2444','','','','','Creative Dental Ceramics','2010-03-30 08:26:40','2010-03-31 16:02:17','43 Hutchinson Road,\nHowick','','Auckland',300,'',397,'','',''),(2252,27,3,3,32,0,'+64 9 523 1700','','','','','Lumino Dental Ltd - Dental Designs','2010-03-30 08:26:40','2010-03-31 16:02:17','13A Abbots Way,\nRemuera','','Auckland',300,'',397,'','',''),(2253,27,3,3,32,0,'+64 4 470 6168','','','','','Dental Effects','2010-03-30 08:26:40','2010-03-31 16:02:17','Level 5 Willbank House,\n57 Wills Street','','Wellington',300,'',397,'','',''),(2254,27,3,3,32,0,'+64 9 522 0355','','','','','Dental Studio Mission','2010-03-30 08:26:40','2010-03-31 16:02:17','575 Remuera Road,\nRemuera','','Auckland',300,'',397,'','',''),(2255,27,3,3,32,0,'+64 9 426 2033','','','','','Hibiscus Coast Dental Lab','2010-03-30 08:26:40','2010-03-31 16:02:17','1st Floor 4B,\n12 Tamariki Ave','','Orewa',300,'',397,'','',''),(2256,27,3,3,32,0,'+64 9 377 1508','','','','','Inspired Dental Ceramics','2010-03-30 08:26:40','2010-03-31 16:02:17','Level 2, Quay Park Health Building,\n68 Beach Road','','Auckland',300,'',397,'','',''),(2257,27,3,3,32,0,'+64 6 835 0258','','','','','Jasons Crown and Bridge','2010-03-30 08:26:40','2010-03-31 16:02:17','120 Tennyson Street','','Napier',300,'',397,'','',''),(2258,27,3,3,32,0,'+64 3 477 9842','','','','','Mr J Schmelz D/T','2010-03-30 08:26:40','2010-03-31 16:02:17','1 Stafford Street','','Dunedin',300,'',397,'','',''),(2259,27,3,3,32,0,'+64 9 638 8600','','','','','Mt Eden Crown & Bridge Studio','2010-03-30 08:26:40','2010-03-31 16:02:17','520B Mt Eden Road,\nMt Eden','','Auckland',300,'',397,'','',''),(2260,27,3,3,32,0,'+64 9 368 1815','','','','','Newmarket Dental Studio Ltd','2010-03-30 08:26:40','2010-03-31 16:02:17','106 Carlton Gore Road,\nNewmarket','','Auckland',300,'',397,'','',''),(2261,27,3,3,32,0,'+64 9 438 1205','','','','','Northland Dental Lab','2010-03-30 08:26:40','2010-03-31 16:02:17','PO Box 594','','Whangarei',300,'',397,'','',''),(2262,27,3,3,32,0,'+64 9 486 0097','','','','','OralArt','2010-03-30 08:26:40','2010-03-31 16:02:17','162 Kitchener Road,\nMilford','','Auckland',300,'',397,'','',''),(2263,27,3,3,32,0,'+64 9 377 5451','','','','','Rodgers Dental Studio','2010-03-30 08:26:40','2010-03-31 16:02:17','77 The Strand,\nParnell','','Auckland',300,'',397,'','',''),(2264,27,3,3,32,0,'+64 6 758 8842','','','','','TCB Dental Laboratory','2010-03-30 08:26:40','2010-03-31 16:02:17','130 Carrington Street','','New Plymouth',300,'',397,'','',''),(2265,27,3,3,32,0,'+64 9 838 4505','','','','','TK Dental Laboratory','2010-03-30 08:26:40','2010-03-31 16:02:17','45 Lincoln Road,\nHenderson','','Auckland',300,'',397,'','',''),(2266,27,3,3,32,0,'+64 9 846 8886','','','','','Western C&B Lab','2010-03-30 08:26:40','2010-03-31 16:02:17','PO Box 15 518,\nNew Lynn','','Auckland',300,'',397,'','',''),(2267,27,3,3,32,0,'+64 7 376 9012','','','','','Dental Dynamics','2010-03-30 08:26:40','2010-03-31 16:02:17','11 Hilden Place','','Taupo',300,'',397,'','',''),(2268,27,3,3,32,0,'+64 9 373 5741','','','','','Advanced C&B Lab','2010-03-30 08:26:40','2010-03-31 16:02:17','73 Symonds Street','','Auckland',300,'',399,'','',''),(2269,27,3,3,32,0,'+64 3 365 5208','','','','','Advanced Ceramics','2010-03-30 08:26:40','2010-03-31 16:02:17','234 Kilmore Street','','Christchurch',300,'',399,'','',''),(2270,27,3,3,32,0,'+64 9 480 1250','','','','','Apollonia Dental Lab Ltd','2010-03-30 08:26:40','2010-03-31 16:02:17','227 Onewa Road,\nBirkenhead','','Auckland',300,'',399,'','',''),(2271,27,3,3,32,0,'+64 3 453 4641','','','','','Mr Bruce Carter D/T','2010-03-30 08:26:40','2010-03-31 16:02:17','8 Neidpath Road','','Dunedin',300,'',399,'','',''),(2272,27,3,3,32,0,'+64 3 358 7076','','','','','Cashel Dental Lab','2010-03-30 08:26:40','2010-03-31 16:02:17','200 Cashel Street','','Christchurch',300,'',399,'','',''),(2273,27,3,3,32,0,'+64 6 356 6197','','','','','Dental Art','2010-03-30 08:26:40','2010-03-31 16:02:17','17A Lincoln Court,\nHokowhitu','','Palmerston North',300,'',399,'','',''),(2274,27,3,3,32,0,'+64 9 523 1700','','','','','Lumino Dental Ltd - Dental Designs','2010-03-30 08:26:40','2010-03-31 16:02:17','13a Abbots Way,\nRemuera','','Auckland',300,'',399,'','',''),(2275,27,3,3,32,0,'+64 4 478 6691','','','','','Dental Art Studio','2010-03-30 08:26:40','2010-03-31 16:02:17','1st Floor, 128 Johnsonville Road,\nJohnsonville','','Wellington',300,'',399,'','',''),(2276,27,3,3,32,0,'+64 7 376 9012','','','','','Dental Dynamics','2010-03-30 08:26:40','2010-03-31 16:02:17','11 Hilden Place','','Taupo',300,'',399,'','',''),(2277,27,3,3,32,0,'+64 3 487 9297','','','','','Dent Design Ceramic Dental Lab','2010-03-30 08:26:40','2010-03-31 16:02:17','25 Bernard Street,\nMornington','','Dunedin',300,'',399,'','',''),(2278,27,3,3,32,0,'+64 7 575 2894','','','','','DG Mitchell Dental Lab','2010-03-30 08:26:40','2010-03-31 16:02:17','73 Paterson Street','','Mt Maunganui',300,'',399,'','',''),(2279,27,3,3,32,0,'+64 9 426 2033','','','','','Hibiscus Dental Lab Ltd','2010-03-30 08:26:40','2010-03-31 16:02:17','1st Floor, 4B, 12 Tamariki Ave','','Orewa ',300,'',399,'','',''),(2280,27,3,3,32,0,'+64 9 377 1508','','','','','Inspired Dental Ceramics','2010-03-30 08:26:40','2010-03-31 16:02:17','Level 2, Quay Park Health Building,\n68 Beach Road','','Auckland ',300,'',399,'','',''),(2281,27,3,3,32,0,'+64 7 378 5020','','','','','Lakeview Dental Lab','2010-03-30 08:26:40','2010-03-31 16:02:17','16 Fletcher Street','','Taupo',300,'',399,'','',''),(2282,27,3,3,32,0,'+64 9 422 2489','','','','','Matakana Coast Ceramics','2010-03-30 08:26:40','2010-03-31 16:02:17','33 Rosemount Road, RD5','','Warkworth',300,'',399,'','',''),(2283,27,3,3,32,0,'+64 9 630 9514','','','','','Annabelle Dental Studio','2010-03-30 08:26:40','2010-03-31 16:02:17','3/65 Bellevue Road,\nMt Eden','','Auckland',300,'',399,'','',''),(2284,27,3,3,32,0,'+64 9 638 8600','','','','','Mt Eden C&B','2010-03-30 08:26:40','2010-03-31 16:02:17','520B Mt Eden Road,\nMt Eden','','Auckland',300,'',399,'','',''),(2285,27,3,3,32,0,'+64 9 575 8350','','','','','Newmarket Dental Studio','2010-03-30 08:26:40','2010-03-31 16:02:17','106 Carlton Gore Road,\nNewmarket','','Auckland',300,'',399,'','',''),(2286,27,3,3,32,0,'+64 9 486 0097','','','','','OralArt','2010-03-30 08:26:40','2010-03-31 16:02:17','162 Kitchener Road,\nMilford','','Auckland',300,'',399,'','',''),(2287,27,3,3,32,0,'+64 3 385 5229','','','','','Precision Dental Studio','2010-03-30 08:26:40','2010-03-31 16:02:17','PO Box 35-093','','Christchurch',300,'',399,'','',''),(2288,27,3,3,32,0,'+64 3 477 9842','','','','','Mr J Schmelz','2010-03-30 08:26:40','2010-03-31 16:02:17','1 Stafford Street','','Dunedin',300,'',399,'','',''),(2289,27,3,3,32,0,'+64 9 846 4347','','','','','Point Crown & Bridge','2010-03-30 08:26:40','2010-03-31 16:02:17','18 Walmer Road,\nPt Chevalier','','Auckland',300,'',399,'','',''),(2290,27,3,3,32,0,'+64 9 377 5451','','','','','Rodgers Dental Studio','2010-03-30 08:26:40','2010-03-31 16:02:17','77 The Strand,\nParnell','','Auckland',300,'',399,'','',''),(2291,27,3,3,32,0,'+64 9 279 4567','','','','','South Pacific Dental Lab','2010-03-30 08:26:40','2010-03-31 16:02:17','158 Great South Road,\nPapatoetoe','','Auckland',300,'',399,'','',''),(2292,27,3,3,32,0,'+64 9 486 6196','','','','','Takas Dental Ceramics','2010-03-30 08:26:40','2010-03-31 16:02:17','11 Charles Street,\nTakapuna','','Auckland',300,'',399,'','',''),(2293,27,3,3,32,0,'+64 6 758 8842','','','','','TCB Dental Laboratory','2010-03-30 08:26:40','2010-03-31 16:02:17','130 Carrington Street','','New Plymouth',300,'',399,'','',''),(2294,27,3,3,32,0,'+64 9 522 2242','','','','','The Lab Dentalworks Ltd','2010-03-30 08:26:40','2010-03-31 16:02:17','443 Lake Road,\nTakapuna','','Auckland',300,'',399,'','',''),(2295,27,3,3,32,0,'+64 9 377 6633','','','','','Viva Ceramics','2010-03-30 08:26:40','2010-03-31 16:02:17','Level 4, 6 Arawa Street,\nGrafton','','Auckland',300,'',399,'','',''),(2296,27,3,3,32,0,'+64 9 846 8886','','','','','Western Crown & Bridge','2010-03-30 08:26:40','2010-03-31 16:02:17','Cnr St Lukes Road & Duncan McLean Link,\nSt Lukes','','Auckland',300,'',399,'','',''),(2297,27,3,3,32,0,'+64 6 844 8024','','','','','Andrew Devine Oral Design','2010-03-30 08:26:40','2010-03-31 16:02:17','17 Oak Place, RD2\nPoraiti','','Hawkes Bay',300,'',400,'','',''),(2298,27,3,3,32,0,'+64 9 522 0355','','','','','Dental Studio Mission','2010-03-30 08:26:40','2010-03-31 16:02:17','575 Remuera Road,\nRemuera','','Auckland',300,'',400,'','',''),(2299,27,3,3,32,0,'+64 9 523 1700','','','','','Lumino Dental Ltd - Dental Designs','2010-03-30 08:26:40','2010-03-31 16:02:17','139 Abbots Way,\nRemuera','','Auckland',300,'',400,'','',''),(2300,27,3,3,32,0,'+64 7 575 2894','','','','','DG Mitchell Dental Lab','2010-03-30 08:26:40','2010-03-31 16:02:17','73 Paterson Street','','Mt Maunganui',300,'',400,'','',''),(2301,27,3,3,32,0,'+64 9 475 9492','','','','','E-Shine','2010-03-30 08:26:40','2010-03-31 16:02:17','Unit V, 6 Rosedale Road,\nAlbany','','Auckland',300,'',400,'','',''),(2302,27,3,3,32,0,'+64 3 477 9842','','','','','Mr J Schmelz','2010-03-30 08:26:40','2010-03-31 16:02:17','1 Stafford Street','','Dunedin',300,'',400,'','',''),(2303,27,3,3,32,0,'+64 9 630 9514','','','','','Annabelle Dental Studio','2010-03-30 08:26:40','2010-03-31 16:02:17','3/65 Bellevue Road,\nMt Eden','','Auckland',300,'',400,'','',''),(2304,27,3,3,32,0,'+64 9 426 2033','','','','','Hibiscus Dental Lab Ltd','2010-03-30 08:26:40','2010-03-31 16:02:17','1st Floor, 4B Tamariki Avenue','','Orewa',300,'',400,'','',''),(2305,27,3,3,32,0,'+64 9 377 1508','','','','','Inspired Dental Ceramics','2010-03-30 08:26:40','2010-03-31 16:02:17','Level 2 Quay Park Health Building,\n68 Beach Road','','Auckland',300,'',400,'','',''),(2306,27,3,3,32,0,'+64 6 833 7696','','','','','Malcolm Graham Dental Crafts','2010-03-30 08:26:40','2010-03-31 16:02:17','Unit 6 Begley Properties, \n100 Emerson Street, Napier','','Hawkes Bay',300,'',400,'','',''),(2307,27,3,3,32,0,'+64 4 528 0804','','','','','Dental Effects','2010-03-30 08:26:40','2010-03-31 16:02:17','57 Main Street,\nUpper Hutt','','Wellington',300,'',400,'','',''),(2308,27,3,3,32,0,'+64 9 368 1815','','','','','Newmarket Dental Studio','2010-03-30 08:26:40','2010-03-31 16:02:17','106 Carlton Gore Road,\nNewmarket','','Auckland',300,'',400,'','',''),(2309,27,3,3,32,0,'+64 9 296 0104','','','','','Image Dental','2010-03-30 08:26:40','2010-03-31 16:02:17','Suite 3, 319-323 Great Sth Road,\nPapakura','','Auckland',300,'',400,'','',''),(2310,27,3,3,32,0,'+64 4 478 6691','','','','','Dental Art Studio','2010-03-30 08:26:40','2010-03-31 16:02:17','1st Floor, 128 Johnsonville Road,\nJohnsonville','','Wellington',300,'',400,'','',''),(2311,27,3,3,32,0,'+64 9 638 8600','','','','','Mt Eden C&B Studio','2010-03-30 08:26:40','2010-03-31 16:02:17','520B Mt Eden Road,\nMt Eden','','Auckland',300,'',400,'','',''),(2312,27,3,3,32,0,'+64 9 486 0097','','','','','OralArt','2010-03-30 08:26:40','2010-03-31 16:02:17','162 Kitchener Road,\nMilford','','Auckland',300,'',400,'','',''),(2313,27,3,3,32,0,'+64 9 377 5451','','','','','Rodgers Dental Studio','2010-03-30 08:26:40','2010-03-31 16:02:17','77 The Strand,\nParnell','','Auckland',300,'',400,'','',''),(2314,27,3,3,32,0,'+64 9 838 4505','','','','','TK Dental Laboratory','2010-03-30 08:26:40','2010-03-31 16:02:17','45 Limcoln Road,\nHenderson','','Auckland',300,'',400,'','',''),(2315,27,3,3,32,0,'+64 9 438 3671','','','','','Whangarei Dental Laboratory','2010-03-30 08:26:40','2010-03-31 16:02:17','153A Bank Street','','Whangarei',300,'',400,'','',''),(2316,27,3,3,32,0,'+64 9 308 0925','','','','','City Lab','2010-03-30 08:26:40','2010-03-31 16:02:17','2 Kingston Street','','Auckland',300,'',400,'','',''),(2317,27,3,3,32,0,'+64 3 365 5208','','','','','Advanced Ceramics','2010-03-30 08:26:40','2010-03-31 16:02:17','234 Kilmore Street','','Christchurch',300,'',400,'','',''),(2318,27,3,3,32,0,'+64 3 332 4169','','','','','Beckenham Dental Lab','2010-03-30 08:26:40','2010-03-31 16:02:17','269 Colombo Street','','Christchurch',300,'',404,'','',''),(2319,27,3,3,32,0,'+64 3 355 4704','','','','','Merivale Denure Clinic','2010-03-30 08:26:40','2010-03-31 16:02:17','206 Papanui Road','','Christchurch',300,'',404,'','',''),(2320,27,3,3,32,0,'+64 7 348 3970','','','','','Phillip A Tasker','2010-03-30 08:26:40','2010-03-31 16:02:17','1140 Tutanekai Street','','Rotorua',300,'',404,'','',''),(2321,27,3,3,32,0,'+64 9 448 1346','','','','','Denture Tech','2010-03-30 08:26:40','2010-03-31 16:02:17','Unit 5A 331 Rosedale Road,\nAlbany','','Auckland',300,'',404,'','',''),(2322,27,3,3,32,0,'+64 3 548 1478','','','','','Nelson Denture Clinic','2010-03-30 08:26:40','2010-03-31 16:02:17','35 Waimea Road','','Nelson',300,'',404,'','',''),(2323,27,3,3,32,0,'+64 3 374 9060','','','','','Bealey Denture Clinic','2010-03-30 08:26:40','2010-03-31 16:02:17','151 Bealey Avenue','','Christchurch',300,'',404,'','',''),(2324,27,3,3,32,0,'+64 6 745 8906','','','','','Dr WW Hikaka BDS','2010-03-30 08:26:40','2010-03-31 16:02:17','1 Bank Street,\nWaitara','','New Plymouth',300,'',404,'','',''),(2325,27,3,3,32,0,'+64 3 545 0909','','','','','Pannell Dental Lab','2010-03-30 08:26:40','2010-03-31 16:02:17','34 Seaton Street','','Nelson',300,'',404,'','',''),(2326,27,3,3,32,0,'+64 6 758 5033','','','','','The Dental Lab Taranaki','2010-03-30 08:26:40','2010-03-31 16:02:17','411 Devon Street East,\nFitzroy','','New Plymouth',300,'',404,'','',''),(2327,27,3,3,32,0,'+64 9 534 8113','','','','','Howick Denture Clinic','2010-03-30 08:26:40','2010-03-31 16:02:17','12B Picton Street,\nHowick','','Auckland',300,'',404,'','',''),(2328,27,3,3,32,0,'+64 3 384 4406','','','','','JB\'s Dental Lab','2010-03-30 08:26:40','2010-03-31 16:02:17','20 Main Road,\nSt Andrews Hill','','Christchurch',300,'',404,'','',''),(2329,27,3,3,32,0,'+64 3 349 5231','','','','','Hornby Dental Lab','2010-03-30 08:26:40','2010-03-31 16:02:17','8 Bryndley Street,\nHornby','','Christchurch',300,'',404,'','',''),(2330,27,3,3,32,0,'+64 9 426 6889','','','','','Denture Tech (Orewa)','2010-03-30 08:26:40','2010-03-31 16:02:17','1st Floor, Westpac Plaza, 8 Moana Avenue','','Orewa',300,'',395,'','',''),(2331,27,3,3,32,0,'+64 3 548 1478','','','','','Nelson Denture Clinic','2010-03-30 08:26:40','2010-03-31 16:02:17','35 Waimea Road','','Nelson',300,'',395,'','',''),(2332,27,3,3,32,0,'+64 3 384 4406','','','','','Duchenne Dental Services','2010-03-30 08:26:40','2010-03-31 16:02:17','20 Main Road','','St Andrews Hill, Christchurch',300,'',395,'','',''),(2333,27,3,3,32,0,'+64 3 349 5231','','','','','Hornby Dental Lab','2010-03-30 08:26:40','2010-03-31 16:02:17','8 Bryndley Street','','Hornby, Christchurch',300,'',395,'','',''),(2334,27,3,3,32,0,'+1 819 752 96 62','','','','','Rene St-Hilaire','2010-03-30 08:26:40','2010-03-31 16:02:17','559, rue Notre-Dame Ouest\nG6P 1T2 Victoriaville','Canada','Quebec',297,'',395,'','',''),(2335,27,3,3,32,0,'08-714 80 22','','08-714 80 32','','','Compedent AB','2010-03-30 08:26:40','2010-03-31 16:02:17','Hjälmarsvägen 30','','Årsta',333,'120 02',395,'','',''),(2336,27,3,3,32,0,'+48-22- 6546412','','','','','Laboratorium Protetyczne Techdent','2010-03-30 08:26:40','2010-03-31 16:02:17','ul. Srebrna 6','','Warszawa',329,'00-810',395,'','',''),(2337,27,3,3,32,0,'08-722 89 30','','08-7229138','elanders.dental@net.ptj.se','','Elanders Dentallab','2010-03-30 08:26:40','2010-03-31 16:02:17','Bildhuggarvägen 3\nBox 28','','JOHANNESHOV',333,'121 21',395,'','',''),(2338,27,3,3,32,0,'040-720 40','','040-980323','','','Bolinders Dentallaboratorium AB','2010-03-30 08:26:40','2010-03-31 16:02:17','Erik Lusts Väg 46\nBox 20510','','MALMÖ',333,'200 74',395,'','',''),(2339,27,3,3,32,0,'026-644070','','026-128808','gavlecitylab@telia.com','','Gävle CityLab AB','2010-03-30 08:26:40','2010-03-31 16:02:17','Ruddamsgatan 12\nBox 1304','','GÄVLE',333,'801 37',395,'','',''),(2340,27,3,3,32,0,'040-300321','','040-300312','info@dentalsyd.se','','Dental Syd Sweden AB','2010-03-30 08:26:40','2010-03-31 16:02:17','Box 60253','','LIMHAMN',333,'219 09',395,'','',''),(2341,27,3,3,32,0,'0411-17873','','0411-124 57','','','Dentallaboratorium Freudentahl Stoltz AB','2010-03-30 08:26:40','2010-03-31 16:02:17','Stortorget 6\nBox 153','','YSTAD',333,'271 24',395,'','',''),(2342,27,3,3,32,0,'0322-668750','','0322-18238','','','Hans Arvidssons Tandtekniska Lab AB','2010-03-30 08:26:40','2010-03-31 16:02:17','Drottninggatan 35 A\nBox 673','','ALINGSÅS',333,'441 18',395,'COM','',''),(2343,27,3,3,32,0,'023-492996','','','','','Ld Dentl AB Falun','2010-03-30 08:26:40','2010-03-31 16:02:17','Manhemsvägen 28','','FALUN',333,'791 31',395,'','',''),(2344,27,3,3,32,0,'0911-191 69','','','','','Kjells Tandteknik AB','2010-03-30 08:26:40','2010-03-31 16:02:17','Prästgårdsgatan 38 A','','PITEÅ',333,'941 32',395,'','',''),(2345,27,3,3,32,0,'0411-19950','','0411-10080','anders@tlystad.com','','Tandtekniska Lab  Ystad AB','2010-03-30 08:26:40','2010-03-31 16:02:17','Lilla Östergatan 21\nBox 266','','YSTAD',333,'271 25',395,'','',''),(2346,27,3,3,32,0,'0650-10514','','','','','Albinssons Dentallab Hudiksvall','2010-03-30 08:26:40','2010-03-31 16:02:17','Rådhusgatan 10\nBox 37','','HUDIKSVALL',333,'824 01',395,'','',''),(2347,27,3,3,32,0,'0320-127 77','','','','','Mident Tandteknik AB','2010-03-30 08:26:40','2010-03-31 16:02:17','Kullängsgatan 3','','SKENE',333,'511 61',395,'COM','',''),(2348,27,3,3,32,0,'040-124560','','','info@oral-design.se','','Oral Design','2010-03-30 08:26:40','2010-03-31 16:02:17','Långgårdsgatan 2\nBox 418','','MALMÖ',333,'201 24',395,'','',''),(2349,27,3,3,32,0,'026-155638/88','','026-155347','','','TLS','2010-03-30 08:26:40','2010-03-31 16:02:17','Ingång 15A Gävle Sjukhus','','GÄVLE',333,'801 87',395,'','',''),(2350,27,3,3,32,0,'0950-39428','','','','','Tandverkstan I Lycksele','2010-03-30 08:26:40','2010-03-31 16:02:17','Johanskyttesväg 6\nBox 244','','LYCKSELE',333,'921 24',395,'','',''),(2351,27,3,3,32,0,'+64 7 834 1019','','','','','Hamilton Denture Lab','2010-03-30 08:26:40','2010-03-31 16:02:17','750 Victoria Street','','Hamilton',300,'',395,'','',''),(2352,27,3,3,32,0,'0651-14141','','0651-10286','','','Albinssons Dentallab Ljusdal','2010-03-30 08:26:40','2010-03-31 16:02:17','S:A Järnvägsgatan 52 A','','LJUSDAL',333,'827 32',400,'','',''),(2353,27,3,3,32,0,'031-243840','','','','','Almérs Dentallab','2010-03-30 08:26:40','2010-03-31 16:02:17','Nordensköldsgatan 13','','GÖTEBORG',333,'400 32',400,'','',''),(2354,27,3,3,32,0,'031-121380','','','','','B&J Dental Lab HB','2010-03-30 08:26:40','2010-03-31 16:02:17','Bokekullsgatan 2','','GÖTEBORG',333,'400 43',400,'','',''),(2355,27,3,3,32,0,'0647-10910','','0647-10910','','','Breimos Dentallab AB','2010-03-30 08:26:40','2010-03-31 16:02:17','Industriområdet Hantverkshuset','','JÄRPEN',333,'830 05',400,'','',''),(2356,27,3,3,32,0,'08-6598005','','08-6598005','','','Bröderna Waax Dentallaboratorium AB','2010-03-30 08:26:40','2010-03-31 16:02:17','ST Gungans väg 8 NB','','ENSKEDE',333,'122 31',400,'','',''),(2357,27,3,3,32,0,'040-987891','','','','','Cervident AB','2010-03-30 08:26:40','2010-03-31 16:02:17','John Ericssons väg 60','','MALMÖ',333,'217 61',400,'','',''),(2358,27,3,3,32,0,'031-20 15 81','','','','','Claes Myrin Dentallaboratorium AB','2010-03-30 08:26:40','2010-03-31 16:02:17','Kapellplatsen 3','','GÖTEBORG',333,'411 31',400,'','',''),(2359,27,3,3,32,0,'040-46 99 90','','040-46 99 91','','','Cosmodent AB','2010-03-30 08:26:40','2010-03-31 16:02:17','Annebergsgatan 23 C','','MALMÖ',333,'214 66',400,'COM','',''),(2360,27,3,3,32,0,'08-580 812 03','','','','','De Luxe Dental AB','2010-03-30 08:26:40','2010-03-31 16:02:17','Jordgubbsgränd 39 A','','JÄRFÄLLA',333,'175 49',400,'','',''),(2361,27,3,3,32,0,'031-42 30 65','','','','','Dennis Skiöld Dentallab.','2010-03-30 08:26:40','2010-03-31 16:02:17','Nordostpassagen 9','','GÖTEBORG',333,'413 11',400,'','',''),(2362,27,3,3,32,0,'08-711 69 60','','08-711 89 87','','','Dental Ateljén Sverige AB','2010-03-30 08:26:40','2010-03-31 16:02:17','Cedervägen 9','','Huddinge',333,'141 45',400,'COM','',''),(2363,27,3,3,32,0,'021-411600','','021-411633','','','Dental Estetik Lundbladh & Öhrlund A','2010-03-30 08:26:40','2010-03-31 16:02:17','Torggatan 9','','VÄSTERÅS',333,'721 05',400,'','',''),(2364,27,3,3,32,0,'023 79 9745','','023-13198','','','Dentalgruvan PTJ','2010-03-30 08:26:40','2010-03-31 16:02:17','Holmgatan 30','','FALUN',333,'791 71',400,'','',''),(2365,27,3,3,32,0,'08-759 65 99','','','','','Dentamix','2010-03-30 08:26:40','2010-03-31 16:02:17','Grimstagatan 217','','VÄLLINGBY',333,'162 22',400,'','',''),(2366,27,3,3,32,0,'','','','','','BOURDIN','2010-03-30 08:26:40','2010-03-31 16:02:17','4 rue Léo Lagrange','','VERNEUIL EN HALATTE',310,'60550',395,'','',''),(2367,27,3,3,32,0,'','','','','','EURO CERAM','2010-03-30 08:26:40','2010-03-31 16:02:17','76 rue Marc Sangnier','','MAISONS ALFORT',310,'94700',395,'','',''),(2368,27,3,3,32,0,'','','','','','MILHES - BFL','2010-03-30 08:26:40','2010-03-31 16:02:17','28 rue Paul Bert','','TOULOUSE',310,'31400',395,'','',''),(2369,27,3,3,32,0,'','','','','','PROTHESE 41 (SARL)','2010-03-30 08:26:40','2010-03-31 16:02:17','2 impasse des Vieilles Estrees','','MUSY',310,'27650',395,'','',''),(2370,27,3,3,32,0,'','','','','','QUAZEZ Jean-Marc','2010-03-30 08:26:40','2010-03-31 16:02:17','152 avenue de Toulon','','MARSEILLE',310,'13010',395,'','',''),(2371,27,3,3,32,0,'06.16.65.83.24','','','','','REALYS','2010-03-30 08:26:40','2010-03-31 16:02:17','41 rue Gornet Boivin','','ROMILLY SUR SEINE',310,'10100',395,'','',''),(2372,27,3,3,32,0,'05.61.74.91.41','','','','','EMERGENCE - BROENES Gilles','2010-03-30 08:26:40','2010-03-31 16:02:17','17 route d\'Albi','','ROUFFIAC TOLOSAN',310,'31180',395,'','',''),(2373,27,3,3,32,0,'04.50.73.60.42','','','','','BOCHATON Delphine','2010-03-30 08:26:40','2010-03-31 16:02:17','1 route de Saint-Thomas','','LARRINGES',310,'74500',395,'','',''),(2374,27,3,3,32,0,'08-783 05 50','','08-783 78 67','','','DP NOVA','2010-03-30 08:26:40','2010-03-31 16:02:17','Rättarvägen 3\n','','SOLNA',333,'169 68',400,'','',''),(2375,27,3,3,32,0,'041-625333','','041-61 91 28','','','DP NOVA  (Sjöbo Tandteknik, AB)','2010-03-30 08:26:40','2010-03-31 16:02:17','Idegatan 12 A\n','','SJÖBO',333,'275 23',400,'','',''),(2376,27,3,3,32,0,'08-673 17 10','','08-673 17 11','','','Europa Dental AB','2010-03-30 08:26:40','2010-03-31 16:02:17','Valhallavägen 10, 1Tr\n','','STOCKHOLM',333,'114 22',400,'COM','',''),(2377,27,3,3,32,0,'040-6642520','','040-6642529','','','Expodent Tandteknik Mark, Wall, Ande','2010-03-30 08:26:40','2010-03-31 16:02:17','Södra Tullgatan 4\n','','MALMÖ',333,'203 20',400,'','',''),(2378,27,3,3,32,0,'019-24 65 76','','019-24 65 80','','','Fenix Dental','2010-03-30 08:26:40','2010-03-31 16:02:17','Verkstadsgatan 2','','Örebro',333,'702 27',400,'COM','',''),(2379,27,3,3,32,0,'08-692 18 96','','08-653 60 11','','','FTV Specialist tandkliniken St Erik lab','2010-03-30 08:26:40','2010-03-31 16:02:17','Polhemsgatan  44\n','','STOCKHOLM',333,'112 82',400,'COM','',''),(2380,27,3,3,32,0,'060-182590','','060-182556','','','Ftv Tandteknik','2010-03-30 08:26:40','2010-03-31 16:02:17','Norrmalmsgatan 2\n','','SUNDSVALL',333,'852 34',400,'','',''),(2381,27,3,3,32,0,'040-46 99 00','','040-46 99 91','','','Global Dental AB','2010-03-30 08:26:40','2010-03-31 16:02:17','Sjötorpsvägen 9 \n','','Tygelsjö',333,'218 73',400,'COM','',''),(2382,27,3,3,32,0,'08-761 33 30','','','','','Haga Dental','2010-03-30 08:26:40','2010-03-31 16:02:17','Box 24144\n','','STOCKHOLM',333,'104 35',400,'COM','',''),(2383,27,3,3,32,0,'0322-668750','','0322-18238','','','Hans Arvidssons Tandtekniska Lab AB','2010-03-30 08:26:40','2010-03-31 16:02:17','Drottninggatan 35 A\n','','ALINGSÅS',333,'441 18',400,'','',''),(2384,27,3,3,32,0,'031-446560','','','','','Inger Ohlsson Dentallab','2010-03-30 08:26:40','2010-03-31 16:02:17','Västergatan 19\n','','GÖTEBORG',333,'413 13',400,'','',''),(2385,27,3,3,32,0,'08-664 47 90','','','','','ISO Dental','2010-03-30 08:26:40','2010-03-31 16:02:17','Armfeltsgatan 11\n','','STOCKHOLM',333,'102 53',400,'COM','',''),(2386,27,3,3,32,0,'08-6488100','','08-6482229','','','Juhani Tahko Dentallab AB','2010-03-30 08:26:40','2010-03-31 16:02:17','Stora gungans Väg 8\n','','ENSKEDE',333,'122 31',400,'','',''),(2387,27,3,3,32,0,'08-58012645','','','','','Järfälla Dental AB','2010-03-30 08:26:40','2010-03-31 16:02:17','Vinterv 31 A\n','','JÄRFÄLLA',333,'177 60',400,'','',''),(2388,27,3,3,32,0,'08-653 20 18','','','','','Kungsholmens Dental AB','2010-03-30 08:26:40','2010-03-31 16:02:17','Hantverkarg 79 B, 1 tr\n','','STOCKHOLM',333,'112 38',400,'COM','',''),(2389,27,3,3,32,0,'08-756 77 76','','','','','Magnus Åkesson Dentallaboratorium AB','2010-03-30 08:26:40','2010-03-31 16:02:17','Djursholmsv 54\n','','TÄBY',333,'183 52',400,'COM','',''),(2390,27,3,3,32,0,'070-421 66 22','','','','','Minident','2010-03-30 08:26:40','2010-03-31 16:02:17','Torsplan 7\n','','STOCKHOLM',333,'100 31',400,'COM','',''),(2391,27,3,3,32,0,'011-135435','','','','','Multident AB','2010-03-30 08:26:40','2010-03-31 16:02:17','Gymnastikgatan 14\n','','Norrköping',333,'600 02',400,'','',''),(2392,27,3,3,32,0,'031-1874336','','031-7060160','','','Mölndals Dentallab AB','2010-03-30 08:26:40','2010-03-31 16:02:17','Bergmansgatan 5\n','','Mölndal',333,'431 30',400,'','',''),(2393,27,3,3,32,0,'0141-50330','','','','','Nya Motala Dentallab AB','2010-03-30 08:26:40','2010-03-31 16:02:17','Drottninggatan 51\n','','MOTALA',333,'591 22',400,'','',''),(2394,27,3,3,32,0,'08-290212','','','','','Paul Eriks Dentallaboratorium AB','2010-03-30 08:26:40','2010-03-31 16:02:17','Vattug 5, i Ned\n','','SUNDBYBERG',333,'172 73',400,'','',''),(2395,27,3,3,32,0,'076-2265746','','','','','Per Engström Dentalstudio','2010-03-30 08:26:40','2010-03-31 16:02:17','Erstagatan 19','','STOCKHOLM',333,'116 36',400,'COM','',''),(2396,27,3,3,32,0,'0704-912212','','040-83403','','','RG Dentalteknik AB','2010-03-30 08:26:40','2010-03-31 16:02:17','Sveagatan 17\n','','MALMÖ',333,'200 10',400,'','',''),(2397,27,3,3,32,0,'08-83 25 20','','08-8266246','','','Sjöholm & Möller Tandtekniskt Lab HB','2010-03-30 08:26:40','2010-03-31 16:02:17','Huvudsta Gård\n','','SOLNA',333,'171 73',400,'','',''),(2398,27,3,3,32,0,'026-15 56 38','','','','','Specialisttandvården Gävle,Lab','2010-03-30 08:26:40','2010-03-31 16:02:17','Länssjukhuset ing. 15 A\n','','Gävle',333,'801 87',400,'','',''),(2399,27,3,3,32,0,'08-808406','','','','','Tandteknik Christina Tolgén','2010-03-30 08:26:40','2010-03-31 16:02:17','Kvarnbacksvägen 61\n','','BROMMA',333,'168 74',400,'','',''),(2400,27,3,3,32,0,'044-213830','','044-218033','','','Tandtekniska i Kristianstad','2010-03-30 08:26:40','2010-03-31 16:02:17','Östra Storgatan 42\n','','KRISTIANSTAD',333,'291 25',400,'','',''),(2401,27,3,3,32,0,'0480-172 65','','0480-172 65','','','Tandtekniska Lab Clas Simonsson AB','2010-03-30 08:26:40','2010-03-31 16:02:17','Fiskaregatan 8 B\n','','KALMAR',333,'391 20',400,'','',''),(2402,27,3,3,32,0,'040-922440','','','','','Teknodont HB','2010-03-30 08:26:40','2010-03-31 16:02:17','Karl Gustavs väg 34\n','','MALMÖ',333,'214 10',400,'COM','',''),(2403,27,3,3,32,0,'031-412700','','','','','Togells Dentallab','2010-03-30 08:26:40','2010-03-31 16:02:17','Doktor Saléns gata 17\n','','GÖTEBORG',333,'413 22',400,'COM','',''),(2404,27,3,3,32,0,'0411-35 13 00','','','','','Unique Dental AB','2010-03-30 08:26:40','2010-03-31 16:02:17','Dragongatan 15\n','','YSTAD',333,'271 39',400,'COM','',''),(2405,27,3,3,32,0,'08-39 02 80','','08-648 20 39','','','Westins Dental AB','2010-03-30 08:26:40','2010-03-31 16:02:17','Stockholmsv 21\n','','ENSKEDE',333,'121 14',400,'','',''),(2406,27,3,3,32,0,'031-20 06 25','','','','','Åke Parmlid Dentallab','2010-03-30 08:26:40','2010-03-31 16:02:17','Kapellplatsen 3\n','','GÖTEBORG',333,'411 31',400,'','',''),(2407,27,3,3,32,0,'847-509-1990, 847-298-8954','','847-509-1992 ','','','Greg Jacob DDS','2010-03-30 08:26:40','2010-03-31 16:02:17','2400 RAVINE WAY STE 500','IL','GLENVIEW, IL',298,'60025',0,'','',''),(2408,27,3,3,32,0,'+81 (0)58 240 7888','','+81 (0)58 240 7888','','','Academy Dental Clinic - Dr. Toyota Mika','2010-03-30 08:26:40','2010-03-31 16:02:17','9-18-64 Kitaisshiki<br>\nGifu-shi','','Gifu',358,'503-0811',396,'COM','',''),(2409,27,3,3,32,0,'+81(0)538 35 5554','','+81 (0)538 35 5557','','','Makino Dental Clinic - Dr. Takada Masayoshi','2010-03-30 08:26:40','2010-03-31 16:02:17','2910-1 Mitsuke <br>\nIwata-shi','','Shizuoka',358,'438-0086',396,'COM','Dr Masayoshi Takada - Makino Dental Clinic',''),(2410,27,3,3,32,0,'+81 (0)52 861 0677','','+81 (0)52 861 0688','info@oyadental.jp','','Ohya Dental Clinic - Dr. Ohya Hiroto','2010-03-30 08:26:40','2010-03-31 16:02:17','Marumi Royal Mizuho 1F <br>\n4-28 Yatomidoori<br>\nMizuho-ku<br>\nNagoya-shi','','Aichi',358,'467-0064',396,'COM','',''),(2411,27,3,3,32,0,'+81 (0)55 282 1023','','+81(0)55 268 2677','kawate-dental@kind.ocn.ne.jp','','Kawate Dental Clinic - Dr. Kawate Shuma','2010-03-30 08:26:40','2010-03-31 16:02:17','480 Furuichiba<br>\nMinami-Alps-shi','','Yamanashi',358,'400-0404',396,'COM','',''),(2412,27,3,3,32,0,'+81 (0) 54 347 0505','','+81 (0)54 347 0508','','','Sugiyama Dental Clinic - Dr. Shinkai Nobumi','2010-03-30 08:26:40','2010-03-31 16:02:17','1-3 Mabase-Kita<br>\nShimizu-ku<br>\nShizuoka-shi','','Shizuoka',358,'424-0876',396,'COM','',''),(2413,27,3,3,32,0,'+81(0)53 439 6300','','+81(0)53 439 6300','','','Tejima Dental Clinic - Dr. Tejima Michio','2010-03-30 08:26:40','2010-03-31 16:02:17','2-12-4 Takaoka-Kita<br>\nNaka-ku<br>\nHamamatsu-shi','','Shizuoka',358,'433-8119',396,'COM','',''),(2414,27,3,3,32,0,'+81(0)52 471 3900','','+81(0)52 471 3900','','','Fujii Dental Clinic - Dr. Fujii Motohiroi','2010-03-30 08:26:40','2010-03-31 16:02:17','Hamada Bldg.1F<br>\n3-18 Hataedoori<br>\nNakamura-ku<br>\nNagoya-shi','','Aichi',358,'453-0851',396,'COM','Dr Motohiro Fujii',''),(2415,27,3,3,32,0,'+81(0)897 56 1748','','','','','Horie Dental Clinic - Dr. Horie Koji','2010-03-30 08:26:40','2010-03-31 16:02:17','441-3 Kanbaikou<br>\nSaijyo-shi','','Ehime',358,'793-0041',396,'COM','',''),(2416,27,3,3,32,0,'+81(0)72 835 4051','','+81(0)72 835 4051','akiyamashika@s9.dion.ne.jp','','Akiyama Dental Clinic - Dr. Akiyama Takehiko','2010-03-30 08:26:40','2010-03-31 16:02:17','3-20-36 Kitanakaburi<br>\nHirakata-shi','','Osaka',358,'573-0064',396,'COM','Dr Takehiko Akiyama',''),(2417,27,3,3,32,0,'+81 (0)48 261 5554','','+81(0)48 261 5554','','','First Fine','2010-03-30 08:26:40','2010-03-31 16:02:17','Matsukawa Mansyon 1F <br>\n15-12 Shibashinmachi <br>\nKawaguchi-shi','','Saitama',358,'333-0851',395,'COM','Mr Shinya Momoi',''),(2418,27,3,3,32,0,'+81(0) 268 44 2111','','+81 (0)268 44 2111','sika-konno@kakey-hp.com','','Kakeyu Hospital Oral Surgery Section of Dental Dept.','2010-03-30 08:26:40','2010-03-31 16:02:17','1308 Kakeyu-Onsen<br>\nUeda-shi','','Nagano',358,'386-0302',395,'COM','Mr Hiromu Konno',''),(2419,27,3,3,32,0,'+81 (0)532 21 7108','','+81 (0)532 21 7104','hiro-yamada@celery.ocn.ne.jp','','ANJE NEIM LABORATORY','2010-03-30 08:26:40','2010-03-31 16:02:17','88-1 Aza-Wanowari<br>\nJinnoshinden-cho<br>\nToyohashi-shi','','Aichi',358,'441-8077',395,'COM','Mr Hiroyoshi Yamada',''),(2420,27,3,3,32,0,'+81 (0)532 54 5943','','+81 (0)532 54 5943','','','Fujishiro Dental Clinic','2010-03-30 08:26:40','2010-03-31 16:02:17','75 Nishiodawara-cho <br>\nToyohashi-shi','','Aichi',358,'440-0887',395,'COM','Mr Akihiro Fujishiro',''),(2421,27,3,3,32,0,'+81 (0)178 34 5888','','+81 (0)178 34 5888','','','Hakoishi Dental Laboratory','2010-03-30 08:26:40','2010-03-31 16:02:17','10-13 Hidariiwabuchidoori <br>\nShirogane-machi <br>\nHachinohe-shi','','Aomori',358,'031-0821',395,'COM','Mr Tetsuo Hakoishi',''),(2422,27,3,3,32,0,'+81 (0)46 851 5186','','+81 (0)46 851 5187','yoshitatu@gakushikai.jp','','Koushinkai Sakaechou Dental Office','2010-03-30 08:26:40','2010-03-31 16:02:17','Kyowa Bldg.2F<br>\n1-70 Kinugasasakae-cho<br>\nYokosuka-shi','','Kanagawa',358,'238-0031',395,'COM','Mr Tatsuo Yoshida',''),(2423,27,3,3,32,0,'+81 (0)532 55 5585','','+81 (0)532 55 5608','info@miyakedental.com','','Miyake Dental Clinic','2010-03-30 08:26:40','2010-03-31 16:02:17','2-124-1 Oohashidoori<br>\nToyohashi-shi','','Aichi',358,'440-0076',395,'COM','Mr Hiroaki Miyake',''),(2424,27,3,3,32,0,'+81 (0)46 852 3822','','+81 (0)46 847 0623','katsumi_1968318@mac.com','','ALMANAC Dental Laboratory','2010-03-30 08:26:40','2010-03-31 16:02:17','Kumiai Bldg 2F<br>\n1-70 Kinugasasakae-cho<br>\nYokosuka-shi','','Kanagawa',358,'238-0031',395,'COM','Mr Katsumi Arai',''),(2425,27,3,3,32,0,'+81(0)29 251 0161','','','','','Kato Dental Labo','2010-03-30 08:26:40','2010-03-31 16:02:17','377-4 Hori-cho<br>\nMito-shi','','Ibaraki',358,'310-0903',395,'COM','Mr Yuuichi Kato',''),(2426,27,3,3,32,0,'081/5493438','','','','','Muzzio Marco','2010-03-30 08:26:40','2010-03-31 16:02:17','Via Salvator Rosa 124','NA','Napoli',315,'80128',395,'COM','Laboratorio Odontotecnico',''),(2427,27,3,3,32,0,'+43 (01) 967 04 25','','+43 (01) 967 04 25','','','Zahnlabor Ibrahim Sallahi','2010-03-30 08:26:40','2010-03-31 16:02:17','Getreidemarkt 11/4-6','','Wien',328,'1060',395,'COM','Herr Ibrahim Sallahi',''),(2428,27,3,3,32,0,'+32 (3) 2359572','','','','','Tandtechnisch Labor Massa','2010-03-30 08:26:40','2010-03-31 16:02:17','Zonstraat 65','','BORGERHOUT',303,'2140',395,'COM','Gilberte Massa',''),(2429,27,3,3,32,0,'+32 (14) 221207','','+32 (14) 232420','','','ARTIDENT Dental Labo','2010-03-30 08:26:40','2010-03-31 16:02:17','Poederleeseweg 58','','Herentals',303,'2200',395,'COM','Jeroen VanDevenne',''),(2430,27,3,3,32,0,'0573/31441','','0573/503780','','','Dental Progress SRL','2010-03-30 08:26:40','2010-03-31 16:02:17','Viale Macallè 14/P','PT','Pistoia',315,'51100',395,'COM','',''),(2431,27,3,3,32,0,'0480-480 360','','','','','Trident Dental AB','2010-03-30 08:26:40','2010-03-31 16:02:17','Jutegatan 9','','KALMAR',333,'391 20',400,'COM','',''),(2432,27,3,3,32,0,'040-21 14 71','','','','','Frontline Dental','2010-03-30 08:26:40','2010-03-31 16:02:17','Box 16083','','MALMÖ',333,'200 25',400,'COM','',''),(2433,27,3,3,32,0,'+81 (0)550 82 5545','','','','','Zion Dental Laboratory Co.','2010-03-30 08:26:40','2010-03-31 16:02:17','294-3 Niihashi <br>\nGotenba-shi','','Shizuoka',358,'412-0043',395,'COM','',''),(2434,27,3,3,32,0,'+81(0)99 257 1067','','','sund-o@crocus.ocn.ne.jp','','Sun Dental Office','2010-03-30 08:26:40','2010-03-31 16:02:17','2-29-1 Take <br>\nKagoshima-shi','','Kagoshima',358,'890-0045',395,'COM','',''),(2435,27,3,3,32,0,'+81 (0)54 366 1101','','','surugashiken@h5.dion.ne.jp','','Suruga Shiken','2010-03-30 08:26:40','2010-03-31 16:02:17','2-2-28 Oote <br>\nShimizu-ku <br>\nShizuoka-shi','','Shizuoka',358,'424-0808',395,'COM','',''),(2436,27,3,3,32,0,'+81 (0)86 262 5947','','','xj3ai2@bma.biglobe.ne.jp','','Nagasawa Dental Laboratory','2010-03-30 08:26:40','2010-03-31 16:02:17','122-3 Urayasunishimachi<br>\nOkayama-shi','','Okayama',358,'702-8025',395,'COM','',''),(2437,27,3,3,32,0,'+81 (0)562 44 0011','','','','','S.D.L.','2010-03-30 08:26:40','2010-03-31 16:02:17','Marutomi Bldg. 2F-1 <br>\n2-14-9 Kyowa-cho <br>\nOhbu-shi','','Aichi',358,'470-0061',395,'COM','',''),(2438,27,3,3,32,0,'+81 (0)58 254 1611','','','ident_iida@yahoo.co.jp','','I Dent','2010-03-30 08:26:40','2010-03-31 16:02:17','1-123-1 Honjou-nishi\nGifu-shi','','Gifu',358,'500-8361',395,'COM','',''),(2439,27,3,3,32,0,'+81 (0)261 62 9665','','','','','Dental Craft','2010-03-30 08:26:40','2010-03-31 16:02:17','2685-1 Nakau <br>\nIkeda-machi <br>\nKitaazumi-gun <br>','','Nagano',358,'399-8603',395,'COM','',''),(2440,27,3,3,32,0,'+81 (0)234 31 0108','','','abe-dl@beige.plala.or.jp','','Abe Dental Laboratory','2010-03-30 08:26:40','2010-03-31 16:02:17','1-24 Murahigashiyama-kita<br>\nJurizuka<br>\nSakata-shi','','Yamagata',358,'998-0114',395,'COM','',''),(2441,27,3,3,32,0,'+81 (0)11 631 0187','','','konomi-dc@hakusui-kai.jp','','Dr. Yamaoka Yoshitaka','2010-03-30 08:26:40','2010-03-31 16:02:17','1-57-401 2Jo 7Chome<br>\nMiyanomori<br>\nChuou-ku<br>\nSapporo-shi','','Hokkaido',358,'064-0952',396,'COM','',''),(2442,27,3,3,32,0,'+81(0)11 561 4772','','','','','Dr. Ohta Ryuzo','2010-03-30 08:26:40','2010-03-31 16:02:17','Nishi 11-2-1, Minami 12<br>\nChuou-ku<br>\nSapporo-shi','','Hokkaido',358,'064-0912',396,'COM','',''),(2443,27,3,3,32,0,'+81 (0)11 717 8211','','+81 (0)11 717 8241','hakusui-dc@hakusui-kai.jp','','Hakusuikai - Dr. Teruya Eriko','2010-03-30 08:26:40','2010-03-31 16:02:17','Kita 24 Jou Medical Place 1F <br>\n14-3-8 Kita 24<br>\nKita-ku<br>\nSapporo-shi','','Hokkaido',358,'001-0024',396,'COM','',''),(2444,27,3,3,32,0,'0863/950036','','','','','Ranieri Maurizio Lab. Odontotecnico','2010-03-30 08:26:40','2010-03-31 16:02:17','Via Giuseppe Verdi 4','AQ','San Vincenzo Valle Roveto',315,'67050',395,'COM','',''),(2445,27,3,3,32,0,'+44 1223 41 24 43','','','','','Advanced Aesthetics of Cambridge','2010-03-30 08:26:40','2010-03-31 16:02:17','Unit 1 Brickyard Estate, Coldhams Rd','Cambridge','CB1 3EW',312,'',396,'COM','',''),(2446,27,3,3,32,0,'08-828590','','','','','Willa Dental','2010-03-30 08:26:40','2010-03-31 16:02:17','Sjövägen 20','','Solna',333,'169 55',400,'COM','',''),(2447,27,3,3,32,0,'08-650 98 21','','','','','MN Tandtekniska','2010-03-30 08:26:40','2010-03-31 16:02:17','Kapellvägen 8J','','Segeltorp',333,'141 70',400,'COM','',''),(2448,27,3,3,32,0,'08-630 12 67','','','','','Tandtekniker Annelie Högberg','2010-03-30 08:26:40','2010-03-31 16:02:17','Korsvägen 8','','Täby',333,'183 30',400,'COM','',''),(2449,27,3,3,32,0,'023-22685','','','','','Darths Dentallab','2010-03-30 08:26:40','2010-03-31 16:02:17','Åsgatan 43','','Falun',333,'791 71',400,'COM','',''),(2450,27,3,3,32,0,'+81 (0)3 3496 3330','','','satoryukikanako@m4.dion.ne.jp','','Dr. Sato Ryuki','2010-03-30 08:26:40','2010-03-31 16:02:17','1-17-1-3F Ebisu-nishi<br>\nShibuya-ku','','Tokyo',358,'150-0021',396,'COM','',''),(2451,27,3,3,32,0,'','','','','','Cosumo','2010-03-30 08:26:40','2010-03-31 16:02:17','6-4-18 Gumizawa<br>\nTotsuka-ku<br>\nYokohama-shi','','',358,'245-0061 Kanagawa',395,'COM','',''),(2452,27,3,3,32,0,'+81 (0) 985 20 1166','','','ceramart@dream.com','','CERAMART-SHIMODA','2010-03-30 08:26:40','2010-03-31 16:02:17','1423-2 Hikirizuka <br>\nAwakigahara-cho <br>\nMiyazaki-shi','','Miyazaki',358,'880-0835',395,'COM','',''),(2453,27,3,3,32,0,'+81 (0)985 32 4941','','+81 (0)985 32 4941','wave-01@d6.dion.ne.jp','','Dream Ceramic Office','2010-03-30 08:26:40','2010-03-31 16:02:17','Success 90 Bldg. 6F <br>\n1-7 Ohashi <br>\nMiyazaki-shi','','Miyazaki',358,'880-0022',395,'COM','',''),(2454,27,3,3,32,0,'+81 (0)985 32 4941','','','','','Dental System','2010-03-30 08:26:40','2010-03-31 16:02:17','2-12-24 Koyanose <br>\nYahatanishi-ku <br>\nKitakyushu-shi','','Fukuoka',358,'807-1261',395,'COM','',''),(2455,27,3,3,32,0,'02/45862011','','','','','Dental 4 SRL','2010-03-30 08:26:40','2010-03-31 16:02:17','Via Q. Sella 18/A','MI','Corsico',315,'20094',395,'COM','',''),(2456,27,3,3,32,0,'+81 (0)47 483 5481','','+81 (0)47 484 4817','','','Nunokawa Dental Clinic - Dr. Nunokawa Sumio','2010-03-30 08:26:40','2010-03-31 16:02:17','<b>BPS clinical instructor</b><br>\nSato Yachiyodai BLDG 3F <br>\n1-13-1 Yachiyodai Higashi <br>\nYachiyo-shi','','Chiba',358,'276-0032',396,'COM','',''),(2457,27,3,3,32,0,'08-89 00 10','','','','','Ariadent Dental lab','2010-03-30 08:26:40','2010-03-31 16:02:17','Siktgatan 2','','Vällingby',333,'162 50',400,'COM','',''),(2458,27,3,3,32,0,'0303-12710','','','','','Tandteknikergruppen i Kungälv AB','2010-03-30 08:26:40','2010-03-31 16:02:17','Uddevallavägen 9A','','Kungälv',333,'442 30',400,'COM','',''),(2459,27,3,3,32,0,'0240-15860','','','','','Ludvika Dentallab','2010-03-30 08:26:40','2010-03-31 16:02:17','Box 261','','Ludvika',333,'771 26',400,'COM','',''),(2460,27,3,3,32,0,'023-492996','','','','','LD Dental AB Falun','2010-03-30 08:26:40','2010-03-31 16:02:17','Manhemsvägen 28','','Falun',333,'791 31',400,'COM','',''),(2461,27,3,3,32,0,'019-10 77 37','','','','','JM Dentallab AB','2010-03-30 08:26:40','2010-03-31 16:02:17','Ringgatan 19','','Örebro',333,'703 42',400,'COM','',''),(2462,27,3,3,32,0,'023-13655','','','','','Falu Tandtekniska','2010-03-30 08:26:40','2010-03-31 16:02:17','Källtorpsvägen 6','','Falun',333,'771 26',400,'COM','',''),(2463,27,3,3,32,0,'040-300321','','','','','Dental Syd','2010-03-30 08:26:40','2010-03-31 16:02:17','Box 60253','','Limhamn',333,'219 09',400,'COM','',''),(2464,27,3,3,32,0,'','','','ceramco@skynet.be','','Ceramco Ardennes','2010-03-30 08:26:40','2010-03-31 16:02:17','Gerbaifet 17a','','Ochamps',303,'6890',395,'COM','Reginald van Oostveldt',''),(2465,27,3,3,32,0,'+886-7-3468213','','','','','Kaohsiung Veterans General Hospital','2010-03-30 08:26:40','2010-03-31 16:02:17','Dr. Yao-Dung Hsieh<br>\nDr. Hsin-Ju Chang<br>\nNo.386, Dajhong 1st Rd., Zuoying Dist., ','','Kaohsiung City 813,',377,'',396,'COM','',''),(2466,27,3,3,32,0,'+886-7-3951009','','','','','Hsiao Tai Yang Dental Clinic','2010-03-30 08:26:40','2010-03-31 16:02:17','Dr. Chun-Yang Su<br>\nNo.360, Wanjhong St., Sanmin Dist.,','','Kaohsiung City 807,',377,'',396,'COM','',''),(2467,27,3,3,32,0,'+886-7-3335458','','','','','Kuang Te Dental Clinic','2010-03-30 08:26:40','2010-03-31 16:02:17','Dr. Yi-Fen Huang<br>\nNo.189, Guanghua 2nd Rd., Lingya Dist.','','Kaohsiung City 802,',377,'',396,'COM','',''),(2468,27,3,3,32,0,'+886-6-2752440','','','','','Li Ning Dental Clinic','2010-03-30 08:26:40','2010-03-31 16:02:17','Dr. Fang-Chien Sue<br>\nNo.80, Yidong Rd., East Dist.,','','Tainan City 701,',377,'',396,'COM','',''),(2469,27,3,3,32,0,'+886-6-2752440','','','','','Yen Dental Laboratory','2010-03-30 08:26:40','2010-03-31 16:02:17','Dr. Fang-Chien Sue<br>\n14F., No.202-29, Jhonghua Rd., Yongkang City','','Tainan County 710,',377,'',395,'COM','',''),(2470,27,3,3,32,0,'+886-7-5375980','','','','','Li Yi Dental Laboratory','2010-03-30 08:26:40','2010-03-31 16:02:17','Mr. Meng-Ta He<br>\nNo.8-1, Ln. 193, Linsen 3rd Rd., Cianjhen Dist.,','','Kaohsiung City 806,',377,'',395,'COM','',''),(2471,27,3,3,32,0,'+886-7-3468213','','','','','Kaohsiung Veterans General Hospital','2010-03-30 08:26:40','2010-03-31 16:02:17','Mr. Cheng-Jsing Shiao<br>\nMs. Shan-Hui Tai<br>\nNo.386, Dajhong 1st Rd., Zuoying Dist.,','','Kaohsiung City 813,',377,'',395,'COM','',''),(2472,27,3,3,32,0,'+886-49-2301455','','','','','Chin Sing Dental Laboratory','2010-03-30 08:26:40','2010-03-31 16:02:17','Mr. Cing-Mao Lin<br>\nMr. Yung-Chin Lin<br>\nMs. Li-Wen Lin<br>\nNo.20, Ln. 542, Bifong Rd., Caotun Township,','','Nantou County 542,',377,'',395,'COM','',''),(2473,27,3,3,32,0,'+32 / 71 / 421891','','','','','Cabinet Dentaire Thierry Lebrun','2010-03-30 08:26:40','2010-03-31 16:02:17','66, Rue Charniat','','LODELINSART',303,'6042',396,'COM','Thierry Lebrun',''),(2474,27,3,3,32,0,'','','','','','Miaykawa Dental Laboratory','2010-03-30 08:26:40','2010-03-31 16:02:17','12-9 Matsumori-cho<br>\nMutshu-shi','','Aomori',358,'035-0078',395,'COM','',''),(2475,27,3,3,32,0,'+81 (0)792 39 8841','','+81 (0)792 39 6465','','','Nakagawa Dental Clinic','2010-03-30 08:26:40','2010-03-31 16:02:17','192-6 Tenman<br>\nOtsu-ku<br>\nHimeji-shi<br>\n671-1143 Hyogo','','',358,'',395,'COM','',''),(2476,27,3,3,32,0,'','','','hiro.hiyama@gmail.com','','Dr. Hiro Hiyama','2010-03-30 08:26:40','2010-03-31 16:02:17','','','',358,'',395,'COM','',''),(2477,27,3,3,32,0,'+81 (0)3 6240 7128','','+81 (0)3 6240 7134','taka.ono@oralpro.jp','','Oral Proportion Clinic - Dr Ono Takanobu','2010-03-30 08:26:40','2010-03-31 16:02:17','World East Bldg. 8F <br>\n1-23-18 Shibuya <br>\nShibuya-ku','','Tokyo',358,'150-0002',396,'COM','',''),(2478,27,3,3,32,0,'+81(0)45 331 0637','','+81 (0)45 331 0660','info@misu-dental.com','','Misu Dental Clinic - Dr Misu Kunihiko','2010-03-30 08:26:40','2010-03-31 16:02:17','1-13-20 Wada <br>\nHodogaya-ku<br>\nYokohama-shi','','Kanagawa',358,'240-0065',396,'COM','',''),(2479,27,3,3,32,0,'+81(0)42 728 8200','','+81 (0)42 728 9680','ohtaki8020@coffee.ocn.ne.jp','','Ootaki Dental Clinic - Dr Ootaki Masayuki','2010-03-30 08:26:40','2010-03-31 16:02:17','5-4-20-3F Haramachida <br>\nMachida-shi','','Tokyo',358,'194-0013 ',396,'COM','',''),(2480,27,3,3,32,0,'+81 (0)3 6768 6480','','+81 (0)3 6768 6480','meister6480@yahoo.co.jp','','Meister Kasuga Dental Clinic - Dr Toyama Toshinari','2010-03-30 08:26:40','2010-03-31 16:02:17','5-33-6 Kasuga-cho <br>\nNerima-ku','','Tokyo',358,'179-0074 ',396,'COM','',''),(2481,27,3,3,32,0,'+81 (0)45 753 7241','','+81 (0)45 761 2403','hada-dc@wa2.so-net.ne.jp','','Hada Dental Clinic - Dr Hada Kyoutarou','2010-03-30 08:26:40','2010-03-31 16:02:17','1-10-7 Mori <br>\nIsogo-ku<br>\nYokohama-shi','','Kanagawa',358,'235-0023 ',396,'COM','',''),(2482,27,3,3,32,0,'+81 (0)43 293 0222','','+81 (0)43 293 0223','hanawa@eiyukai.com','','Kamatori Sakae Dental Clinic - Dr Hanawa Yoshikazu','2010-03-30 08:26:40','2010-03-31 16:02:17','3-2-5-1F Oyumino <br>\nMidori-ku <br>\nChiba-shi','','Chiba',358,'266-0031',396,'COM','',''),(2483,27,3,3,32,0,'+81 (0)55 932 7177','','+81 (0)55 960 7197','naka-dtm1975@blue.plala.or.jp','','Nakajima Dental Office - Dr Nakajima Toru','2010-03-30 08:26:40','2010-03-31 16:02:17','9-14 Misono-cho <br>\nNumazu-shi','','Shizuoka',358,'410-0833',396,'COM','',''),(2484,27,3,3,32,0,'+81 (0)53 525 0233','','+81 (0)53 525 1855','','','Kondo Dental Clinic - Dr Kondo Hiroyasu','2010-03-30 08:26:40','2010-03-31 16:02:17','653-1 Mikkabi <br>\nMikkabi-cho <br>\nKita-ku <br>\nHamamatsu-shi','','Shizuoka',358,'431-1414',396,'COM','',''),(2485,27,3,3,32,0,'+972 / 8 / 9246310','','+972 / 8 / 9219912','','','Asmor Dent Ltd.','2010-03-30 08:26:40','2010-03-31 16:02:17','5, Ezdareht','','Modiin',357,'71702',0,'COM','',''),(2486,27,3,3,32,0,'+32 / 165 / 20003','','','henderixentirions@hotmail.com','','Henderix & Tirione BVBA','2010-03-30 08:26:40','2010-03-31 16:02:17','Leuvensestraat 24 bvs I','','Aarschot',303,'3200',396,'COM','',''),(2487,27,3,3,32,0,'+98 / 21 / 88748850','','+98 / 21 / 88526037','','','Navid Dental Lab','2010-03-30 08:26:40','2010-03-31 16:02:17','North Sohrevardi <br>\nNo 33 Bagh Ave  ','','Tehran',356,'',395,'COM','',''),(2488,27,3,3,32,0,'+353 / 71 / 9146686','','','','','Rüdel Dental Lab','2010-03-30 08:26:40','2010-03-31 16:02:17','','Drumcliff','Rathcormac',313,'',395,'COM','',''),(2489,27,3,3,32,0,'+81 (0)3 3411 5141','','','','','Jiyudori Dental Laboratory','2010-03-30 08:26:40','2010-03-31 16:02:17','4-18-21-1F Komazawa <br>\nSetagaya-ku','','Tokyo',358,'154-0012',395,'COM','',''),(2490,27,3,3,32,0,'033-12 13 15, 033-41 15 15','','','','','Borås Dentallaboratorium','2010-03-30 08:26:40','2010-03-31 16:02:17','Arlagatan 8','','Borås',333,'503 15',400,'COM','',''),(2491,27,3,3,32,0,'019-18 60 19','','','','','MD Dental','2010-03-30 08:26:40','2010-03-31 16:02:17','Krukmakaregatan 11','','Örebro',333,'703 68',400,'COM','',''),(2492,27,3,3,32,0,'031-13 53 70','','','','','Linnéstadens Tandtekniska AB','2010-03-30 08:26:40','2010-03-31 16:02:17','Sveagatan 18','','Göteborg',333,'413 14',400,'COM','',''),(2493,27,3,3,32,0,'044-501 50','','','','','Guld och Proteslaboratoriet i Fjälkinge','2010-03-30 08:26:40','2010-03-31 16:02:17','Strands Väg 1','','Fjälkinge',333,'290 34',400,'COM','',''),(2494,27,3,3,32,0,'','','','','','Isabelle Devillers Cabinet Dentaire','2010-03-30 08:26:40','2010-03-31 16:02:17','12, Place de la Foire','','Neufchâteau',303,'6860',396,'COM','',''),(2495,27,3,3,32,0,'+32 / 61 / 688 566','','','','','Laboratoire dentaire Masoin','2010-03-30 08:26:40','2010-03-31 16:02:17','5, rue de Vesqueville','','Moircy',303,'6800',395,'COM','',''),(2496,27,3,3,32,0,'','','','','','LSD Phillipe Thumilaire','2010-03-30 08:26:40','2010-03-31 16:02:17','Rue Haynol 27','','Libramont-Chevignée',303,'6800',396,'COM','',''),(2497,27,3,3,32,0,'','','','','','Cabinet Dentaire Ph. Pestieau','2010-03-30 08:26:40','2010-03-31 16:02:17','Grand Rue 120','','Rance',303,'6470',396,'COM','',''),(2498,27,3,3,32,0,'+81 (0)225 22 1448','','+81 (0)225 22 1448','miya.dds@themis.ocn.ne.jp','','Miyake Dental Office - Dr Hiroyuki Miyake','2010-03-30 08:26:40','2010-03-31 16:02:17','1-15-9 Chuou <br>\nIshimaki-shi\n\n','','Miyagi',358,'986-0822',396,'COM','',''),(2499,27,3,3,32,0,'+81(0)42 711 7723','','+81 (0)42 711 7723','m-wako@iris-dc.com','','IRIS Dental Office - Dr Michiyo Wako','2010-03-30 08:26:40','2010-03-31 16:02:17','1-18-21 Onodai <br>\nSagamihara-shi\n','','Kanagawa',358,'229-0011 ',396,'COM','',''),(2500,27,3,3,32,0,'+81 (0)479 73 5580','','+81 (0)479 73 5623','','','Kodaka Dental Clinic - Dr Shohei Kodaka','2010-03-30 08:26:40','2010-03-31 16:02:17','1871-1 Jouyanaka <br>\nSousa-shi\n','','Chiba',358,'289-2114 ',396,'COM','',''),(2501,27,3,3,32,0,'+81 (0)52 401 8020','','+81 (0)52 401 8021','ozeki@ozeki-dc.jp','','Ozeki Dental Clinic - Dr Kenji Ozeki','2010-03-30 08:26:40','2010-03-31 16:02:17','2-17-8 Jyojyo <br>\nKiyosu-shi\n','','Aichi',358,'452-0944',396,'COM','',''),(2502,27,3,3,32,0,'+81(0)52 401 8088','','+81 (0)52 401 8089','','','Ishiba Dental Clinic - Dr Katsushige Ishiba','2010-03-30 08:26:40','2010-03-31 16:02:17','32 Kamoike <br>\nAwara <br>\nKiyosu-shi\n','','Aichi',358,'452-0901',396,'COM','',''),(2503,27,3,3,32,0,'+81(0)566 23 2222','','+81 (0)566 23 2324','reniamu_bakuchou@yahoo.co.jp','','Futamura Dental Clinic - Dr Hidetoshi Aimiya','2010-03-30 08:26:40','2010-03-31 16:02:17','4-24 Sakuramachi <br>\nKariya-shi\n','','Aichi',358,'448-0028',396,'COM','',''),(2504,27,3,3,32,0,'+81 (0)235 22 8143','','+81 (0)235 22 8153','will-dental@amber.plala.or.jp','','Will Dental Lab - Mr Sadanori Kobayashi','2010-03-30 08:26:40','2010-03-31 16:02:17','17-16 Mutsumi-machi <br>\nTsuruoka-shi\n','','Yamagata',358,'997-0817',395,'COM','',''),(2505,27,3,3,32,0,'+81 (0)42 741 3711','','+81 (0)42 743 6569 ','mail@kondogiken.com','','Kondo Denture Laboratory Co., Ltd. - Mr Yuji Kuwana','2010-03-30 08:26:40','2010-03-31 16:02:17','5-2-15 Nishionuma <br>\nSagamihara-shi\n','','Kanagawa',358,'229-0012',395,'COM','',''),(2506,27,3,3,32,0,'+81(0)55 979 5811','','+81 (0)55 970 0180','king731@nifty.com','','Labo Network Center - Mr Tomoharu Hirose','2010-03-30 08:26:40','2010-03-31 16:02:17','955-91 Kamisawa <br>\nKannami-cho <br>\nTagata-gun\n','','Shizuoka',358,'419-0122',395,'COM','',''),(2507,27,3,3,32,0,'+81 (0)18 892 2556','','+81 (0)18 892 2556','webmaster@kongi.co.jp','','Konno Dental Laboratory - Mr Satoru Konno','2010-03-30 08:26:40','2010-03-31 16:02:17','26-5 Aza-Sakai <br>\nKyowasakai <br>\nDaisen-shi\n','','Akita',358,'019-2411',395,'COM','',''),(2508,27,3,3,32,0,'+81 (0)565 52 3280','','+81 (0)565 52 3280','katoutet@hm6.aitai.ne.jp','','Katou Dental Clinic - Mr Tetsuo Katou','2010-03-30 08:26:40','2010-03-31 16:02:17','8 Ochaya <br>\nTsutsumi-cho <br>\nToyota-shi\n','','Aichi',358,'473-0932',395,'COM','',''),(2509,27,3,3,32,0,'+81 (0)25 268 7505','','+81 (0)25 268 7506','shinwa-s@fsinet.or.jp','','SHINWA SHIKEN Co., Ltd. - Mr Koji Nozawa','2010-03-30 08:26:40','2010-03-31 16:02:17','2-4-3 Matobaryutsu <br>\nNishi-ku <br>\nNiigata-shi\n','','Niigata',358,'950-2032',395,'COM','',''),(2510,27,3,3,32,0,'+81 (0)59 385 5967','','+81 (0)59 385 5967','','','MDL. MARUYAMA - Mr Tomohiro Sato','2010-03-30 08:26:40','2010-03-31 16:02:17','1-5-17 Nagoshinmachi <br>\nSuzuka-shi\n','','Mie',358,'513-0041',395,'COM','',''),(2511,27,3,3,32,0,'+32 / 63 / 239418','','','','','Maud Van Wambeke Cabinet Dentaire','2010-03-30 08:26:40','2010-03-31 16:02:17','56, Rue des Tilleuls  ','','Stockem',303,'6700',396,'COM','',''),(2512,27,3,3,32,0,'+972 / 9 / 9542550','','+972 / 9 / 9542550','mark.pen@sheba.health.gov.il','','Dr. Mark Pen Praxis','2010-03-30 08:26:40','2010-03-31 16:02:17','Be\'eri Street 45 ','','Herzliya ',357,'46456',396,'COM','',''),(2513,27,3,3,32,0,'+32 / 3 / 3213257','','+32 / 3213257','marc.vanlooveren@pandora.be','','Van Looveren BVBA','2010-03-30 08:26:40','2010-03-31 16:02:17','Frans Baetenstraat 19 ','','Deume',303,'2100',395,'COM','',''),(2514,27,3,3,32,0,'+32 / 33 / 835301','','','labo.smet@telenet.com','','Labo Smet DTB','2010-03-30 08:26:40','2010-03-31 16:02:17','Veldvenne 11 ','','Schilde',303,'2970',395,'COM','',''),(2515,27,3,3,32,0,'+32 / 3 / 6851540','','','stefaan.vissers@telenet.be','','Vissers Tandtechnisch Laboratorium','2010-03-30 08:26:40','2010-03-31 16:02:17','Bredabaan 960/G  ','','Merksem',303,'2170',395,'COM','',''),(2516,27,3,3,32,0,'+32 / 3 / 3537997','','','','','Prothesia - Oral Design','2010-03-30 08:26:40','2010-03-31 16:02:17','J.B. Pittoorsstraat 78-80 ','','Wijnegem',303,'2110',395,'COM','',''),(2517,27,3,3,32,0,'+886 / 7 / 7686438','','','best.tooth@gmail.com','','Ching Kung Dental Lab','2010-03-30 08:26:40','2010-03-31 16:02:17','Mr. Wei Chin Cheng<br>\nNo. 111, Nanrong Road','','Fongshan City',377,'Kaohsiung County, Taiwan 830',395,'COM','',''),(2518,27,3,3,32,0,'+1 / 450 / 6910638','','','','','Jean-Marc Veilleux c/o Clinique Veilleux Talbot','2010-03-30 08:26:40','2010-03-31 16:02:17','257 E boul D\'Anjou  ','','Chateauguay, QC',297,'J6J 2R4 ',396,'COM','',''),(2519,27,3,3,32,0,'+1 / 450 / 6910638','','','','','Lucie Talbot','2010-03-30 08:26:40','2010-03-31 16:02:17','257 E boul D\'Anjou','','Chateauguay',297,'J6J 2R4 ',396,'COM','',''),(2520,27,3,3,32,0,'+1 / 418 / 5472131','','','','','Annie Ouellet','2010-03-30 08:26:40','2010-03-31 16:02:17','2254 boul Rene Levesque  ','','Jonquiere, QC',297,'G7S 6C5 ',396,'COM','',''),(2521,27,3,3,32,0,'+1 / 514 / 7650173','','','dleveille@videotron.ca','','Daniel Leveille','2010-03-30 08:26:40','2010-03-31 16:02:17','5901 Rue Laurendeau  ','','Montreal, QC',297,'H4E 3X2 ',396,'COM','',''),(2522,27,3,3,32,0,'+1 / 819 / 4782030','','','','','Mario Belhumeur','2010-03-30 08:26:40','2010-03-31 16:02:17','609 rue Lindsay  ','','Drummondville, QC ',297,'J2B 1H8 ',396,'COM','',''),(2523,27,3,3,32,0,'+1 / 819 / 8244257','','','','','Rocheleau Sylvain','2010-03-30 08:26:40','2010-03-31 16:02:17','267 E Avenue  ','','Val D\'Or, QC ',297,'J9P 1R7 ',396,'COM','',''),(2524,27,3,3,32,0,'+1 / 819 / 3791567','','','','','Marie-Andree Sauvageau','2010-03-30 08:26:40','2010-03-31 16:02:17','330 Boulevard Pie XII  ','','Trois-Rivieres, QC',297,'G8W 2M6 ',396,'COM','',''),(2525,27,3,3,32,0,'+1 / 450 / 6687587','','','','','Mario Harvey','2010-03-30 08:26:40','2010-03-31 16:02:17','46 boul de la Concorde Ouest  ','','Laval, QC',297,'H7N 1H6 ',396,'COM','',''),(2526,27,3,3,32,0,'+1 / 450 / 7748802','','','','','Denis Beauregard','2010-03-30 08:26:40','2010-03-31 16:02:17','2670 ave Ste-Anne  ','','St Hyacinthe, QC',297,'J2S 8R5 ',396,'COM','',''),(2527,27,3,3,32,0,'+1 / 819 / 5377169','','','','','Rene Miller','2010-03-30 08:26:40','2010-03-31 16:02:17','822 rue Saint Paul  ','','Shawinigan, QC ',297,'G9N 4K2 ',396,'COM','',''),(2528,27,3,3,32,0,'+1 / 877 / 3385119','','+1 / 418 / 3343368','denturolg@cgocable.ca','','Thetford Denta LD - Louis Leblanc','2010-03-30 08:26:40','2010-03-31 16:02:17','593, boul Frontenac Est  ','','Thetford-Mines, QC',297,'G6G 6Y7 ',396,'COM','Louis Leblanc',''),(2529,27,3,3,32,0,'+1 / 450 / 7734123','','','','','Pierre Bousquet','2010-03-30 08:26:40','2010-03-31 16:02:17','2670 ave Ste-Anne  ','','St-Hyacinthe ',297,'J2S 8R5',396,'COM','',''),(2530,27,3,3,32,0,'+1 / 819 / 3757958','','+1 / 819 / 6940800','','','Andre Dugre DD','2010-03-30 08:26:40','2010-03-31 16:02:17','3625 Papineau  ','','Trois-Rivieres, QC ',297,'G8Y 1N7',396,'COM','',''),(2531,27,3,3,32,0,'+1 / 819 / 5693368','','','','','Marcel Lavigne','2010-03-30 08:26:40','2010-03-31 16:02:17','85 Rue Belvedere N, #1  ','','Sherbrooke, QC',297,'J1H 4A7 ',396,'COM','',''),(2532,27,3,3,32,0,'+1 / 819 / 3731214','','','','','Raymond Rheault','2010-03-30 08:26:40','2010-03-31 16:02:17','5433, boul. Jean XXIII  ','','Trois-Rivieres, QC',297,'G8Z 4A6 ',396,'COM','',''),(2533,27,3,3,32,0,'+1 / 514 / 5215120','','+1 / 514 / 5226839','ray-lag@dsuper.net','','Raymond Lagace','2010-03-30 08:26:40','2010-03-31 16:02:17','4072 Rue Adam  ','','Montreal ',297,'H1W 2A3',396,'COM','',''),(2534,27,3,3,32,0,'+1 / 514 / 5258385','','','','','Canadent Dental Lab - Nofal Chelhot','2010-03-30 08:26:40','2010-03-31 16:02:17','201-1260 St Catherine Est  ','','Montreal, QC ',297,'H2L 2H2',396,'COM','',''),(2535,27,3,3,32,0,'+1 / 450 / 6980480','','+1 / 450 / 6980480','','','Pierre Keroack','2010-03-30 08:26:40','2010-03-31 16:02:17','9 boul D\'Anjou  ','','Chateauguay, QC',297,'J6J 2P6 ',396,'COM','',''),(2536,27,3,3,32,0,'+1 / 450 / 5858979','','+1 / 450 / 5302969','','','Gilles Lasalle DD','2010-03-30 08:26:40','2010-03-31 16:02:17','105 Rue Gilbert-Gareau  ','','St. Colomban ',297,'J5K 1X5',396,'COM','',''),(2537,27,3,3,32,0,'+1 / 514 / 2776626','','','','','Luc Corbin DD','2010-03-30 08:26:40','2010-03-31 16:02:17','7224 Lajeunesse  ','','Montreal ',297,'H2R 2H4',396,'COM','',''),(2538,27,3,3,32,0,'+1 / 514 / 8445717','','','','','Mario Thiffault DD','2010-03-30 08:26:40','2010-03-31 16:02:17','822 - 30 Boul. St. Joseph Est  ','','Montreal ',297,'H2T 1G9 ',396,'COM','',''),(2539,27,3,3,32,0,'+1 / 403 / 8434391','','+1 / 403 / 8432784','','','Rocky Mountain Denture Clinic - Trish Burke DD','2010-03-30 08:26:40','2010-03-31 16:02:17','4915 50th Ave  ','','Rimbey',297,'T0C 2J0 ',396,'COM','',''),(2540,27,3,3,32,0,'+1 / 519 / 9413893','','+1 / 519 / 9403988','denture_clinic@hotmail.com','','Claxton Denture Clinic c/o Alex Gold Crown Ltd','2010-03-30 08:26:40','2010-03-31 16:02:17','295 Broadway  ','','Orangeville, ON ',297,'L9W 1L2',396,'COM','',''),(2541,27,3,3,32,0,'+1 / 905 / 7748868','','','ztorma@cogeco.ca','','Dunnville Denture Clinic - Zoran Torma ','2010-03-30 08:26:40','2010-03-31 16:02:17','117 Queen St  ','','Dunnville, ON ',297,'N1A 1H6',396,'COM','',''),(2542,27,3,3,32,0,'+1 / 905 / 6900222','','','info@bestdentures.ca','','Raymond Kulik Denture Clinic Ltd c/o Waterdown Denture Clinic','2010-03-30 08:26:40','2010-03-31 16:02:17','245 Dundas St E Unit 3  ','','Waterdown',297,'L0R 2H6 ',396,'COM','',''),(2543,27,3,3,32,0,'+1 / 705 / 6476888','','+1 / 705 / 6476767','sean12421@persona.ca','','Light Denture Clinic','2010-03-30 08:26:40','2010-03-31 16:02:17','303 Whitewood Ave  PO Box 2727  ','','New Liskeard, ON',297,'P0J 1P0',396,'COM','',''),(2544,27,3,3,32,0,'+1 / 905 / 8875780','','+1 / 905 / 8870337','dia_lam@hotmail.com','','Diana Lam','2010-03-30 08:26:40','2010-03-31 16:02:17','24 Ryan Crescent  ','','Markham, ON',297,'L6C 1A9',396,'COM','',''),(2545,27,3,3,32,0,'+1 / 905 / 3382143','','+1 / 905 / 3382189','','','Rite Bite Denture Clinic','2010-03-30 08:26:40','2010-03-31 16:02:17','384 Kerr St  ','','Oakville, ON',297,'L6K 3B8',396,'COM','',''),(2546,27,3,3,32,0,'+1 / 905 / 8502882','',' +1 / 905 / 8508915','','','Ceramic Art Dental Laboratory - Alex Opinca','2010-03-30 08:26:40','2010-03-31 16:02:17','28  Roytec Road, Unit 13  ','','Woodbridge, ON ',297,'L4L 8E4',395,'COM','',''),(2547,27,3,3,32,0,'+1 / 780 / 3522777','','+1 / 780 / 3522907','denturec@telusplanet.net','','Precision Denture Clinic Inc - Lee Smith','2010-03-30 08:26:40','2010-03-31 16:02:17','5104 - 51 Ave  ','','Wetaskiwin, AB ',297,'T9A 0V2',396,'COM','',''),(2548,27,3,3,32,0,'+1 / 519 / 2567476','','','','','S S Dental Lab Inc','2010-03-30 08:26:40','2010-03-31 16:02:17','700 Tecumseh Rd E  ','','Windsor, ON',297,'N8X 4T2',395,'COM','',''),(2549,27,3,3,32,0,'+1 / 416 / 6952341','','+1 / 416 / 6952777','','','Central Dental Lab (Toronto)','2010-03-30 08:26:40','2010-03-31 16:02:17','100-19 Four Seasons Place  ','','Etobicoke, ON ',297,'M9B 6E7 ',395,'COM','',''),(2550,27,3,3,32,0,'+1 / 416 / 5909100','','+1 / 416 / 5907766','','','Denturaid By Design','2010-03-30 08:26:40','2010-03-31 16:02:17','36-4950 Yonge St','','North York, ON',297,'M2N 6K1',395,'COM','',''),(2551,27,3,3,32,0,'+1 / 705 / 4361886','','+1 / 705 / 4361886','leila@puust.com','','Innisfil Denture Clinic','2010-03-30 08:26:40','2010-03-31 16:02:17','958 Innisfil Beach Road  ','','Innisfil, ON ',297,'L9S 2B5',395,'COM','',''),(2552,27,3,3,32,0,'+1 / 519 / 4212377','','+1 / 519 / 4214549','','','Likins Denture Clinic','2010-03-30 08:26:40','2010-03-31 16:02:17','628 Dundas St  ','','Woodstock, ON',297,'N4S 1E2',395,'COM','',''),(2553,27,3,3,32,0,'+1 / 780 / 6720128','','+1 / 780 / 6724511','tom_borelli@yahoo.ca','','Camrose Denture Clinic','2010-03-30 08:26:40','2010-03-31 16:02:17','4867-51 ST  ','','Camrose, AB ',297,'T4V 1S2',396,'COM','',''),(2554,27,3,3,32,0,'08-664 13 60','','08-664 13 60','','','JR Dentallab','2010-03-30 08:26:40','2010-03-31 16:02:17','Strindbergsgatan 34 A','','Stockholm',333,'115 31',400,'COM','',''),(2555,27,3,3,32,0,'+44 (0)1934 744553 ','','','','','Genesis Dental Laboratory','2010-03-30 08:26:40','2010-03-31 16:02:17','Unit 6, Wessex Business Centre, \nWedmore Rd','','Cheddar, Somerset',312,'BS27 3EJ',395,'COM','',''),(2556,27,3,3,32,0,'090-77 69 82','','090-77 74 90','','','Lundbergs Tandtekniska Lab','2010-03-30 08:26:40','2010-03-31 16:02:17','Storgatan 49','','Umeå',333,'903 26',400,'COM','',''),(2557,27,3,3,32,0,'0586-515 81','','','','','Karlskoga Dentaltekniska AB','2010-03-30 08:26:40','2010-03-31 16:02:17','Box 99','','Karlskoga',333,'691 22',400,'COM','',''),(2558,27,3,3,32,0,'054-18 92 18','','','','','Två Tekniker AB','2010-03-30 08:26:40','2010-03-31 16:02:17','Box 88','','Karlstad',333,'651 03',400,'COM','',''),(2559,27,3,3,32,0,'0920-21 10 90','','','','','Luleå Dental','2010-03-30 08:26:40','2010-03-31 16:02:17','Västra skolgatan 9 A','','Luleå',333,'972 53',400,'COM','',''),(2560,27,3,3,32,0,'0510-289 65','','','','','Kent J Dentalteknik','2010-03-30 08:26:40','2010-03-31 16:02:17','Fabriksgatan 4','','Lidköping',333,'531 30',400,'COM','',''),(2561,27,3,3,32,0,'054-18 22 10','','054-18 09 10','','','MBP Laboratoriet AB','2010-03-30 08:26:40','2010-03-31 16:02:17','Box 68','','Karlstad',333,'651 03',400,'COM','',''),(2562,27,3,3,32,0,'054-15 78 80','','','','','Tingvalla Tandteknik AB','2010-03-30 08:26:40','2010-03-31 16:02:17','Box 358','','Karlstad',333,'651 08',400,'COM','',''),(2563,27,3,3,32,0,'031-27 65 21','','','','','Kvarnbyn Tandteknik','2010-03-30 08:26:40','2010-03-31 16:02:17','Götaforsliden 17','','Mölndal',333,'431 34',400,'COM','',''),(2564,27,3,3,32,0,'070-320 41 82','','','','','Apelqvist Tandteknik','2010-03-30 08:26:40','2010-03-31 16:02:17','Solrosgatan 11 B','','Göteborg',333,'416 51',400,'COM','',''),(2565,27,3,3,32,0,'08-730 40 44','','','','','Dentalbiten AB','2010-03-30 08:26:40','2010-03-31 16:02:17','Huvudsta Gård','','Solna',333,'171 73',400,'COM','',''),(2566,27,3,3,32,0,'011-31 94 61','','','','','Go-Dental','2010-03-30 08:26:40','2010-03-31 16:02:17','Drottninggatan 66','','Norrköping',333,'603 75',400,'COM','',''),(2567,27,3,3,32,0,'08-641 08 50','','','','','Mosebacke Dental AB','2010-03-30 08:26:40','2010-03-31 16:02:17','Mosebacke Torg 18','','Stockholm',333,'116 20',400,'COM','',''),(2568,27,3,3,32,0,'08-661 51 52','','','','','Tiladent','2010-03-30 08:26:40','2010-03-31 16:02:17','Mosebacke Torg 18','','Stockholm',333,'116 20',400,'COM','',''),(2569,27,3,3,32,0,'08-34 45 70','','','','','LMM Dentalteknik','2010-03-30 08:26:40','2010-03-31 16:02:17','Tantogatan 9','','Stockholm',333,'118 67',400,'COM','',''),(2570,27,3,3,32,0,'0521-144 42','','','','','KBI Praktikertjänst','2010-03-30 08:26:40','2010-03-31 16:02:17','Österlånggatan 39','','Trollhättan',333,'461 30',400,'COM','',''),(2571,27,3,3,32,0,'031-711 35 55','','','','','Leemans Dentallab AB','2010-03-30 08:26:40','2010-03-31 16:02:17','Nordostpassagen 38','','Göteborg',333,'402 32',400,'COM','',''),(2572,27,3,3,32,0,'08-702 90 00','','','','','Tandteknik AB (R&W)','2010-03-30 08:26:40','2010-03-31 16:02:17','Box 4278','','Stockholm',333,'102 66',400,'COM','',''),(2573,27,3,3,32,0,'0303-819 07','','','','','E Holmqvist Tandtekniska','2010-03-30 08:26:40','2010-03-31 16:02:17','Måsgatan 5','','Stenungsund',333,'444 55',400,'COM','',''),(2574,27,3,3,32,0,'0142-232 56','','0142-232 56','','','Mjölby Tandteknik AB','2010-03-30 08:26:40','2010-03-31 16:02:17','Solhem Härsnäs','','Mjölby',333,'595 91',400,'COM','',''),(2575,27,3,3,32,0,'0247-501 85','','','','','Siljans Dentallab AB','2010-03-30 08:26:40','2010-03-31 16:02:17','Västarisvägen 33, Laknäs','','Tällberg',333,'793 94',400,'COM','',''),(2576,27,3,3,32,0,'031-12 22 88','','','','','Accent Dentallaboratorium AB','2010-03-30 08:26:40','2010-03-31 16:02:17','Norra Ågatan 10','','Göteborg',333,'416 64',400,'COM','',''),(2577,27,3,3,32,0,'0142-517 75','','','','','Boxholm Dental AB','2010-03-30 08:26:40','2010-03-31 16:02:17','Box 23','','Boxholm',333,'590 10',400,'COM','',''),(2578,27,3,3,32,0,'0303-77 40 57','','','','','Artident','2010-03-30 08:26:40','2010-03-31 16:02:17','Hällesdalen 9954','','Svenshögen',333,'444 97',400,'COM','',''),(2579,27,3,3,32,0,'031-772 04 70','','031-82 80 20','','','DP NOVA','2010-03-30 08:26:40','2010-03-31 16:02:17','Medicinergatan  12 B','','Göteborg',333,'413 46',400,'COM','',''),(2580,27,3,3,32,0,'0140-31 11 18','','','','','Dentalab Tänder Direkt AB','2010-03-30 08:26:40','2010-03-31 16:02:17','Tingsvägen 3','','Tranås',333,'573 24',400,'COM','',''),(2581,27,3,3,32,0,'08-792 50 02','','','','','Pulp Dental AB','2010-03-30 08:26:40','2010-03-31 16:02:17','Höglidsv 36 B','','Enebyberg',333,'182 47',400,'COM','',''),(2582,27,3,3,32,0,'031-98 10 89','','','','','PC Tandteknik','2010-03-30 08:26:40','2010-03-31 16:02:17','Videgårdsvägen 34','','Surte',333,'445 57',400,'COM','',''),(2583,27,3,3,32,0,'+81 (0)52 441 1205','','+81 (0)52 441 1205','info@teeth-net.com','','Teeth Net - Mr Tetsuya Hattori','2010-03-30 08:26:40','2010-03-31 16:02:17','47-3 Rokutanchi-Yon<br>\nNishi-Imajuku<br>\nJimokuji-cho<br>\nAma-gun','','Aichi',358,'490-1104',395,'COM','Birthday July 5, 1978',''),(2584,27,3,3,32,0,'+81 (0)270 25 4663','','+81 (0)270 24 9977','info@ndent.co.jp','','Nihon Dent Co., Ltd. - Mr Hiroyasu Teshima','2010-03-30 08:26:40','2010-03-31 16:02:17','948-7 Hinode-cho<br>\nIsesaki-shi','','Gunma',358,'372-0022',395,'COM','Birthday  February 3, 1973',''),(2585,27,3,3,32,0,'+81 (0)263 53 6633','','+81 (0)263 52 8893','labo@infi-dent.com','','Infi Dent - Mr Keijiro Miyahara','2010-03-30 08:26:40','2010-03-31 16:02:17','1286-3 Nomura Hirooka<br>\nShiojiri-shi','','Nagano',358,'399-0702',395,'COM','Birthday  October 4, 1961',''),(2586,27,3,3,32,0,'+81 (0)52 762 8362','','+81 (0)52 762 8398','fdl@fujino-lab.com','','Fujino Dental Prothetic - Mr Tomoyuki Fujino','2010-03-30 08:26:40','2010-03-31 16:02:17','1-3-1 Kawana-Honmachi<br>\nShowa-ku<br>\nNagoya-shi','','Aichi',358,'466-0855',395,'COM','Birthday  June 21, 1972',''),(2587,27,3,3,32,0,'+81 (0)25 757 2335','','+81 (0)25 757 2335','makoto23@2d5.so-net.ne.jp','','Nakabayashi Dental Clinic - Mr Makoto Nakabayashi','2010-03-30 08:26:40','2010-03-31 16:02:17','259-7 Shichiken-cho<br>\nTokamachi-shi','','Niigata',358,'948-0067',395,'COM','Birthday   February 14, 1975',''),(2588,27,3,3,32,0,'+81 (0)3 3987 2213','','+81 (0)3 3987 2213','','','Premier Dental Office - Mr Ming-Jen Huang','2010-03-30 08:26:40','2010-03-31 16:02:17','HI Ikebukuro Bldg.1F<br>\n3-9-7 Minami-Ikebukuro<br>\nToshima-ku','','Tokyo',358,'117-0022',395,'COM','Birthday  December 13, 1967',''),(2589,27,3,3,32,0,'+81 (0)3 3373 8194','','+81 (0)3 3373 8194','','','Selamu Japan - Mr Mitsunori Kumagai','2010-03-30 08:26:40','2010-03-31 16:02:17','1-56-2 Yayoi-cho<br>\nNakano-ku','','Tokyo',358,'164-0013',395,'COM','Birthday   November 20, 1947',''),(2590,27,3,3,32,0,'+81 (0)463 35 2274','','','h812_asa@yahoo.co.jp','','Mr Hideaki Asada','2010-03-30 08:26:40','2010-03-31 16:02:17','78-1-421 Takane<br>\nHiratsuka-shi','','Kanagawa',358,'254-0912',395,'COM','Birthday  August 12, 1978',''),(2591,27,3,3,32,0,'','','+81 (0)564 26 6967','hazimetazo0322go@nifty.com','','Mr Takayuki Shimizu','2010-03-30 08:26:40','2010-03-31 16:02:17','46-15 Ikeuchi<br>\nKamoda-cho<br>\nOkazaki-shi','','Aichi',358,'444-2121',395,'COM','Birthday  March 22, 1973',''),(2592,27,3,3,32,0,'+81 (0)3 3917 4497','','+81 (0)3 3917 6406','spru2yq9@royal.ocn.ne.jp','','Mr Kenta Suzuki','2010-03-30 08:26:40','2010-03-31 16:02:17','2-8-5 Takinogawa<br>\nKita-ku','','Tokyo',358,'114-0023',395,'COM','Birthday  May 15, 1980',''),(2593,27,3,3,32,0,'+81 (0)52 400 7236','','+81 (0)52 400 7248','okazaking@yahoo.co.jp','','Okazaki Dental Clinic  Dr Shinichi Okazaki','2010-03-30 08:26:40','2010-03-31 16:02:17','2F 1185 Kiyosu<br>\nKiyosu-shi','','Aichi',358,'452-0942',396,'COM','Birthday  December 30, 1969',''),(2594,27,3,3,32,0,'+81(0)562 91 4848','','+81 (0)562 91 4850','keyaki@abox3.so-net.ne.jp','','Keyaki Dental Clinic - Dr Yasushi Kashiwazaki','2010-03-30 08:26:40','2010-03-31 16:02:17','40 Aramaki<br>\nNishikawa-cho<br>\nToyoake-shi','','Aichi',358,'470-1121',396,'COM','Birthday  July 27, 1968',''),(2595,27,3,3,32,0,'+81(0)78 952 1184','','+81 (0)78 952 1174','info@kizna-dc.com','','Kizuna Dental Clinic - Dr Takafumi Mizuno','2010-03-30 08:26:40','2010-03-31 16:02:17','804 Naka<br>\nHata-cho<br>\nKita-ku<br>\nKobe-shi','','Hyougo',358,'651-1351',396,'COM','Birthday  November 18, 1980',''),(2596,27,3,3,32,0,'+972 / 3 / 6412320','','','','','Ami Smidt Dental Practice','2010-03-30 08:26:40','2010-03-31 16:02:17','6, Levitan  ','','Tel-Aviv ',357,'69204',396,'COM','',''),(2597,27,3,3,32,0,'+972 / 50 / 8555250','','','r.goldent@gmail.com','','Goldent','2010-03-30 08:26:40','2010-03-31 16:02:17','20, Hanevim Street  ','','Haifa',357,'',395,'COM','',''),(2598,27,3,3,32,0,'+43 / 1 / 6012240400','','+43 / 1 / 6012240410','gzz1.zahn@wgkk.at','','Zahngesundheitszentrum Wien 01','2010-03-30 08:26:40','2010-03-31 16:02:17','Renngasse 15 (1.Bez.)  ','','Wien ',328,'1010',395,'COM','',''),(2599,27,3,3,32,0,'+972 / 52 / 6264538','','','','','Dental Laboratory Fridzon Boris','2010-03-30 08:26:40','2010-03-31 16:02:17','Bezalel 25 ','','Tel-Aviv ',357,'',395,'COM','',''),(2600,27,3,3,32,0,'+972 / 9 / 5917927','','','','','Dental Laboratory Avital Vizenfeld','2010-03-30 08:26:40','2010-03-31 16:02:17','Ben Gurion Street 7 ','','Herzelia ',357,'46785',395,'COM','',''),(2601,27,3,3,32,0,'+972 / 3 / 6914530','','+972 / 3 / 6914531','morli@doctor.com','','Dental Practice Dr. Mordechai Lipovetsky-Adler','2010-03-30 08:26:40','2010-03-31 16:02:17','14 Weizman Street  ','','Tel Aviv ',357,'64239',395,'COM','',''),(2602,27,3,3,32,0,'+972 / 3 / 6969489','','+972 / 3 / 6964371','ie.tamary@gmail.com','','Dr. Israel Tamary','2010-03-30 08:26:40','2010-03-31 16:02:17','14 Remez Street  ','','Tel-Aviv ',357,'62191',396,'COM','',''),(2603,27,3,3,32,0,'031-47 47 33','','','','','Vitadent','2010-03-30 08:26:40','2010-03-31 16:02:17','Antenngatan 10','','Västra Frölunda',333,'421 61',400,'COM','',''),(2604,27,3,3,32,0,'060-15 60 71','','','','','Ekmans Dentallaboratorium AB','2010-03-30 08:26:40','2010-03-31 16:02:17','Box 334','','Sundsvall',333,'851 05',400,'COM','',''),(2605,27,3,3,32,0,'0589-162 26','','','','','Lars Örjans Tandteknik','2010-03-30 08:26:40','2010-03-31 16:02:17','Räntmästaregatan 4','','Arboga',333,'732 22',400,'COM','',''),(2606,27,3,3,32,0,'0589-61 14 32','','','','','CB Dentalteknik','2010-03-30 08:26:40','2010-03-31 16:02:17','Räntmästaregatan 4','','Arboga',333,'732 22',400,'COM','',''),(2607,27,3,3,32,0,'054-18 74 65','','','','','Nya Klaralab','2010-03-30 08:26:40','2010-03-31 16:02:17','Box 308','','Karlstad',333,'651 07',400,'COM','',''),(2608,27,3,3,32,0,'08-659 58 59','','','','','Annas Tandtekniska HB','2010-03-30 08:26:40','2010-03-31 16:02:17','Hjälmarsvägen 30','','Årsta',333,'120 53',400,'COM','',''),(2609,27,3,3,32,0,'08-714 80 22','','','','','Compedent AB','2010-03-30 08:26:40','2010-03-31 16:02:17','Box 762','','Årsta',333,'120 02',400,'COM','',''),(2610,27,3,3,32,0,'08-580 353 60','','','','','Bett Tandteknik AB','2010-03-30 08:26:40','2010-03-31 16:02:17','Infanterigatan 21','','Solna',333,'171 59',400,'COM','',''),(2611,27,3,3,32,0,'08-560 334 20','','','','','Isenborgs Dentallab','2010-03-30 08:26:40','2010-03-31 16:02:17','Box 17','','Ekerö',333,'178 21',400,'COM','',''),(2612,27,3,3,32,0,'+32 / 63 / 388955','','','','','Cabinet Dentaire Patricia Toppazzini','2010-03-30 08:26:40','2010-03-31 16:02:17','10, Rue de la Trinité  ','','Messancy ',303,'6780',396,'COM','',''),(2613,27,3,3,32,0,'040-737 90','','','','','Örestad Dentallab AB','2010-03-30 08:26:40','2010-03-31 16:02:17','Geijersgatan 4 B','','Malmö',333,'201 24',400,'COM','',''),(2614,27,3,3,32,0,'044-21 23 23','','','','','Titanbron AB','2010-03-30 08:26:40','2010-03-31 16:02:17','Döbelnsgatan 7','','Kristianstad',333,'291 25',400,'COM','',''),(2615,27,3,3,32,0,'+81 / 942 / 462255','','+81 / 942 / 462256','','','Dr. Akito Kusaba','2010-03-30 08:26:40','2010-03-31 16:02:17','134-3 Nishimachi<br>\nKurume-shi  ','','Fukuoka ',358,'830-0038',396,'COM','',''),(2616,27,3,3,32,0,'+81 / 59 / 3951000','','+81 / 59 / 3951001','kgkasai@mecha.ne.jp','','Ohki Dentak Clinic','2010-03-30 08:26:40','2010-03-31 16:02:17','2504-2 Yarizoe<br> Minaminago-cho<br> Suzuka-shi  ','','Mie ',358,'513-0048',396,'COM','',''),(2617,27,3,3,32,0,'+81 / 563 / 728601','','','','','Yamazaki Shika Iin Praxis','2010-03-30 08:26:40','2010-03-31 16:02:17','9-2 Shimokanchi, <br>\nIsshiki-cho, <br>\nHazu-gun  \n','','Aichi ',358,'Aichi ',396,'COM','',''),(2618,27,3,3,32,0,'+81 / 78 / 7321155','','+81 / 78 / 7662224','','','Nobu Dental Clinic','2010-03-30 08:26:40','2010-03-31 16:02:17','4-3-5 Maeike-cho, <br>\nSuma-ku,<br>\nKobe-shi  \n','','Hyougo ',358,'654-0011',396,'COM','',''),(2619,27,3,3,32,0,'+81 / 52 / 6011788','','+81 / 52 / 6011199','','','Toumei Dental Clinic','2010-03-30 08:26:40','2010-03-31 16:02:17','1-15-6 Fushimi,<br>\nFukishima-cho,<br>\nTokai-shi  	\n','','Aichi ',358,'476-0012',396,'COM','',''),(2620,27,3,3,32,0,'+81 / 896 / 741184','','+81 / 741184','ally@lilac.ocn.ne.jp','','Takahashi Dental Clinic','2010-03-30 08:26:40','2010-03-31 16:02:17','1276 Nakamura,<br>\nDoi-cho,<br>\nShikoku-chuou-shi  \n','','Ehime ',358,'799-0701 ',396,'COM','',''),(2621,27,3,3,32,0,'+81 / 78 / 7854182','','+81 / 78 / 7854182','info@nakagawa-shika-clinic.com','','Nakagawa Dental Clinic','2010-03-30 08:26:40','2010-03-31 16:02:17','6-20-19 Maikodai,<br>\nTarumi-ku,<br>\nKobe-shi,  \n','','Hyougo ',358,'655-0046',396,'COM','',''),(2622,27,3,3,32,0,'+81 / 565 / 523280','','+81 / 565 / 523280','katoutet@hm6.aitai.ne.jp','','Kato Dental Clinic','2010-03-30 08:26:40','2010-03-31 16:02:17','8 Ochaya,<br>\nTsutsumi-cho,<br>\nToyota-shi  \n','','Aichi ',358,'473-0932',396,'COM','',''),(2623,27,3,3,32,0,'+81 / 78 / 6117871','','+81 / 78 / 6117871','mkun611@nifty.com','','Kuno Dental Clinic','2010-03-30 08:26:40','2010-03-31 16:02:17','6-3-15 Kagura-cho,<br>\nNagata-ku,<br>\nKobe-shi  \n','','Hyougo ',358,'653-0836',396,'COM','',''),(2624,27,3,3,32,0,'+81 / 78 / 5776611','','+81 / 78 / 5779693','mitooka@mitooka.com','','Mitooka Dental Clinic','2010-03-30 08:26:40','2010-03-31 16:02:17','7-5-12 Daikai-dori,<br>\nHyougo-ku,<br>\nKobe-shi  \n','','Hyougo ',358,'652-0803',396,'COM','',''),(2625,27,3,3,32,0,'+81 / 595 / 634871','','+81 / 595 / 633971','s-oba@nava21ne.jp','','Kounodai Shika Shinryousho','2010-03-30 08:26:40','2010-03-31 16:02:17','4-24 Kounodai,<br>\nNabari-shi,  \n','','Mie ',358,'518-0704',396,'COM','',''),(2626,27,3,3,32,0,'+81 / 6 / 64293918','','+81 / 6 / 64293918','ptpgw438@yahoo.co.jp','','Kobayashi Dental Clinic','2010-03-30 08:26:40','2010-03-31 16:02:17','2-1-3 Minamitsukaguchi-cho,<br>\nAmagasaki-shi  \n','','Hyougo ',358,'661-0012 ',396,'COM','',''),(2627,27,3,3,32,0,'+81 / 532 / 343222','','+81 / 532 / 338229','hirokon@mx1.tees.ne.jp','','Kondo Dental','2010-03-30 08:26:40','2010-03-31 16:02:17','158 Hanada,<br>\nToyota-shi  \n','','Aichi ',358,'441-8014',396,'COM','',''),(2628,27,3,3,32,0,'+81 / 3 / 35018241','','','russana@mad.biglobe.ne.jp','','Shinbashi Karasumori Dental Clinic','2010-03-30 08:26:40','2010-03-31 16:02:17','2-6-3-1F Nishishinbashi,<br>\nMinato-ku  \n','','Tokyo ',358,'105-0003',396,'COM','',''),(2629,27,3,3,32,0,'+81 / 76 / 4957272','','+81 / 76 / 4957282','','','Ishikawa Dental','2010-03-30 08:26:40','2010-03-31 16:02:17','86-3 Buden,<br>\nFuchu-machi,<br>\nToyama-shi  \n','','Toyama ',358,'939-2718',396,'COM','',''),(2630,27,3,3,32,0,'+81 / 27 / 2315320','','','fukuro@owl.gr.jp','','Fukuro Dental','2010-03-30 08:26:40','2010-03-31 16:02:17','3-3-6 Chiyoda-cho<br>\nMaebashi-shi  \n','','Gunma ',358,'371-0022',396,'COM','',''),(2631,27,3,3,32,0,'+81 / 86 / 2564618','','','junyano@nifty.com','','Nakano Dental Clinic','2010-03-30 08:26:40','2010-03-31 16:02:17','6-1 Yasakahigashi-machi,<br>\nKita-ku,<br>\nOkayama-shi  \n','','Okayama ',358,'700-0074',396,'COM','',''),(2632,27,3,3,32,0,'08-649 00 06','','','','','Stockholms Dental-Team AB','2010-03-30 08:26:40','2010-03-31 16:02:17','Stockholmsvägen 17','','Enskede',333,'122 62',400,'COM','',''),(2633,27,3,3,32,0,'08-25 71 16','','','','','Roffes Dentallab','2010-03-30 08:26:40','2010-03-31 16:02:17','Duvgränd 5 B','','Sundbyberg',333,'172 36',400,'COM','',''),(2634,27,3,3,32,0,'042-21 48 50','','','','','Carisma Dentalteknik AB','2010-03-30 08:26:40','2010-03-31 16:02:17','N. Kyrkogatan','','Helsingborg',333,'251 10',400,'COM','',''),(2635,27,3,3,32,0,'019-10 77 37','','','','','Corona Dentallaboratorium','2010-03-30 08:26:40','2010-03-31 16:02:17','Ribbingsgatan 11','','Örebro',333,'701 11',400,'COM','',''),(2636,27,3,3,32,0,'+44 (0) 1782 631355','','','clinic@newcastledenture.co.uk','','NEWCASTLE DENTURE CLINIC Ltd.','2010-03-30 08:26:40','2010-03-31 16:02:17','65 George Street','Staffordshire','Newcastle-Under-Lyme',312,'ST5 1JT ',0,'COM','',''),(2637,27,3,3,32,0,'08-83 70 83','','','','','Olle Sahlin Tandtekniska AB','2010-03-30 08:26:40','2010-03-31 16:02:17','Huvudstagatan 25, nb','','Solna',333,'171 58',400,'COM','',''),(2638,27,3,3,32,0,'011-26 52 92','','','','','Al Dente','2010-03-30 08:26:40','2010-03-31 16:02:17','Kristinagatan 9','','Norrköping',333,'602 26',400,'COM','',''),(2639,27,3,3,32,0,'040-642 12 00','','','','','Tic - Tandteknik i Centrum','2010-03-30 08:26:40','2010-03-31 16:02:17','Agneslundsvägen 14','','Malmö',333,'202 11',400,'COM','',''),(2640,27,3,3,32,0,'08-20 37 75','','','','','Qviströms Dental AB','2010-03-30 08:26:40','2010-03-31 16:02:17','Villagatan 4','','Stockholm',333,'114 32',400,'COM','',''),(2641,27,3,3,22,0,'','','','','','ABC','2010-03-30 08:26:40','2010-03-31 16:06:15','Street one nr. 2 ','Victoria','Melbourne',299,'3174',2,'AU',NULL,''),(2642,27,3,3,31,0,'+61 2 8338 1555','','+61 2 8338 1500','','','New South Wales & Australian Capital Territory','2010-03-30 08:26:40','2010-03-31 16:06:23','Unit 5, 61-67 O\'Riordan Street ','New South Wales','Alexandria',299,'NSW 2015',1,'AU',NULL,''),(2643,27,3,3,31,0,'+61 3 9795 9599','','+61 3 9795 9645','','','Victoria, Tasmania & South Australia','2010-03-30 08:26:40','2010-03-31 16:06:23','<p>1-5 Overseas Dr</p>','Victoria','Noble Park North',299,'VIC 3174',1,'AU',NULL,''),(2644,27,3,3,31,0,'+61 7 3899 8500','','+61 7 3899 8599','','','Queensland','2010-03-30 08:26:40','2010-03-31 16:06:23','Unit 3, 53 Southgate Avenue ','Queensland','Cannon Hill',299,'QLD 4170',1,'AU',NULL,''),(2645,27,3,3,31,0,'+61 8 9227 1555','','+61 8 9227 9855','','','Western Australia & Northern Territory','2010-03-30 08:26:40','2010-03-31 16:06:23','134 Charles Street ','Western Australia','West Perth',299,'WA 6005',1,'AU',NULL,''),(2646,27,3,3,15,0,'+41 (44) 755 51 00','','+41 (44) 755 51 01','','','ABC Dental AG','2010-03-30 08:26:40','2010-03-31 16:06:15','Postfach<br />Gaswerkstrasse 6 ','','Schlieren',334,'8952',2,'COM',NULL,''),(2647,27,3,3,15,0,'+41 (21) 967 16 60','','+41 (21) 967 16 69','','','Condor Dental Research Co. SA<br>Produits Dentaires','2010-03-30 08:26:40','2010-03-31 16:06:15','Rte. du Grammont ','','Villeneuve',334,'1844',2,'COM',NULL,''),(2648,27,3,3,15,0,'+41 (44) 838 65 65','','+41 (44) 838 65 66','','','DemaDent AG','2010-03-30 08:26:40','2010-03-31 16:06:15','Grindelstr. 6','','Bassersdorf',334,'8303',2,'COM',NULL,''),(2649,27,3,3,15,0,'+41 (41) 760 80 62','','+41 (41) 760 60 68','','','Dubach Dental AG','2010-03-30 08:26:40','2010-03-31 16:06:15','Lättichstrasse 6','','Baar',334,'6342',2,'COM',NULL,''),(2650,27,3,3,15,0,'+41 (41) 319 45 00','','+41 (41) 319 45 90','','','Healthco-Breitschmid AG','2010-03-30 08:26:40','2010-03-31 16:06:15','Amlehnstrasse 22','','Kriens',334,'6010',2,'COM',NULL,''),(2651,27,3,3,15,0,'+41 (44) 880 20 20','','+41 (44) 811 04 40','','','Novadent AG','2010-03-30 08:26:40','2010-03-31 16:06:15','Sägereistrasse 17','','Glattbrugg',334,'8152',2,'COM',NULL,''),(2652,27,3,3,15,0,'+41 (55) 253 10 30','','+41 (55) 253 10 35','','','RCD AG','2010-03-30 08:26:40','2010-03-31 16:06:15','Rennwegstrasse 2','','Wolfhausen',334,'8633',2,'COM',NULL,''),(2653,27,3,3,15,0,'+41 (91) 850 54 10','','+41 (91) 850 54 29','','','Zeta-Dental SA','2010-03-30 08:26:40','2010-03-31 16:06:15','<p>Centro 2000</p>','','Riazzino',334,'6595',2,'COM',NULL,''),(2654,27,3,3,15,0,'+31 (0)13 528 80 55','','+31 (0)13 528 38 94','verkoop@adt.nl','','American Dental Trading B.V.','2010-03-30 08:26:40','2010-03-31 16:06:15','P.O. Box 229<br />5060 AE Oisterwijk<br />Laarakkerweg 5','','Oisterwijk',326,'5061 JR',2,'COM',NULL,''),(2655,27,3,3,15,0,'+31 (0)345 573 999','','+31 (0)345 575 081','verkoop@corim.biz','','Corim Dental Products B.V.','2010-03-30 08:26:40','2010-03-31 16:06:15','P.O. Box 85<br />4190 CB Geldermalsen<br />De Panoven 21 ','','Geldermalsen',326,'4191 GW',2,'COM',NULL,''),(2656,27,3,3,15,0,'+31 (0)30 288 88 88','','+31 (0)30 288 50 02','algemeen@dentalunion.nl','','Dental Union B.V.','2010-03-30 08:26:40','2010-03-31 16:06:15','P.O. Box 2180<br />3430 CX Nieuwegein<br />Ravenswade 54K','','Nieuwegein',326,'3439 LD',2,'COM',NULL,''),(2657,27,3,3,15,0,'+31 (0)36 535 86 00','','+31 (0)36 535 8608','info@henryschein.nl','','Henry Schein Dental','2010-03-30 08:26:40','2010-03-31 16:06:15','P.O. Box 50351<br />1305 AJ Almere<br />Veluwezoom 16','','Almere',326,'1327 AG',2,'COM',NULL,''),(2658,27,3,3,15,0,'+31 (0)30 695 95 24','','+31 (0)30 695 48 84','info@od.nl','','Oudheusden Dental B.V.','2010-03-30 08:26:40','2010-03-31 16:06:15','P.O. Box 128<br />3700 AC Zeist<br />Leeuweriklaan 2','','Zeist',326,'3704 GR',2,'COM',NULL,''),(2659,27,3,3,15,0,'+43 (732) 6577 65-0','','+43 (732) 6577 65-622','linz@henryschein.at','','Henry Schein Dental Austria GmbH','2010-03-30 08:26:40','2010-03-31 16:06:15','Garnisonstrasse 17/3 Stiege C1','','Linz',328,'4020',2,'COM',NULL,''),(2660,27,3,3,15,0,'+43 (662) 451980-0','','+43 (662) 8906 07-15','salzburg@henryschein.at','','Henry Schein Dental Austria GmbH','2010-03-30 08:26:40','2010-03-31 16:06:15','Ischlerbahnstrasse 15 ','','Salzburg',328,'5020',2,'COM',NULL,''),(2661,27,3,3,15,0,'+43 (512) 58 59 49','','+43 (512) 58 59 49-19','innsbruck@henryschein.at','','Henry Schein Dental Austria GmbH','2010-03-30 08:26:40','2010-03-31 16:06:15','Langer Weg 15 ','','Innsbruck',328,'6020',2,'COM',NULL,''),(2662,27,3,3,15,0,'+43 (512) 30 49 00','','+43 (512) 30 49 00 4','voels@pluradent-austria.at','','Pluradent Austria GmbH','2010-03-30 08:26:40','2010-03-31 16:06:15','Bahnhofstrasse 22a ','','Völs',328,'6776',2,'COM',NULL,''),(2663,27,3,3,15,0,'+43 (1) 544 15 94','','+43 (1) 544 08 87','wien@pluradent-austria.at','','Pluradent Austria GmbH','2010-03-30 08:26:40','2010-03-31 16:06:15','Anschützgasse 31','','Wien',328,'1150',2,'COM',NULL,''),(2664,27,3,3,15,0,'+43 (732) 77 24 45','','+43 (732) 78 30 54','info@liehmann.at','','L. Liehmann & Co. GmbH','2010-03-30 08:26:40','2010-03-31 16:06:15','Spittelwiese 15','','Linz',328,'4020',2,'COM',NULL,''),(2665,27,3,3,15,0,'+43 (732) 77 57 60','','+43 (732) 77 57 60 74','dental@variodent.at','','Variodent Ges.m.b.H.','2010-03-30 08:26:40','2010-03-31 16:06:15','Prinz Eugen Strasse 19<br />Postfach 627 ','','Linz',328,'4020',2,'COM',NULL,''),(2666,27,3,3,15,0,'+54 (11) 4821 9380','','+54 (11) 4821 8307','novacek@novacekdental.com.ar','','Juan Novacek S.A.','2010-03-30 08:26:40','2010-03-31 16:06:15','M.T. de Alvear 2129/31 ','','Buenos Aires',285,'1122',2,'COM',NULL,''),(2667,27,3,3,15,0,'+56 (2) 333 3311','','+56 (2) 333 3333','jpareja@parejalecaros.com.pe','','Pareja Lecaros Chile S.A.','2010-03-30 08:26:40','2010-03-31 16:06:15','Avda. Presidente Errazuriz 2939<br />Las Condes ','','Santiago de Chile',288,'',2,'COM',NULL,''),(2668,27,3,3,15,0,'+56 (2) 683 38 84','','+56 (2) 683 16 48','dguzman@entelchile.net','','Droguident','2010-03-30 08:26:40','2010-03-31 16:06:15','Casilla 14169, Correo 21<br />San Vincente 1759 ','','Santiago de Chile',288,'',2,'COM',NULL,''),(2669,27,3,3,15,0,'+385 (21) 502 491 / +385 (21) 502 451','','+385 (21) 502 490','dental.marusic@dentalcentarmarusic.com','','DENTAL CENTAR MARUSIC<br>','2010-03-30 08:26:40','2010-03-31 16:06:15','Benkovacka 10 A ','','Split',317,'21000',2,'COM',NULL,''),(2670,27,3,3,15,0,'+385 (1) 241 26 61','','+385 (1) 23 71 415','medika@medika.hr','','Medika d.d.','2010-03-30 08:26:40','2010-03-31 16:06:15','Capraska 1 ','','Zagreb',317,'10000',2,'COM',NULL,''),(2671,27,3,3,15,0,'+385 (1) 6183 059','','+385 (1) 6183 505','dental@sanitaria.hr','','Sanitaria Zagreb d.o.o.','2010-03-30 08:26:40','2010-03-31 16:06:15','Korculanska 6 ','','Zagreb',317,'10000',2,'COM',NULL,''),(2672,27,3,3,15,0,'+387 (33) 665 806','','+387 (33) 66 58 06','sanitariadental@teol.net','','Sanitaria d.o.o. Banja Luka','2010-03-30 08:26:40','2010-03-31 16:06:15','Prvog Krajiskog korpusa bb ','','Banja Luka',304,'78000',2,'COM',NULL,''),(2673,27,3,3,15,0,'+387 (51) 370 724','','+387 (51) 370 724','','','Dental SM','2010-03-30 08:26:40','2010-03-31 16:06:15','Branka Popovica 266','','Banja Luka',304,'78000',2,'COM',NULL,''),(2674,27,3,3,15,0,'+387 (39) 680 981','','+387 (39) 685 129','adriadent@adriadent.com','','ADRIADENT d.o.o.','2010-03-30 08:26:40','2010-03-31 16:06:15','S. Radica 34&nbsp; ','','Posusje',304,'88 240',2,'COM',NULL,''),(2675,27,3,3,15,0,'+387 (33) 264 750','','+387 (33) 264 752','info@nezbi.bih.net','','Nezbi d.o.o.','2010-03-30 08:26:40','2010-03-31 16:06:15','Zubarska Oprema, Patriotski Lige 22 ','','Sarajevo',304,'71000',2,'COM',NULL,''),(2676,27,3,3,15,0,'+31 (0)345 470 080','','+31 (0)345 470 089','mailmix@wxs.nl','','MMI - Mail Mix International B.V.','2010-03-30 08:26:40','2010-03-31 16:06:15','P.O. Box 108<br />4100 AC Culemborg<br />Plantijnweg 27/b ','','Culemborg',326,'4104 BC',2,'COM',NULL,''),(2677,27,3,3,15,0,'+31 (0)33 456 06 06','','+31 (0)33 456 09 03','','','Oral Hygiene Center B.V.','2010-03-30 08:26:40','2010-03-31 16:06:15','Leeuweriklaan 2','','Zeist',326,'3704 GR',2,'COM',NULL,''),(2678,27,3,3,15,0,'+46 (171) 23 000','','+46 (171) 230 40','info@nordenta.se','','Nordenta AB','2010-03-30 08:26:40','2010-03-31 16:06:15','Verkmästaregatan 1 ','','ENKÖPING',333,'745 39',2,'COM',NULL,''),(2679,27,3,3,15,0,'08-506 505 00','','08-506 505 10','kontakt@dabdental.se','','DAB Dental','2010-03-30 08:26:40','2010-03-31 16:06:15','Finvids väg 8-10<br />Box 423','','UPPLANDS VÄSBY',333,'194 04',2,'COM',NULL,''),(2680,27,3,3,15,0,'+57 (4) 250 10 70','','+57 (4) 413 13 81','depofran@epm.net.co','','Depósito Dental Gilberto Franco M.','2010-03-30 08:26:40','2010-03-31 16:06:15','Calle 32 C No. 80A-51[r]Manzana B, Nueva Villa Aburrá','','Medellín',0,'',2,'COM',NULL,''),(2681,27,3,3,15,0,'+57 (1) 612 74 58[r]+57 (1) 512 74 17','','+57 (1) 213 53 09','eurodent@andinet.com','','Eurodent Ltda.','2010-03-30 08:26:40','2010-03-31 16:06:15','Calle 126 No. 8-38','','Santafé de Bogotá',0,'',2,'COM',NULL,''),(2682,27,3,3,15,0,'+57 (1) 248 1524','','+57 (1) 547 1720','ivoher@interred.net.co','','Ivoher Ltda.','2010-03-30 08:26:40','2010-03-31 16:06:15','Carrera 16 N° 59-59 ','','Santafé de Bogotá',290,'',2,'COM',NULL,''),(2683,27,3,3,15,0,'+57 (1) 678 53 19','','+57 (1) 679 09 80','weiderpard@openway.com.co','','Pardentales Ltda.','2010-03-30 08:26:40','2010-03-31 16:06:15','Calle 162 No. 40-46','','Santafé de Bogotá',0,'',2,'COM',NULL,''),(2684,27,3,3,15,0,'+591 (3) 322 610','','+591 (3) 361 257','insucruz@entelnet.bo','','Insumos S.R.L.','2010-03-30 08:26:40','2010-03-31 16:06:15','Casilla Postal 2245<br />Av. Rene Moreno 50 - Zona Sud ','','Santa Cruz',286,'',2,'COM',NULL,''),(2685,27,3,3,15,0,'+593 (4) 232 7748','','+593 (4) 232 7688','aserrano@ecuadortelecom.com','','Depósito Dental Krobalto','2010-03-30 08:26:40','2010-03-31 16:06:15','Apartado Postal 5457<br />Aguirre 611 y Boyaca ','','Guayaquil',289,'',2,'COM',NULL,''),(2686,27,3,3,15,0,'+595 (21) 220 500','','+595 (21) 496 291','aharce@aharce.com.py','','Andrés H. Arce S.A.','2010-03-30 08:26:40','2010-03-31 16:06:15','Brasil 198 esq. José Berges ','','Asunción',293,'',2,'COM',NULL,''),(2687,27,3,3,15,0,'+51 (1) 611 8100','','+51 (1) 442 0386','ventas@parejalecaros.com.pe','','E.B. Pareja Lecaros S.A.','2010-03-30 08:26:40','2010-03-31 16:06:15','P.O. Box 14-0194<br />','','Lima-14',294,'',2,'COM',NULL,''),(2688,27,3,3,15,0,'+598 (2) 401 5260','','+598 (2) 409 751','ventas@dentalcastro.com.uy','','Dental Castro Ltda.','2010-03-30 08:26:40','2010-03-31 16:06:15','Av. Italia 3009&nbsp; ','','Montevideo',295,'11200',2,'COM',NULL,''),(2689,27,3,3,15,0,'+582 (418) 622 519','','+582 (418) 660 325','ladental@cantv.net','','La Dental C.A.','2010-03-30 08:26:40','2010-03-31 16:06:15','Av Universidad, Centro Cmcal.<br />San Andrés, Locales N° 22-28<br />Naguanagua - Edo. Carabobo ','','Valencia',296,'',2,'COM',NULL,''),(2690,27,3,3,15,0,'+582 (12) 993 33 44','','+582 (12) 993 07 25','odonto@truevision.net','','Representaciones Odonto C.A.','2010-03-30 08:26:40','2010-03-31 16:06:15','Centro Empresarial Roca, Piso 1<br />Av. Orinoco, Las Mercedes ','','Caracas',296,'1060',2,'COM',NULL,''),(2691,27,3,3,15,0,'+421 (38) 532 14 29','','+421 (38) 532 30 90','dental@fangdent.sk','','Fang-Dent, s.r.o.','2010-03-30 08:26:40','2010-03-31 16:06:15','P. Jilemnického 4712 ','','Topol\'&#269;any',336,'955 01',2,'COM',NULL,''),(2692,27,3,3,15,0,'+421 (02) 444 547 11','','+421 (02) 444 547 19','sanitaria@stonline.sk','','Sanitaria spol. s.r.o.','2010-03-30 08:26:40','2010-03-31 16:06:15','Sabinovská 4/A ','','Bratislava',336,'821 02',2,'COM',NULL,''),(2693,27,3,3,15,0,'+357 22 466 000','','+357 22 435 064','info@dentalcon.com.cy','','Dentalcon Trading Ltd.','2010-03-30 08:26:40','2010-03-31 16:06:15','P.O. Box 27245<br />57, Larnaca Ave.','Zypern','Nicosia',344,'1643',2,'COM',NULL,''),(2694,27,3,3,15,0,'+381 (21) 360 100','','+381 (21) 360 935','info@hipokrat.co.yu','','Hipokrat Sistem AD','2010-03-30 08:26:40','2010-03-31 16:06:15','Mitropolita Stratimirovica 6 ','','Novi Sad',335,'21000',2,'COM',NULL,''),(2695,27,3,3,15,0,'+381 (11) 361 37 99','','+381 (11) 361 37 99','quick@eunet.yu','','Vetmetal d.o.o.','2010-03-30 08:26:40','2010-03-31 16:06:15','Savska&nbsp;33/II ','','Beograd',335,'11000',2,'COM',NULL,''),(2696,27,3,3,15,0,'+40 (0)21 316 22 25','','+40 (0)21 316 22 15','office@medimex.ro','','Medimex Dent s.r.l.','2010-03-30 08:26:40','2010-03-31 16:06:15','Gh. Marinescu Nr. 43<br />Sector 5 ','','Bukarest',331,'050482',2,'COM',NULL,''),(2697,27,3,3,15,0,'+355 4 259425','','+355 4 267081','emele@icc-al.org','','\"Dorina Mele\" Company','2010-03-30 08:26:40','2010-03-31 16:06:15','Pruga. Prokop Myzeqari<br />Pallati 90/1, Blloku i Zyrave','','Tirana',301,'',2,'COM',NULL,''),(2698,27,3,3,15,0,'+968 (24) 594 644','','+968 (24 594 525','almaz@omantel.net.om','','Al Mazroui Medical & Chemical Supplies LLC,','2010-03-30 08:26:40','2010-03-31 16:06:15','Way 3746,<br />P.O Box 1259','','Ruwi, Muscat',369,'112',2,'COM',NULL,''),(2699,27,3,3,15,0,'+968 (24) 703 700','','+968 (24) 703 851','oripharm@omantel.net.om','','Oriental Pharmacy','2010-03-30 08:26:40','2010-03-31 16:06:15','P.O. Box 771','','Ruwi - Muscut',369,'112',2,'COM',NULL,''),(2700,27,3,3,15,0,'+971 (6) 559 2481','','+971 (6) 559 3573','alhayat@emirates.net.ae','','Al-Hayat Pharmaceuticals<br>Dental Equipments and Supplies','2010-03-30 08:26:40','2010-03-31 16:06:15','Al-Shamsi Building 1<br />Al-Wahda St. No. 314<br />P.O.Box: 4483','','Sharjah',380,'',2,'COM',NULL,''),(2701,27,3,3,15,0,'+971 (6) 533 11 69','','+971 (6) 533 19 86','gmca@eim.ae','','Gulf Medical Commercial Agency','2010-03-30 08:26:40','2010-03-31 16:06:15','Industrial Area 4<br />P.O. Box 5385','','Sharjah ',380,'',2,'COM',NULL,''),(2702,27,3,3,15,0,'+216 (71) 78 25 00','','+216 (71) 78 20 18','promosciences@planet.tn','','Société Promosciences','2010-03-30 08:26:40','2010-03-31 16:06:15','Z.I Charguia, rue no. 7','','Tunis-Carthage',394,'2035 ',2,'COM',NULL,''),(2703,27,3,3,15,0,'+961 (1) 694 000','','+96 (11) 694 222','dental@tamerholding.com','','Droguerie Tamer sal','2010-03-30 08:26:40','2010-03-31 16:06:15','Midan<br />P.O. Box 11-49, Beirut ','','Dekwaneh',365,'',2,'COM',NULL,''),(2704,27,3,3,15,0,'+20 (2) 590 57 79','','+20 (2) 593 55 56','Youssef_e_eid@yahoo.com','','Middle East Dental Supplies','2010-03-30 08:26:40','2010-03-31 16:06:15','Eid. Kabrita &amp; Co.4 <br />Halim Square, ET Azbakia','','Cairo',382,'',2,'COM',NULL,''),(2705,27,3,3,15,0,'+218 (21) 360 73 22','','+218 (21) 360 56 27','atlasmedquip@gmail.com','','ATLAS MEDICAL EQUIPMENT','2010-03-30 08:26:40','2010-03-31 16:06:15','Ben Ashour Str<br />Near Ben Naji Mosque<br />Post Office Box 3244','','Tripoli',387,'',2,'COM',NULL,''),(2706,27,3,3,15,0,'+20 (3) 486 02 45','','+20 (3) 487 32 71','eio@internetalex.com','','Egyptian Import Office','2010-03-30 08:26:40','2010-03-31 16:06:15','12 Eleskader Elakbar Str.<br />Elazarita','','Alexandria',382,'',2,'COM',NULL,''),(2707,27,3,3,15,0,'+966 (1) 279 11 28','','+966 (1) 461 66 89','ema-admin@awalnet.net.sa','','Ebrahim M. Almana & Bros. Co.','2010-03-30 08:26:40','2010-03-31 16:06:15','Dental Products Division<br />P.O. Box 56980<br />Ground Floor, Flat 17<br />Mashael Riyadh Center, King Fahd Highway','','Olaya, Rijadh',372,'11564',2,'COM',NULL,''),(2708,27,3,3,15,0,'+212 (37) 68 05 10','','+212 (37) 68 77 18 11','dentaire@menara.ma','','AKI Fourniture Materiel Dentaire','2010-03-30 08:26:40','2010-03-31 16:06:15','1 rue Bekacem, Apt. N° 1','','Agdal-Rabat',388,'',2,'COM',NULL,''),(2709,27,3,3,15,0,'+218 21 4833183','','+218 91 218 3116','nasserarfa@hotmail.com','','Albaquee Medical & Dental Supplies','2010-03-30 08:26:40','2010-03-31 16:06:15','Girgarish Road - near Oil Institute','','Tripoli',387,'12685',2,'COM',NULL,''),(2710,27,3,3,15,0,'+967 (1) 472533','','+967 (1) 472534','massg@yemen.net.ye','','Mohammad A. Shamlan & Sons Group','2010-03-30 08:26:40','2010-03-31 16:06:15','Dental Division<br />P.O.Box 1138 (Tahreer Post Office)<br />20 St., Zera\'ah Zone','','Sana\'a',359,'',2,'COM',NULL,''),(2711,27,3,3,15,0,'+972 (36) 39 36 40','','+972 (36) 39 36 45','','','Dentorient N.D. Fuss','2010-03-30 08:26:40','2010-03-31 16:06:15','28, Hagdud Haivri St.<br />P.O. Box 2232 ','','Tel Aviv',357,'61021',2,'COM',NULL,''),(2712,27,3,3,15,0,'+65 255 2886','','+65 255 5993','nkluck@mbox3.singnet.com.sg','','N.K. Luck (S) Pte. Ltd.','2010-03-30 08:26:40','2010-03-31 16:06:15','2 Jalan Rajah No. 03-24<br />Golden Wall Flatted Factory ','','329134',373,'Singapore',2,'COM',NULL,''),(2713,27,3,3,15,0,'+27 (21) 448 2677','','+27 (21) 448 2678','ivodent@iafrica.com','','Ivodent CC - technical','2010-03-30 08:26:40','2010-03-31 16:06:15','Building 3G, Courtyard Unit 4<br />St. Michaels Park<br />cnr Howe St. Michaels Road ','','Observatory, Cape Town 7925',392,'7925',2,'COM',NULL,''),(2714,27,3,3,15,0,'+27 (11) 719 91 11','','+27 (11) 448 16 98','admin@dentalwarehouse.co.za','','Dental Warehouse Pty. Ltd. (clinical)','2010-03-30 08:26:40','2010-03-31 16:06:15','12 Charles Crescent<br />Eastgate Ext. 4','','Sandton ',392,'2148 ',2,'COM',NULL,''),(2715,27,3,3,15,0,'+86 21 5456 0776','','+86 21 6445 1561','ivoclar@online.sh.cn','','Ivoclar Vivadent Marketing Ltd.','2010-03-30 08:26:40','2010-03-31 16:06:15','Rm 603 Kuen Yang International Business Plaza<br />No. 798 Zhao Jia Bang Road ','','Shanghai',350,'200030',2,'COM',NULL,''),(2716,27,3,3,15,0,'+86 21 5446 0776','','+86 21 6445 1561','ivoclar@online.sh.cn','','ICDE Shanghai','2010-03-30 08:26:40','2010-03-31 16:06:15','Rm1908/1909, Kuen Yang International<br />Business Plaza<br />No.798 Zhao Jia Bang Road ','','Shanghai',350,'200030',2,'COM',NULL,''),(2717,27,3,3,15,0,'+86 (10) 8213 5184','','+86 (10) 8213 5185','qianshuhang@sina.com','','Beijing Qian Shu Hang Trade Co. Ltd.','2010-03-30 08:26:40','2010-03-31 16:06:15','Rm 902/Building B1<br />Sun Garden (Tai Yang Yuan), Da Zong Si<br />Hai Dian District ','','Beijing',350,'100086',2,'COM',NULL,''),(2718,27,3,3,15,0,'+852 2493 7112','','+852 2413 7732','denco@pacific.net.hk','','Denco (HK) Medical Supplies Ltd.','2010-03-30 08:26:40','2010-03-31 16:06:15','Rm 903, 9/F, Aitken Vanson Center,<br />No. 61 Hoi Yuen Road, Kwun Tong, Kowloon ','','Hong Kong SAR',350,'',2,'COM',NULL,''),(2719,27,3,3,15,0,'+86 10 6588 9336','','+86 10 6588 9337','vivienkung@yahoo.com','','Jet Century Co. Ltd.','2010-03-30 08:26:40','2010-03-31 16:06:15','Room 705, Area 2, Block E, Landscape Center<br />#9-10 Chaoyangmenwai North Street ','','Beijing',350,'100020',2,'COM',NULL,''),(2720,27,3,3,15,0,'+86 755 220 84 13','','+86 755 220 85 72','supertim@public.szptt.net.cn','','Supertimes Trading Co. Ltd.','2010-03-30 08:26:40','2010-03-31 16:06:15','Rm. 205, 206 of Tian Fu Building, No. 1 of Shai Bu Road<br />Dong Men, Luo Hu District ','','Shen Zhen',350,'518000',2,'COM',NULL,''),(2721,27,3,3,23,416,'+423 235 37 66','','+423 239 47 66','therese.gubler@ivoclarvivadent.com','','Therese Gubler','2010-03-30 08:26:40','2010-03-31 16:06:23','','','',0,'',1,'COM',NULL,'Schweiz, Liechtenstein'),(2722,27,3,3,23,441,'+423 235 33 91','','+423 239 43 91','gernot.schuller@ivoclarvivadent.com','','Gernot Schuller','2010-03-30 08:26:40','2010-03-31 16:17:01','','','',0,'',1,'COM',NULL,'Österreich, Osteuropa, östliches Mittelmeer'),(2723,27,3,3,23,410,'+423 235 32 65','','+423 239 42 58','josef.richter@ivoclarvivadent.com','','Josef Richter','2010-03-30 08:26:40','2010-03-31 16:06:23','','','',0,'',1,'COM',NULL,'Internationaler Verkauf, Dentallegierungen'),(2724,27,3,3,23,434,'+49 7961 92 49 611','','+49 7961 92 49 616','andre.wieler@ivoclarvivadent.com','','Andre Wieler','2010-03-30 08:26:40','2010-03-31 16:06:23','','','',0,'',1,'COM',NULL,''),(2725,27,3,3,23,419,'+86 (21) 644 51 568','','+86 (21)  644 51 561','joerg.brenn@ivoclarvivadent.com','','Jörg Brenn','2010-03-30 08:26:40','2010-03-31 16:06:23','','','',0,'',1,'COM',NULL,'Asien'),(2726,27,3,3,23,0,'+81 3 6903 3535','','+81 3 5844 3657','info.japan@ivoclarvivadent.com','','Ivoclar Vivadent K.K.','2010-03-30 08:26:40','2010-03-31 16:06:23','1-28-24-4F Hongo<br />Bunkyo-ku','','Tokyo',358,'113-0033',1,'COM',NULL,''),(2727,27,3,3,23,438,'+423 235 33 65','','+423 239 43 65','daniela.prelog@ivoclarvivadent.com','','Daniela Prelog','2010-03-30 08:26:40','2010-03-31 16:18:15','','','',0,'',1,'COM',NULL,''),(2728,27,3,3,23,416,'+423 235 33 82','','+423 239 43 82','norbert.krainz@ivoclarvivadent.com','','Norbert Krainz','2010-03-30 08:26:40','2010-03-31 16:06:23','','','',0,'',1,'COM',NULL,''),(2729,27,3,3,15,0,'+965 (245) 49 24','','+965 (242) 30 43','alsayafemedical@alsayafemedical.co','','Al-Sayafe Medical & Pharmaceutical','2010-03-30 08:26:40','2010-03-31 16:06:15','P.O. Box 8133<br />Masond al-Masond Bldg.<br />Ground Floor<br />Opp. Alawadi Bldg. Shary, Kwt.','','Salmiya',364,'22052',2,'COM',NULL,''),(2730,27,3,3,15,0,'+963 (11) 3316438','','+963 (11) 3316438','hannadental.co@mail.sy','','Hanna Dental Co. - technical','2010-03-30 08:26:40','2010-03-31 16:06:15','Mayaloun Str. 14','','Damascus',376,'',2,'COM',NULL,''),(2731,27,3,3,15,0,'+ 973 17877107','','+ 973 17877207','gctbah@batelco.com.bh','','Gulf Corporation for Technology','2010-03-30 08:26:40','2010-03-31 16:06:15','P.o. Box 2576<br />Villa 390, Road 3009,<br />New Zinj 330 ','','NA Manama',348,'',2,'COM',NULL,''),(2732,27,3,3,15,0,'+213 (73) 34 81 51','','+213 (31) 64 11 55','odontomedicadz@yahoo.fr','','S A R L  Equipment Medico-Dentaire Bekkouche','2010-03-30 08:26:40','2010-03-31 16:06:15','Villa no. 126 cité El Mouna','','Constantine',383,'25000',2,'COM',NULL,''),(2733,27,3,3,15,0,'+32 (0)56 629 106','','+32 (0)56 629 107','info@alphadent.be','','Arseus - Alphadent nv','2010-03-30 08:26:40','2010-03-31 16:06:15','Textielstraat 24 ','','Waregem',303,'8790',2,'COM',NULL,''),(2734,27,3,3,15,0,'(800) 533 6825','','(716) 691 2285','','','Ivoclar Vivadent Inc.','2010-03-30 08:26:40','2010-03-31 16:06:15','175 Pineview Drive ','','Amherst',298,'14228 NY',2,'COM',NULL,''),(2735,27,3,3,15,0,'(800) 263 8192','','(905) 988 5400','','','Ivoclar Vivadent Inc.','2010-03-30 08:26:40','2010-03-31 16:06:15','2785 Skymark Avenue, Unit 1 ','','Mississauga, Ontario',297,'L4W4Y3',2,'COM',NULL,''),(2736,27,3,3,15,0,'+30 210 775 5900','','+30 210 775 5009','service@dentalvision.gr','','Dental Vision Trading Ltd.','2010-03-30 08:26:40','2010-03-31 16:06:15','<p>125, Michalacopoulou Street</p>','Griechenland','Athen',311,'11527',2,'COM',NULL,''),(2737,27,3,3,15,0,'+90 (212) 346 04 04','','+90 (212) 346 04 24','info@guneydis.com','','Güney Dis Deposu Tic. Ve San A.S.','2010-03-30 08:26:40','2010-03-31 16:06:15','Ahi Evran Caddesi No. 1<br />Polaris is Merkezi Kat.','','Maslak-Istanbul',340,'80670 ',2,'COM',NULL,''),(2738,27,3,3,15,0,'+ 47 22 07 27 27','','+47  22 07 27 97','','','Norsk Dental Depot','2010-03-30 08:26:40','2010-03-31 16:06:15','Östensjöveien 40 0667 Oslo<br />Postbox 6082 Etterstad ','','Oslo',327,'0601',2,'COM',NULL,''),(2739,27,3,3,15,0,'+45 75 15 00 11','','+45 75 15 68 11','chr@elstrom.dk','','Elstrøm Dental A/S','2010-03-30 08:26:40','2010-03-31 16:06:15','Susåvaenget 3 ','','Esbjerg',306,'6710',2,'COM',NULL,''),(2740,27,3,3,15,0,'+356 21 44 73 40','','+356 21 44 73 41','etienne.barthet@bart.com.mt','','Bart Enterprises Ltd.','2010-03-30 08:26:40','2010-03-31 16:06:15','42A Main Street ','Malta','Balzan BZN 06',322,'',2,'COM',NULL,''),(2741,27,3,3,15,0,'+43 (1) 699 99 22','','+43 (1) 699 99 22 9','herbert.puhane@sanitaria.at','','Sanitaria Dentalwaren Ges.m.b.H.','2010-03-30 08:26:40','2010-03-31 16:06:15','Gastgebgasse 27','','Wien',328,'1230',2,'COM',NULL,''),(2742,27,3,3,15,0,'+359 52 69 46 46','','+359 52 69 46 46','ecodent@ecodent-bg.com','','ECOdent GmbH','2010-03-30 08:26:40','2010-03-31 16:06:15','Opalchenska Str. 10','','Varna',305,'9000',2,'COM',NULL,''),(2743,27,3,3,15,0,'+420 541 426 880','','+420 541 426 899','obchod@henryschein.cz','','Henry Schein Dental s.r.o.','2010-03-30 08:26:40','2010-03-31 16:06:15','Palackého t&#345;ída 163','','Brno',339,'612 00',2,'COM',NULL,''),(2744,27,3,3,15,0,'+420 384 383 112','','+420 384 383 112','js.dent@worldonline.cz','','J.S. Dent','2010-03-30 08:26:40','2010-03-31 16:06:15','Palackeho 47 ','','Kardasova Recice',339,'378 21',2,'COM',NULL,''),(2745,27,3,3,15,0,'+36 (1) 4870320','','+36 (1) 4870324','hipokrat@mail.datanet.hu','','Hipokrat Dental Depot','2010-03-30 08:26:40','2010-03-31 16:06:15','Beethoven u. 2/A ','','Budapest',342,'1126',2,'COM',NULL,''),(2746,27,3,3,15,0,'+36 (1) 336 08 85','','+36 (1) 336 08 60','shop@sanitaria.hu','','Sanitaria','2010-03-30 08:26:40','2010-03-31 16:06:15','Rómer Flóris ut. 34','','Budapest',342,'1024',2,'COM',NULL,''),(2747,27,3,3,15,0,'+386 (1) 583 77 30','','+386 (1) 510 32 15','info@dentalia.si','','Dentalia d.o.o.','2010-03-30 08:26:40','2010-03-31 16:06:15','Celovska 197 ','','Ljubljana',337,'1000',2,'COM',NULL,''),(2748,27,3,3,15,0,'+386 (1) 585 42 51','','+386 (1) 585 42 98','','','Sanolabor d.d.','2010-03-30 08:26:40','2010-03-31 16:06:15','Leskoskova 4 ','','Ljubljana',337,'1001',2,'COM',NULL,''),(2749,27,3,3,15,0,'+49 79 61 88 90','','+49 79 61 63 26','info@ivoclarvivadent.de','','Ivoclar Vivadent GmbH','2010-03-30 08:26:40','2010-03-31 16:06:15','Dr. Adolf-Schneider-Str. 2','','Ellwangen/Jagst',307,'73479',2,'COM',NULL,''),(2750,27,3,3,15,0,'+48 22 63 55 496','','+48 22 63 55 469','info@ivoclarvivadent.com.pl','','Ivoclar Vivadent Polska sp.z.o.o.','2010-03-30 08:26:40','2010-03-31 16:06:15','Ul. Jana Pawla II 78','','Warszawa',329,'00-175',2,'COM',NULL,''),(2751,27,3,3,15,0,'+52 55 506 21000','','+52 55 555 314 26','info@ivoclarvivadent.com.mx','','Ivoclar Vivadent S.A. de C.V.','2010-03-30 08:26:40','2010-03-31 16:06:15','Avenida Mazatlán No. 61, Piso 2<br />Col. Condesa ','','Mexico D.F.',283,'06170',2,'COM',NULL,''),(2752,27,3,3,15,0,'+44 116 284 78 80','','+44 116 284 78 81','','','Ivoclar Vivadent UK Ltd.','2010-03-30 08:26:40','2010-03-31 16:06:15','Ground Floor<br />Compass Building<br />Feldspar Close<br />Warrens Business Park<br />Enderby ','','Leicester',312,'LE19 4SE',2,'COM',NULL,''),(2753,27,3,3,15,0,'+33 4 5088 6400','','+33 4 5068 9152','','','Ivoclar Vivadent SAS','2010-03-30 08:26:40','2010-03-31 16:06:15','B.P. 118 ','','Saint-Jorioz',310,'74410',2,'COM',NULL,''),(2754,27,3,3,15,0,'+39 0473 670 111','','+39 0473 667 780','info@ivoclarvivadent.it','','Ivoclar Vivadent srl & C. sas','2010-03-30 08:26:40','2010-03-31 16:06:15','Via Gustav Flora 32','','Naturno',315,'39025',2,'COM',NULL,''),(2755,27,3,3,15,0,'+ 34 913 75 78 20','','+ 34 913 75 78 38','info@ivoclarvivadent.es','','Ivoclar Vivadent S.L.U.','2010-03-30 08:26:40','2010-03-31 16:06:15','c/ Emilio Muñoz Nº 15 (entrada por C Albarracín)&nbsp;','','Madrid',338,'28037',2,'COM',NULL,''),(2756,27,3,3,15,0,'+61 3 9795 9599','','+61 3 9795 9645','','','Ivoclar Vivadent Pty. Ltd.','2010-03-30 08:26:40','2010-03-31 16:06:15','1-5 Overseas Drive<br />PO Box 367<br />Noble Park ','','Victoria',299,'3174',2,'COM',NULL,''),(2757,27,3,3,15,0,'+98 (21) 222 22 411','','+98 (21) 222 22 410','info@NikDental.com','','Nik-Jouyan Co. Ltd.','2010-03-30 08:26:40','2010-03-31 16:06:15','Apartment No. 1, First Floor Sabaz Bldg.,<br />Shangarf Street, Mirdamad Boulevard','','Tehran',356,'15489',2,'COM',NULL,''),(2758,27,3,3,15,0,'+98 (21) 8092 641','','+98 (21) 8092 641','','','B. Golbandi Trading Co. (clinical)','2010-03-30 08:26:40','2010-03-31 16:06:15','1468 Derakhsan Avenue','','Shahrak Gharb',356,'',2,'COM',NULL,''),(2759,27,3,3,15,0,'+965 (88) 55 99 125','','+965 571 17 61','kunhi@atc.com.kw','','Advanced Technology Company','2010-03-30 08:26:40','2010-03-31 16:06:15','P.O.Box: 44558','','Hawalli',364,'32060',2,'COM',NULL,''),(2760,27,3,3,15,0,'Phone: +967 (1) 241 728','','Fax: +967 (1) 420 878','','','Yemen Stores for Drugs & Dental Supplies','2010-03-30 08:26:40','2010-03-31 16:06:15','Amman Street','','Sana´a',359,'',2,'COM',NULL,''),(2761,27,3,3,15,0,'+91 022 2673 0302 / 5692 5163','','+91 022 2673 0301','ivoclar.vivadent@vsnl.com','','Ivoclar Vivadent Marketing Ltd (Liaison Office)','2010-03-30 08:26:40','2010-03-31 16:06:15','114, Janki Centre<br />Shah Industrial Estate<br />Off Veera Desai Road[r]Andheri (W) ','','Mumbai',353,'400 053',2,'COM',NULL,''),(2762,27,3,3,15,0,'+423 235 35 35','','+423 235 33 60','info@ivoclarvivadent.com','','Ivoclar Vivadent AG','2010-03-30 08:26:40','2010-03-31 16:06:15','Bendererstrasse 2 ','','Schaan',319,'9494',2,'COM',NULL,''),(2763,27,3,3,15,0,'+64 9630 5206','','+64 9630 6148 ; +64 9914 9990','','','Ivoclar Vivadent Ltd.','2010-03-30 08:26:40','2010-03-31 16:06:15','Wellesley Street<br />P.O. Box 5243 ','','Auckland',300,'',2,'COM',NULL,''),(2764,27,3,3,15,0,'+506 (2) 531 838','','+506 (2) 340 193','cosmodent@ice.co.cr','','Cosmodent S.A.','2010-03-30 08:26:40','2010-03-31 16:06:15','550 mts. Sur Iglesia de San Pedro ','','San Jose',278,'',2,'COM',NULL,''),(2765,27,3,3,15,0,'+503 (2) 271 8904','','+503 (2) 271 8919','dentimerc@integra.com.sv','','Dentimerc, S.A. de C.V.','2010-03-30 08:26:40','2010-03-31 16:06:15','Paseo Escalon No. 5015 ','','San Salvador',280,'',2,'COM',NULL,''),(2766,27,3,3,15,0,'+353 1 855 16 01','','+353 1 836 39 91','','','Ardagh Dental Supply Co.','2010-03-30 08:26:40','2010-03-31 16:06:15','Euro House, Unit 4<br />128-130 East Wall Road ','','3',313,'Dublin',2,'COM',NULL,''),(2767,27,3,3,15,0,'+354 5537 614','','+354 5536 434','manafoss@simnet.is','','Manafoss','2010-03-30 08:26:40','2010-03-31 16:06:15','Bolholti 4 ','','Reykjavik',314,'105',2,'COM',NULL,''),(2768,27,3,3,15,0,'+81 3 6903 3535','','+81 3 5844 3657','info.japan@ivoclarvivadent.com','','Ivoclar Vivadent K.K.','2010-03-30 08:26:40','2010-03-31 16:06:15','1-28-24-4F Hongo<br />Bunkyo-ku','','Tokyo',358,'113-0033',2,'COM',NULL,''),(2769,27,3,3,15,0,'+62 21 4241055, ','','+62 21 4252632','murnimulya@indo.net.id','','PT. Murni Mulya Mandiri','2010-03-30 08:26:40','2010-03-31 16:06:15','JL Gunung Sahari 3, No 11B','','Jakarta',354,'10610',2,'COM',NULL,''),(2770,27,3,3,15,0,'0062 21 633 2977','','0062 21 632 7634','Primaabadi@cbn.net.id','','Prima Abadi Dental Supply','2010-03-30 08:26:40','2010-03-31 16:06:15','Pusat Niaga Roxy Mas Blok 2<br />No. 30, Jl. K.H.Hasyim Ashari ','','10105',354,'Jakarta',2,'COM',NULL,''),(2771,27,3,3,15,0,'+63 2 374 11 11','','+63 2 372 08 93','adent@i-manila.com.ph','','Alphadent Corporation','2010-03-30 08:26:40','2010-03-31 16:06:15','316 Roosevelt Ave.<br />San Francisco del Monte ','','Quezon City',371,'',2,'COM',NULL,''),(2772,27,3,3,15,0,'+886 2 2711 4065','','+886 2 2711 4068','r511022@ms17.hinet.net','','Forsen Enterprise Co. Ltd.','2010-03-30 08:26:40','2010-03-31 16:06:15','10F, 99 Jen-Ai Road','Taipei','Sec. 4',377,'',2,'COM',NULL,''),(2773,27,3,3,15,0,'+66 2 69340614','','+66 2 6934065','','','Dental Vision Co. Ltd.','2010-03-30 08:26:40','2010-03-31 16:06:15','42 Soi Hussadisevee, Suthisar<br />Suthisarn Rd., Huaykwang ','','Bangkok',378,'10320',2,'COM',NULL,''),(2774,27,3,3,15,0,'+84 8 8425434','','+84 8 8491652','medentexpress@hcm.vnn.vn','','Medent Express Co. Ltd.','2010-03-30 08:26:40','2010-03-31 16:06:15','A 15 Cx Tan Son Nhi TB','','Ho Chi Minh City',381,'',2,'COM',NULL,''),(2775,27,3,3,15,0,'+81 (3) 3359 4321','','+81 (3) 3353 8403','misaki@rinkai-tokoyo.co.jp','','Rinkai Co. Ltd','2010-03-30 08:26:40','2010-03-31 16:06:15','Shinanomachi Height 106<br />No. 9 Minami Motomachi<br />Shinjuku-ku ','','Tokyo',358,'106-9912',2,'COM',NULL,''),(2776,27,3,3,15,0,'+92 91 854 621','','+92 91 814 482','chunghtai@pes.comsats.net.pk','','Chunghtai Dental Supply','2010-03-30 08:26:40','2010-03-31 16:06:15','3-Fwad Plaza<br />University Road ','','Peshawar',370,'25000',2,'COM',NULL,''),(2777,27,3,3,15,0,'+603 31811967','','+603 31879967','onedentalsupply@gmail.com','','One Dental supply Sdn Bhd','2010-03-30 08:26:40','2010-03-31 16:06:15','<p>Wisma S T Tview,<br />No.126 &amp; 128 Jalan Bunga Pekan</p>','','Banting',366,'42700',2,'COM',NULL,''),(2778,27,3,3,15,0,'+66 2 254 9520','','+66 2 253 5438','pault@unity-dental.com','','Unity Dental Co. Ltd.','2010-03-30 08:26:40','2010-03-31 16:06:15','26/4 Soi 8 (Soi Preeda)<br />Sukhumvit Road<br />Klongtoey ','','Bangkok',378,'10110',2,'COM',NULL,''),(2779,27,3,3,15,0,'+60 3 5122 4694','','+60 3 5122 4632','ardental@tm.net.my','','AR Dental Supplies SDN. BHD','2010-03-30 08:26:40','2010-03-31 16:06:15','No. 51 Jalan Anggerik Vanila AB 31/AB<br />Kota Kemuning Seksyen 31<br />Sha Alam ','','Selangor',366,'40460',2,'COM',NULL,''),(2780,27,3,3,15,0,'+91 022 5634 7684 / 5634 7685','','+91 022 2265 8007','sales@nkpatelandsons.com','','N.K. Patel & Sons','2010-03-30 08:26:40','2010-03-31 16:06:15','Kalyan Niwas<br />3rd Road<br />Khar (W) ','Maharashtra','Mumbai',353,'400052',2,'COM',NULL,''),(2781,27,3,3,15,0,'+91 044 2475 5512','','+91 044 2475 7476','vijaident@vsnl.com','','Vijai Dental Depot','2010-03-30 08:26:40','2010-03-31 16:06:15','\"Chitra Enclave\"<br />#1, SBI Officer\'s Colony<br />First Floor<br />Poonamallee High Road<br />Arumbakkam ','Tamil Nadu','Chennai',353,'600106',2,'COM',NULL,''),(2782,27,3,3,15,0,'+94 1 699 765','','+94 1 686 848','unicel@eureka.lk','','Unicel (PVT) Ltd.','2010-03-30 08:26:40','2010-03-31 16:06:15','25 Hedges Court ','','Colombo',374,'',2,'COM',NULL,''),(2783,27,3,3,15,0,'+88 62 2788 5088','','+88 62 2788 5093','welldent@ms29.hinet.net','','Joyo Welldent Co., Ltd.','2010-03-30 08:26:40','2010-03-31 16:06:15','6F, 384, Song Her Street','','Taipei',377,'',2,'COM',NULL,''),(2784,27,3,3,15,0,'+85 5 2321 8972','','+85 5 2321 8972','camdent@bigpond.com.kh','','Camdent Import & Export Co. Ltd','2010-03-30 08:26:40','2010-03-31 16:06:15','98CEO, Street 230','','Phnom Pheng',361,'',2,'COM',NULL,''),(2785,27,3,3,15,0,'+92 21 455 7170','','+92 21 453 0612','alikhan35@hotmail.com','','Khan Dental Laboratory','2010-03-30 08:26:40','2010-03-31 16:06:15','44 - 45 Ali Bhai Center ','','Pechs Karachi',370,'',2,'COM',NULL,''),(2786,27,3,3,15,0,'+55 (11) 3466 0800','','+55 (11) 3466 0840','cac@ivoclarvivadent.com.br','','Ivoclar Vivadent Ltda.','2010-03-30 08:26:40','2010-03-31 16:06:15','Rua Geraldo Flausino Gomes, <br />78 - 6.º andar Cjs. 61/62<br />Bairro: Brooklin Novo ','','São Paulo - SP',287,'CEP: 04575-060 ',2,'COM',NULL,''),(2787,27,3,3,15,0,'+57 1 627 3399','','+57 1 633 1663','icde.colombia@ivoclarvivadent.com.co','','Ivoclar Vivadent Marketing Ltda.','2010-03-30 08:26:40','2010-03-31 16:06:15','Calle 134 No. 7-B-83, Of. 520 ','','Santafé de Bogotá',290,'',2,'COM',NULL,''),(2788,27,3,3,15,0,'+502 2 366 5638','','+502 2 368 0482','cemejicano@magnodental.com','','Magno Dental S.A.','2010-03-30 08:26:40','2010-03-31 16:06:15','11 Avenida 19-39, Zona 10 ','','Guatemala C.A.',281,'01010',2,'COM',NULL,''),(2789,27,3,3,15,0,'+507 235 8510','','+57 235 8509','info@dentalmedpanama.com','','Dental Med S.A.','2010-03-30 08:26:40','2010-03-31 16:06:15','Plaza Agora Chanis<br />Planta Baja, Local No. 7<br />P.O. 55-0267 Paitilla ','','Panama',284,'',2,'COM',NULL,''),(2790,27,3,3,15,0,'+504 239 9084','','+504 232 1640','andodent@cablecolor.hn','','Andonie Dental S. de R.L.','2010-03-30 08:26:40','2010-03-31 16:06:15','<p>Apartado Postal 902 <br />Col. Las Colinas 6ta. Calle, 3113H</p>\n<p></p>\n<p></p>','','Tegucigalpa',282,'',2,'COM',NULL,''),(2791,27,3,3,15,0,'+1 809 241 1342','','+1 809 582 0022','delossantosdent@yahoo.com','','De los Santos Dental','2010-03-30 08:26:40','2010-03-31 16:06:15','Calle Onesimo Jimenez esq. C/5<br />Los Jardines Metropolitanos ','Republica Dominicana','Santiago',279,'',2,'COM',NULL,''),(2792,27,3,3,23,438,'+423 235 37 18','','+423 239 47 18','marcel.oehri@ivoclarvivadent.com','','Marcel Oehri','2010-03-30 08:26:40','2010-03-31 16:18:15','','','',0,'',1,'COM',NULL,''),(2793,27,3,3,15,0,'','','','ludmila.karzova@sis.com.by','','SIS Svjasinformservice','2010-03-30 08:26:40','2010-03-31 16:06:15','Ul. Surganova 24, Office 406','','Minsk',0,'220012',2,'COM',NULL,''),(2794,27,3,3,15,0,'+963 (31) 22 36 43','','+963 (31) 23 34 29','a.uzun@scs-net.org','','Ouzoun Trading Center - clinical','2010-03-30 08:26:40','2010-03-31 16:06:15','Ouzoun Street, Alhamadei<br />P.O. Box 2522 ','','Homs',376,'',2,'COM',NULL,''),(2795,27,3,3,15,0,'+886 (2) 2808 1996','','+886 (2) 2808 4999','jason.tseng@tsengltd.com','','Tseng Ltd.','2010-03-30 08:26:40','2010-03-31 16:06:15','21F, No. 29 Chung Cheng East Road, Sec. 2,<br />Tanshui, 251 ','','Taipei County',377,'',2,'COM',NULL,''),(2796,27,3,3,15,0,'0844 845 644','','+41 (44) 735 60 77','','','Labor Plus AG','2010-03-30 08:26:40','2010-03-31 16:06:15','Steinackerstrasse 47','','Urdorf',334,'8902 ',2,'COM',NULL,''),(2797,27,3,3,15,0,'+86-871-3179313','','+86-871-3154328','','','KunMing Jia Ye Dental Products Co.Ltd','2010-03-30 08:26:40','2010-03-31 16:06:15','No.5, Lane 30, Shuang Long Bridge<br />Yanjiang Road, KunMing City ','','YunNan Province',350,'650011',2,'COM',NULL,''),(2798,27,3,3,15,0,'+86 731 8808308','','+86 731 8808298','future-going@163.com','','Chang Sha Future-Going Medical Instrument Co. Ltd.','2010-03-30 08:26:40','2010-03-31 16:06:15','Room 504 Ying Cai Yuan Commercial Building<br />Yuelu District Changsha ','','Hunan',350,'410013  ',2,'COM',NULL,''),(2799,27,3,3,15,0,'+86 10 81765146','','+86 10 81765145','liangyn@vip.163.com','','Beijing Tingle Laclede Medical Equipment Co. Ltd.','2010-03-30 08:26:40','2010-03-31 16:06:15','No. 22 Building B4, Peng Lai Apartment<br />Dong San Qi Chang Ping District ','','Beijing',350,'102209  ',2,'COM',NULL,''),(2800,27,3,3,15,0,'58+212+754-0445 ó 754-0976','','58+212+754-0128','globaldent@cantv.net','','GLOBALDENT','2010-03-30 08:26:40','2010-03-31 16:06:15','<p>Final Av. Caurimare con <br />Calle Chaure, Quinta Goldi.<br />Colinas de Bello Monte</p>','','Caracas',296,'',2,'COM',NULL,''),(2801,27,3,3,15,0,'+57(1) 248 2764','','+57 (1) 249 7764','leivasdental@sky.net.co','','Leiva\'s Dental','2010-03-30 08:26:40','2010-03-31 16:06:15','Calle 71 No.5-23, Ofic. 604 ','','Santafé de Bogotá',290,'',2,'COM',NULL,''),(2802,27,3,3,15,0,'+57 (1) 6127 458','','+57 (1) 2135 309','importaciones@eurodent.com.co','','Representaciones Eurodent S.A.','2010-03-30 08:26:40','2010-03-31 16:06:15','Calle 126, No. 8 - 38&nbsp;','','Santafé de Bogotá',290,'',2,'COM',NULL,''),(2803,27,3,3,15,0,'+57 (1) 678 5318 ','','+57 (1) 526 2679','pardentales@etb.net.co','','Pardentales Ltda.','2010-03-30 08:26:40','2010-03-31 16:06:15','Calle 162, No. 40-46 ','','Santafé de Bogotá',290,'',2,'COM',NULL,''),(2804,27,3,3,15,0,'+ 59 (99) 461 7676','','+ 59 (99) 461 8855','charnel@cura.net','','Charnel Curaçao N.V.','2010-03-30 08:26:40','2010-03-31 16:06:15','<p>Saliña Harbour View<br /></p>\n<p></p>','Willemstaad','Curaçao',292,'',2,'COM',NULL,''),(2805,27,3,3,15,0,'+387 (51) 310 406','','+387 (51) 305 912','prodaja@krajinalijek.org','','Krajinalijek a.d.','2010-03-30 08:26:40','2010-03-31 16:06:15','I. Garasanina 6 ','','Banka Luka',304,'78000',2,'COM',NULL,''),(2806,27,3,3,15,0,'+389 (2) 321 80 80','','+389 (2) 321 80 81','savic_m@promedika.com.mk','','ProMedika','2010-03-30 08:26:40','2010-03-31 16:06:15','Ul. Mito H. Vailev Jasmin br. 50<br />V sprat ','','Skopie',323,'1000',2,'COM',NULL,''),(2807,27,3,3,15,0,'+389 (2) 313 20 06','','+389 (2) 323 73 50','jacivlado@yahoo.com','','Naturalia','2010-03-30 08:26:40','2010-03-31 16:06:15','str. Ilidenska no, 43/6 ','','Skopie',323,'1000',2,'COM',NULL,''),(2808,27,3,3,15,0,'+381 (18) 330 984','','+381 (18) 334 434','office@plastdent.co.yu','','Plast-DENT','2010-03-30 08:26:40','2010-03-31 16:06:15','Bul. Nemanica 85a ','','Nis',335,'18000',2,'COM',NULL,''),(2809,27,3,3,15,0,'+355 4 259425','','+355 4 267081','emele@icc-al.org','','Dental technicians school<br>Ivoclar Vivadent & Partners','2010-03-30 08:26:40','2010-03-31 16:06:15','Pruga. Prokop Myzeqari<br />Pallati 90/1, Blloku i Zyrave','','Tirana',301,'',2,'COM',NULL,''),(2810,27,3,3,15,0,'+43 (316) 68 27 33','','+43 (316) 68 27 33 40','graz@pluradent-austria.at','','Pluradent Austria GmbH','2010-03-30 08:26:40','2010-03-31 16:06:15','Körösistrasse 17/3. Stock','','Graz',328,'8010',2,'COM',NULL,''),(2811,27,3,3,15,0,'+43 (3362) 400 30','','+43 (3362) 400 325','','','Pharmador GesmbH. & Co.KG','2010-03-30 08:26:40','2010-03-31 16:06:15','<p>Ungarnstrasse 23</p>','','Grosspetersdorf',328,'7503',2,'COM',NULL,''),(2812,27,3,3,15,0,'+43 (316) 40 30 90-0','','+43 (316) 40 30 90-30','graz@henryschein.at','','Henry Schein Dental Austria GmbH','2010-03-30 08:26:40','2010-03-31 16:06:15','St. Peter Gürtel 4/2','','Graz',328,'8042',2,'COM',NULL,''),(2813,27,3,3,15,0,'+43 (463) 500 433','','+43 (463) 591 407','klagenfurt@henryschein.at','','Henry Schein Dental Austria GmbH','2010-03-30 08:26:40','2010-03-31 16:06:15','Geyerschütt 9 ','','Klagenfurt',328,'9020',2,'COM',NULL,''),(2814,27,3,3,15,0,'+381 (81) 260 711','','+381 (81) 260 711','','','RSV Farmacia Montenegro','2010-03-30 08:26:40','2010-03-31 16:06:15','Donja Gorica B.B.','','Podgorica',325,'81000',2,'COM',NULL,''),(2815,27,3,3,15,0,'+381 (11) 308 91 61','','+381 (11) 444 87 01','neodent@eunet.yu','','Neodent d.o.o.','2010-03-30 08:26:40','2010-03-31 16:06:15','Rankeova 4 ','','Belgrad',335,'11000',2,'COM',NULL,''),(2816,27,3,3,15,0,'+420 251 626 910','','+420 251 625 192','sor@soralhanzlik.cz','','Soral & Hanzlik s.r.o.','2010-03-30 08:26:40','2010-03-31 16:06:15','Kettnerova 1940 ','','Praha 5',339,'155 00',2,'COM',NULL,''),(2817,27,3,3,15,0,'+386 (1) 520 48 12','','+386 (1) 520 48 22','prodent@siol.net','','Prodent International d.o.o.','2010-03-30 08:26:40','2010-03-31 16:06:15','Zvezna ulica 2a ','','Ljubljana',337,'1000',2,'COM',NULL,''),(2818,27,3,3,15,0,'+36 (96) 518 047','','+36 (96) 518 048','info@dentalunio.hu','','Dental Unio Kft.','2010-03-30 08:26:40','2010-03-31 16:06:15','<strong><font face=\"Arial\" size=\"2\">Szér&#369;skert u. 10.</font></strong>','','Györ',342,'9024',2,'COM',NULL,''),(2819,27,3,3,15,0,'+964 (1) 719 08 22','','+964 (1) 718 74 20','issam@issambg.com','','Issam Bureau Group for Medical & Scientific Technology','2010-03-30 08:26:40','2010-03-31 16:06:15','Karada - Q 905 St. 15 No 45/1 ','','Baghdad',355,'',2,'COM',NULL,''),(2820,27,3,3,15,0,'+385 (1) 337 4006','','+385 (1) 337 4002','dental@medical-intertrade.hr','','Medical Intertrade d.o.o.','2010-03-30 08:26:40','2010-03-31 16:06:15','Dr. Franje Tudmana 3 ','','Sveta Medelja',317,'10431 ',2,'COM',NULL,''),(2821,27,3,3,15,0,'+420 543 215 625','','+420 543 215 625','medema@atlas.cz','','Medema s.r.o.','2010-03-30 08:26:40','2010-03-31 16:06:15','Kopecna 31 ','','Brno',339,'602 00',2,'COM',NULL,''),(2822,27,3,3,15,0,'+86 10 8447 2992','','+86 10 8447 2993',' jiangsh@public.bta.net.cn','','Beijing EAKA Technical Consultant Center Co,.Ltd','2010-03-30 08:26:40','2010-03-31 16:06:15','Rm 512, No.1 Building<br />Sun City, No.18<br />Xin Zhong Street<br />Dong Cheng District ','','Beijing',350,'100027',2,'COM',NULL,''),(2823,27,3,3,15,0,'+86 28 8170 0778','','+86 28 8170 0598','wangdaniel@yam.com','','Chengdu Taifu Medical Instrument Co.,Ltd','2010-03-30 08:26:40','2010-03-31 16:06:15','5th floor, Shuangxin Kechuang Yuan ','','Waixi Xiejiaci Chengdu',350,'610091',2,'COM',NULL,''),(2824,27,3,3,15,0,'+91 079 2644 0333','','+91 079 2656 2812','info@varuntraders.com','','Varun Traders','2010-03-30 08:26:40','2010-03-31 16:06:15','32, Raj Ratna Complex<br>\nOpp. Municipal School<br>\nNear Navrangpura Bus Stand<br>\nNavrangpura','Gujarat','Ahmedabad',353,'380 009',2,'COM',NULL,''),(2825,27,3,3,15,0,'+65 6743 1006','','+65 6743 7606','nupteck@singnet.com.sg','','Nu-Hup Teck Imporeter & Exporter Pte. Ltd.','2010-03-30 08:26:40','2010-03-31 16:06:15','180 Paya Lebar Road<br>\n# 07- 03 Yi Guang Building','','Singapore',373,'409032',2,'COM',NULL,''),(2826,27,3,3,15,0,'+65-65356775','','+65 65354991','felicia.kor@ivoclarvivadent.com','','Ivoclar Vivadent Marketing Ltd.','2010-03-30 08:26:40','2010-03-31 16:06:15','171 Chin Swee Road <br />#02-01 San Centre','','Singapore',373,'169877',2,'COM',NULL,''),(2827,27,3,3,15,0,'+40 720 900 385','','','vanzari@sanident.ro','','SANIDENT GROUP S.R.L.','2010-03-30 08:26:40','2010-03-31 16:06:15','\nStr. Logofat Tautu 66, sector 3 \n','','Bucharest',331,'031214',2,'COM',NULL,''),(2828,27,3,3,23,0,'Tel. +39 0473 67 01 11','','Fax +39 0473 66 77 80','','','Ivoclar Vivadent srl & C. sas','2010-03-30 08:26:40','2010-03-31 16:06:23','Via Gustav Flora 32','','Naturno (BZ)',315,'39025',1,'COM',NULL,''),(2829,27,3,3,23,0,'+49 (0) 79 61 / 8 89-0','','+49 (0) 79 61 / 63 26','','','Ivoclar Vivadent GmbH','2010-03-30 08:26:40','2010-03-31 16:06:23','\nDr. Adolf-Schneider-Str. 2\n','','Ellwangen, Jagst',307,'73479',1,'COM',NULL,''),(2830,27,3,3,23,0,'+61 3 979 595 99','','+61 3 979 596 45','','','Ivoclar Vivadent Pty. Ltd.','2010-03-30 08:26:40','2010-03-31 16:06:23','1 - 5 Overseas Drive<br />P.O. Box 367','','Noble Park, Vic. ',299,'3174',1,'COM',NULL,''),(2831,27,3,3,23,0,'+55 (11) 3466 0800','','+55 (11) 3466 0840','cac@ivoclarvivadent.com.br','','Ivoclar Vivadent Ltda','2010-03-30 08:26:40','2010-03-31 16:06:23','Rua Geraldo Flausino Gomes, <br />78 - 6.º andar Cjs. 61/62<br />Bairro: Brooklin Novo ','','São Paulo - SP',287,'CEP: 04575-060',1,'COM',NULL,''),(2832,27,3,3,23,0,'+1 905 238 5700','','+1 905 238 5711','','','Ivoclar Vivadent Inc.','2010-03-30 08:26:40','2010-03-31 16:06:23','2785 Skymark Avenue, Unit 1','','Mississauga, Ontario',297,'L4W4Y3',1,'COM',NULL,''),(2833,27,3,3,23,0,'+86 21 5456 0776','','+86 21 6445 1561','ivoclar@online.sh.cn','','Ivoclar Vivadent Marketing Ltd.','2010-03-30 08:26:40','2010-03-31 16:06:23','Rm 603 Kuen Yang International Business Plaza<br />No. 798 Zhao Jia Bang Road ','','Shanghai',350,'200030',1,'COM',NULL,''),(2834,27,3,3,23,0,'+57 1 627 33 99','','+57 1 633 16 63','','','Ivoclar Vivadent Marketing Ltd.','2010-03-30 08:26:40','2010-03-31 16:06:23','Calle 134 No. 13-83, Of. 520','','Bogotá',290,'',1,'COM',NULL,''),(2835,27,3,3,23,0,'+91 (22) 2673 0302','','+91 (22) 2673 0301','','','Ivoclar Vivadent Marketing Ltd','2010-03-30 08:26:40','2010-03-31 16:06:23','503/504 Raheja Plaza<br />15 B Shah Industrial Estate<br />Veera Desai Road, Andheri (West)<br />','','Mumbai ',353,'400 053',1,'COM',NULL,''),(2836,27,3,3,23,0,'+52 (55) 50 62 10 00','','+52 (55) 50 62 10 29','','','Ivoclar Vivadent S.A. de C.V.','2010-03-30 08:26:40','2010-03-31 16:06:23','Av. Mazatlan No. 61, Piso 2<br />Col. Condesa','','México, D.F.',283,'06170',1,'COM',NULL,''),(2837,27,3,3,23,0,'+64 9 630 52 06','','+64 9 630 61 48','','','Ivoclar Vivadent Ltd','2010-03-30 08:26:40','2010-03-31 16:06:23','12 Omega St, Albany<br />PO Box 5243 Wellesley St','','Auckland',300,'',1,'COM',NULL,''),(2838,27,3,3,23,0,'+48 22 635 54 96','','+48 22 635 54 69','','','Ivoclar Vivadent Polska Sp.z.o.o.','2010-03-30 08:26:40','2010-03-31 16:06:23','ul. Jana Pawla II 78','','Warszawa',329,'00175 ',1,'COM',NULL,''),(2839,27,3,3,23,0,'+34 913 75 78 20','','+34 913 75 78 38','info@ivoclarvivadent.es','','Ivoclar Vivadent S.L.U.','2010-03-30 08:26:40','2010-03-31 16:06:23','C&nbsp;Emilio Muñoz Nº 15 (entrada por C Albarracin)','','Madrid',338,'28037',1,'COM',NULL,''),(2840,27,3,3,23,0,'+46 (0) 8 514 93 930','','+46 (0) 8 514 93 940','','','Ivoclar Vivadent Nordic AB','2010-03-30 08:26:40','2010-03-31 16:06:23','Dalvägen 14 ','','Solna',333,'169 56 ',1,'COM',NULL,''),(2841,27,3,3,23,0,'+44 116 284 78 80','','+44 116 284 78 81','','','Ivoclar Vivadent UK Limited','2010-03-30 08:26:40','2010-03-31 16:06:23','Ground Floor<br />Compass Building<br />Feldspar Close<br />Warrens Business Park<br />Enderby','','Leicester',312,'LE19 4SE',1,'COM',NULL,''),(2842,27,3,3,23,0,'+1 800 533 6825','','+1 716 691 2285','','','Ivoclar Vivadent Inc.','2010-03-30 08:26:40','2010-03-31 16:06:23','175 Pineview Drive','','Amherst, N.Y.',298,'14228',1,'COM',NULL,''),(2843,27,3,3,23,419,'+46 8 514 93 932','','+46 8 514 93 940','bjorn.hagman@ivoclarvivadent.se','','Dr. Björn Hagman','2010-03-30 08:26:40','2010-03-31 16:06:23','','','',0,'',1,'COM',NULL,''),(2844,27,3,3,23,0,'+33 450 88 64 00','','+33 450 68 91 52','','','Ivoclar Vivadent SAS','2010-03-30 08:26:40','2010-03-31 16:06:23','B.P. 118','','Saint-Jorioz',310,'74410 ',1,'COM',NULL,''),(2845,27,3,3,15,0,'+45 43 66 44 44','','+45 43 66 44 00','','','DanDental A/S','2010-03-30 08:26:40','2010-03-31 16:06:15','Jydekrogen 16 ','','VALLENSBÆK',306,'26 25',2,'COM',NULL,''),(2846,27,3,3,15,0,'+45 87 68 16 11','','+46 87 68 16 22','','','Dansk Nordenta','2010-03-30 08:26:40','2010-03-31 16:06:15','Nydamsvej 8 ','','HØRNING',306,'8362',2,'COM',NULL,''),(2847,27,3,3,15,0,'+47 67 80 58 60','','+47 67 54 57 10','firmapost@licscadenta.no','','LIC SCADENTA A/S','2010-03-30 08:26:40','2010-03-31 16:06:15','Skytterdalen 6,1337 Sandvika<br />Postboks 443 ','','Sandvika',327,'1302',2,'COM',NULL,''),(2848,27,3,3,15,0,'+47 22 79 20 20','','+47 22 79 20 21	','','','Jacobsen Dental AS','2010-03-30 08:26:40','2010-03-31 16:06:15','Alfaset 1. Industrivei 4<br />Postboks 97 Alnabru ','','Oslo',327,'0614',2,'COM',NULL,''),(2849,27,3,3,15,0,'+47 22 76 01 40','','+47 22 26 02 30','','','Norsk Orthoform Depot A/S','2010-03-30 08:26:40','2010-03-31 16:06:15','Tvetenveien 158, OSLO<br />Boks 95','','Oslo',327,'0617',2,'COM',NULL,''),(2850,27,3,3,15,0,'+381 (24) 554 927','','+381 (24) 554 927','','','DENTAL-MEDICAL doo','2010-03-30 08:26:40','2010-03-31 16:06:15','Harambasiceva 8 ','','Subotica',335,'24000',2,'COM',NULL,''),(2851,27,3,3,15,0,'+421 (51) 758 2006','',' +421 (51) 758 2007','dentall@dentall.sk','','DentAll s r.o.','2010-03-30 08:26:40','2010-03-31 16:06:15','Záhradná 30 ','','Presov',336,'08001',2,'COM',NULL,''),(2852,27,3,3,15,0,'+98 (21) 6911252','','+98 (21) 6911253','dandanteb@yahoo.com','','Dandan Teb Kaveh Ltd. (technical) (Base Material)','2010-03-30 08:26:40','2010-03-31 16:06:15','No. 51, Floo 11, Block A<br />Borgsaz Building Azadi St.','','Tehran',356,'',2,'COM',NULL,''),(2853,27,3,3,15,0,'+593 (2) 246 9955','','+593 (2) 226 9194','ceramdentfv@andinanet.net','','Ivolab','2010-03-30 08:26:40','2010-03-31 16:06:15','Avenida 10 de Agosto No. 50-70 <br />y Naciones Unidas ','','Quito',289,'',2,'COM',NULL,''),(2854,27,3,3,15,0,'','','','','','Chughtai Dental Supply Co. Ltd.','2010-03-30 08:26:40','2010-03-31 16:06:15','','','Kabul',345,'',2,'COM',NULL,''),(2855,27,3,3,15,0,'+43 (1) 525 110','','+43 (1) 525 11 34','wien@henryschein.at','','Henry Schein Dental Austria GmbH','2010-03-30 08:26:40','2010-03-31 16:06:15','Computerstr. 6 ','','Wien',328,'1100',2,'COM',NULL,''),(2856,27,3,3,15,0,'+32 (0)56 358 407','','+32 (0)56 373 844','info@ianvs.be','','IANVS NV','2010-03-30 08:26:40','2010-03-31 16:06:15','Kuurnsesteenweg 36 ','','Kortrijk',303,'8500',2,'COM',NULL,''),(2857,27,3,3,15,0,'','','','','','Dynax FI Inc.','2010-03-30 08:26:40','2010-03-31 16:06:15','8, Melanic Drive, Suite #19','','Ontario',297,'L6T 4L2',2,'COM',NULL,''),(2858,27,3,3,15,0,'','','','','','MMCO Exports Ltd.','2010-03-30 08:26:40','2010-03-31 16:06:15','Sinclair Street','','West Vancouver, BC',297,'V7V 3V9',2,'COM',NULL,''),(2859,27,3,3,15,0,'','','','','','Action Enterprise Co. Ltd.','2010-03-30 08:26:40','2010-03-31 16:06:15','No. 196, Danan Street','','Shenyang',350,'110011',2,'COM',NULL,''),(2860,27,3,3,15,0,'','','','','','American SKY Dental Lab Co., Ltd','2010-03-30 08:26:40','2010-03-31 16:06:15','4/F No.7 Pingxi 5 Road','','Zhuhai / Guangdong',350,'519060',2,'COM',NULL,''),(2861,27,3,3,15,0,'','','','','','Daliang Tong Da Li Ltd.','2010-03-30 08:26:40','2010-03-31 16:06:15','ShaHeKou District AnShan Road','','Dalian City, Liaoning Province',350,'116022',2,'COM',NULL,''),(2862,27,3,3,15,0,'','','','','','DentUSA Laboratory','2010-03-30 08:26:40','2010-03-31 16:06:15','5Fl. 508 Chun Dong Rd','','Shanghai',350,'201108',2,'COM',NULL,''),(2863,27,3,3,15,0,'','','','','','Dong Guan Ding Yuan Laboratory Ltd.','2010-03-30 08:26:40','2010-03-31 16:06:15','Xiangdong Industry Zone','','Guangdong',350,'523833',2,'COM',NULL,''),(2864,27,3,3,15,0,'','','','','','GermanDent Laboratory','2010-03-30 08:26:40','2010-03-31 16:06:15','1/F, Building #6, 789 PuXing Rd','','Shanghai',350,'201114',2,'COM',NULL,''),(2865,27,3,3,15,0,'','','','','','Zhong da Chemical Developement Co.','2010-03-30 08:26:40','2010-03-31 16:06:15','989 9F Zhongada Square','','Shanghai',350,'200122',2,'COM',NULL,''),(2866,27,3,3,15,0,'','','','','','Jinan Bai LiTong','2010-03-30 08:26:40','2010-03-31 16:06:15','No.1, 4 Danyuan, 501Rm.','','JiNan City',350,'',2,'COM',NULL,''),(2867,27,3,3,15,0,'','','','','','Jing Hua Da Cheng Medicine Co. Ltd.','2010-03-30 08:26:40','2010-03-31 16:06:15','328 Jianshe Road','','Wuhan City',350,'430032',2,'COM',NULL,''),(2868,27,3,3,15,0,'','','','','','Qingdao Dali','2010-03-30 08:26:40','2010-03-31 16:06:15','Rm602, Unit 3, No. 1068','','Shandong Province',350,'266000',2,'COM',NULL,''),(2869,27,3,3,15,0,'','','','','','Rebello Dental Laboratory','2010-03-30 08:26:40','2010-03-31 16:06:15','2-3/F North Bldg.','','Shanghai',350,'200335',2,'COM',NULL,''),(2870,27,3,3,15,0,'','','','','','Shanghai Sandao Technical Ltd.','2010-03-30 08:26:40','2010-03-31 16:06:15','No. 328 JingLian Road','','Shanghai',350,'201108',2,'COM',NULL,''),(2871,27,3,3,15,0,'','','','','','Shanghai Sheenxy Company','2010-03-30 08:26:40','2010-03-31 16:06:15','Rm1501,No.1851,SiChuanBei Road','','Shanghai',350,'200081',2,'COM',NULL,''),(2872,27,3,3,15,0,'','','','','','Shenyang Golden Dental Medical','2010-03-30 08:26:40','2010-03-31 16:06:15','No. 143 ZhongShan Road','','ShenYang City',350,'110014',2,'COM',NULL,''),(2873,27,3,3,15,0,'','','','','','ShenYang Mei Da','2010-03-30 08:26:40','2010-03-31 16:06:15','1-24-1, No.52 Tie Xi District','','ShenYang City',350,'',2,'COM',NULL,''),(2874,27,3,3,15,0,'','','','','','Shenzhen Mecodent Dental','2010-03-30 08:26:40','2010-03-31 16:06:15','Flat B, 8/F, Blk 4','','Shenzhen',350,'518040',2,'COM',NULL,''),(2875,27,3,3,15,0,'','','','','','Shenzhen New Perfect Ind. Co. Ltd.','2010-03-30 08:26:40','2010-03-31 16:06:15','Block D, Building 62','','Shenzhen City',350,'',2,'COM',NULL,''),(2876,27,3,3,15,0,'','','','','','Smartech Dental Laboratory','2010-03-30 08:26:40','2010-03-31 16:06:15','No.51,5/F,Fu Tian Business Bld','','Shenzhen',350,'',2,'COM',NULL,''),(2877,27,3,3,15,0,'','','','','','Wuhan Brotherfai-Yurnly HI-TEC','2010-03-30 08:26:40','2010-03-31 16:06:15','Rm. 605, Yuan Yang Plaza','','Hubei',350,'430019',2,'COM',NULL,''),(2878,27,3,3,15,0,'','','','','','Xi\'an ZhiMei Dental Science','2010-03-30 08:26:40','2010-03-31 16:06:15','She Hui Road No. 52','','ShanXi',350,'710000',2,'COM',NULL,''),(2879,27,3,3,15,0,'','','','','','Ya Fei Dental (Chengdu)','2010-03-30 08:26:40','2010-03-31 16:06:15','5th/F, Building C, 3# Xin Yuan Road','','Cheng Du, Sichuan',350,'610041',2,'COM',NULL,''),(2880,27,3,3,15,0,'','','','','','Pontificia Universidad Javeriana','2010-03-30 08:26:40','2010-03-31 16:06:15','Carrera 7, No. 40-62 ','','Bogotá',350,'',2,'COM',NULL,''),(2881,27,3,3,15,0,'+381 34 337 713','','+381 34 300 713','office@akord-dental.com','','Akord Dental d.o.o.','2010-03-30 08:26:40','2010-03-31 16:06:15','28 Skerliceva ','','Kragujevac',335,'34000',2,'COM',NULL,''),(2882,27,3,3,15,0,'+381 38 540704','','+381 38 540704','','','NTSH \"Koslabor\"','2010-03-30 08:26:40','2010-03-31 16:06:15','5 Lagjja e re nr ','','Suhareke',316,'23000',2,'COM',NULL,''),(2883,27,3,3,15,0,'+420 577 926 228','','+420 577 926 205','hufa@hufa.cz','','Hu-Fa Dental a.s.','2010-03-30 08:26:40','2010-03-31 16:06:15','Moravní 909','','Otrokovice',339,'765 02 ',2,'COM',NULL,''),(2884,27,3,3,15,0,'+420 545 215 103','','+420 545 242 357','','','NWD Cesko s.r.o.','2010-03-30 08:26:40','2010-03-31 16:06:15','Bratislavská 50 ','','Brno 7',339,'602 00',2,'COM',NULL,''),(2885,27,3,3,15,0,'+213 (73) 34 81 51','','+213 (31) 64 11 55','odontomedicadz@yahoo.fr','','Ontomedica sarl Importation de produits et matériel dentaires','2010-03-30 08:26:40','2010-03-31 16:06:15','Cité 05 juillet 62 BT 15 N° 141','','Constantine',383,'25000',2,'COM',NULL,''),(2886,27,3,3,15,0,'','','','','','Dentatus d.o.o.','2010-03-30 08:26:40','2010-03-31 16:06:15','Bosutska 9','','Zagreb',317,'10000',2,'COM',NULL,''),(2887,27,3,3,15,0,'','','','','','Bramar Inc.','2010-03-30 08:26:40','2010-03-31 16:06:15','Priyadarshini Apts.','','Banglore',353,'560038',2,'COM',NULL,''),(2888,27,3,3,15,0,'','','','','','Omega Inc.','2010-03-30 08:26:40','2010-03-31 16:06:15','504, 4th \'C\' Cross, 5th \'A\' Main','','Bangalore',353,'560043',2,'COM',NULL,''),(2889,27,3,3,15,0,'','','','','','P. G. Pharmaceuticals Pvt. Ltd.','2010-03-30 08:26:40','2010-03-31 16:06:15','A - 1/2 Mahendru Enclave','','Delhi',353,'110009',2,'COM',NULL,''),(2890,27,3,3,15,0,'+962 (6) 533 03 20','','+962 (6) 533 24 20','abinosmed@gmail.com','','Abinos Medical Co','2010-03-30 08:26:40','2010-03-31 16:06:15','P.O. Box 541021<br />Khalil Al.Salem<br />11937 Abo Enseir','','Amman',360,'',2,'COM',NULL,''),(2891,27,3,3,15,0,'+254 (20) 4445307','','+254 (20) 4440607','infinity@iconnect.co.ke','','Dentmed Kenya Ltd','2010-03-30 08:26:40','2010-03-31 16:06:15','3rd Floor, Darshan Towers<br />Woodvale Groove. Westlands.<br />P.O. Box 43873','','Nairobi',386,'00100',2,'COM',NULL,''),(2892,27,3,3,15,0,'+82 2 2016 7000','','+82 2 2016 7001','info@osstem.co.kr','','Osstem Implant Co., Ltd.','2010-03-30 08:26:40','2010-03-31 16:06:15','8th Fl. World Meridian II<br />426-5, Gasan-dong<br />Geumcheon-gu','','Seoul',375,'153-759',2,'COM',NULL,''),(2893,27,3,3,15,0,'','','','','','Medi-DENTS','2010-03-30 08:26:40','2010-03-31 16:06:15','1082/6, Attygala Mawatha','','Rajagiriya',374,'',2,'COM',NULL,''),(2894,27,3,3,15,0,'+352 57 08 96','','+352 57 24 62','promed1@pt.lu','','Promedent SARL','2010-03-30 08:26:40','2010-03-31 16:06:15','Zare-Ouest ','','Ehlerange',321,'4384',2,'COM',NULL,''),(2895,27,3,3,15,0,'','','','','','San Thit Ar Raw Jan Co., Ltd.','2010-03-30 08:26:40','2010-03-31 16:06:15','No. A03-02 Lanmadaw Plaza','','Yangon',367,'',2,'COM',NULL,''),(2896,27,3,3,15,0,'+230 (2) 405270','','+230 (2) 472024','kaiseltd@intnet.mu','','Kaise Dental Ltd.','2010-03-30 08:26:40','2010-03-31 16:06:15','53, La Paix Street','','Port-Louis',388,'',2,'COM',NULL,''),(2897,27,3,3,15,0,'+234 (62) 249738','','+234 (62) 248083','labodent@skannet.com','','Dr. Dahiru S. Labo','2010-03-30 08:26:40','2010-03-31 16:06:15','7, Wurno Road, GR','','Kaduna',390,'',2,'COM',NULL,''),(2898,27,3,3,15,0,'+505 228 5000','','+505 228 3088','jfillol@casateran.com.ni','','Casa Teran','2010-03-30 08:26:40','2010-03-31 16:06:15','Apartado 4512','','Managua',291,'',2,'COM',NULL,''),(2899,27,3,3,15,0,'+31 (0)23 524 30 49','','+31 (0)23 524 80 58','','','Williams Benelux BV','2010-03-30 08:26:40','2010-03-31 16:06:15','Stephensonstraat 47 ','','Haarlem',326,'2014 KC',2,'COM',NULL,''),(2900,27,3,3,15,0,'+31 (0)591 697 111','','+31 (0)591 697 110','','','Henry Schein - Servodent bv','2010-03-30 08:26:40','2010-03-31 16:06:15','P.O. Box 138<br />7800 AC Emmen<br />Hoenderkamp 18 ','','Emmen',326,'7812 VZ',2,'COM',NULL,''),(2901,27,3,3,15,0,'+31 (0)78 654 37 37','','+31 (0)78 654 37 30','info@dentalair.nl','','Dentalair Products Nederland B.V.','2010-03-30 08:26:40','2010-03-31 16:06:15','P.O. Box 273<br />3300 AG Dordrecht<br />Wieldrechtseweg 26','','Dordrecht',326,'3316 BG',2,'COM',NULL,''),(2902,27,3,3,15,0,'+31 (0)13 522 91 20','','+31 (0)13 509 38 28','sales@basiqdental.nl','','Basiq Dental B.V.','2010-03-30 08:26:40','2010-03-31 16:06:15','Industrielaan 2 ','','Oisterwijk',326,'5061 KC',2,'COM',NULL,''),(2903,27,3,3,15,0,'','','','','','Universal Dental (PVT) Ltd.','2010-03-30 08:26:40','2010-03-31 16:06:15','Opp. K. E. Medical College Hostel','','Lahore',370,'54000',2,'COM',NULL,''),(2904,27,3,3,15,0,'+40 (57) 254 638','','+40 (57) 273 800','','','SC Doriot Dent SRL','2010-03-30 08:26:40','2010-03-31 16:06:15','Str. Barabas Bela, Nr. 18 A ','','Arad',331,'',2,'COM',NULL,''),(2905,27,3,3,15,0,'+249 (15) 562170','','+249 (15) 560607','marwaco@sudanmail.net','','Marwa Co.','2010-03-30 08:26:40','2010-03-31 16:06:15','Banat Al Awda Street','','Khartoum',393,'2252',2,'COM',NULL,''),(2906,27,3,3,15,0,'0171-47 84 50','','0171-4784 89','','','Lifco Dental','2010-03-30 08:26:40','2010-03-31 16:06:15','Verkmästaregatan 1 ','','Enköping',333,'745 85',2,'COM',NULL,''),(2907,27,3,3,15,0,'','','','','','Bozo Kolesa','2010-03-30 08:26:40','2010-03-31 16:06:15','Kidriceva 21','','Litija',337,'1270',2,'COM',NULL,''),(2908,27,3,3,15,0,'+221 (826) 6465','','+221 (826) 1806','dentaire@menara.ma','','Actions Medicales sarl','2010-03-30 08:26:40','2010-03-31 16:06:15','Sicap Amitie II Allees Thierno','','Dakar Fann',391,'',2,'COM',NULL,''),(2909,27,3,3,15,0,'','','','','','Ivoclar Vivadent Marketing Office','2010-03-30 08:26:40','2010-03-31 16:06:15','Manager clinical:<br />Dr. Altay Uludamar<br /><a href=\"mailto:a.uludamar@superonline.com\">a.uludamar@superonline.com</a>\n<p></p>Manacher technical:<br />Mr. Stephan Fiorillo<br /><a href=\"mailto:stephan.fiorillo@ivoclarvivadent.com\">stephan.fiorillo@ivoclarvivadent.com</a>','','',340,'',2,'COM',NULL,''),(2910,27,3,3,15,0,'','','','','','Ve-Den Dental Laboratory','2010-03-30 08:26:40','2010-03-31 16:06:15','12F, No. 129, Section 2','','Taipei',377,'104',2,'COM',NULL,''),(2911,27,3,3,15,0,'','','','','','SHIMMER COMPUTERIZED','2010-03-30 08:26:40','2010-03-31 16:06:15','17F-1, H Bldg.','','Taipei',377,'235',2,'COM',NULL,''),(2912,27,3,3,15,0,'','','','','','Able-Win Co. Ltd.','2010-03-30 08:26:40','2010-03-31 16:06:15','479 Chung Hsiao East Road No.','','Taipei Hsien',377,'',2,'COM',NULL,''),(2913,27,3,3,15,0,'','','','','','Medical Choice Supply','2010-03-30 08:26:40','2010-03-31 16:06:15','7Fl, No 118-1','','Taipei',377,'',2,'COM',NULL,''),(2914,27,3,3,15,0,'','','','','','Kuo Hwa Dental Suppliers Co. Ltd.','2010-03-30 08:26:40','2010-03-31 16:06:15','6F, No. 351, Sec.2, Chung Shan Rd.','','Taipei',377,'',2,'COM',NULL,''),(2915,27,3,3,15,0,'','','','','','Tei-Jel Enterprise Co.','2010-03-30 08:26:40','2010-03-31 16:06:15','5 Fl. No. 1 Lane 83 Sec. 1','','Taipei 241',377,'',2,'COM',NULL,''),(2916,27,3,3,15,0,'','','','','','Syndex Technical Supplies Ltd.','2010-03-30 08:26:40','2010-03-31 16:06:15','3rd Fl., 129 Chung Cheng Road','','Taipei',377,'',2,'COM',NULL,''),(2917,27,3,3,15,0,'','','','','','Alendent Co.','2010-03-30 08:26:40','2010-03-31 16:06:15','6 Mghetar-Herace','','Yerevan',0,'375030',2,'COM',NULL,''),(2918,27,3,3,15,0,'','','','','','DENTAX LLC','2010-03-30 08:26:40','2010-03-31 16:06:15','Avet Avetisyan 80','','Yerevan',0,'375033',2,'COM',NULL,''),(2919,27,3,3,15,0,'','','','','','SZ Pharma','2010-03-30 08:26:40','2010-03-31 16:06:15','63/23 Tigran Metz Str.','','Yerevan',0,'375005',2,'COM',NULL,''),(2920,27,3,3,15,0,'','','','','','UGIN DCH Ltd. Co.','2010-03-30 08:26:40','2010-03-31 16:06:15','2 Koryuna Str.','','Erevan',0,'375025',2,'COM',NULL,''),(2921,27,3,3,15,0,'','','','','','Charnel N.V.','2010-03-30 08:26:40','2010-03-31 16:06:15','P.O.Box 263','','Oranjestad',0,'',2,'COM',NULL,''),(2922,27,3,3,15,0,'','','','','','Arash  Medical Produktion','2010-03-30 08:26:40','2010-03-31 16:06:15','Fuad Ibragimbekov 19','','Baku',0,'370067',2,'COM',NULL,''),(2923,27,3,3,15,0,'','','','','','Ramil Mirheydarov','2010-03-30 08:26:40','2010-03-31 16:06:15','Appt. 6, Inshaatchilar Avenue 11B','','Baku',0,'1065',2,'COM',NULL,''),(2924,27,3,3,15,0,'','','','','','Salam & Co.','2010-03-30 08:26:40','2010-03-31 16:06:15','Central Post-Office','','Baku',0,'1000',2,'COM',NULL,''),(2925,27,3,3,15,0,'','','','','','Societe Interkin sprl','2010-03-30 08:26:40','2010-03-31 16:06:15','48 Av Mongala De La Gombe','','Kinshasa',0,'',2,'COM',NULL,''),(2926,27,3,3,15,0,'','','','','','AS Oriola','2010-03-30 08:26:40','2010-03-31 16:06:15','Saku 8','','Tallinn',0,'11314',2,'COM',NULL,''),(2927,27,3,3,15,0,'','','','','','Sirowa DAB','2010-03-30 08:26:40','2010-03-31 16:06:15','Salve 2c','','Tallinn',0,'11612',2,'COM',NULL,''),(2928,27,3,3,15,0,'','','','','','DENTSTAL DENT LTD.','2010-03-30 08:26:40','2010-03-31 16:06:15','117 Agmashenebeli Ave.','','Tbilisi',0,'380164',2,'COM',NULL,''),(2929,27,3,3,15,0,'','','','','','TOO \"Lutsch\"','2010-03-30 08:26:40','2010-03-31 16:06:15','Ul. Satpaeva 50','','Almaty',0,'480057',2,'COM',NULL,''),(2930,27,3,3,15,0,'','','','','','UAB Kreva','2010-03-30 08:26:40','2010-03-31 16:06:15','Kelmynu Gl. 5','','Kaunas',0,'3016',2,'COM',NULL,''),(2931,27,3,3,15,0,'','','','','','UAB Oriola Vilnius','2010-03-30 08:26:40','2010-03-31 16:06:15','Laisves pr. 75','','Vilnius',0,'2022',2,'COM',NULL,''),(2932,27,3,3,15,0,'','','','','','UAB Sirowa DAB','2010-03-30 08:26:40','2010-03-31 16:06:15','Svitrigailos str. 11B ','','Sirowa',0,'3228',2,'COM',NULL,''),(2933,27,3,3,15,0,'','','','','','Dentoflex Schumann SIA','2010-03-30 08:26:40','2010-03-31 16:06:15','Maza Piena street 2','','Riga',0,'1045',2,'COM',NULL,''),(2934,27,3,3,15,0,'','','','','','SIA Oriola Riga','2010-03-30 08:26:40','2010-03-31 16:06:15','Dzelzavas str. 120M','','Riga',0,'1021',2,'COM',NULL,''),(2935,27,3,3,15,0,'','','','','','Sirowa DAB SIA','2010-03-30 08:26:40','2010-03-31 16:06:15','Katrinas dambis 16','','Riga',0,'1045',2,'COM',NULL,''),(2936,27,3,3,15,0,'','','','','','Dental Market SRL','2010-03-30 08:26:40','2010-03-31 16:06:15','Bucuresti Str 13','','Chisinau',0,'2001',2,'COM',NULL,''),(2937,27,3,3,15,0,'','','','','','Plimed','2010-03-30 08:26:40','2010-03-31 16:06:15','Ghioceilor Str. 1','','Kishinev',0,'2008',2,'COM',NULL,''),(2938,27,3,3,15,0,'','','','','','Super-Dent SRL','2010-03-30 08:26:40','2010-03-31 16:06:15','Str. Vlaicul Pircalab 17','','Chisinau',0,'2012',2,'COM',NULL,''),(2939,27,3,3,15,0,'','','','','','Krishna Nepal Trading','2010-03-30 08:26:40','2010-03-31 16:06:15','3rd Floor, Tripureshwar','','Kathmandu',0,'',2,'COM',NULL,''),(2940,27,3,3,15,0,'','','','','','Ukrainian medical-biological','2010-03-30 08:26:40','2010-03-31 16:06:15','ul. Nagornaja, 6/31, of.16','','Kiev',0,'4107',2,'COM',NULL,''),(2941,27,3,3,15,0,'','','','','','Remis-Dental','2010-03-30 08:26:40','2010-03-31 16:06:15','Komsomolskaja Strasse 35/14','','Dneprpetrovsk',0,'49000',2,'COM',NULL,''),(2942,27,3,3,15,0,'','','','','','Hariko Med Ukraine','2010-03-30 08:26:40','2010-03-31 16:06:15','Frunze str, 13-D','','Kiev',0,'4080',2,'COM',NULL,''),(2943,27,3,3,15,0,'','','','','','Ukrainian medical-biological','2010-03-30 08:26:40','2010-03-31 16:06:15','ul. Nagornaja, 6/31, of.16','','Kiev',0,'4107',2,'COM',NULL,''),(2944,27,3,3,15,0,'','','','','','inSpe','2010-03-30 08:26:40','2010-03-31 16:06:15','42 Br. Mikhnovskkyh str.','','',0,'79018',2,'COM',NULL,''),(2945,27,3,3,15,0,'','','','','','Fa. Stoma','2010-03-30 08:26:40','2010-03-31 16:06:15','3 ul. Njutona','','Charkov',0,'61105',2,'COM',NULL,''),(2946,27,3,3,15,0,'','','','','','IMPRX','2010-03-30 08:26:40','2010-03-31 16:06:15','2 Geroev Dnepra St.','','Kaniv',0,'19000',2,'COM',NULL,''),(2947,27,3,3,23,416,'+57 (1) 627 33 99','','+57 (1) 633 16 63','german.sarmiento@ivoclarvivadent.com.co','','German Sarmiento','2010-03-30 08:26:40','2010-03-31 16:06:23','','','',0,'',1,'COM',NULL,''),(2948,27,3,3,15,0,'+43 1 66 20 272','','+43 1 66 20 272 20','','','Nord West Dental','2010-03-30 08:26:40','2010-03-31 16:06:15','Gastgebgasse 27 ','','Wien',328,'1230',2,'COM',NULL,''),(2949,27,3,3,15,0,'+43 732 66 55 71','','+43 732 66 55 65','','','Nord West Dental','2010-03-30 08:26:40','2010-03-31 16:06:15','Prinz-Eugen-Strasse 35-37','','Linz',328,'4020',2,'COM',NULL,''),(2950,27,3,3,15,0,'+420 224 936 925','','+420 224 936 927','','','Dentamed (CR) s.r.o.','2010-03-30 08:26:40','2010-03-31 16:06:15','Pod Lipami 2602/41','','Praha 3',339,'130 00',2,'COM',NULL,''),(2951,27,3,3,15,0,'+386 (2) 450 28 11','','','donko@farmadent.si','','Farmadent d.o.o.','2010-03-30 08:26:40','2010-03-31 16:06:15','Minarikova ul. 6 ','','Maribor',337,'2000',2,'COM',NULL,''),(2952,27,3,3,23,438,'+423 235 32 81','','+423 239 42 81','andreas.meier@ivoclarvivadent.com','','Andreas Meier','2010-03-30 08:26:40','2010-03-31 16:18:15','','','',0,'',1,'COM',NULL,''),(2953,27,3,3,23,419,'+44 (0) 116 284 7882','','+44 (0) 116 284 7881','daryll.muff@ivoclarvivadent.co.uk','','Daryll Muff','2010-03-30 08:26:40','2010-03-31 16:06:23','','','',312,'',1,'COM',NULL,''),(2954,27,3,3,23,0,'+7 495 913 66 19','','+7 495 913 66 15','','','Ivoclar Vivadent Marketing Ltd.','2010-03-30 08:26:40','2010-03-31 16:06:23','Derbenevskaja Nabereshnaya 11, Geb. W','','Moskau',332,'115114',1,'COM',NULL,''),(2955,27,3,3,15,0,'+36 (1) 2990117','','+36 (1) 2990118','info@ivodent.hu','','IvoDent Magyarország Kft.','2010-03-30 08:26:40','2010-03-31 16:06:15','Lajos utca 22.','','Budapest',342,'1023',2,'COM',NULL,''),(2956,27,3,3,15,0,'+36 (1) 436 9790','','+36 (1) 436 9799','dental@mwdental.hu','','M+W Dental Magyarország Kft.','2010-03-30 08:26:40','2010-03-31 16:06:15','Csillaghegyi u. 19-21 ','','Budapest',342,'1037 ',2,'COM',NULL,''),(2957,27,3,3,15,0,'+31 (0)345 518 004','','+31 (0)345 512 929','','','Arthodent B.V.','2010-03-30 08:26:40','2010-03-31 16:06:15','Plantijnweg 27','','Culemborg',326,'4104 BC',2,'COM',NULL,''),(2958,27,3,3,15,0,'+31 (0)43 306 43 84','','+31 (0)43 306 42 65','','','Isodent B.V.','2010-03-30 08:26:40','2010-03-31 16:06:15','Sneeuwberglaan 24','','Vaals',326,'6291 HC',2,'COM',NULL,''),(2959,27,3,3,15,0,'+31 (0)10 286 30 00','','+31 (0)10 286 30 09','','','Hofmeester Dental B.V.','2010-03-30 08:26:40','2010-03-31 16:06:15','Anthonetta Kuijlstraat 111-115','','Rotterdam',326,'3066 GS',2,'COM',NULL,''),(2960,27,3,3,15,0,'+32 (0)2 558 17 00','','+32 (0)2 558 17 10','info@dentalpromotion.be','','Dental Promotion & Innovation NV/SA','2010-03-30 08:26:40','2010-03-31 16:06:15','Boulevard Industriellaan 101','','Anderlecht',303,'1070',2,'COM',NULL,''),(2961,27,3,3,15,0,'+32 (0)800 900 50','','+32 (0)800 900 60','sales@basiqdental.be','','Basiq Dental SPRL/BVBA','2010-03-30 08:26:40','2010-03-31 16:06:15','BP/P.O. Box 33 ','','Wuustwezel',303,'2990',2,'COM',NULL,''),(2962,27,3,3,15,0,'+32 (0)3 226 43 33','','+32 (0)3 281 20 97','verkoop@adt.be','','American Dental Trading','2010-03-30 08:26:40','2010-03-31 16:06:15','P.O. Box 34','','Arendonk',303,'2370',2,'COM',NULL,''),(2963,27,3,3,15,0,'+352 42 00 28','','+352 42 08 04','luxdenta@pt.lu','','Lux Dental Prodiba S.A.R.L.','2010-03-30 08:26:40','2010-03-31 16:06:15','57, Côte dEich ','','Luxembourg',321,'1450',2,'COM',NULL,''),(2964,27,3,3,15,0,'+32 (0)2 257 40 50','','+32 (0)2 257 40 51','verkoop@henryschein.be','','Henry Schein Dental','2010-03-30 08:26:40','2010-03-31 16:06:15','Medialaan 36','','Vilvoorde',303,'1800',2,'COM',NULL,''),(2965,27,3,3,15,0,'+974 (486) 34 57','','+974 (488) 25 85','','','Ali Ben Ali Medical Equipment & Supplies','2010-03-30 08:26:40','2010-03-31 16:06:15','P.O. Box 75<br />Abdullah Bin Thani Street 3<br />Al Jasra Area','','Doha',363,'',2,'COM',NULL,''),(2966,27,3,3,15,0,'+91 (11) 460 13 907','','','vaidyavikram@yahoo.com','','Sp Dental','2010-03-30 08:26:40','2010-03-31 16:06:15','216 A/12<br />Ground Floor ','','New Dehli',353,'110049',2,'COM',NULL,''),(2967,27,3,3,15,0,'+351 225573220','','+351 225573329','ant.ribeiro@apex.pt','','APEX, Material e equipamento medico lda.','2010-03-30 08:26:40','2010-03-31 16:06:15','Rua Aval de Cima, 79 ','','Porto',330,'4200-107',2,'COM',NULL,''),(2968,27,3,3,15,0,'00421 37 6504808','','00421 37 6504808','sanus@sanusdental.sk','','SANUS DENTAL','2010-03-30 08:26:40','2010-03-31 16:06:15','Sipova 35','','Nitra',336,'949 01',2,'COM',NULL,''),(2969,27,3,3,23,432,'+48 (22) 635 54 97','','+48 (22) 635 54 69','j.ofman@vivadent.com.pl','','Jacek Ofman','2010-03-30 08:26:40','2010-03-31 16:06:23','','','',329,'',1,'COM',NULL,''),(2970,27,3,3,23,419,'+33 (450) 88 64 08','','+33 (450) 88 64 50','henri.rochet@ivoclarvivadent.fr','','Henri Rochet','2010-03-30 08:26:40','2010-03-31 16:06:23','','','',310,'',1,'COM',NULL,''),(2971,27,3,3,23,432,'+39 (051) 298 59 91','','+39 (051) 593 317','sergio.devito@ivoclarvivadent.it','','Sergio De Vito','2010-03-30 08:26:40','2010-03-31 16:06:23','','','',315,'',1,'COM',NULL,''),(2972,27,3,3,23,422,'+61 397 959 599','','+61 397 959 645','phil.turley@ivoclarvivadent.com.au','','Phil Turley','2010-03-30 08:26:40','2010-03-31 16:06:23','','','',299,'',1,'COM',NULL,''),(2973,27,3,3,23,422,'+64 9 914 9999','','+64 9 914 9990','peter.brodeur@ivoclarvivadent.co.nz','','Peter Brodeur','2010-03-30 08:26:40','2010-03-31 16:06:23','','','',300,'',1,'COM',NULL,''),(2974,27,3,3,23,422,'+52 55 5062 1000','','+52 55 5553 1426','hector.flores@ivoclarvivadent.com.mx','','Hector Flores','2010-03-30 08:26:40','2010-03-31 16:06:23','','','',283,'',1,'COM',NULL,''),(2975,27,3,3,23,422,'+55 11 3466 0820','','+55 11 3466 0800','evandro.figueiredo@ivoclarvivadent.com.br','','Evandro Figueiredo','2010-03-30 08:26:40','2010-03-31 16:06:23','','','',287,'',1,'COM',NULL,''),(2976,27,3,3,23,444,'+1 716 691 2261','','+1 716 691 2284','pierre.lamoure@ivoclarvivadent.us.com','','Pierre Lamoure','2010-03-30 08:26:40','2010-03-31 16:16:32','','','',298,'',1,'COM',NULL,''),(2977,27,3,3,23,445,'+1 716 691 2208','','+1 716 691 2284','patrick.segnere@ivoclarvivadent.us.com','','Pat Segnere','2010-03-30 08:26:40','2010-03-31 16:16:15','','','',298,'',1,'COM',NULL,''),(2978,27,3,3,23,415,'+1 716 691 2209','','+1 716 691 2254','sarah.anders@ivoclarvivadent.us','','Sarah K. Anders','2010-03-30 08:26:40','2010-03-31 16:06:23','','','',297,'',1,'COM',NULL,''),(2979,27,3,3,15,0,'+971 6 5735070','','+971 6 5735071','sawarimd@emirates.net.ae','','AL-Sawari Medical Equipment Trading Co.','2010-03-30 08:26:40','2010-03-31 16:06:15','King Abdul Aziz Street<br />Omran Tower-Office No. 705','','Sharjah',380,'',2,'COM',NULL,''),(2980,27,3,3,15,0,'+45 44 54 04 34','','+45 44 54 04 44','ib@d34.dk','','D34','2010-03-30 08:26:40','2010-03-31 16:06:15','Istevdalsvej 214','','RØDOVRE',306,'2610',2,'COM',NULL,''),(2981,27,3,3,15,0,'+45 46 90 14 14','','+45 46 90 14 05','','','Dansk Nordenta / Taastrup','2010-03-30 08:26:40','2010-03-31 16:06:15','Hørsvinget 5-7','','TAASTRUP',306,'2630',2,'COM',NULL,''),(2982,27,3,3,15,0,'+358 105886108','','+358 2 2336543','','','Hammasväline','2010-03-30 08:26:40','2010-03-31 16:06:15','Linnankatu 3 a B','','TURKU',309,'20100',2,'COM',NULL,''),(2983,27,3,3,15,0,'+358 10 5886000','','+358 105886999','','','Hammasväline OY','2010-03-30 08:26:40','2010-03-31 16:06:15','Harmaaparrankuja 1 A<br />P.O Box 15','','ESPOO',309,'02101',2,'COM',NULL,''),(2984,27,3,3,15,0,'+358 105886107','','','','','Hammasväline, Kuopio','2010-03-30 08:26:40','2010-03-31 16:06:15','Volttikatu 7','','KUOPIO',309,'70700',2,'COM',NULL,''),(2985,27,3,3,15,0,'+358 105886110','','','','','Hammasväline, Seinäjoki','2010-03-30 08:26:40','2010-03-31 16:06:15','Kampusranta 5','','Seinäjoki',309,'60100',2,'COM',NULL,''),(2986,27,3,3,15,0,'+358 1005886650','','','','','Hammasväline,Joensuu','2010-03-30 08:26:40','2010-03-31 16:06:15','Niinivaarantie 87 B 2','','JOENSUU',309,'80230',2,'COM',NULL,''),(2987,27,3,3,15,0,'+358 20 7795 200','','+358 20 7795 344','','','Plandent Oy','2010-03-30 08:26:40','2010-03-31 16:06:15','Asentajankatu 6','','HELSINKI',309,'00880',2,'COM',NULL,''),(2988,27,3,3,15,0,'+358 207795600','','','','','Plandent Oy','2010-03-30 08:26:40','2010-03-31 16:06:15','Ursininkatu 11','','TURKU',309,'20100',2,'COM',NULL,''),(2989,27,3,3,15,0,'+358 207795666','','','','','Plandent Oy','2010-03-30 08:26:40','2010-03-31 16:06:15','Kauppurienkatu 39 A','','OULU',309,'90100',2,'COM',NULL,''),(2990,27,3,3,15,0,'+358 207795640','','+358 204595650','','','Plandent Oy','2010-03-30 08:26:40','2010-03-31 16:06:15','Kasarminkatu 2','','KUOPIO',309,'70110',2,'COM',NULL,''),(2991,27,3,3,15,0,'+47 22 79 20 20','','+47 55 59 92 90','','','Jacobsen Dental AS','2010-03-30 08:26:40','2010-03-31 16:06:15','Fabrikkgt. 10<br />Postboks 6020','','Bergen',327,'5892',2,'COM',NULL,''),(2992,27,3,3,15,0,'+47 55 59 92 10','','+47 55 59 92 11','','','Norsk Dental Depot','2010-03-30 08:26:40','2010-03-31 16:06:15','Bøhmergt. 44<br />P.B. 2393 Solheimsviken','','BERGEN',327,'5824',2,'COM',NULL,''),(2993,27,3,3,15,0,'08-676 54 00','','08-21 46 59','','','Forssbergs Dental','2010-03-30 08:26:40','2010-03-31 16:06:15','Grosshandlarvägen 1, 120 44 Årsta<br />Box 90193','','STOCKHOLM',333,'120 22',2,'COM',NULL,''),(2994,27,3,3,15,0,'031-16 78 54','','031-16 68 32','','','Forssbergs Dental','2010-03-30 08:26:40','2010-03-31 16:06:15','Fridkullagatan 14','','GÖTEBORG',333,'412 62',2,'COM',NULL,''),(2995,27,3,3,15,0,'08-799 82 00','','08-799 82 82','info@dablab.se','','DAB Lab AB Sth','2010-03-30 08:26:40','2010-03-31 16:06:15','Adolfsbergsvägen 31<br />Box 200 29','','BROMMA',333,'168 66',2,'COM',NULL,''),(2996,27,3,3,15,0,'031-758 62 10','','031-758 62 18','','','Dab Lab AB Gbg','2010-03-30 08:26:40','2010-03-31 16:06:15','Gårdavägen 1','','GÖTEBORG',333,'412 50',2,'COM',NULL,''),(2997,27,3,3,15,0,'+38 (065) 370 54 19','','+38 (056) 38 85 38','info@remis.com.ua','','Remis Dental','2010-03-30 08:26:40','2010-03-31 16:06:15','Komsomolskaja Str. 66 ','','Dnepropetrovsk',341,'UA-49000',2,'COM',NULL,''),(2998,27,3,3,15,0,'+38 (0322) 40 35 99','','+38 (0322) 40 35 88','info@inspe.lviv.ua','','Inspe','2010-03-30 08:26:40','2010-03-31 16:06:15','42 Br. Mikhnovskkyh Str.','','Lviv',341,'UA-79018',2,'COM',NULL,''),(2999,27,3,3,15,0,'+38 (044) 462 50 55','','+38 (044) 462 50 37','info@euromedicom.com.ua','','Euromedicom','2010-03-30 08:26:40','2010-03-31 16:06:15','ul.&nbsp;Frunze 13 D','','Kiev',341,'UA-04080',2,'COM',NULL,''),(3000,27,3,3,15,0,'+007 (7272) 63 92 29','','+007 (7272) 74 01 57','office@luch.org','','Luch Ltd.','2010-03-30 08:26:40','2010-03-31 16:06:15','50, Stpaev Str.','','Almaty',362,'KZ-480057',2,'COM',NULL,''),(3001,27,3,3,15,0,'+007 (7272) 92 38 14','','+007 (7272) 92 18 69','p.med@mail.ru','','Dina International Kasachstan','2010-03-30 08:26:40','2010-03-31 16:06:15','24. Juni Str. 30 App. 25','','Almaty',362,'KZ-050012',2,'COM',NULL,''),(3002,27,3,3,15,0,'+375 (17) 287 83 86','','+375 (17) 287 80 03','ludmila.karzova@medisphera.by','','JP Medisphera','2010-03-30 08:26:40','2010-03-31 16:06:15','Ul. Nekrasova, 114-40 ','','Minsk',343,'BY-220040',2,'COM',NULL,''),(3003,27,3,3,15,0,'+375 (17) 200 69 25','','','dinaint@dina-minsk.com','','SP Dina International','2010-03-30 08:26:40','2010-03-31 16:06:15','Ul. Nemiga, 40, 25-1 ','','Minsk',343,'BY-220004',2,'COM',NULL,''),(3004,27,3,3,15,0,'+3705 26 88 430','','+3705 23 34 322','agne.bagdziunaite@dabdenatl.lt','','DAB Dental UAB','2010-03-30 08:26:40','2010-03-31 16:06:15','Laisves pr. 75','','Vilnius',320,'LT-06144',2,'COM',NULL,''),(3005,27,3,3,15,0,'+370 377 500 57','','+370 699 34 712','info@dental.lt','','Kreva','2010-03-30 08:26:40','2010-03-31 16:06:15','Misskostr. 25a ','','Kaunas',320,'LT-44313',2,'COM',NULL,''),(3006,27,3,3,15,0,'+370 527 91 278','','+370 527 91 279','dina.viln@takas.lt','','Lit Dina Medika','2010-03-30 08:26:40','2010-03-31 16:06:15','Labdariu 2/20-1','','Vilnius',320,'LT-01120',2,'COM',NULL,''),(3007,27,3,3,15,0,'+371 6 778 47 55','','+371 6 778 47 50','inese.mardare@dabdental.lv','','DAB Dental Latvia SIA','2010-03-30 08:26:40','2010-03-31 16:06:15','Dzelzavas Str. 117','','Riga',318,'LV-1021 ',2,'COM',NULL,''),(3008,27,3,3,15,0,'+371 732 35 69','','+371 783 05 34','schumann@delvi.lv','','SIA Schumann Dentoflex','2010-03-30 08:26:40','2010-03-31 16:06:15','Maza Piena iela 2a','','Riga',318,'LV-1045 ',2,'COM',NULL,''),(3009,27,3,3,15,0,'+371 294 51 300','','+371 678 20 341','vvv@dinamedika.lv','','SIA Dina Medika','2010-03-30 08:26:40','2010-03-31 16:06:15','Skolas Str. 12 A-1','','Riga',318,'LV-1010',2,'COM',NULL,''),(3010,27,3,3,15,0,'+372 639 13 30','','+372 639 13 30','karin.reva@dabdental.ee','','DAB Eesti OÜ','2010-03-30 08:26:40','2010-03-31 16:06:15','Kungla 2-208','','Saue',308,'EE-76505',2,'COM',NULL,''),(3011,27,3,3,15,0,'+373 (22) 27 74 14','','+373 (22) 27 44 45','unident@company.md','','Unident-AS SRL','2010-03-30 08:26:40','2010-03-31 16:06:15','31 August, 63','','Chisinau',324,'MD-2001 ',2,'COM',NULL,''),(3012,27,3,3,15,0,'+995 (32) 96 92 15','','+995 (32) 91 07 37','zaza@dental-georgia.ge','','Dental Georgia Ltd.','2010-03-30 08:26:40','2010-03-31 16:06:15','Kirilov Str. 1','','Tbilisi',351,'GE-0102',2,'COM',NULL,''),(3013,27,3,3,15,0,'+374 122 33 49','','+374 941 35 25','dlabor@mail.ru','','Dentax LCC','2010-03-30 08:26:40','2010-03-31 16:06:15','Avet Avetisyan 80 ','','Yerevan',346,'AM-375033',2,'COM',NULL,''),(3014,27,3,3,15,0,'+374 (10) 53 45 56','','+374 (10) 53 45 56','szpharma@yahoo.com','','SZ Pharma','2010-03-30 08:26:40','2010-03-31 16:06:15','Tigran Metz Str. 63/23','','Yerevan',346,'AM-375005',2,'COM',NULL,''),(3015,27,3,3,15,0,'+994 (12) 436 83 61','','+994 (12) 436 83 62','gasimov@medholding.az','','Dent-Real Co.','2010-03-30 08:26:40','2010-03-31 16:06:15','F. Ibragimbekov Str. 458','','Baku',347,'AZ-1065',2,'COM',NULL,''),(3016,27,3,3,15,0,'+994 (12) 447 45 38','','+994 (12) 596 14 13','stoma@online.az','','Stoma','2010-03-30 08:26:40','2010-03-31 16:06:15','J. Jabbarli Str. 19','','Baku',347,'AZ-1002',2,'COM',NULL,''),(3017,27,3,3,15,0,'+998 (71) 144 03 19','','+998 (71) 144 82 74','uft-gobul@mail.ru','','Tibbiyot Impeks','2010-03-30 08:26:40','2010-03-31 16:06:15','Ipakchi Str. 61<br />Shayhontohur','','Taschkent',379,'100055',2,'COM',NULL,''),(3018,27,3,3,23,416,'+7495 913 66 18','','+7495 913 66 15','stephan.uhlmann@ivoclarvivadent.com','','Stephan Uhlmann','2010-03-30 08:26:40','2010-03-31 16:06:23','','','',332,'',1,'COM',NULL,''),(3019,27,3,3,15,0,'+966 2 670 0430 / 671 0411','',' +966 2 671 5470','bashirco@icc.net.sa','','Medical & Pharmaceutical Services Bashir Shakib Al-Jabri & Co. Ltd','2010-03-30 08:26:40','2010-03-31 16:06:15','P.O.&nbsp;Box 9584 ','','Jeddah',372,'21423',2,'COM',NULL,''),(3020,27,3,3,15,0,'+966 01 4643221/4623843/4629680','','Ext. 400 (Dental Division) ','bashirco@icc.net.sa','','Medical & Pharmaceutical Services Bashir Shakib Al-Jabri & Co. Ltd','2010-03-30 08:26:40','2010-03-31 16:06:15','RIYADH (Central Region)<br />P.O. Box : 60947','','Riyadh',372,'11555',2,'COM',NULL,''),(3021,27,3,3,15,0,'+966 07 2276130 / 2276134 / 2274807','','+966 07 2276130 / 2276134 / 2274807','bashirco@icc.net.sa','','Medical & Pharmaceutical Services Bashir Shakib Al-Jabri & Co. Ltd','2010-03-30 08:26:40','2010-03-31 16:06:15','ABHA (Southern region)','','',372,'',2,'COM',NULL,''),(3022,27,3,3,15,0,'+966 03 8985821 / 8961346 / 8930257 ','','Ext. 122 ','bashirco@icc.net.sa','','Medical & Pharmaceutical Services Bashir Shakib Al-Jabri & Co. Ltd','2010-03-30 08:26:40','2010-03-31 16:06:15','KHOBAR (Eastern region)<br />P.O. Box : 30380','','Khobar',372,'31952',2,'COM',NULL,''),(3023,27,3,3,15,0,'+43 316 28 16 16','','+43 316 28 16 16 99','graz@dentalbauer.de','','Dental Bauer GmbH & Co. KG','2010-03-30 08:26:40','2010-03-31 16:06:15','<p>Feldkirchnerstrasse 11-15</p>','','Seiersberg',328,'8054',2,'COM',NULL,''),(3024,27,3,3,15,0,'+974 (442) 72 24','','+974 (442) 42 84','einsinan@yahoo.com','','Einsinan','2010-03-30 08:26:40','2010-03-31 16:06:15','P.O. Box 20182 ','Qatar','Doha',363,'',2,'COM',NULL,''),(3025,27,3,3,15,0,'+7(812)448-24-12, +7(812)373-26-03','','+7(812)371-33-38','amfodent@amfodent.ru','','Amfodent','2010-03-30 08:26:40','2010-03-31 16:06:15','Pobedy sqr. 2','','St. Petersburg',332,'196143',2,'COM',NULL,''),(3026,27,3,3,15,0,'+7(495)334-48-68, +7(495)334-41-19','','','amfodent@amfodent.ru','','Amfodent','2010-03-30 08:26:40','2010-03-31 16:06:15','Miklukho-Maklaya str. 55','','Moscow',332,'117279',2,'COM',NULL,''),(3027,27,3,3,15,0,'+7(495)517-38-04, +7(495)507-92-83','','+7(499)192-88-16','info@anis.ru','','Anis-Dent','2010-03-30 08:26:40','2010-03-31 16:06:15','Berzarina str. 36, s. 2','','Moscow',332,'123060',2,'COM',NULL,''),(3028,27,3,3,15,0,'+7(812)275-47-46','','+7(812)647-06-11','info@dental-av.ru','','Dental AV','2010-03-30 08:26:40','2010-03-31 16:06:15','Kovensky per. 9','','St. Petersburg',332,'191014',2,'COM',NULL,''),(3029,27,3,3,15,0,'+7(495)710-32-87','','+7(495)647-06-11','moscow@dental-av.ru','','Dental AV','2010-03-30 08:26:40','2010-03-31 16:06:15','2-nd Yuzhnoportovy pr. 18, s. 1','','Moscow',332,'109088',2,'COM',NULL,''),(3030,27,3,3,15,0,'+7(8442)33-93-25, +7(8442)33-93-35','','+7(8442)33-89-94','k_stoma@t-k.ru','','Kristall-Stoma','2010-03-30 08:26:40','2010-03-31 16:06:15','Nevskaya str. 4&#1072;','','Volgograd',332,'400087',2,'COM',NULL,''),(3031,27,3,3,15,0,'+7(499)940-02-80, +7(499)940-02-81','','+7(800)100-39-39','proclinic@mail.ru','','Proclinic Internacional','2010-03-30 08:26:40','2010-03-31 16:06:15','Polessky pr. 16, s. 1, of. 110','','Moscow',332,'123367',2,'COM',NULL,''),(3032,27,3,3,15,0,'+7(843)570-68-80','','+7(843)570-68-82','mail@rocadamed.ru','','Rocada-Dent','2010-03-30 08:26:40','2010-03-31 16:06:15','Peterburgskaya str. 26','','Kazan',332,'420107',2,'COM',NULL,''),(3033,27,3,3,15,0,'+7(495)983-10-45','','+7(495)682-65-16','techdental@mail.ru','','TechDental','2010-03-30 08:26:40','2010-03-31 16:06:15','Staroalekseevskaya 5','','Moscow',332,'129626',2,'COM',NULL,''),(3034,27,3,3,15,0,' +7(343)262-87-50','','+7(343)262-71-60','info@uqm.ru','','UralQuadromed','2010-03-30 08:26:40','2010-03-31 16:06:15','Bazhova str. 193','','Ekaterinburg',332,'620026',2,'COM',NULL,''),(3035,27,3,3,15,0,'+7(495)913-66-06, +7(499)973-50-93','','+7(495)913-66-13','','','Hariko Denta Med','2010-03-30 08:26:40','2010-03-31 16:06:15','Derbenevskaya nab. 11, V','','Moscow',332,'115114',2,'COM',NULL,''),(3036,27,3,3,15,0,'+32 (0)9 340 42 70','','+32 (0)9 340 42 79','info@kerckaert.be','','Kerckaert & Laboror N.V.','2010-03-30 08:26:40','2010-03-31 16:06:15','Wolfsakker 7','','Lokeren',303,'9160',2,'COM',NULL,''),(3037,27,3,3,15,0,'+353 (0)1 456 52 88','','+353 (0)1 450 57 60','iesales@henryschein.ie','','Henry Schein Dental Ireland Ltd.','2010-03-30 08:26:40','2010-03-31 16:06:15','Unit 61A, Longmile Center<br />Longmile Road','','Dublin',313,'12',2,'COM',NULL,''),(3038,27,3,3,15,0,'+385 (52) 752 106','','+385 (52) 720 426','theorema@pu.t-com.hr','','THEOREMA d.o.o.','2010-03-30 08:26:40','2010-03-31 16:06:15','43.istarske divizije 20','','Umag',317,'52470',2,'COM',NULL,''),(3039,27,3,3,15,0,'+41 (71) 282 80 80','','','','','Kaladent AG','2010-03-30 08:26:40','2010-03-31 16:06:15','<p>Schachenstrasse 2</p>\n<p></p>','','St.Gallen',334,'9016',2,'COM',NULL,''),(3040,27,3,3,15,0,'+43 (512) 26 32 85','','+43 (512) 26 47 46 51','','','Pharmador GesmbH. & Co.KG','2010-03-30 08:26:40','2010-03-31 16:06:15','Hallerstrasse 206 ','','Innsbruck',328,'6020',2,'COM',NULL,''),(3041,27,3,3,15,0,'+385 (1) 363 72 99','','+385 (1) 363 72 63','info@sliemedental.hr','','Sljeme Dental d.o.o.','2010-03-30 08:26:40','2010-03-31 16:06:15','Selska 34','','Zagreb',317,'10000',2,'COM',NULL,''),(3042,27,3,3,15,0,'+30 210 804 9493','','+30 210 804 0215','info@sadent.gr','','Sadent Ltd.','2010-03-30 08:26:40','2010-03-31 16:06:15','4, 17th November Street ','','Athen',311,'Melissia 15127',2,'COM',NULL,''),(3043,27,3,3,15,0,'+381 38 24 61 46','','+381 38 24 61 46','allianz_kosovo@yahoo.com','','\"Allianz\" depo dentale','2010-03-30 08:26:40','2010-03-31 16:06:15','Velushe e Poshtme 22 ','','Prishtine',316,'38000',2,'COM',NULL,''),(3044,27,3,3,23,438,'+423 235 38 32','','+423 232 45 34','ibrahem.soubt@ivoclarvivadent.com','','Dr. Ibrahem Soubt','2010-03-30 08:26:40','2010-03-31 16:18:15','','','',0,'',1,'COM',NULL,''),(3045,27,3,3,15,0,'+40 269 213 925','','+40 269 211 781','office@tianadent.ro','','SC Tiana Dent SRL','2010-03-30 08:26:40','2010-03-31 16:06:15','Str. Tudor Arghezi Nr.7','','Sibiu',331,'550010',2,'COM',NULL,''),(3046,27,3,3,15,0,'+962 (6) 533 03 20','','+962 (6) 533 24 20','abinosmed@gmail.com','','Badawneh Medical Service','2010-03-30 08:26:40','2010-03-31 16:06:15','Almallab Albalady Street','','Irbid',360,'11953',2,'COM',NULL,''),(3047,27,3,3,15,0,'00377 44 314511','','','dragushalirik@yahoo.de','','LIRI NPT','2010-03-30 08:26:40','2010-03-31 16:06:15','','','Pristhine',316,'',2,'COM',NULL,''),(3048,27,3,3,23,0,'+82 2 536 07 14','','+82 2 596 01 55','kyungjin.oh@ivoclarvivadent.com','','Kyungjin Oh','2010-03-30 08:26:40','2010-03-31 16:06:23','BUSINESS DEVELOPMENT MANAGER','','',375,'',1,'COM',NULL,''),(3049,27,3,3,23,419,'+81 3 6903 3535','','+81 3 5844 3657','hideaki.kumazawa@ivoclarvivadent.com','','Hideaki Kumazawa','2010-03-30 08:26:40','2010-03-31 16:06:23','','','',358,'',1,'COM',NULL,''),(3050,27,3,3,23,438,'+423 235 37 00','','+423 239 47 00','christoph.linder@ivoclarvivadent.com','','Christoph Linder','2010-03-30 08:26:40','2010-03-31 16:18:15','','','',0,'',1,'COM',NULL,''),(3051,27,3,3,16,0,'04.93.87.50.93','','','','','SOGIM Ets GRIMOUILLE','2010-03-30 08:26:40','2010-03-31 16:06:15',' 02, bd Victor Hugo ','NICE','NICE',310,'06000',2,'FR',NULL,''),(3052,27,3,3,16,0,'04.91.16.76.30','','','','','HENRY SCHEIN','2010-03-30 08:26:40','2010-03-31 16:06:15','Parc des Affaires Marseille Sud\nImpasse du Paradou  Bât. AI','','MARSEILLE',310,'13009',2,'FR',NULL,''),(3053,27,3,3,16,0,'04.91.78.36.06','','','','','SOGIM Ets GRIMOUILLE','2010-03-30 08:26:40','2010-03-31 16:06:15','02, rue de Friedland','','MARSEILLE',310,'13006',2,'FR',NULL,''),(3054,27,3,3,16,0,'02.31.73.26.25','','','','','FDL / DENTECO 2000','2010-03-30 08:26:40','2010-03-31 16:06:15','205, rue de Bayeux','','CAEN',310,'14000',2,'FR',NULL,''),(3055,27,3,3,16,0,'03.80.65.10.57','','','','','PERRIGOT & Cie','2010-03-30 08:26:40','2010-03-31 16:06:15','Parc de la Mirande\n14 F, rue Pierre de Coubertin','','DIJON',310,'21000',2,'FR',NULL,''),(3056,27,3,3,16,0,'03.80.46.71.40','','','','','HENRY SCHEIN','2010-03-30 08:26:40','2010-03-31 16:06:15','Parc Tertiaire du Cap Vert - 20, rue du Cap Vert','','QUETIGNY',310,'21800',2,'FR',NULL,''),(3057,27,3,3,16,0,'03.81.51.90.10','','','','','PERRIGOT & Cie','2010-03-30 08:26:40','2010-03-31 16:06:15','Im. Le Kennedy \n07, rue Xavier Marmier','','BESANCON',310,'25000',2,'FR',NULL,''),(3058,27,3,3,16,0,'02.98.53.07.14','','','','','HENRY SCHEIN','2010-03-30 08:26:40','2010-03-31 16:06:15','01, av. Braden  Centre Cial','','QUIMPER',310,'29000',2,'FR',NULL,''),(3059,27,3,3,16,0,'05.34.30.47.50','','','','','HENRY SCHEIN','2010-03-30 08:26:40','2010-03-31 16:06:15','8, rue Maurice Caunes','','TOULOUSE',310,'31200',2,'FR',NULL,''),(3060,27,3,3,16,0,'05.61.62.80.48','','','','','2CMED','2010-03-30 08:26:40','2010-03-31 16:06:15','45, boulevard de Suisse','','TOULOUSE',310,'31200',2,'FR',NULL,''),(3061,27,3,3,16,0,'05.56.48.24.14','','','','','OMNIUM DENTAIRE SA','2010-03-30 08:26:40','2010-03-31 16:06:15','12, rue de Galus  BP 365','','MERIGNAC',310,'33700',2,'FR',NULL,''),(3062,27,3,3,16,0,'05.56.47.69.93','','','','','HENRY SCHEIN','2010-03-30 08:26:40','2010-03-31 16:06:15','26, allée Félix Nadar','','MERIGNAC',310,'33700',2,'FR',NULL,''),(3063,27,3,3,16,0,'04.67.10.76.07','','','','','A.T.M.D.','2010-03-30 08:26:40','2010-03-31 16:06:15','22, rue de l\'Agenais  BP 7221','','MONTPELLIER Cedex 4',310,'34086',2,'FR',NULL,''),(3064,27,3,3,16,0,'04.67.13.84.40','','','','','SOGIM Ets GRIMOUILLE','2010-03-30 08:26:40','2010-03-31 16:06:15','60, allée Wilhelm Roentgen','','MONTPELLIER',310,'34000',2,'FR',NULL,''),(3065,27,3,3,16,0,'04.67.04.36.00','','','','','HENRY SCHEIN','2010-03-30 08:26:40','2010-03-31 16:06:15','2214, bd de la Lironde\nParc Agropolis - Bât. 8','','MONTFERRIER le Lez',310,'34980',2,'FR',NULL,''),(3066,27,3,3,16,0,'02.99.14.28.60','','','','','HENRY SCHEIN','2010-03-30 08:26:40','2010-03-31 16:06:15','63, av. du mail François Mitterrand','','RENNES',310,'35000',2,'FR',NULL,''),(3067,27,3,3,16,0,'02.23.25.23.23','','','','','DENTANOR','2010-03-30 08:26:40','2010-03-31 16:06:15','3, Parc de Brocéliande','','SAINT-GREGOIRE',310,'35760',2,'FR',NULL,''),(3068,27,3,3,16,0,'02.47.68.68.30','','','','','HENRY SCHEIN','2010-03-30 08:26:40','2010-03-31 16:06:15','2-4 rue de la Flottière\nZ.A.C. de la Liodière  BP 80414','','JOUE LES TOURS Cx',310,'37304',2,'FR',NULL,''),(3069,27,3,3,16,0,'02.47.71.10.20','','','','','HENRY SCHEIN','2010-03-30 08:26:40','2010-03-31 16:06:15','39, rue Joseph Cugnot','','JOUE LES TOURS',310,'37300',2,'FR',NULL,''),(3070,27,3,3,16,0,'04.76.40.41.51','','','','','PERRIGOT & Cie','2010-03-30 08:26:40','2010-03-31 16:06:15','05, avenue Paul Verlaine','','GRENOBLE',310,'38000',2,'FR',NULL,''),(3071,27,3,3,16,0,'02.40.92.14.74','','','','','HENRY SCHEIN','2010-03-30 08:26:40','2010-03-31 16:06:15','04, avenue Jacques Cartier  \nImm. le Sextant  Zone Atlantis','','SAINT-HERBLAIN Cedex',310,'44811',2,'FR',NULL,''),(3072,27,3,3,16,0,'03.26.08.34.60','','','','','HENRY SCHEIN','2010-03-30 08:26:40','2010-03-31 16:06:15','13-15-17, rue Ferdinand Hamelin','','BETHENY',310,'51450',2,'FR',NULL,''),(3073,27,3,3,16,0,'03.83.32.83.09','','','','','COMPTOIR DENTAIRE LORRAIN SAS','2010-03-30 08:26:40','2010-03-31 16:06:15','06, rue Cyffle','NANCY','',310,'54000',2,'FR',NULL,''),(3074,27,3,3,16,0,'03.83.41.39.69','','','','','HENRY SCHEIN','2010-03-30 08:26:40','2010-03-31 16:06:15','60, rue de Laxou','','NANCY',310,'54000',2,'FR',NULL,''),(3075,27,3,3,16,0,'03.87.63.50.00','','','','','COMPTOIR DENTAIRE LORRAIN SAS','2010-03-30 08:26:40','2010-03-31 16:06:15','21, rue des Garennes  B.P. 50093','','MARLY Cedex',310,'57153',2,'FR',NULL,''),(3076,27,3,3,16,0,'03.20.06.15.15','','','','','FDL / DENTECO 2000','2010-03-30 08:26:40','2010-03-31 16:06:15','\"Le Pré Catelan\"  Rue Delesalle  B.P. 70','','LA MADELEINE LEZ LILLE',310,'59562',2,'FR',NULL,''),(3077,27,3,3,16,0,'03.28.55.92.92','','','','','HENRY SCHEIN','2010-03-30 08:26:40','2010-03-31 16:06:15','100, rue du Fort','','VENDEVILLE',310,'59175',2,'FR',NULL,''),(3078,27,3,3,16,0,'04.73.74.60.50','','','','','PERRIGOT & Cie','2010-03-30 08:26:40','2010-03-31 16:06:15','20, avenue de l\'Agriculture','','CLERMONT-FERRAND',310,'63000',2,'FR',NULL,''),(3079,27,3,3,16,0,'04.73.28.95.38','','','','','HENRY SCHEIN','2010-03-30 08:26:40','2010-03-31 16:06:15','5, av. Léonard de Vinci  Parc Technologique de la Pardieu','','CLERMONT-FERRAND',310,'63000',2,'FR',NULL,''),(3080,27,3,3,16,0,'04.68.34.59.72','','','','','SOGIM Ets GRIMOUILLE','2010-03-30 08:26:40','2010-03-31 16:06:15','02 bis, rue de la Paix','','PERPIGNAN',310,'66000',2,'FR',NULL,''),(3081,27,3,3,16,0,'03.88.10.38.10','','','','','HENRY SCHEIN','2010-03-30 08:26:40','2010-03-31 16:06:15','49, route d\'Obderhausbergen','','ECKBOLSHEIM',310,'67201',2,'FR',NULL,''),(3082,27,3,3,16,0,'03.89.20.25.10','','','','','GEMA DIFFUSION','2010-03-30 08:26:40','2010-03-31 16:06:15','25, rue de Normandie  BP 13','','HORBOURG Wihr',310,'68180',2,'FR',NULL,''),(3083,27,3,3,16,0,'03.89.33.52.52','','03.89.33.52.53','','','SCHNEIDER & BOISSON','2010-03-30 08:26:40','2010-03-31 16:06:15','5, avenue de France\nZAC Secoia - Heiden\n','','WITTELSHEIM',310,'68310',2,'FR',NULL,''),(3084,27,3,3,16,0,'04.78.61.08.22','','','','','HENRY SCHEIN','2010-03-30 08:26:40','2010-03-31 16:06:15','06, espace Henri Vallée \nParc Artillerie Tony Garnier','','LYON',310,'69007',2,'FR',NULL,''),(3085,27,3,3,16,0,'04.72.52.36.36','','','','','PERRIGOT & Cie','2010-03-30 08:26:40','2010-03-31 16:06:15','1111, chemin de la Bruyère\nZac du Sans Souci','','LIMONEST',310,'69760',2,'FR',NULL,''),(3086,27,3,3,16,0,'04.78.64.04.66','','','','','DUMONTET-HUSSON','2010-03-30 08:26:40','2010-03-31 16:06:15','24, rue J. Masset  ZA Gorge de Loup -\nLes Passerelles - B.P. 9206','','LYON Cedex 9',310,'69264',2,'FR',NULL,''),(3087,27,3,3,16,0,'04.50.67.35.81','','','','','PERRIGOT & Cie','2010-03-30 08:26:40','2010-03-31 16:06:15','07, rue de Narvik','','ANNECY',310,'74000',2,'FR',NULL,''),(3088,27,3,3,16,0,'01.43.22.92.92','','','','','BRUDENTAIRE SA','2010-03-30 08:26:40','2010-03-31 16:06:15','04, rue A. Moisant','','PARIS',310,'75015',2,'FR',NULL,''),(3089,27,3,3,16,0,'01.42.62.82.61','','','','','C A P (M. Demeaux)  Sce Dents','2010-03-30 08:26:40','2010-03-31 16:06:15','05, rue Sainte Isaure','','PARIS',310,'75018',2,'FR',NULL,''),(3090,27,3,3,16,0,'04.98.00.00.28','','','','','GAT','2010-03-30 08:26:40','2010-03-31 16:06:15','131, rue du Dr Perrimond','','TOULON',0,'83200',2,'FR',NULL,''),(3091,27,3,3,16,0,'04.90.88.52.04','','','','','SOGIM Ets GRIMOUILLE','2010-03-30 08:26:40','2010-03-31 16:06:15','14, rue des Peintres Parrocel','','AVIGNON',310,'84000',2,'FR',NULL,''),(3092,27,3,3,16,0,'05.55.10.71.90','','','','','HENRY SCHEIN','2010-03-30 08:26:40','2010-03-31 16:06:15','81 ter, rue de Beaupuy','','LIMOGES',310,'87000',2,'FR',NULL,''),(3093,27,3,3,16,0,'01.42.01.73.16','','01.53.29.04.70','','','FDL / DENTECO 2000','2010-03-30 08:26:40','2010-03-31 16:06:15','\n147 rue Manin\n\n','','PARIS',310,'75019',2,'FR',NULL,''),(3094,27,3,3,16,0,'01.41.79.65.58','','','','','HENRY SCHEIN','2010-03-30 08:26:40','2010-03-31 16:06:15','Immeuble Activille \n04, rue de Charenton','','ALFORTVILLE',310,'94140',2,'FR',NULL,''),(3095,27,3,3,16,0,'01.34.45.12.12','','','','','CAP','2010-03-30 08:26:40','2010-03-31 16:06:15','11, rue Gay Lussac','','GONESSE Cedex',310,'95505',2,'FR',NULL,''),(3096,27,3,3,17,431,'0141/492311','','0141/492333','info@astidental.com','','Astidental di Sabbione SPA','2010-03-30 08:26:40','2010-03-31 16:06:15','Via del Lavoro, 9<br /><br /><br />&nbsp;<br />&nbsp;<br />&nbsp;<br />&nbsp;<br />&nbsp;<br />&nbsp;<br />&nbsp; ','AT','Asti',315,'14100',2,'IT',NULL,''),(3097,27,3,3,25,412,'335/464263','','','nicola.artuso@ivoclarvivadent.it','','Nicola Artuso','2010-03-30 08:26:40','2010-03-31 16:06:23','','','',315,'',1,'IT',NULL,''),(3098,27,3,3,25,412,'335/6513564','','','fabio.immesi@ivoclarvivadent.it','','Fabio Immesi','2010-03-30 08:26:40','2010-03-31 16:06:23','','','',315,'',1,'IT',NULL,''),(3099,27,3,3,25,412,'335/7558628','','','gianluca.rizzetti@ivoclarvivadent.it','','Gianluca Rizzetti','2010-03-30 08:26:40','2010-03-31 16:06:23','','','',315,'',1,'IT',NULL,''),(3100,27,3,3,25,412,'335/464257','','','nicola.salmi@ivoclarvivadent.it','','Nicola Salmi','2010-03-30 08:26:40','2010-03-31 16:06:23','','','',315,'',1,'IT',NULL,''),(3101,27,3,3,25,412,'335/464262','','','antonello.rossi@ivoclarvivadent.it','','Antonello Rossi','2010-03-30 08:26:40','2010-03-31 16:06:23','','','',315,'',1,'IT',NULL,''),(3102,27,3,3,25,412,'335/8215732','','','mauro.malucelli@ivoclarvivadent.it','','Mauro Malucelli','2010-03-30 08:26:40','2010-03-31 16:06:23','','','',315,'',1,'IT',NULL,''),(3103,27,3,3,25,412,'335/464252','','','fernando.lotti@ivoclarvivadent.it','','Fernando Lotti','2010-03-30 08:26:40','2010-03-31 16:06:23','','','',315,'',1,'IT',NULL,''),(3104,27,3,3,25,412,'335/464258','','','claudio.dispirito@ivoclarvivadent.it','','Claudio Di Spirito','2010-03-30 08:26:40','2010-03-31 16:06:23','','','',315,'',1,'IT',NULL,''),(3105,27,3,3,25,412,'335/464264','','','gianfranco.valenzano@ivoclarvivadent.it','','Gianfranco Valenzano','2010-03-30 08:26:40','2010-03-31 16:06:23','Consulente Tecnico ','','',315,'',1,'IT',NULL,''),(3106,27,3,3,25,412,'335/251725','','','maurizio.pulvirenti@ivoclarvivadent.it','','Maurizio Pulvirenti','2010-03-30 08:26:40','2010-03-31 16:06:23','','','',315,'',1,'IT',NULL,''),(3107,27,3,3,25,406,'335/6351414','','','leopoldo.gallucci@ivoclarvivadent.it','','Leopoldo Dr. Gallucci','2010-03-30 08:26:40','2010-03-31 16:06:23','','','',315,'',1,'IT',NULL,''),(3108,27,3,3,25,406,'348/8623725','','','paolo.ricciarelli@ivoclarvivadent.it','','Paolo Ricciarelli','2010-03-30 08:26:40','2010-03-31 16:06:23','','','',315,'',1,'IT',NULL,''),(3109,27,3,3,25,412,'338/4945167','','','michela.grimaz@ivoclarvivadent.it','','Michela Grimaz','2010-03-30 08:26:40','2010-03-31 16:06:23','','','',315,'',1,'IT',NULL,''),(3110,27,3,3,25,412,'335/464259','','','alfred.mehnert@ivoclarvivadent.it','','Alfred Mehnert','2010-03-30 08:26:40','2010-03-31 16:06:23','','','',315,'',1,'IT',NULL,''),(3111,27,3,3,25,412,'338/6708278','','','patrizia.patri@ivoclarvivadent.it','','Patrizia Patri','2010-03-30 08:26:40','2010-03-31 16:06:23','','','',315,'',1,'IT',NULL,''),(3112,27,3,3,25,412,'335/464251','','','mauro.urasco@ivoclarvivadent.it','','Mauro Urasco','2010-03-30 08:26:40','2010-03-31 16:06:23','','','',315,'',1,'IT',NULL,''),(3113,27,3,3,25,412,'335/8215730','','','mirko.benni@ivoclarvivadent.it','','Mirko Benni','2010-03-30 08:26:40','2010-03-31 16:06:23','','','',315,'',1,'IT',NULL,''),(3114,27,3,3,25,412,'335/7425790','','','maria.castro@ivoclarvivadent.it','','Maria Castro','2010-03-30 08:26:40','2010-03-31 16:06:23','','','',315,'',1,'IT',NULL,''),(3115,27,3,3,25,412,'333/4735723','','','luisella.bono@ivoclarvivadent.it','','Luisella Bono','2010-03-30 08:26:40','2010-03-31 16:06:23','','','',315,'',1,'IT',NULL,''),(3116,27,3,3,25,412,'335/7425795','','','giuliano.vescovi@ivoclarvivadent.it','','Giuliano Vescovi','2010-03-30 08:26:40','2010-03-31 16:06:23','','','',315,'',1,'IT',NULL,''),(3117,27,3,3,25,412,'347/4219869','','','cristina.cenni@ivoclarvivadent.it','','Cristina Cenni','2010-03-30 08:26:40','2010-03-31 16:06:23','','','',315,'',1,'IT',NULL,''),(3118,27,3,3,25,412,'347/6701134','','','daniele.candela@ivoclarvivadent.it','','Daniele Candela','2010-03-30 08:26:40','2010-03-31 16:06:23','','','',315,'',1,'IT',NULL,''),(3119,27,3,3,25,412,'339/3395318','','','vittorio.tocco@ivoclarvivadent.it','','Vittorio Tocco','2010-03-30 08:26:40','2010-03-31 16:06:23','','','',315,'',1,'IT',NULL,''),(3120,27,3,3,25,412,'360/962857','','','luigi.simone@ivoclarvivadent.it','','Luigi Simone','2010-03-30 08:26:40','2010-03-31 16:06:23','','','',315,'',1,'IT',NULL,''),(3121,27,3,3,25,406,'335/7425789','','','antimo.cammisa@ivoclarvivadent.it','','Antimo Cammisa','2010-03-30 08:26:40','2010-03-31 16:06:23','','','',315,'',1,'IT',NULL,''),(3122,27,3,3,25,412,'335/7425794','','','giuseppe.nobile@ivoclarvivadent.it','','Giuseppe Nobile','2010-03-30 08:26:40','2010-03-31 16:06:23','','','',315,'',1,'IT',NULL,''),(3123,27,3,3,25,412,'340/1011714','','','pasquale.dangelo@ivoclarvivadent.it','','Pasquale D\'Angelo','2010-03-30 08:26:40','2010-03-31 16:06:23','','','',315,'',1,'IT',NULL,''),(3124,27,3,3,17,428,'0532/741611','','0532/741440','alphadentale@alphadentale.com','','Alpha SNC di Carra Alfa E C.','2010-03-30 08:26:40','2010-03-31 16:06:15','Via S. Andrea, 23/25 ','FE','Ferrara',315,'44100',2,'IT',NULL,''),(3125,27,3,3,17,428,'080/5431406','','080/5430938','','','Anthos Impianti SRL','2010-03-30 08:26:40','2010-03-31 16:06:15','Via Morelle e Silvati, 8 ','BA','Torre a Mare',315,'70045',2,'IT',NULL,''),(3126,27,3,3,17,428,'0542/642705','','0542/653616','anthosbo@tin.it','','Anthos Impianti SRL','2010-03-30 08:26:40','2010-03-31 16:06:15','Via Bicocca, 14/C ','BO','Imola',315,'40026',2,'IT',NULL,''),(3127,27,3,3,17,428,'','','','','','Anthos Impianti SRL','2010-03-30 08:26:40','2010-03-31 16:06:15','Via Pietro Nenni, 216 ','CH','San Giovanni Teatino',315,'66020',2,'IT',NULL,''),(3128,27,3,3,17,428,'079/298852','','','','','Anthos Impianti SRL','2010-03-30 08:26:40','2010-03-31 16:06:15','Via Gorizia, 40 ','SS','Sassari',315,'07100',2,'IT',NULL,''),(3129,27,3,3,17,428,'091/6889480','','','','','Anthos Impianti SRL','2010-03-30 08:26:40','2010-03-31 16:06:15','Viale Regione Siciliana, 6645 ','PA','Palermo',315,'90146',2,'IT',NULL,''),(3130,27,3,3,17,428,'0735/656670','','0735/658849','','','Anthos Impianti SRL','2010-03-30 08:26:40','2010-03-31 16:06:15','Località Porto d\'Ascoli ','AP','San Benedetto del Tronto',315,'63037',2,'IT',NULL,''),(3131,27,3,3,17,428,'055/642860','','055/642686','anthosfi@tin.it','','Anthos Impianti SRL','2010-03-30 08:26:40','2010-03-31 16:06:15','<p></p>\n<p>Via Chiantigiana, 92 </p>','FI','Ponte a Ema',315,'50126',2,'IT',NULL,''),(3132,27,3,3,17,428,'010/885685','','010/8392940','','','Anthos Impianti SRL','2010-03-30 08:26:40','2010-03-31 16:06:15','Piazza Brignole, 5 ','GE','Genova',315,'16122',2,'IT',NULL,''),(3133,27,3,3,17,428,'0735/656670','','0735/658849','','','Anthos Impianti SRL','2010-03-30 08:26:40','2010-03-31 16:06:15','Via Pontida, 6 ','MA','Porto d\' Ascoli',315,'63037',2,'IT',NULL,''),(3134,27,3,3,17,428,'06/87136775','','','','','Anthos Impianti SRL','2010-03-30 08:26:40','2010-03-31 16:06:15','Via Paolo Morrone, 47 ','RM','Roma',315,'00145',2,'IT',NULL,''),(3135,27,3,3,17,428,'0541/962746','','0541/839294','','','Anthos Impianti SRL','2010-03-30 08:26:40','2010-03-31 16:06:15','Via Dell\'Artigianato, 75 ','PT','Gabicce Mare',315,'61011',2,'IT',NULL,''),(3136,27,3,3,17,431,'0373/83834','','0373/83834','ardasrlcrema@libero.it','','Ar.D.A. SRL Articoli Dentali e Affini','2010-03-30 08:26:40','2010-03-31 16:06:15','Via Carlo Urbino, 62 ','CR','Crema',315,'26013',2,'IT',NULL,''),(3137,27,3,3,17,431,'06/76966744','','06/76967315','info@assodentsrl.it','','Assodent SRL','2010-03-30 08:26:40','2010-03-31 16:06:15','Via degli Opimiani, 79/A ','RM','Roma',315,'00174',2,'IT',NULL,''),(3138,27,3,3,17,431,'0321/624097','','0321/621097','info@astidental.com','','Astidental di Sabbione SPA','2010-03-30 08:26:40','2010-03-31 16:06:15','Via Damina, 4C ','NO','Novara',315,'28100',2,'IT',NULL,''),(3139,27,3,3,17,431,'0131/254026','','','info@astidental.com','','Astidental di Sabbione SPA','2010-03-30 08:26:40','2010-03-31 16:06:15','Via Donatello, 24 ','AL','Alessandria',315,'15100',2,'IT',NULL,''),(3140,27,3,3,17,431,'011/4379345','','011/4730647','info@astidental.com','','Astidental di Sabbione SPA','2010-03-30 08:26:40','2010-03-31 16:06:15','Via Casalis, 1/F ','TO','Torino',315,'10143',2,'IT',NULL,''),(3141,27,3,3,17,431,'0382/571826','','','info@astidental.com','','Astidental di Sabbione SPA','2010-03-30 08:26:40','2010-03-31 16:06:15','Via A. Marconi, 1 ','PV','Pavia',315,'27100',2,'IT',NULL,''),(3142,27,3,3,17,431,'010/511549','','','info@astidental.com','','Astidental di Sabbione SPA','2010-03-30 08:26:40','2010-03-31 16:06:15','Via Donghi, 68 LR ','GE','Genova',315,'16143',2,'IT',NULL,''),(3143,27,3,3,17,431,'031/507971','','','info@astidental.com','','Astidental di Sabbione SPA','2010-03-30 08:26:40','2010-03-31 16:06:15','Via Mariano Tentorio, 8 ','CO','Como',315,'22100',2,'IT',NULL,''),(3144,27,3,3,17,431,'02/43916827','','','info@astidental.com','','Astidental di Sabbione SPA','2010-03-30 08:26:40','2010-03-31 16:06:15','Via Boni, 8 ','MI','Milano',315,'20144',2,'IT',NULL,''),(3145,27,3,3,17,431,'0171/344054','','','info@astidental.com','','Astidental di Sabbione SPA','2010-03-30 08:26:40','2010-03-31 16:06:15','Via Momigliano, 7 ','CN','Cuneo',315,'12100',2,'IT',NULL,''),(3146,27,3,3,17,428,'0471/203058','','0471/500835','burdent@tin.it','','B.u.r.dent SRL','2010-03-30 08:26:40','2010-03-31 16:06:15','Via Braille, 18 ','BZ','Bolzano',315,'39100',2,'IT',NULL,''),(3147,27,3,3,17,431,'089/253600','','089/231728','info@barcamedical.it','','Barca Medical SRL','2010-03-30 08:26:40','2010-03-31 16:06:15','Via G. da Ravenna, 21 ','SA','Salerno',315,'84125',2,'IT',NULL,''),(3148,27,3,3,17,430,'0183/293461','','','','','Bonavia Roberto Forniture Dentali - Casa Schmidt','2010-03-30 08:26:40','2010-03-31 16:06:15','Via San Giovanni, 21 ','IM','Imperia',315,'18100',2,'IT',NULL,''),(3149,27,3,3,17,431,'011/8122650','','011/884577','bosioangelo@bosioangelo.it','','Bosio Angelo SRL','2010-03-30 08:26:40','2010-03-31 16:06:15','Corso Regina Margherita, 3bis ','TO','Torino',315,'10124',2,'IT',NULL,''),(3150,27,3,3,17,431,'06/4441534','','06/4959327','acquisti@burzacchi.it','','Burzacchi SRL','2010-03-30 08:26:40','2010-03-31 16:06:15','Via Tiburtina, 257 ','RM','Roma',315,'00162',2,'IT',NULL,''),(3151,27,3,3,17,431,'080/5042775','','080/5042772','info@calisi.it','','Calisi SPA','2010-03-30 08:26:40','2010-03-31 16:06:15','Via Salvatore Matarrese, 2/5 ','BA','Bari',315,'70124',2,'IT',NULL,''),(3152,27,3,3,17,430,'06/8744051','','06/87440577','','','Casa Schmidt Italia SRL','2010-03-30 08:26:40','2010-03-31 16:06:15','Via Andrea Solario, 16/26 ','RM','Roma',315,'00142',2,'IT',NULL,''),(3153,27,3,3,17,431,'079/270553','','079/278899','giuseppecavallarosrl@yahoo.it','','Cavallaro Giuseppe SRL','2010-03-30 08:26:40','2010-03-31 16:06:15','Via R. Mossa Ang. Via Oriani, 22 ','SS','Sassari',315,'07100',2,'IT',NULL,''),(3154,27,3,3,17,431,'070/502987','','070/500773','giuseppecavallarosrl@yahoo.it','','Cavallaro Giuseppe SRL','2010-03-30 08:26:40','2010-03-31 16:06:15','Via delle Libellule, 6 ','CA','Cagliari',315,'09134',2,'IT',NULL,''),(3155,27,3,3,17,429,'010/6972381','','010/6972381','','','Celesia Giuseppe','2010-03-30 08:26:40','2010-03-31 16:06:15','Via Dagnino, 23-24 ','GE','Genova',315,'16156',2,'IT',NULL,''),(3156,27,3,3,17,430,'06/7825506','','06/7807008','','','Classeuno SRL - Casa Schmidt','2010-03-30 08:26:40','2010-03-31 16:06:15','Via Piegaro, 172 ','RM','Roma',315,'00181',2,'IT',NULL,''),(3157,27,3,3,17,428,'02/6600419','','02/66047146','info@cortiornella.it','','Corti SRL','2010-03-30 08:26:40','2010-03-31 16:06:15','Via Pasteur, 7 ','MI','Cinisello Balsamo',315,'20092',2,'IT',NULL,''),(3158,27,3,3,17,429,'06/88643790','','06/88643771','','','Cosmo Dental SRL','2010-03-30 08:26:40','2010-03-31 16:06:15','Via Fil. Ant. Gualterio, 56/C2 ','RM','Roma',315,'00139',2,'IT',NULL,''),(3159,27,3,3,17,430,'340/6691915','','','','','CSI Toscana SRL - Casa Schmidt','2010-03-30 08:26:40','2010-03-31 16:06:15','Viale Galileo Galilei, 13/G ','PO','Prato',315,'59100',2,'IT',NULL,''),(3160,27,3,3,17,431,'0965/332638','','0965/814348','','','Dental Carry SAS c/o Effegiesse SRL','2010-03-30 08:26:40','2010-03-31 16:06:15','Via de Nava, 70 ','RE','Reggio Calabria',315,'89122',2,'IT',NULL,''),(3161,27,3,3,17,431,'095/7226471','','095/7226471','','','Dental Carry SAS di F. Fedele','2010-03-30 08:26:40','2010-03-31 16:06:15','Via A. de Gasperi, 173/B ','CT','Catania',315,'95127',2,'IT',NULL,''),(3162,27,3,3,17,431,'090/45826','','090/51090','dcarry@tin.it','','Dental Carry SAS di F. Fedele','2010-03-30 08:26:40','2010-03-31 16:06:15','Via Andrea Calamech, 2 ','ME','Messina',315,'98122',2,'IT',NULL,''),(3163,27,3,3,17,431,'0422/548910','','0422/52338','filialetv@dentalclub.it','','Dental Club SPA','2010-03-30 08:26:40','2010-03-31 16:06:15','Viale de Gasperi, 34 ','TV','Treviso',315,'31100',2,'IT',NULL,''),(3164,27,3,3,17,431,'045/574442','','045/575826','filialevr@dentalclub.it','','Dental Club SPA','2010-03-30 08:26:40','2010-03-31 16:06:15','Via Cristofoli, 29 ','VR','Verona',315,'37138',2,'IT',NULL,''),(3165,27,3,3,17,431,'0432/235706','','0432/231112','filialeud@dentalclub.it','','Dental Club SPA','2010-03-30 08:26:40','2010-03-31 16:06:15','Via San Rocco, 10/B ','UD','Udine',315,'33100',2,'IT',NULL,''),(3166,27,3,3,17,431,'049/7662800','','049/8841406','dentalclub@dentalclub.it','','Dental Club SPA','2010-03-30 08:26:40','2010-03-31 16:06:15','Via Volta, 5 ','PD','Limena',315,'35010',2,'IT',NULL,''),(3167,27,3,3,17,431,'051/323941','','051/6389602','','','Dental Club SPA','2010-03-30 08:26:40','2010-03-31 16:06:15','Via dei Fornaciai, 29/A ','BO','Bologna',315,'40129',2,'IT',NULL,''),(3168,27,3,3,17,428,'030/3534498','','030/3543540','d@dentaldivision.it','','Dental Division SRL','2010-03-30 08:26:40','2010-03-31 16:06:15','Via San Zeno, 145 ','BS','Brescia',315,'25124',2,'IT',NULL,''),(3169,27,3,3,17,428,'081/7576713','','081/5400487','dentalfutura@libero.it','','Dental Futura Group SRL','2010-03-30 08:26:40','2010-03-31 16:06:15','<p>Via Giacomo Matteotti, 19</p>','NA','Napoli',315,'80026',2,'IT',NULL,''),(3170,27,3,3,17,429,'041/5952896','','041/5956803','dentalgold@dentalgold.it','','Dental Gold Division Team SRL','2010-03-30 08:26:40','2010-03-31 16:06:15','<p>Via Lazzari, 8</p>','VE','Mestre',315,'30173',2,'IT',NULL,''),(3171,27,3,3,17,428,'070/522334-35','','070/522328','dentalpoint@tiscali.it','','Dental Point SRL','2010-03-30 08:26:40','2010-03-31 16:06:15','Via Calamattia, 10 ','CA','Cagliari',315,'09134',2,'IT',NULL,''),(3172,27,3,3,17,428,'055/2638717','','055/2638901','','','Dental Trey SRL','2010-03-30 08:26:40','2010-03-31 16:06:15','Piazza Beccaria, 2 ','FI','Firenze',315,'50121',2,'IT',NULL,''),(3173,27,3,3,17,428,'0543/929111','','0543/929137','','','Dental Trey SRL','2010-03-30 08:26:40','2010-03-31 16:06:15','Via Partisani, 3 ','FC','Fiumana',315,'47010',2,'IT',NULL,''),(3174,27,3,3,17,428,'02/29017220','','02/62690515','','','Dental Trey SRL','2010-03-30 08:26:40','2010-03-31 16:06:15','Piazza della Repubblica, 22 ','MI','Milano',315,'20124',2,'IT',NULL,''),(3175,27,3,3,17,431,'055/242854','','055/2477614','alegiani@tiscalinet.it','','Dentale Toscana SRL','2010-03-30 08:26:40','2010-03-31 16:06:15','Via Jacopo Nardi, 4/A 4/B 6/B ','FI','Firenze',315,'50132',2,'IT',NULL,''),(3176,27,3,3,17,428,'0721/405153','','0721/405249','dentalgreen@dentalgreen.it','','Dentalgreen SRL','2010-03-30 08:26:40','2010-03-31 16:06:15','Via Degli Abeti 140 - Torraccia ','PU','Pesaro',315,'61100',2,'IT',NULL,''),(3177,27,3,3,17,428,'095/355438','','095/355438','dentamici@tiscali.it','','Dentamici SNC Forniture Dentali','2010-03-30 08:26:40','2010-03-31 16:06:15','Via G. Mazzaglia, 10 ','CT','Catania',315,'95123',2,'IT',NULL,''),(3178,27,3,3,17,428,'080/5348883','','080/5348738','dentitalia@teseo.it','','Dentitalia SRL','2010-03-30 08:26:40','2010-03-31 16:06:15','Via P. la Rotella, 2/A ','BA','Bari',315,'70123',2,'IT',NULL,''),(3179,27,3,3,17,428,'081/5523330','','081/5525270','digrazia.srl@tiscali.it','','Di Grazia SRL di  Grazia Vittorio','2010-03-30 08:26:40','2010-03-31 16:06:15','Via del Chiostro, 25 ','NA','Napoli',315,'80134',2,'IT',NULL,''),(3180,27,3,3,17,431,'091/6700055','','091/511760','info@emmeti.net','','Emmeti SAS di Milioto O. e C.','2010-03-30 08:26:40','2010-03-31 16:06:15','Via Valdemone, 20 ','PA','Palermo',315,'90144',2,'IT',NULL,''),(3181,27,3,3,17,430,'081/3722666','','','','','Equipe SRL - Casa Schmidt','2010-03-30 08:26:40','2010-03-31 16:06:15','Via Tommaso De Amicis, 54/56 ','NA','Napoli',315,'80145',2,'IT',NULL,''),(3182,27,3,3,17,431,'0832/318687','','0832/318696','info@esadental.it','','Esadental SRL','2010-03-30 08:26:40','2010-03-31 16:06:15','Via Parini, 50 ','LE','Lecce',315,'73100',2,'IT',NULL,''),(3183,27,3,3,17,429,'091/595120','','091/6451641','','','Eterno Dental SAS di Vincenzo Eterno e C.','2010-03-30 08:26:40','2010-03-31 16:06:15','Via G. Pagano, 52 ','PA','Palermo',315,'90135',2,'IT',NULL,''),(3184,27,3,3,17,430,'080/5640636','','080/5028727','','','Eurodental Due SNC - Casa Schmidt','2010-03-30 08:26:40','2010-03-31 16:06:15','Via Pende, 19 ','BA','Bari',315,'70124',2,'IT',NULL,''),(3185,27,3,3,17,431,'0131/263934','','','forb.al@forb.it','','Forb SPA','2010-03-30 08:26:40','2010-03-31 16:06:15','Via Gorizia, 10 ','AL','Alessandria',315,'15100',2,'IT',NULL,''),(3186,27,3,3,17,431,'011/21790','','011/2179050','info@forb.it','','Forb SPA','2010-03-30 08:26:40','2010-03-31 16:06:15','Via Enrico Fermi, 8 ','TO','Torino',315,'10148',2,'IT',NULL,''),(3187,27,3,3,17,431,'010/8356132','','010/8356174','forb.ge@forb.it','','Forb SPA','2010-03-30 08:26:40','2010-03-31 16:06:15','Lungo Bisagno Istria, 15/C ','GE','Genova',315,'16141',2,'IT',NULL,''),(3188,27,3,3,17,428,'0382/472281-2','','0382/570990','info@francodental.it','','Francodental SRL','2010-03-30 08:26:40','2010-03-31 16:06:15','Via Piermarini, 2 ','PV','Pavia',315,'27100',2,'IT',NULL,''),(3189,27,3,3,17,429,'0521/942233','','0521/945616','grossistefano@libero.it','','Grossi Dental Trade SRL di Grossi Stefano','2010-03-30 08:26:40','2010-03-31 16:06:15','Via Jenner, 13 ','PR','Parma',315,'43100',2,'IT',NULL,''),(3190,27,3,3,17,428,'055/4221566-7','','055/4221568','info@gruppodentale.com','','Gruppo Dentale SPA','2010-03-30 08:26:40','2010-03-31 16:06:15','Via R. Giuliani, 106/A ','FI','Firenze',315,'50141',2,'IT',NULL,''),(3191,27,3,3,17,431,'040/636622','','040/636806','info@felszegi.it','','I. De Felszegi SNC di Bruno Betz Güttner','2010-03-30 08:26:40','2010-03-31 16:06:15','Piazza S. Giovanni, 6 ','TS','Trieste',315,'34122',2,'IT',NULL,''),(3192,27,3,3,17,428,'0577/7111','','0577/717043','ufficioacquisti@profidentida.com','','I.D.A. Industrie Dentali Associate SRL','2010-03-30 08:26:40','2010-03-31 16:06:15','Via Martiri della Libertà, 54 ','SI','Asciano',315,'53041',2,'IT',NULL,''),(3193,27,3,3,17,429,'051/571989','','051/2985773','info@jobdental.eu','','Job Dental SRL','2010-03-30 08:26:40','2010-03-31 16:06:15','Via Canale, 8/4 ','BO','Casalecchio di Reno',315,'40033',2,'IT',NULL,''),(3194,27,3,3,17,431,'011/6522611','','011/6522612','','','Krugg SPA','2010-03-30 08:26:40','2010-03-31 16:06:15','<p>Via Massari, 138</p>','TO','Torino',315,'10148',2,'IT',NULL,''),(3195,27,3,3,17,431,'049/7808501','','','','','Krugg SPA','2010-03-30 08:26:40','2010-03-31 16:06:15','<p>Via del Pescarotto, 58</p>','PD','Padova',315,'35131',2,'IT',NULL,''),(3196,27,3,3,17,431,'0332/283220','','0332/283807','','','L\'Odonto New SRL','2010-03-30 08:26:40','2010-03-31 16:06:15','Via Monte Golico, 6 ','VA','Varese',315,'21100',2,'IT',NULL,''),(3197,27,3,3,17,429,'039/2022386','','039/839168','','','Lineadent SRL','2010-03-30 08:26:40','2010-03-31 16:06:15','Via E. Borsa, 12 ','MI','Monza',315,'20052',2,'IT',NULL,''),(3198,27,3,3,17,428,'0331/628100','','0331/625892','majeurdental@libero.it','','Majeurdental SAS di Inglese Francesco e C.','2010-03-30 08:26:40','2010-03-31 16:06:15','Via Ugo Mara, 13/A ','VA','Busto Arsizio',315,'21052',2,'IT',NULL,''),(3199,27,3,3,17,429,'035/255312','','035/255312','','','Maurel SRL','2010-03-30 08:26:40','2010-03-31 16:06:15','Via Verdi, 2 ','BG','Bergamo',315,'24121',2,'IT',NULL,''),(3200,27,3,3,17,429,'081/5162656','','081/5162656','','','Medica Com SRL','2010-03-30 08:26:40','2010-03-31 16:06:15','Via Pietro Fimiani, 15 III ','SA','Castel San Giorgio',315,'84080',2,'IT',NULL,''),(3201,27,3,3,17,430,'0925/86945','','0925/904235','','','Microdental SRL','2010-03-30 08:26:40','2010-03-31 16:06:15','Via Verona, 27 ','AG','Sciacca',315,'92019',2,'IT',NULL,''),(3202,27,3,3,17,429,'099/7312023','','099/7312023','','','Mida SRL','2010-03-30 08:26:40','2010-03-31 16:06:15','Viale Europa, 164 ','TA','Talsano',315,'74029',2,'IT',NULL,''),(3203,27,3,3,17,428,'06/3054185','','06/3054412','mosca.snc@tiscali.it','','Mosca e C. SNC di Mosca Cipriani L.','2010-03-30 08:26:40','2010-03-31 16:06:15','Via del Forte Trionfale, 15-19 ','RM','Roma',315,'00136',2,'IT',NULL,''),(3204,27,3,3,17,431,'02/33101080','','02/33101080','newgalet@tin.it','','New Galetti e Rossi SRL','2010-03-30 08:26:40','2010-03-31 16:06:15','Via Cenisio, 20 ','MI','Milano',315,'20154',2,'IT',NULL,''),(3205,27,3,3,17,431,'02/5461586','','02/5461344','newgalet@tin.it','','New Galetti e Rossi SRL','2010-03-30 08:26:40','2010-03-31 16:06:15','Via Maestri Campionesi, 26 ','MI','Milano',315,'20135',2,'IT',NULL,''),(3206,27,3,3,17,429,'0861/611028','','0861/611028','','','Niba Forniture Dentali di Conte Angelo','2010-03-30 08:26:40','2010-03-31 16:06:15','Via Nazionale, 294 ','TE','Bellante',315,'64020',2,'IT',NULL,''),(3207,27,3,3,17,431,'035/507411','','035/507475','giada@nordental.it','','Nordental Divisione Consumo SRL','2010-03-30 08:26:40','2010-03-31 16:06:15','Via Dell\' Aeronautica, 18 ','BG','Curno',315,'24035',2,'IT',NULL,''),(3208,27,3,3,17,431,'035/507411','','035/507475','giada@nordental.it','','Nordental Divisione Impianti SRL','2010-03-30 08:26:40','2010-03-31 16:06:15','Via Dell\' Aeronautica, 18 ','BG','Curno',315,'24035',2,'IT',NULL,''),(3209,27,3,3,17,431,'030/3546466','','030/3550642','brescia@nordental.it','','Nordental SPA','2010-03-30 08:26:40','2010-03-31 16:06:15','Via Chiesa Nuova, 8/10 ','BS','Brescia',315,'25125',2,'IT',NULL,''),(3210,27,3,3,17,431,'0372/24751','','','cremona@nordental.it','','Nordental SPA','2010-03-30 08:26:40','2010-03-31 16:06:15','Via Villa Glori, 19 ','CR','Cremona',315,'26100',2,'IT',NULL,''),(3211,27,3,3,17,431,'0376/380481','','0376/380861','mantova@nordental.it','','Nordental SPA','2010-03-30 08:26:40','2010-03-31 16:06:15','Via F. Vivenza, 6 ','MN','Mantova',315,'46100',2,'IT',NULL,''),(3212,27,3,3,17,428,'02/26149080','','02/26141164','nuovadentalpoint@libero.it','','Nuova Dental Point SRL','2010-03-30 08:26:40','2010-03-31 16:06:15','Via Dolomiti, 1/3 ','MI','Milano',315,'20127',2,'IT',NULL,''),(3213,27,3,3,17,431,'0471/935550','','0471/935633','','','Nuova Ghero Dental Division SRL','2010-03-30 08:26:40','2010-03-31 16:06:15','Siebeneich - Zone Enzenberg, 24 ','BZ','Terlano',315,'39018',2,'IT',NULL,''),(3214,27,3,3,17,431,'095/7215747','','','','','Nuova Ghero Dental Division SRL','2010-03-30 08:26:40','2010-03-31 16:06:15','Via Morgioni, 92 ','CT','San Gregorio Di Catania',315,'95027',2,'IT',NULL,''),(3215,27,3,3,17,431,'050/33111','','','linda.wisdom@tiscali.it','','Nuova Ghero Dental Division SRL','2010-03-30 08:26:40','2010-03-31 16:06:15','Via delle Ginestre, 21 ','PI','Tirrenia',315,'56018',2,'IT',NULL,''),(3216,27,3,3,17,431,'0422/841241','','0422/842310','info@oxydental.it','','Oxy Dental SRL','2010-03-30 08:26:40','2010-03-31 16:06:15','Via Tintoretto, 12 ','TV','Roncade di Treviso',315,'31056',2,'IT',NULL,''),(3217,27,3,3,17,428,'081/5288056','','081/5288056','gian.iervol2002@libero.it','','Pharmadental SRL Iervolino Massimo','2010-03-30 08:26:40','2010-03-31 16:06:15','Via Prisco di Prisco, 181 ','NA','Ottaviano',315,'80044',2,'IT',NULL,''),(3218,27,3,3,17,430,'011/19714148','','011/19701748','','','Prometeo Dental SRL - Casa Schmidt','2010-03-30 08:26:40','2010-03-31 16:06:15','Corso Marconi, 35 ','','Torino',315,'10125',2,'IT',NULL,''),(3219,27,3,3,17,430,'0967/530101','','','','','Casa Schmidt Italia SRL','2010-03-30 08:26:40','2010-03-31 16:06:15','Via Chiarello, 57/59 ','','Soverato',315,'88068',2,'IT',NULL,''),(3220,27,3,3,17,431,'049/8936823','','049/8932451','padova@revello.net','','Revello SPA','2010-03-30 08:26:40','2010-03-31 16:06:15','Via Germania, 2 ','PD','Peraga di Vigonza',315,'35010',2,'IT',NULL,''),(3221,27,3,3,17,431,'06/5032670','','06/5032064','roma@revello.net','','Revello SPA','2010-03-30 08:26:40','2010-03-31 16:06:15','Via Madonna di Fatima, 4/A ','','Roma',315,'00147',2,'IT',NULL,''),(3222,27,3,3,17,431,'085/950444','','085/950466','pescara@revello.net','','Revello SPA','2010-03-30 08:26:40','2010-03-31 16:06:15','Viale Salìne, 4 ','PE','Città Sant\'Angelo',315,'65013',2,'IT',NULL,''),(3223,27,3,3,17,431,'071/887116','','071/887115','ancona@revello.net','','Revello SPA','2010-03-30 08:26:40','2010-03-31 16:06:15','Via M. Ricci, 32 ','AN','Collemarino',315,'60023',2,'IT',NULL,''),(3224,27,3,3,17,431,'075/5996790','','075/5996795','perugia@revello.net','','Revello SPA','2010-03-30 08:26:40','2010-03-31 16:06:15','Via Manzoni Alessandro, 39/C ','PG','Ponte San Giovanni',315,'06087',2,'IT',NULL,''),(3225,27,3,3,17,431,'051/6312598','','','','','Revello SPA','2010-03-30 08:26:40','2010-03-31 16:06:15','Via Stalingrado, 71 ','BO','Bologna',315,'40128',2,'IT',NULL,''),(3226,27,3,3,17,431,'045/8238611','','045/8238612','revello@revello.net','','Revello SPA','2010-03-30 08:26:40','2010-03-31 16:06:15','Via E. Fermi, 20 ','VR','Verona',315,'37136',2,'IT',NULL,''),(3227,27,3,3,17,431,'080/4551267','','080/4553473','bari@revello.net','','Revello SPA','2010-03-30 08:26:40','2010-03-31 16:06:15','Via Ognissanti, 61 ','BA','Capurso',315,'70010',2,'IT',NULL,''),(3228,27,3,3,17,431,'010/3627048','','010/518079','genova@revello.net','','Revello SPA','2010-03-30 08:26:40','2010-03-31 16:06:15','Via Strasserra, 18 R ','GE','Genova',315,'16146',2,'IT',NULL,''),(3229,27,3,3,17,431,'0574/514144','','0574/535938','prato@revello.net','','Revello SPA','2010-03-30 08:26:40','2010-03-31 16:06:15','Via Giovanni Fattori, 32 ','PO','Prato',315,'59100',2,'IT',NULL,''),(3230,27,3,3,17,428,'02/48952697','','02/4222563','robecchi_it@hotmail.com','','Robecchi SRL Forniture Dentali','2010-03-30 08:26:40','2010-03-31 16:06:15','Via dei Grimani, 12 ','MI','Milano',315,'20144',2,'IT',NULL,''),(3231,27,3,3,17,431,'0881/687472','','0881/661421','russoforndent@tin.it','','Russo Mario Carmine','2010-03-30 08:26:40','2010-03-31 16:06:15','Via N. Zingarelli, 23 ','FG','Foggia',315,'71100',2,'IT',NULL,''),(3232,27,3,3,17,429,'335/6363308','','335/42297398','','','Sandrini Gold di Mario Sandrini','2010-03-30 08:26:40','2010-03-31 16:06:15','Via Bartolomeo D\'Alviano, 27 ','MI','Milano',315,'20146',2,'IT',NULL,''),(3233,27,3,3,17,428,'0471/930244','','0471/935001','info@sanident.it','','Sanident SRL','2010-03-30 08:26:40','2010-03-31 16:06:15','Via Gallilei, 6/C ','BZ','Bolzano',315,'39100',2,'IT',NULL,''),(3234,27,3,3,17,428,'0331/641616','','0331/642623','smilesrl@tin.it','','Smile SRL','2010-03-30 08:26:40','2010-03-31 16:06:15','Via Risorgimento, 6 ','','Solbiate Olona',315,'21058',2,'IT',NULL,''),(3235,27,3,3,17,428,'0376/267711','','0376/381471','','','Teodental SRL','2010-03-30 08:26:40','2010-03-31 16:06:15','Via C. Pisacane, 5/A ','MN','Mantova',315,'46100',2,'IT',NULL,''),(3236,27,3,3,17,428,'06/21807620','','06/2596163','info@territo.it','','Territo SRL','2010-03-30 08:26:40','2010-03-31 16:06:15','Via Bellegra, 98, 100, 102 ','RM','Roma',315,'00171',2,'IT',NULL,''),(3237,27,3,3,17,428,'095/504300','','095/553337','','','Tudisco Forniture Dentali SRL','2010-03-30 08:26:40','2010-03-31 16:06:15','Via Bronte, 72 ','CT','Catania',315,'95125',2,'IT',NULL,''),(3238,27,3,3,17,428,'0931/65966','','','','','Tudisco Forniture Dentali SRL','2010-03-30 08:26:40','2010-03-31 16:06:15','Via Ciane, 6 ','SR','Siracusa',315,'96100',2,'IT',NULL,''),(3239,27,3,3,17,431,'010/542170','','010/5962127','filiale.ge@umbra.it','','Umbra SPA','2010-03-30 08:26:40','2010-03-31 16:06:15','Via T. Invrea, 34/R ','GE','Genova',315,'16129',2,'IT',NULL,''),(3240,27,3,3,17,431,'0574/570966','','0574/570966','filiale.po@umbra.it','','Umbra SPA','2010-03-30 08:26:40','2010-03-31 16:06:15','Via Cecchi, 8 ','PO','Prato',315,'59100',2,'IT',NULL,''),(3241,27,3,3,17,431,'0471/977214','','0471/981273','filiale.bz@umbra.it','','Umbra SPA','2010-03-30 08:26:40','2010-03-31 16:06:15','Via Cavour, 11 ','BZ','Bolzano',315,'39100',2,'IT',NULL,''),(3242,27,3,3,17,431,'06/86890266','','06/86802291','filiale.rm@umbra.it','','Umbra SPA','2010-03-30 08:26:40','2010-03-31 16:06:15','Via Guelfo Civinini, 25/D ','RM','Roma',315,'00141',2,'IT',NULL,''),(3243,27,3,3,17,431,'085/4451688','','085/4454460','filiale.pe@umbra.it','','Umbra SPA','2010-03-30 08:26:40','2010-03-31 16:06:15','Via Verrotti, 168 ','PE','Montesilvano',315,'65016',2,'IT',NULL,''),(3244,27,3,3,17,431,'051/535770','','051/532520','filiale.bo@umbra.it','','Umbra SPA','2010-03-30 08:26:40','2010-03-31 16:06:15','Viale Lenin, 45/C ','BO','Bologna',315,'40138',2,'IT',NULL,''),(3245,27,3,3,17,431,'079/261004','','079/3764058','filiale.ss@umbra.it','','Umbra SPA','2010-03-30 08:26:40','2010-03-31 16:06:15','<p>Via Caniga Sopra Brico Sarda</p>','SS','Sassari',315,'07100',2,'IT',NULL,''),(3246,27,3,3,17,431,'041/5030788','','041/5038224','','','Umbra SPA','2010-03-30 08:26:40','2010-03-31 16:06:15','Via Tiziano, 1 interno 3 ','VE','Maerne  di Martellago',315,'30030',2,'IT',NULL,''),(3247,27,3,3,17,431,'035/3692053','','','','','Umbra SPA','2010-03-30 08:26:40','2010-03-31 16:06:15','<p>Via Corridoni, 28/H</p>','BG','Bergamo',315,'24124',2,'IT',NULL,''),(3248,27,3,3,17,431,'071/7451653','','071/94551','filiale.an@umbra.it','','Umbra SPA','2010-03-30 08:26:40','2010-03-31 16:06:15','Via D\'Antona, 14 ','AN','Chiaravalle',315,'60020',2,'IT',NULL,''),(3249,27,3,3,17,431,'075/506901','','075/5019861','info@umbra.it','','Umbra SPA','2010-03-30 08:26:40','2010-03-31 16:06:15','Via Madonna Alta, 138 ','PG','Perugia',315,'06128',2,'IT',NULL,''),(3250,27,3,3,17,431,'011/3249209','','011/3276835','filiale.to@umbra.it','','Umbra SPA','2010-03-30 08:26:40','2010-03-31 16:06:15','Via Filadelfia, 130 ','TO','Torino',315,'10137',2,'IT',NULL,''),(3251,27,3,3,17,431,'0432/44076','','0432/547082','','','V.S. Dental SRL','2010-03-30 08:26:40','2010-03-31 16:06:15','Via Tavagnacco, 83/1 ','UD','Udine',315,'33100',2,'IT',NULL,''),(3252,27,3,3,17,431,'045/564999','','045/568709','info@vsdental.it','','V.S. Dental SRL','2010-03-30 08:26:40','2010-03-31 16:06:15','Corso Milano, 205 ','VR','Verona',315,'37138',2,'IT',NULL,''),(3253,27,3,3,17,428,'051/758904','','051/754581','info@vallenet.it','','Valle SRL','2010-03-30 08:26:40','2010-03-31 16:06:15','Via Parini, 13 ','BO','Zola Predosa',315,'40069',2,'IT',NULL,''),(3254,27,3,3,17,428,'0521/995454','','0521/995488','info@vallenet.it','','Valle SRL','2010-03-30 08:26:40','2010-03-31 16:06:15','Via Belli, 5/A ','PR','Parma',315,'43100',2,'IT',NULL,''),(3255,27,3,3,17,428,'0444/401690','','0444/405568','lorenzo@vianello.net','','Vianello di Maurizio e Lorenzo Vianello e C. SNC','2010-03-30 08:26:40','2010-03-31 16:06:15','Via Negrelli, 4 ','VI','Brendola',315,'36040',2,'IT',NULL,''),(3256,27,3,3,17,428,'06/9813261','','06/9813295','vimar@gedy.it','','Vimar SRL','2010-03-30 08:26:40','2010-03-31 16:06:15','<p>Via San Francesco, 108</p>','RM','Anzio',315,'00042',2,'IT',NULL,''),(3257,27,3,3,25,412,'329/4036258','','','giuseppe.cantamessa@ivoclarvivadent.it','','Giuseppe Cantamessa','2010-03-30 08:26:40','2010-03-31 16:06:23','','','',315,'',1,'IT',NULL,''),(3258,27,3,3,17,431,'0432/502941','','','','','Krugg SPA','2010-03-30 08:26:40','2010-03-31 16:06:15','<p>Piazzale Osoppo, 4</p>','UD','Udine',315,'33100',2,'IT',NULL,''),(3259,27,3,3,17,430,'0925/4500245','','','','','Casa Schmitd Italia SRL','2010-03-30 08:26:40','2010-03-31 16:06:15','Via delle Azalee, 68','AG','Sciacca',315,'92019',2,'IT',NULL,''),(3260,27,3,3,25,412,'349/6191276','','','maurizio.leanza@ivoclarvivadent.it','','Maurizio Leanza','2010-03-30 08:26:40','2010-03-31 16:06:23','','','',315,'',1,'IT',NULL,''),(3261,27,3,3,25,412,'335/7445695','','','fausto.lanzoni@ivoclarvivadent.it','','Fausto Lanzoni','2010-03-30 08:26:40','2010-03-31 16:06:23','','','',315,'',1,'IT',NULL,''),(3262,27,3,3,25,406,'335/8215731','','','luciano.cappelletti@ivoclarvivadent.it','','Luciano Cappelletti','2010-03-30 08:26:40','2010-03-31 16:06:23','','','',315,'',1,'IT',NULL,''),(3263,27,3,3,17,0,'+64 4 473 2787','','+64 4 473 2656','','','Wellington Branch','2010-03-30 08:26:40','2010-03-31 16:06:15','Unit 14<br />Tyres Road<br />Ngauranga Gorge','','Wellington',300,'6035',2,'IT',NULL,''),(3264,27,3,3,17,0,'+64 3 366 0025','','+64 3 377 1625','','','Christchurch Branch','2010-03-30 08:26:40','2010-03-31 16:06:15','10 Durham&nbsp;Street<br />Sydenham ','','Christchurch',300,'8023',2,'IT',NULL,''),(3265,27,3,3,19,0,'+48 0-22 613 86 79','','+48 0-22 514 62 91','info@koldental.com.pl','','Kol-Dental','2010-03-30 08:26:40','2010-03-31 16:06:15','ul. Ostrobramska 73','','Warszawa',329,'04-175',2,'PL',NULL,''),(3266,27,3,3,19,0,'+48 022 632 32 98','','+48 022 632 33 98','biuro@tech-dent.pl','','Techdent Center','2010-03-30 08:26:40','2010-03-31 16:06:15','Skierniewicka 21/5 ','','Warszawa',329,'01-230',2,'PL',NULL,''),(3267,27,3,3,19,0,'+48 042 633 89 22','','+48 042 632 58 12','office@dent-r.pl','','Dent-R','2010-03-30 08:26:40','2010-03-31 16:06:15','ul. Piotrkowska 31 ','','Łódź',329,'90-410 ',2,'PL',NULL,''),(3268,27,3,3,19,0,'0-81 74 21 236','','0-81 742 73 38','dentolek@neostrada.pl','','Heltkopol','2010-03-30 08:26:40','2010-03-31 16:06:15','ul. Botaniczna 22','','Lublin',329,'20-809',2,'PL',NULL,''),(3269,27,3,3,19,0,'0-34 368 09 32','','0-34 368 09 32','biuro@marku.com.pl','','Marku','2010-03-30 08:26:40','2010-03-31 16:06:15','Al. Armii Krajowej 2','','Częstochowa',329,'42-200 ',2,'PL',NULL,''),(3270,27,3,3,19,0,'0-32 788 00 16','','0-32 788 00 09','salus@salusint.com.pl','','Salus International','2010-03-30 08:26:40','2010-03-31 16:06:15','ul. Pułaskiego 9','','Katowice',329,'40-273',2,'PL',NULL,''),(3271,27,3,3,19,0,'0-33 815 20 13','','0-33 815 22 67','','','Marrodent','2010-03-30 08:26:40','2010-03-31 16:06:15','ul. Morwowa 31','','Jaworze Średnie',329,'43-384 ',2,'PL',NULL,''),(3272,27,3,3,19,0,'+48 041 34 31 800','','+48 041 34 44 886','kd@meditrans.pl','','Meditrans','2010-03-30 08:26:40','2010-03-31 16:06:15','ul. Podlasie 16 C ','','Kielce',329,'25-108',2,'PL',NULL,''),(3273,27,3,3,19,0,'0-81 444 11 66','','0-81 446 58 11','biuro@l-dent.pl','','L-Dent','2010-03-30 08:26:40','2010-03-31 16:06:15','ul. Szmaragdowa 1','','Lublin',329,'20-570',2,'PL',NULL,''),(3274,27,3,3,19,0,'0-52 345 76 66','','0-52 328 45 71','babachan@op.pl','','Babachan','2010-03-30 08:26:40','2010-03-31 16:06:15','ul. Kwiatowa 5','','Bydgoszcz',329,'85-047',2,'PL',NULL,''),(3275,27,3,3,19,0,'0-12 661 35 50','','0-12 661 35 51','galicja@servident.pl','','Galicja BWS','2010-03-30 08:26:40','2010-03-31 16:06:15','ul. Kazimierza Wielkiego 104','','Kraków',329,'30-074',2,'PL',NULL,''),(3276,27,3,3,19,0,'0-71 333 21 01','','0-71 368 87 04','stomatologia@cezal.com.pl','','CZM Cezal S.A.','2010-03-30 08:26:40','2010-03-31 16:06:15','ul. Widna 4','','Wrocław',329,'50-543',2,'PL',NULL,''),(3277,27,3,3,19,0,'0-61 848 35 10','','0-61 848 34 09','hurtownia@aneks.poznan.pl','','Aneks','2010-03-30 08:26:40','2010-03-31 16:06:15','ul. Wojciechowskiego 7/17 ','','Poznań',329,'60-685',2,'PL',NULL,''),(3278,27,3,3,19,0,'0-61 852 80 79','','0-61 852 80 82','biuro@mercontrol.com.pl','','Mercontrol','2010-03-30 08:26:40','2010-03-31 16:06:15','ul. 3 Maja 48 C/3','','Poznań',329,'61-728',2,'PL',NULL,''),(3279,27,3,3,19,0,'0-42 632 24 05','','0-42 630 03 69','szark@onet.pl','','Szark','2010-03-30 08:26:40','2010-03-31 16:06:15','Al. Kościuszki 36','','Łódź',329,'90-419',2,'PL',NULL,''),(3280,27,3,3,19,0,'0-24 267 32 20','','0-24 267 32 20','oldent@oldent.pl','','Oldent','2010-03-30 08:26:40','2010-03-31 16:06:15','ul. Padlewskiego 11','','Płock',329,'09-400',2,'PL',NULL,''),(3281,27,3,3,19,0,'0-77 448 70 00','','0-77 448 77 99','firmamedius@wp.pl','','Medius','2010-03-30 08:26:40','2010-03-31 16:06:15','ul. Piłsudskiego 62A','','Nysa',329,'48-303',2,'PL',NULL,''),(3282,27,3,3,19,0,'0-58 346 02 55','','0-58 344 61 27','madent@pro.onet.pl','','Madent','2010-03-30 08:26:40','2010-03-31 16:06:15','ul. Bohaterów Getta Warszawskiego 13','','Gdańsk-Wrzeszcz',329,'80-230',2,'PL',NULL,''),(3283,27,3,3,19,0,'0-33 861 00 15','','0-33 861 00 15','biuro@galmed.pl','','Galmed','2010-03-30 08:26:40','2010-03-31 16:06:15','ul. Komorowskich 111','','Żywiec',329,'34-300',2,'PL',NULL,''),(3284,27,3,3,19,0,'0-32 291 66 58','','0-32 291 75 64','sbdental@poczta.onet.pl','','Szczęśniak & Bratek','2010-03-30 08:26:40','2010-03-31 16:06:15','ul. Staropogońska 37','','Sosnowiec',329,'41-200',2,'PL',NULL,''),(3285,27,3,3,19,0,'0-61 847 58 58','','0-61 848 44 57','mikran@mikran.pl','','Mikran','2010-03-30 08:26:40','2010-03-31 16:06:15','ul. Mickiewicza 7','','Poznań',329,'60-833',2,'PL',NULL,''),(3286,27,3,3,19,0,'+48 071 317 51 53','','+48 071 317 51 37','info@silesiadental.pl','','Silesia Dental','2010-03-30 08:26:40','2010-03-31 16:06:15','ul. Polna 31','','Komorniki-Środa Śląska',329,'55-300',2,'PL',NULL,''),(3287,27,3,3,19,0,'0-89 539 95 76','','0-89 539 95 76','mildent@poczta.fm','','Mildent Plus','2010-03-30 08:26:40','2010-03-31 16:06:15','ul. Kościuszki 14/1','','Olsztyn',329,'10-502',2,'PL',NULL,''),(3288,27,3,3,19,0,'0-74 843 42 98','','0-74 842 99 62','dental.servis@plusnet.pl','','Dental Servis','2010-03-30 08:26:40','2010-03-31 16:06:15','ul. Zdrojowa 4','','Wałbrzych',329,'58-306',2,'PL',NULL,''),(3289,27,3,3,19,0,'0-25 643 56 52','','0-25 643 56 52','jm3@xl.wp.pl','','J.M. Dental','2010-03-30 08:26:40','2010-03-31 16:06:15','ul. Niepodległości 10a','','Siedlce',329,'08-110',2,'PL',NULL,''),(3290,27,3,3,19,0,'0-32 423 85 78','','0-32 423 78 02','pomed@pomed.com.pl','','Pomed','2010-03-30 08:26:40','2010-03-31 16:06:15','ul. M.Skłodowskiej 7','','Rybnik',329,'44-200',2,'PL',NULL,''),(3291,27,3,3,19,0,'0 22 891 25 50','','0 22 891 25 55','legedent@legedent.pl','','Lege-Dent','2010-03-30 08:26:40','2010-03-31 16:06:15','ul. Bluszczańska 76 lok. 9 ','','Warszawa',329,'00-712',2,'PL',NULL,''),(3292,27,3,3,19,0,'0-58 341 85 03','','0-58 341 85 03','anna.andryskowska@wp.pl','','J.Andryskowski','2010-03-30 08:26:40','2010-03-31 16:06:15','ul. Jaśkowa Dolina 9 m.1','','Gdańsk-Wrzeszcz',329,'80-246',2,'PL',NULL,''),(3293,27,3,3,19,0,'0-58 341 61 13','','0-58 340 43 06','poczta@berson.com.pl','','Berson','2010-03-30 08:26:40','2010-03-31 16:06:15','Al. Wojska Polskiego 50/1','','Gdańsk-Wrzeszcz',329,'80-268',2,'PL',NULL,''),(3294,27,3,3,19,0,'0-68 323 06 95','','0-68 323 06 95','smpromed@onet.pl','','Promed','2010-03-30 08:26:40','2010-03-31 16:06:15','ul. Słowacka 6c/10','','Zielona Góra',329,'65-943',2,'PL',NULL,''),(3295,27,3,3,20,0,'+7(495)913-66-06, +7(499)973-50-93','','+7(495)913-66-13','','','Харико Дента Мед','2010-03-30 08:26:40','2010-03-31 16:06:15',' Дербеневская наб., 11 ','','Москва',332,'115114',2,'RU',NULL,''),(3296,27,3,3,28,407,'+7(495)913-66-19','','+7(495)913-66-15','stephan.uhlmann@ivoclarvivadent.com','','Штефан Ульманн','2010-03-30 08:26:40','2010-03-31 16:06:23','Дербеневская наб. 11, корп. В ','','Москва',332,'115114',1,'RU',NULL,''),(3297,27,3,3,28,423,'+7(495)913-66-17','','+7(495)913-66-15','peter.dukart@ivoclarvivadent.com','','Петер Дукарт','2010-03-30 08:26:40','2010-03-31 16:06:23','Дербеневская наб. 11, корп. В ','','Москва',332,'115114',1,'RU',NULL,''),(3298,27,3,3,28,427,'+7(495)913-66-18','','+7(495)913-66-15','anton.lebedenko@ivoclarvivadent.com','','Антон Лебеденко','2010-03-30 08:26:40','2010-03-31 16:06:23','Дербеневская наб. 11, корп. В','','Москва',332,'115114',1,'RU',NULL,''),(3299,27,3,3,20,0,'+7(343)262-87-50','','+7(343)262-71-60','info@uqm.ru','','УралКвадромед','2010-03-30 08:26:40','2010-03-31 16:06:15','ул. Бажова, д. 193, 3 эт.','','Екатеринбург',332,'620026',2,'RU',NULL,''),(3300,27,3,3,20,0,'+7(812)275-47-46','','+7(812)647-06-11','info@dental-av.ru','','Дентал АВ','2010-03-30 08:26:40','2010-03-31 16:06:15','Ковенский пер., д. 9','','Санкт-Петербург',332,'191014',2,'RU',NULL,''),(3301,27,3,3,20,0,'+7(495)783-28-73, +7(495)627-75-77','','+7(495)647-06-11','moscow@dental-av.ru','','Дентал АВ','2010-03-30 08:26:40','2010-03-31 16:06:15','Ленинградский просп., д. 72, стр. 4, оф. 109\n','','Москва',332,'125315',2,'RU',NULL,''),(3302,27,3,3,20,0,'+7(495)983-10-45','','+7(495)682-65-16','techdental@mail.ru','','ТехДентал (только сплавы)','2010-03-30 08:26:40','2010-03-31 16:06:15',' Староалексеевская ул., д. 5 ','','Москва',332,'129626',2,'RU',NULL,''),(3303,27,3,3,20,0,'+7(812)448-24-12, +7(812)373-26-03 ','','+7(812)371-33-38','amfodent@amfodent.ru','','Амфодент','2010-03-30 08:26:40','2010-03-31 16:06:15',' пл. Победы, д. 2 ','','Санкт-Петербург',332,'196143',2,'RU',NULL,''),(3304,27,3,3,20,0,'+7(495)334-48-68, +7(495)334-41-19','','','amfodent@amfodent.ru','','Амфодент','2010-03-30 08:26:40','2010-03-31 16:06:15','ул. Миклухо-Маклая, д. 55','','Москва',332,'117279',2,'RU',NULL,''),(3305,27,3,3,20,0,'+7(843)570-68-80','','+7(843)570-68-82','mail@rocadamed.ru','','Рокада-Дент','2010-03-30 08:26:40','2010-03-31 16:06:15',' ул. Петербургская, д. 26 ','Республика Татарстан','Казань',332,'420107',2,'RU',NULL,''),(3306,27,3,3,20,0,'+7(8442)33-93-25, +7(8442)33-93-35','','+7(8442)33-89-94','k_stoma@t-k.ru','','Кристалл-Стома','2010-03-30 08:26:40','2010-03-31 16:06:15','ул. Невская, д. 4а','','Волгоград',332,'400087',2,'RU',NULL,''),(3307,27,3,3,20,0,'+7(800)100-39-39, +7(495)933-95-87','','+7(800)100-39-39, +7(495)933-95-87','proclinic@mail.ru','','Проклиник','2010-03-30 08:26:40','2010-03-31 16:06:15','Угрешская ул., д. 2, стр. 73, оф. 210 ','','Москва',332,'115088',2,'RU',NULL,''),(3308,27,3,3,20,0,'+7(39175)23-156, +7(391)27-37-156','','+7(39175)23-156, +7(391)27-37-156','sagdatulin-r@contact-kr.ru','','Контакт','2010-03-30 08:26:40','2010-03-31 16:06:15',' ул. Солнечная, 1а/3\n','','Красноярск, п. Березовка',332,'662520',2,'RU',NULL,''),(3309,27,3,3,20,0,'+7(861)210-2027','','+7(861)210-2027 ','ygmedtreid@mail.ru','','Югмедтрейд','2010-03-30 08:26:40','2010-03-31 16:06:15',' ул. Коммунаров, 266, оф. 6\n','','Краснодар',332,'350020',2,'RU',NULL,''),(3310,27,3,3,20,0,'+7(8617)71-76-88, +7(8617)61-80-84, +7(8617)61-80-95','','+7(8617)71-76-88, +7(8617)61-80-84, +7(8617)61-80-95','echo@nvrsk.net','','Эхо','2010-03-30 08:26:40','2010-03-31 16:06:15',' ул. Корницкого, 83 ','','Новороссийск',332,'353923',2,'RU',NULL,''),(3311,27,3,3,20,0,'+7(495)974-30-30','','+7(495)974-30-30','info@dentex.ru','','Дентекс','2010-03-30 08:26:40','2010-03-31 16:06:15',' ул. М.Грузинская, д. 28\n','','Москва',332,'123557',2,'RU',NULL,''),(3312,27,3,3,21,0,'0171-230 00','','0171-210 00','info@nordenta.se','','Nordenta','2010-03-30 08:26:40','2010-03-31 16:06:15','Verkmästaregatan 1','','Enköping',333,'745 85',2,'SE',NULL,''),(3313,27,3,3,21,0,'08-676 54 10','','08-21 46 59','forssbergs@fd.se','','Forssbergs Dental','2010-03-30 08:26:40','2010-03-31 16:06:15','<p>Box 90193</p>','','Stockholm',333,'120 22',2,'SE',NULL,''),(3314,27,3,3,21,0,'08-506 505 00','','08-506 505 10','kontakt@dabdental.se','','DAB Dental','2010-03-30 08:26:40','2010-03-31 16:06:15','Box 423,','','Upplands Väsby',333,'194 04',2,'SE',NULL,''),(3315,27,3,3,21,0,'020-28 00 28 ','','08-799 82 82','','','DAB Lab','2010-03-30 08:26:40','2010-03-31 16:06:15','Adolfsbergsvägen 31','','Bromma',333,'168 66',2,'SE',NULL,''),(3316,27,3,3,13,424,'+46 8 514 93 944','','','pelle.vonwowern@ivoclarvivadent.se','','Pelle von Wowern','2010-03-30 08:26:40','2010-03-31 16:06:06','<img src=\"http://www.ivoclarvivadent.com/client/ivoclar/media/thumbs/Media_615546052.png\" alt=\"\" />Product Manager - <br />Fixed Prosthetics all ceramics CAD/CAM&nbsp;','','Solna',333,'',0,'SE',NULL,''),(3317,27,3,3,13,424,'','','','','','Pelle von Wowern','2010-03-30 08:26:40','2010-03-31 16:06:06','','','',333,'',0,'SE',NULL,''),(3318,27,3,3,42,0,'+423 235 35 35','','+423 235 36 33','presse@ivoclarvivadent.com','','Ivoclar Vivadent AG','2010-03-30 08:26:40','2010-03-31 16:02:17','Bendererstrasse 2','','Schaan',319,'9494',-1,'','',''),(3319,27,3,3,42,0,'+423 2353255','','+423 2394255','manuela.beck@ivoclarvivadent.com','','Ivoclar Vivadent AG - ICDE','2010-03-30 08:26:40','2010-03-31 16:02:17','Bendererstrasse 2','','Schaan',319,'9494',-1,'','',''),(3320,27,3,3,42,0,'+423 235 36 75','','+423 235 3741','sabine.matt@ivoclarvivadent.com','','Ivoclar Vivadent AG - Clinical','2010-03-30 08:26:40','2010-03-31 16:02:17','Bendererstrasse 2','','Schaan',319,'9494',-1,'','',''),(3321,27,3,3,42,0,'0473/670201 - 670202 - 670206','','0473/670210','','','ICDE - International Center for Dental Education','2010-03-30 08:26:40','2010-03-31 16:02:17','Via Gustav Flora 32\n','','Naturno',315,'39025',-1,'','',''),(3322,27,3,3,42,0,'Numero Verde 800/480252','','','info@ivoclarvivadent.it','','Ivoclar Vivadent srl & C. sas - Technical Division','2010-03-30 08:26:40','2010-03-31 16:02:17','Via Gustav Flora 32','','Naturns - BZ',315,'39025',-1,'','',''),(3323,27,3,3,42,0,'+33 4 50 88 64 00','','+33 4 50 68 91 52 ','presse@ivoclarvivadent.fr','','Ivoclar Vivadent','2010-03-30 08:26:40','2010-03-31 16:02:17','Route de la chapelle du Puy - BP 118','','Saint-Jorioz Cedex',310,'74410',-1,'','',''),(3324,27,3,3,42,0,'07961/889-0','','07961/6326','presse.mc@ivoclarvivadent.de','','Ivoclar Vivadent GmbH','2010-03-30 08:26:40','2010-03-31 16:02:17','Dr. Adolf-Schneider-Strasse 2','','Ellwangen',307,'73479',-1,'','',''),(3325,27,3,3,42,0,'','','','http://www.fh-liechtenstein.li/birkenbihl/anmelden.asp','','Fachhochschule Liechtenstein','2010-03-30 08:26:40','2010-03-31 16:02:17','','','',319,'',-1,'','',''),(3326,27,3,3,42,0,'051 / 591384','','051 / 593317','clinical@ivoclarvivadent.it','','Ivoclar Vivadent srl & C. sas - Clinical Division','2010-03-30 08:26:40','2010-03-31 16:02:17','Via Isonzo 69','','Casalecchio di Reno (BO)',315,'40033',-1,'','',''),(3327,27,3,3,42,0,'1-800-533-6825','','','mail@ivoclarvivadent.us.','','Ivoclar Vivadent Inc.','2010-03-30 08:26:40','2010-03-31 16:02:17','175 Pineview Drive','','Amherst, N.Y.',298,'14228',-1,'','',''),(3328,27,3,3,42,0,'08 / 514 93 930','','08 / 514 93 940','info@ivoclarvivadent.se','','Ivoclar Vivadent AB','2010-03-30 08:26:40','2010-03-31 16:02:17','Dalv','','Solna',333,'169 56 ',-1,'','',''),(3329,27,3,3,42,0,'','','','admin@ivoclarvivadent.com.au','','Ivoclar Vivadent Pty Ltd.','2010-03-30 08:26:40','2010-03-31 16:02:17','Noble Park North','','Victoria',299,'3174',-1,'','',''),(3330,27,3,3,42,0,'Tel: +39 0473 67 01 11','','','dololores.olivotto@ivoclarvivadent.it','','Ivoclar Vivadent srl & c. sas','2010-03-30 08:26:40','2010-03-31 16:02:17','Via Gustav Flora 32\n','','Naturno',315,'39025',-1,'','',''),(3331,27,3,3,42,0,'Tel: +33 4 50 88 64 00 ','','','viviane.quantin@ivoclarvivadent.fr','','Ivoclar Vivadent','2010-03-30 08:26:40','2010-03-31 16:02:17','Route de la Chapelle de Puy  BP 118\n','','Saint-Jorioz ',310,'74410 ',-1,'','',''),(3332,27,3,3,42,0,'+09 914 9999<br/>Free Phone 0508 IVOCLAR (486 252)','','+09 914 9990','','','Ivoclar Vivadent Ltd','2010-03-30 08:26:40','2010-03-31 16:02:17','Omega(Street, Albany)<br/>\nPO Box 5243, Wellesley Street','','Aukland',300,'',-1,'','',''),(3333,27,3,3,42,0,'','','','david.ross@ivoclarvivadent.co.uk','','Courses UK','2010-03-30 08:26:40','2010-03-31 16:02:17','Ground Floor, \nCompass Building\nFeldspar Close','','Enderby',312,'LE19 4SE',-1,'','',''),(3334,27,3,3,43,0,'+43 (5574) 90609-0','','+43 (5574) 90609-9-0','contact@massiveart.com','www.massiveart.com','Massive Art','2010-04-13 14:09:55','2010-04-15 10:33:42','<p>Arlbergstra&szlig;e 119</p>','','Bregenz',328,'6900',0,'','','');
/*!40000 ALTER TABLE `locations` ENABLE KEYS */;
UNLOCK TABLES;

--
-- Table structure for table `modules`
--

DROP TABLE IF EXISTS `modules`;
/*!40101 SET @saved_cs_client     = @@character_set_client */;
/*!40101 SET character_set_client = utf8 */;
CREATE TABLE `modules` (
  `id` bigint(20) unsigned NOT NULL AUTO_INCREMENT,
  `title` varchar(255) NOT NULL,
  `resourceKey` varchar(64) DEFAULT NULL,
  `cssClass` varchar(64) DEFAULT NULL,
  `order` int(11) DEFAULT NULL,
  `active` tinyint(1) NOT NULL DEFAULT '0',
  PRIMARY KEY (`id`)
) ENGINE=InnoDB AUTO_INCREMENT=6 DEFAULT CHARSET=utf8;
/*!40101 SET character_set_client = @saved_cs_client */;

--
-- Dumping data for table `modules`
--

LOCK TABLES `modules` WRITE;
/*!40000 ALTER TABLE `modules` DISABLE KEYS */;
INSERT INTO `modules` VALUES (1,'cms','portals','navtop',1,1),(2,'media','media','navtop',3,1),(3,'properties','settings','navtopinnerright',4,1),(4,'users','user_administration','navtopinnerright',5,1),(5,'global','global','navtop',2,1);
/*!40000 ALTER TABLE `modules` ENABLE KEYS */;
UNLOCK TABLES;

--
-- Table structure for table `navigationOptionTitles`
--

DROP TABLE IF EXISTS `navigationOptionTitles`;
/*!40101 SET @saved_cs_client     = @@character_set_client */;
/*!40101 SET character_set_client = utf8 */;
CREATE TABLE `navigationOptionTitles` (
  `id` int(10) unsigned NOT NULL AUTO_INCREMENT,
  `idNavigationOptions` int(10) unsigned NOT NULL,
  `idLanguages` int(10) unsigned NOT NULL DEFAULT '1',
  `title` varchar(100) NOT NULL,
  PRIMARY KEY (`id`),
  KEY `idProductTypes` (`idNavigationOptions`),
  CONSTRAINT `navigationOptionTitles_ibfk_1` FOREIGN KEY (`idNavigationOptions`) REFERENCES `navigationOptions` (`id`) ON DELETE CASCADE
) ENGINE=InnoDB AUTO_INCREMENT=5 DEFAULT CHARSET=utf8;
/*!40101 SET character_set_client = @saved_cs_client */;

--
-- Dumping data for table `navigationOptionTitles`
--

LOCK TABLES `navigationOptionTitles` WRITE;
/*!40000 ALTER TABLE `navigationOptionTitles` DISABLE KEYS */;
INSERT INTO `navigationOptionTitles` VALUES (1,1,1,'Top-Navigation'),(2,2,1,'Seiten-Navigation'),(3,3,1,'Seiten-Navigation'),(4,4,1,'Footer');
/*!40000 ALTER TABLE `navigationOptionTitles` ENABLE KEYS */;
UNLOCK TABLES;

--
-- Table structure for table `navigationOptions`
--

DROP TABLE IF EXISTS `navigationOptions`;
/*!40101 SET @saved_cs_client     = @@character_set_client */;
/*!40101 SET character_set_client = utf8 */;
CREATE TABLE `navigationOptions` (
  `id` int(10) unsigned NOT NULL AUTO_INCREMENT,
  `title` varchar(64) NOT NULL,
  `active` tinyint(1) NOT NULL,
  PRIMARY KEY (`id`)
) ENGINE=InnoDB AUTO_INCREMENT=5 DEFAULT CHARSET=utf8;
/*!40101 SET character_set_client = @saved_cs_client */;

--
-- Dumping data for table `navigationOptions`
--

LOCK TABLES `navigationOptions` WRITE;
/*!40000 ALTER TABLE `navigationOptions` DISABLE KEYS */;
INSERT INTO `navigationOptions` VALUES (1,'top',1),(2,'left',1),(3,'right',0),(4,'bottom',1);
/*!40000 ALTER TABLE `navigationOptions` ENABLE KEYS */;
UNLOCK TABLES;

--
-- Table structure for table `page-DEFAULT_COLLECTION-1-InstanceFiles`
--

DROP TABLE IF EXISTS `page-DEFAULT_COLLECTION-1-InstanceFiles`;
/*!40101 SET @saved_cs_client     = @@character_set_client */;
/*!40101 SET character_set_client = utf8 */;
CREATE TABLE `page-DEFAULT_COLLECTION-1-InstanceFiles` (
  `id` bigint(20) unsigned NOT NULL AUTO_INCREMENT,
  `pageId` varchar(255) NOT NULL,
  `version` int(10) unsigned NOT NULL,
  `idLanguages` int(10) unsigned NOT NULL DEFAULT '1',
  `sortPosition` int(10) unsigned NOT NULL,
  `idFiles` bigint(20) unsigned NOT NULL,
  `displayOption` varchar(64) DEFAULT NULL,
  `idFields` bigint(20) unsigned NOT NULL,
  PRIMARY KEY (`id`),
  KEY `pageId` (`pageId`),
  KEY `idFiles` (`idFiles`),
  CONSTRAINT `page-DEFAULT_COLLECTION-1-InstanceFiles_ibfk_1` FOREIGN KEY (`idFiles`) REFERENCES `files` (`id`) ON DELETE CASCADE,
  CONSTRAINT `page-DEFAULT_COLLECTION-1-InstanceFiles_ibfk_2` FOREIGN KEY (`pageId`) REFERENCES `pages` (`pageId`) ON DELETE CASCADE
) ENGINE=InnoDB DEFAULT CHARSET=utf8 ROW_FORMAT=COMPACT;
/*!40101 SET character_set_client = @saved_cs_client */;

--
-- Dumping data for table `page-DEFAULT_COLLECTION-1-InstanceFiles`
--

LOCK TABLES `page-DEFAULT_COLLECTION-1-InstanceFiles` WRITE;
/*!40000 ALTER TABLE `page-DEFAULT_COLLECTION-1-InstanceFiles` DISABLE KEYS */;
/*!40000 ALTER TABLE `page-DEFAULT_COLLECTION-1-InstanceFiles` ENABLE KEYS */;
UNLOCK TABLES;

--
-- Table structure for table `page-DEFAULT_COLLECTION-1-InstanceMultiFields`
--

DROP TABLE IF EXISTS `page-DEFAULT_COLLECTION-1-InstanceMultiFields`;
/*!40101 SET @saved_cs_client     = @@character_set_client */;
/*!40101 SET character_set_client = utf8 */;
CREATE TABLE `page-DEFAULT_COLLECTION-1-InstanceMultiFields` (
  `id` bigint(20) unsigned NOT NULL AUTO_INCREMENT,
  `pageId` varchar(255) NOT NULL,
  `version` int(10) unsigned NOT NULL,
  `idLanguages` int(10) unsigned NOT NULL DEFAULT '1',
  `idRelation` bigint(20) unsigned NOT NULL,
  `value` varchar(255) DEFAULT NULL,
  `idFields` bigint(20) unsigned NOT NULL,
  PRIMARY KEY (`id`),
  KEY `pageId` (`pageId`),
  CONSTRAINT `page-DEFAULT_COLLECTION-1-InstanceMultiFields_ibfk_1` FOREIGN KEY (`pageId`) REFERENCES `pages` (`pageId`) ON DELETE CASCADE
) ENGINE=InnoDB DEFAULT CHARSET=utf8 ROW_FORMAT=COMPACT;
/*!40101 SET character_set_client = @saved_cs_client */;

--
-- Dumping data for table `page-DEFAULT_COLLECTION-1-InstanceMultiFields`
--

LOCK TABLES `page-DEFAULT_COLLECTION-1-InstanceMultiFields` WRITE;
/*!40000 ALTER TABLE `page-DEFAULT_COLLECTION-1-InstanceMultiFields` DISABLE KEYS */;
/*!40000 ALTER TABLE `page-DEFAULT_COLLECTION-1-InstanceMultiFields` ENABLE KEYS */;
UNLOCK TABLES;

--
-- Table structure for table `page-DEFAULT_COLLECTION-1-Instances`
--

DROP TABLE IF EXISTS `page-DEFAULT_COLLECTION-1-Instances`;
/*!40101 SET @saved_cs_client     = @@character_set_client */;
/*!40101 SET character_set_client = utf8 */;
CREATE TABLE `page-DEFAULT_COLLECTION-1-Instances` (
  `id` bigint(20) unsigned NOT NULL AUTO_INCREMENT,
  `pageId` varchar(32) NOT NULL,
  `version` int(10) unsigned NOT NULL,
  `idLanguages` int(10) unsigned NOT NULL DEFAULT '1',
  `idUsers` bigint(20) unsigned NOT NULL,
  `articletitle` varchar(255) DEFAULT NULL,
  `collection_title` varchar(255) DEFAULT NULL,
  `shortdescription` text,
  `description` text NOT NULL,
  `header_embed_code` text,
  `contact` varchar(255) DEFAULT NULL,
  `creator` bigint(20) unsigned NOT NULL,
  `created` timestamp NULL DEFAULT NULL,
  `changed` timestamp NOT NULL DEFAULT CURRENT_TIMESTAMP ON UPDATE CURRENT_TIMESTAMP,
  PRIMARY KEY (`id`),
  KEY `pageId` (`pageId`),
  CONSTRAINT `page-DEFAULT_COLLECTION-1-Instances_ibfk_1` FOREIGN KEY (`pageId`) REFERENCES `pages` (`pageId`) ON DELETE CASCADE
) ENGINE=InnoDB DEFAULT CHARSET=utf8 ROW_FORMAT=COMPACT;
/*!40101 SET character_set_client = @saved_cs_client */;

--
-- Dumping data for table `page-DEFAULT_COLLECTION-1-Instances`
--

LOCK TABLES `page-DEFAULT_COLLECTION-1-Instances` WRITE;
/*!40000 ALTER TABLE `page-DEFAULT_COLLECTION-1-Instances` DISABLE KEYS */;
/*!40000 ALTER TABLE `page-DEFAULT_COLLECTION-1-Instances` ENABLE KEYS */;
UNLOCK TABLES;

--
-- Table structure for table `page-DEFAULT_COLLECTION-1-Region14-InstanceFiles`
--

DROP TABLE IF EXISTS `page-DEFAULT_COLLECTION-1-Region14-InstanceFiles`;
/*!40101 SET @saved_cs_client     = @@character_set_client */;
/*!40101 SET character_set_client = utf8 */;
CREATE TABLE `page-DEFAULT_COLLECTION-1-Region14-InstanceFiles` (
  `id` bigint(20) unsigned NOT NULL AUTO_INCREMENT,
  `pageId` varchar(255) NOT NULL,
  `version` int(10) unsigned NOT NULL,
  `idLanguages` int(10) unsigned NOT NULL DEFAULT '1',
  `idRegionInstances` bigint(20) unsigned NOT NULL,
  `idFiles` bigint(20) unsigned NOT NULL,
  `displayOption` varchar(64) DEFAULT NULL,
  `idFields` bigint(20) unsigned NOT NULL,
  PRIMARY KEY (`id`),
  KEY `pageId` (`pageId`),
  KEY `idRegionInstances` (`idRegionInstances`),
  KEY `idFiles` (`idFiles`),
  CONSTRAINT `page-DEFAULT_COLLECTION-1-Region14-InstanceFiles_ibfk_1` FOREIGN KEY (`pageId`) REFERENCES `pages` (`pageId`) ON DELETE CASCADE,
  CONSTRAINT `page-DEFAULT_COLLECTION-1-Region14-InstanceFiles_ibfk_2` FOREIGN KEY (`idRegionInstances`) REFERENCES `page-DEFAULT_COLLECTION-1-Region14-Instances` (`id`) ON DELETE CASCADE,
  CONSTRAINT `page-DEFAULT_COLLECTION-1-Region14-InstanceFiles_ibfk_3` FOREIGN KEY (`idFiles`) REFERENCES `files` (`id`) ON DELETE CASCADE
) ENGINE=InnoDB DEFAULT CHARSET=utf8 ROW_FORMAT=COMPACT;
/*!40101 SET character_set_client = @saved_cs_client */;

--
-- Dumping data for table `page-DEFAULT_COLLECTION-1-Region14-InstanceFiles`
--

LOCK TABLES `page-DEFAULT_COLLECTION-1-Region14-InstanceFiles` WRITE;
/*!40000 ALTER TABLE `page-DEFAULT_COLLECTION-1-Region14-InstanceFiles` DISABLE KEYS */;
/*!40000 ALTER TABLE `page-DEFAULT_COLLECTION-1-Region14-InstanceFiles` ENABLE KEYS */;
UNLOCK TABLES;

--
-- Table structure for table `page-DEFAULT_COLLECTION-1-Region14-Instances`
--

DROP TABLE IF EXISTS `page-DEFAULT_COLLECTION-1-Region14-Instances`;
/*!40101 SET @saved_cs_client     = @@character_set_client */;
/*!40101 SET character_set_client = utf8 */;
CREATE TABLE `page-DEFAULT_COLLECTION-1-Region14-Instances` (
  `id` bigint(20) unsigned NOT NULL AUTO_INCREMENT,
  `pageId` varchar(32) NOT NULL,
  `version` int(10) unsigned NOT NULL,
  `idLanguages` int(10) unsigned NOT NULL DEFAULT '1',
  `sortPosition` int(10) unsigned NOT NULL,
  `sidebar_title` varchar(255) DEFAULT NULL,
  `sidebar_description` text,
  PRIMARY KEY (`id`),
  KEY `pageId` (`pageId`),
  CONSTRAINT `page-DEFAULT_COLLECTION-1-Region14-Instances_ibfk_1` FOREIGN KEY (`pageId`) REFERENCES `pages` (`pageId`) ON DELETE CASCADE
) ENGINE=InnoDB DEFAULT CHARSET=utf8 ROW_FORMAT=COMPACT;
/*!40101 SET character_set_client = @saved_cs_client */;

--
-- Dumping data for table `page-DEFAULT_COLLECTION-1-Region14-Instances`
--

LOCK TABLES `page-DEFAULT_COLLECTION-1-Region14-Instances` WRITE;
/*!40000 ALTER TABLE `page-DEFAULT_COLLECTION-1-Region14-Instances` DISABLE KEYS */;
/*!40000 ALTER TABLE `page-DEFAULT_COLLECTION-1-Region14-Instances` ENABLE KEYS */;
UNLOCK TABLES;

--
-- Table structure for table `page-DEFAULT_COURSES-1-InstanceFiles`
--

DROP TABLE IF EXISTS `page-DEFAULT_COURSES-1-InstanceFiles`;
/*!40101 SET @saved_cs_client     = @@character_set_client */;
/*!40101 SET character_set_client = utf8 */;
CREATE TABLE `page-DEFAULT_COURSES-1-InstanceFiles` (
  `id` bigint(20) unsigned NOT NULL AUTO_INCREMENT,
  `pageId` varchar(255) NOT NULL,
  `version` int(10) unsigned NOT NULL,
  `idLanguages` int(10) unsigned NOT NULL DEFAULT '1',
  `sortPosition` int(10) unsigned NOT NULL,
  `idFiles` bigint(20) unsigned NOT NULL,
  `displayOption` varchar(64) DEFAULT NULL,
  `idFields` bigint(20) unsigned NOT NULL,
  PRIMARY KEY (`id`),
  KEY `pageId` (`pageId`),
  KEY `idFiles` (`idFiles`),
  CONSTRAINT `page-DEFAULT_COURSES-1-InstanceFiles_ibfk_1` FOREIGN KEY (`pageId`) REFERENCES `pages` (`pageId`) ON DELETE CASCADE,
  CONSTRAINT `page-DEFAULT_COURSES-1-InstanceFiles_ibfk_2` FOREIGN KEY (`idFiles`) REFERENCES `files` (`id`) ON DELETE CASCADE
) ENGINE=InnoDB DEFAULT CHARSET=utf8 ROW_FORMAT=COMPACT;
/*!40101 SET character_set_client = @saved_cs_client */;

--
-- Dumping data for table `page-DEFAULT_COURSES-1-InstanceFiles`
--

LOCK TABLES `page-DEFAULT_COURSES-1-InstanceFiles` WRITE;
/*!40000 ALTER TABLE `page-DEFAULT_COURSES-1-InstanceFiles` DISABLE KEYS */;
/*!40000 ALTER TABLE `page-DEFAULT_COURSES-1-InstanceFiles` ENABLE KEYS */;
UNLOCK TABLES;

--
-- Table structure for table `page-DEFAULT_COURSES-1-InstanceMultiFields`
--

DROP TABLE IF EXISTS `page-DEFAULT_COURSES-1-InstanceMultiFields`;
/*!40101 SET @saved_cs_client     = @@character_set_client */;
/*!40101 SET character_set_client = utf8 */;
CREATE TABLE `page-DEFAULT_COURSES-1-InstanceMultiFields` (
  `id` bigint(20) unsigned NOT NULL AUTO_INCREMENT,
  `pageId` varchar(255) NOT NULL,
  `version` int(10) unsigned NOT NULL,
  `idLanguages` int(10) unsigned NOT NULL DEFAULT '1',
  `idRelation` bigint(20) unsigned NOT NULL,
  `value` varchar(255) DEFAULT NULL,
  `idFields` bigint(20) unsigned NOT NULL,
  PRIMARY KEY (`id`),
  KEY `pageId` (`pageId`),
  CONSTRAINT `page-DEFAULT_COURSES-1-InstanceMultiFields_ibfk_1` FOREIGN KEY (`pageId`) REFERENCES `pages` (`pageId`) ON DELETE CASCADE
) ENGINE=InnoDB DEFAULT CHARSET=utf8 ROW_FORMAT=COMPACT;
/*!40101 SET character_set_client = @saved_cs_client */;

--
-- Dumping data for table `page-DEFAULT_COURSES-1-InstanceMultiFields`
--

LOCK TABLES `page-DEFAULT_COURSES-1-InstanceMultiFields` WRITE;
/*!40000 ALTER TABLE `page-DEFAULT_COURSES-1-InstanceMultiFields` DISABLE KEYS */;
/*!40000 ALTER TABLE `page-DEFAULT_COURSES-1-InstanceMultiFields` ENABLE KEYS */;
UNLOCK TABLES;

--
-- Table structure for table `page-DEFAULT_COURSES-1-Instances`
--

DROP TABLE IF EXISTS `page-DEFAULT_COURSES-1-Instances`;
/*!40101 SET @saved_cs_client     = @@character_set_client */;
/*!40101 SET character_set_client = utf8 */;
CREATE TABLE `page-DEFAULT_COURSES-1-Instances` (
  `id` bigint(20) unsigned NOT NULL AUTO_INCREMENT,
  `pageId` varchar(32) NOT NULL,
  `version` int(10) unsigned NOT NULL,
  `idLanguages` int(10) unsigned NOT NULL DEFAULT '1',
  `idUsers` bigint(20) unsigned NOT NULL,
  `articletitle` varchar(255) DEFAULT NULL,
  `entry_title` varchar(255) DEFAULT NULL,
  `entry_point` bigint(20) unsigned DEFAULT NULL,
  `entry_category` bigint(20) unsigned DEFAULT NULL,
  `entry_label` bigint(20) unsigned DEFAULT NULL,
  `shortdescription` text,
  `description` text,
  `contact` varchar(255) DEFAULT NULL,
  `creator` bigint(20) unsigned NOT NULL,
  `created` timestamp NULL DEFAULT NULL,
  `changed` timestamp NOT NULL DEFAULT CURRENT_TIMESTAMP ON UPDATE CURRENT_TIMESTAMP,
  PRIMARY KEY (`id`),
  KEY `pageId` (`pageId`),
  CONSTRAINT `page-DEFAULT_COURSES-1-Instances_ibfk_1` FOREIGN KEY (`pageId`) REFERENCES `pages` (`pageId`) ON DELETE CASCADE
) ENGINE=InnoDB AUTO_INCREMENT=3 DEFAULT CHARSET=utf8 ROW_FORMAT=COMPACT;
/*!40101 SET character_set_client = @saved_cs_client */;

--
-- Dumping data for table `page-DEFAULT_COURSES-1-Instances`
--

LOCK TABLES `page-DEFAULT_COURSES-1-Instances` WRITE;
/*!40000 ALTER TABLE `page-DEFAULT_COURSES-1-Instances` DISABLE KEYS */;
INSERT INTO `page-DEFAULT_COURSES-1-Instances` VALUES (1,'4bc590c4a49b6',1,1,3,'','',42,77,0,'',NULL,'',3,'2010-04-14 10:18:07','2010-04-20 13:20:22'),(2,'4bc5b69090d3c',1,1,3,'','',42,0,0,'',NULL,'',3,'2010-04-14 12:35:34','2010-04-14 12:35:41');
/*!40000 ALTER TABLE `page-DEFAULT_COURSES-1-Instances` ENABLE KEYS */;
UNLOCK TABLES;

--
-- Table structure for table `page-DEFAULT_EVENT-1-InstanceFiles`
--

DROP TABLE IF EXISTS `page-DEFAULT_EVENT-1-InstanceFiles`;
/*!40101 SET @saved_cs_client     = @@character_set_client */;
/*!40101 SET character_set_client = utf8 */;
CREATE TABLE `page-DEFAULT_EVENT-1-InstanceFiles` (
  `id` bigint(20) unsigned NOT NULL AUTO_INCREMENT,
  `pageId` varchar(255) NOT NULL,
  `version` int(10) unsigned NOT NULL,
  `idLanguages` int(10) unsigned NOT NULL DEFAULT '1',
  `sortPosition` int(10) unsigned NOT NULL,
  `idFiles` bigint(20) unsigned NOT NULL,
  `displayOption` varchar(64) DEFAULT NULL,
  `idFields` bigint(20) unsigned NOT NULL,
  PRIMARY KEY (`id`),
  KEY `pageId` (`pageId`),
  KEY `idFiles` (`idFiles`),
  CONSTRAINT `page-DEFAULT_EVENT-1-InstanceFiles_ibfk_1` FOREIGN KEY (`pageId`) REFERENCES `pages` (`pageId`) ON DELETE CASCADE,
  CONSTRAINT `page-DEFAULT_EVENT-1-InstanceFiles_ibfk_2` FOREIGN KEY (`idFiles`) REFERENCES `files` (`id`) ON DELETE CASCADE
) ENGINE=InnoDB DEFAULT CHARSET=utf8 ROW_FORMAT=COMPACT;
/*!40101 SET character_set_client = @saved_cs_client */;

--
-- Dumping data for table `page-DEFAULT_EVENT-1-InstanceFiles`
--

LOCK TABLES `page-DEFAULT_EVENT-1-InstanceFiles` WRITE;
/*!40000 ALTER TABLE `page-DEFAULT_EVENT-1-InstanceFiles` DISABLE KEYS */;
/*!40000 ALTER TABLE `page-DEFAULT_EVENT-1-InstanceFiles` ENABLE KEYS */;
UNLOCK TABLES;

--
-- Table structure for table `page-DEFAULT_EVENT-1-InstanceMultiFields`
--

DROP TABLE IF EXISTS `page-DEFAULT_EVENT-1-InstanceMultiFields`;
/*!40101 SET @saved_cs_client     = @@character_set_client */;
/*!40101 SET character_set_client = utf8 */;
CREATE TABLE `page-DEFAULT_EVENT-1-InstanceMultiFields` (
  `id` bigint(20) unsigned NOT NULL AUTO_INCREMENT,
  `pageId` varchar(255) NOT NULL,
  `version` int(10) unsigned NOT NULL,
  `idLanguages` int(10) unsigned NOT NULL DEFAULT '1',
  `idRelation` bigint(20) unsigned NOT NULL,
  `value` varchar(255) DEFAULT NULL,
  `idFields` bigint(20) unsigned NOT NULL,
  PRIMARY KEY (`id`),
  KEY `pageId` (`pageId`),
  CONSTRAINT `page-DEFAULT_EVENT-1-InstanceMultiFields_ibfk_1` FOREIGN KEY (`pageId`) REFERENCES `pages` (`pageId`) ON DELETE CASCADE
) ENGINE=InnoDB DEFAULT CHARSET=utf8 ROW_FORMAT=COMPACT;
/*!40101 SET character_set_client = @saved_cs_client */;

--
-- Dumping data for table `page-DEFAULT_EVENT-1-InstanceMultiFields`
--

LOCK TABLES `page-DEFAULT_EVENT-1-InstanceMultiFields` WRITE;
/*!40000 ALTER TABLE `page-DEFAULT_EVENT-1-InstanceMultiFields` DISABLE KEYS */;
/*!40000 ALTER TABLE `page-DEFAULT_EVENT-1-InstanceMultiFields` ENABLE KEYS */;
UNLOCK TABLES;

--
-- Table structure for table `page-DEFAULT_EVENT-1-Instances`
--

DROP TABLE IF EXISTS `page-DEFAULT_EVENT-1-Instances`;
/*!40101 SET @saved_cs_client     = @@character_set_client */;
/*!40101 SET character_set_client = utf8 */;
CREATE TABLE `page-DEFAULT_EVENT-1-Instances` (
  `id` bigint(20) unsigned NOT NULL AUTO_INCREMENT,
  `pageId` varchar(32) NOT NULL,
  `version` int(10) unsigned NOT NULL,
  `idLanguages` int(10) unsigned NOT NULL DEFAULT '1',
  `idUsers` bigint(20) unsigned NOT NULL,
  `articletitle` text NOT NULL,
  `description` text,
  `pics_title` varchar(255) DEFAULT NULL,
  `docs_title` varchar(255) DEFAULT '',
  `video_title` varchar(255) DEFAULT NULL,
  `video_embed_code` text,
  `shortdescription` text NOT NULL,
  `event_duration` varchar(255) DEFAULT NULL,
  `event_street` varchar(255) DEFAULT NULL,
  `event_streetnr` varchar(255) DEFAULT NULL,
  `event_plz` varchar(255) DEFAULT NULL,
  `event_city` varchar(255) DEFAULT NULL,
  `event_location` varchar(255) DEFAULT NULL,
  `event_max_members` varchar(255) DEFAULT NULL,
  `event_costs` varchar(255) DEFAULT NULL,
  `event_status` varchar(255) DEFAULT NULL,
  `contact` varchar(255) DEFAULT NULL,
  `creator` bigint(20) unsigned NOT NULL,
  `created` timestamp NULL DEFAULT NULL,
  `changed` timestamp NOT NULL DEFAULT CURRENT_TIMESTAMP ON UPDATE CURRENT_TIMESTAMP,
  PRIMARY KEY (`id`),
  KEY `pageId` (`pageId`),
  CONSTRAINT `page-DEFAULT_EVENT-1-Instances_ibfk_1` FOREIGN KEY (`pageId`) REFERENCES `pages` (`pageId`) ON DELETE CASCADE
) ENGINE=InnoDB DEFAULT CHARSET=utf8 ROW_FORMAT=COMPACT;
/*!40101 SET character_set_client = @saved_cs_client */;

--
-- Dumping data for table `page-DEFAULT_EVENT-1-Instances`
--

LOCK TABLES `page-DEFAULT_EVENT-1-Instances` WRITE;
/*!40000 ALTER TABLE `page-DEFAULT_EVENT-1-Instances` DISABLE KEYS */;
/*!40000 ALTER TABLE `page-DEFAULT_EVENT-1-Instances` ENABLE KEYS */;
UNLOCK TABLES;

--
-- Table structure for table `page-DEFAULT_EVENTS-1-InstanceFiles`
--

DROP TABLE IF EXISTS `page-DEFAULT_EVENTS-1-InstanceFiles`;
/*!40101 SET @saved_cs_client     = @@character_set_client */;
/*!40101 SET character_set_client = utf8 */;
CREATE TABLE `page-DEFAULT_EVENTS-1-InstanceFiles` (
  `id` bigint(20) unsigned NOT NULL AUTO_INCREMENT,
  `pageId` varchar(255) NOT NULL,
  `version` int(10) unsigned NOT NULL,
  `idLanguages` int(10) unsigned NOT NULL DEFAULT '1',
  `sortPosition` int(10) unsigned NOT NULL,
  `idFiles` bigint(20) unsigned NOT NULL,
  `displayOption` varchar(64) DEFAULT NULL,
  `idFields` bigint(20) unsigned NOT NULL,
  PRIMARY KEY (`id`),
  KEY `pageId` (`pageId`),
  KEY `idFiles` (`idFiles`),
  CONSTRAINT `page-DEFAULT_EVENTS-1-InstanceFiles_ibfk_2` FOREIGN KEY (`idFiles`) REFERENCES `files` (`id`) ON DELETE CASCADE,
  CONSTRAINT `page-DEFAULT_EVENTS-1-InstanceFiles_ibfk_1` FOREIGN KEY (`pageId`) REFERENCES `pages` (`pageId`) ON DELETE CASCADE
) ENGINE=InnoDB DEFAULT CHARSET=utf8 ROW_FORMAT=COMPACT;
/*!40101 SET character_set_client = @saved_cs_client */;

--
-- Dumping data for table `page-DEFAULT_EVENTS-1-InstanceFiles`
--

LOCK TABLES `page-DEFAULT_EVENTS-1-InstanceFiles` WRITE;
/*!40000 ALTER TABLE `page-DEFAULT_EVENTS-1-InstanceFiles` DISABLE KEYS */;
/*!40000 ALTER TABLE `page-DEFAULT_EVENTS-1-InstanceFiles` ENABLE KEYS */;
UNLOCK TABLES;

--
-- Table structure for table `page-DEFAULT_EVENTS-1-InstanceMultiFields`
--

DROP TABLE IF EXISTS `page-DEFAULT_EVENTS-1-InstanceMultiFields`;
/*!40101 SET @saved_cs_client     = @@character_set_client */;
/*!40101 SET character_set_client = utf8 */;
CREATE TABLE `page-DEFAULT_EVENTS-1-InstanceMultiFields` (
  `id` bigint(20) unsigned NOT NULL AUTO_INCREMENT,
  `pageId` varchar(255) NOT NULL,
  `version` int(10) unsigned NOT NULL,
  `idLanguages` int(10) unsigned NOT NULL DEFAULT '1',
  `idRelation` bigint(20) unsigned NOT NULL,
  `value` varchar(255) DEFAULT NULL,
  `idFields` bigint(20) unsigned NOT NULL,
  PRIMARY KEY (`id`),
  KEY `pageId` (`pageId`),
  CONSTRAINT `page-DEFAULT_EVENTS-1-InstanceMultiFields_ibfk_1` FOREIGN KEY (`pageId`) REFERENCES `pages` (`pageId`) ON DELETE CASCADE
) ENGINE=InnoDB DEFAULT CHARSET=utf8 ROW_FORMAT=COMPACT;
/*!40101 SET character_set_client = @saved_cs_client */;

--
-- Dumping data for table `page-DEFAULT_EVENTS-1-InstanceMultiFields`
--

LOCK TABLES `page-DEFAULT_EVENTS-1-InstanceMultiFields` WRITE;
/*!40000 ALTER TABLE `page-DEFAULT_EVENTS-1-InstanceMultiFields` DISABLE KEYS */;
/*!40000 ALTER TABLE `page-DEFAULT_EVENTS-1-InstanceMultiFields` ENABLE KEYS */;
UNLOCK TABLES;

--
-- Table structure for table `page-DEFAULT_EVENTS-1-Instances`
--

DROP TABLE IF EXISTS `page-DEFAULT_EVENTS-1-Instances`;
/*!40101 SET @saved_cs_client     = @@character_set_client */;
/*!40101 SET character_set_client = utf8 */;
CREATE TABLE `page-DEFAULT_EVENTS-1-Instances` (
  `id` bigint(20) unsigned NOT NULL AUTO_INCREMENT,
  `pageId` varchar(32) NOT NULL,
  `version` int(10) unsigned NOT NULL,
  `idLanguages` int(10) unsigned NOT NULL DEFAULT '1',
  `idUsers` bigint(20) unsigned NOT NULL,
  `articletitle` varchar(255) DEFAULT NULL,
  `entry_title` varchar(255) DEFAULT NULL,
  `entry_point` bigint(20) unsigned DEFAULT NULL,
  `entry_category` bigint(20) unsigned DEFAULT NULL,
  `entry_label` bigint(20) unsigned DEFAULT NULL,
  `shortdescription` text,
  `description` text,
  `contact` varchar(255) DEFAULT NULL,
  `creator` bigint(20) unsigned NOT NULL,
  `created` timestamp NULL DEFAULT NULL,
  `changed` timestamp NOT NULL DEFAULT CURRENT_TIMESTAMP ON UPDATE CURRENT_TIMESTAMP,
  PRIMARY KEY (`id`),
  KEY `pageId` (`pageId`),
  CONSTRAINT `page-DEFAULT_EVENTS-1-Instances_ibfk_1` FOREIGN KEY (`pageId`) REFERENCES `pages` (`pageId`) ON DELETE CASCADE
) ENGINE=InnoDB AUTO_INCREMENT=2 DEFAULT CHARSET=utf8 ROW_FORMAT=COMPACT;
/*!40101 SET character_set_client = @saved_cs_client */;

--
-- Dumping data for table `page-DEFAULT_EVENTS-1-Instances`
--

LOCK TABLES `page-DEFAULT_EVENTS-1-Instances` WRITE;
/*!40000 ALTER TABLE `page-DEFAULT_EVENTS-1-Instances` DISABLE KEYS */;
INSERT INTO `page-DEFAULT_EVENTS-1-Instances` VALUES (1,'4bcec4a2c1b70',1,1,3,'','',84,0,0,'',NULL,'',3,'2010-04-21 09:49:13','2010-04-21 10:05:20');
/*!40000 ALTER TABLE `page-DEFAULT_EVENTS-1-Instances` ENABLE KEYS */;
UNLOCK TABLES;

--
-- Table structure for table `page-DEFAULT_EVENT_OVERVIEW-1-InstanceFiles`
--

DROP TABLE IF EXISTS `page-DEFAULT_EVENT_OVERVIEW-1-InstanceFiles`;
/*!40101 SET @saved_cs_client     = @@character_set_client */;
/*!40101 SET character_set_client = utf8 */;
CREATE TABLE `page-DEFAULT_EVENT_OVERVIEW-1-InstanceFiles` (
  `id` bigint(20) unsigned NOT NULL AUTO_INCREMENT,
  `pageId` varchar(255) NOT NULL,
  `version` int(10) unsigned NOT NULL,
  `idLanguages` int(10) unsigned NOT NULL DEFAULT '1',
  `sortPosition` int(10) unsigned NOT NULL,
  `idFiles` bigint(20) unsigned NOT NULL,
  `displayOption` varchar(64) DEFAULT NULL,
  `idFields` bigint(20) unsigned NOT NULL,
  PRIMARY KEY (`id`),
  KEY `pageId` (`pageId`),
  KEY `idFiles` (`idFiles`),
  CONSTRAINT `page-DEFAULT_EVENT_OVERVIEW-1-InstanceFiles_ibfk_1` FOREIGN KEY (`pageId`) REFERENCES `pages` (`pageId`) ON DELETE CASCADE,
  CONSTRAINT `page-DEFAULT_EVENT_OVERVIEW-1-InstanceFiles_ibfk_2` FOREIGN KEY (`idFiles`) REFERENCES `files` (`id`) ON DELETE CASCADE
) ENGINE=InnoDB DEFAULT CHARSET=utf8 ROW_FORMAT=COMPACT;
/*!40101 SET character_set_client = @saved_cs_client */;

--
-- Dumping data for table `page-DEFAULT_EVENT_OVERVIEW-1-InstanceFiles`
--

LOCK TABLES `page-DEFAULT_EVENT_OVERVIEW-1-InstanceFiles` WRITE;
/*!40000 ALTER TABLE `page-DEFAULT_EVENT_OVERVIEW-1-InstanceFiles` DISABLE KEYS */;
/*!40000 ALTER TABLE `page-DEFAULT_EVENT_OVERVIEW-1-InstanceFiles` ENABLE KEYS */;
UNLOCK TABLES;

--
-- Table structure for table `page-DEFAULT_EVENT_OVERVIEW-1-InstanceMultiFields`
--

DROP TABLE IF EXISTS `page-DEFAULT_EVENT_OVERVIEW-1-InstanceMultiFields`;
/*!40101 SET @saved_cs_client     = @@character_set_client */;
/*!40101 SET character_set_client = utf8 */;
CREATE TABLE `page-DEFAULT_EVENT_OVERVIEW-1-InstanceMultiFields` (
  `id` bigint(20) unsigned NOT NULL AUTO_INCREMENT,
  `pageId` varchar(255) NOT NULL,
  `version` int(10) unsigned NOT NULL,
  `idLanguages` int(10) unsigned NOT NULL DEFAULT '1',
  `idRelation` bigint(20) unsigned NOT NULL,
  `value` varchar(255) DEFAULT NULL,
  `idFields` bigint(20) unsigned NOT NULL,
  PRIMARY KEY (`id`),
  KEY `pageId` (`pageId`),
  CONSTRAINT `page-DEFAULT_EVENT_OVERVIEW-1-InstanceMultiFields_ibfk_1` FOREIGN KEY (`pageId`) REFERENCES `pages` (`pageId`) ON DELETE CASCADE
) ENGINE=InnoDB DEFAULT CHARSET=utf8 ROW_FORMAT=COMPACT;
/*!40101 SET character_set_client = @saved_cs_client */;

--
-- Dumping data for table `page-DEFAULT_EVENT_OVERVIEW-1-InstanceMultiFields`
--

LOCK TABLES `page-DEFAULT_EVENT_OVERVIEW-1-InstanceMultiFields` WRITE;
/*!40000 ALTER TABLE `page-DEFAULT_EVENT_OVERVIEW-1-InstanceMultiFields` DISABLE KEYS */;
/*!40000 ALTER TABLE `page-DEFAULT_EVENT_OVERVIEW-1-InstanceMultiFields` ENABLE KEYS */;
UNLOCK TABLES;

--
-- Table structure for table `page-DEFAULT_EVENT_OVERVIEW-1-Instances`
--

DROP TABLE IF EXISTS `page-DEFAULT_EVENT_OVERVIEW-1-Instances`;
/*!40101 SET @saved_cs_client     = @@character_set_client */;
/*!40101 SET character_set_client = utf8 */;
CREATE TABLE `page-DEFAULT_EVENT_OVERVIEW-1-Instances` (
  `id` bigint(20) unsigned NOT NULL AUTO_INCREMENT,
  `pageId` varchar(32) NOT NULL,
  `version` int(10) unsigned NOT NULL,
  `idLanguages` int(10) unsigned NOT NULL DEFAULT '1',
  `idUsers` bigint(20) unsigned NOT NULL,
  `shortdescription` text NOT NULL,
  `description` text NOT NULL,
  `contact` varchar(255) DEFAULT NULL,
  `creator` bigint(20) unsigned NOT NULL,
  `created` timestamp NULL DEFAULT NULL,
  `changed` timestamp NOT NULL DEFAULT CURRENT_TIMESTAMP ON UPDATE CURRENT_TIMESTAMP,
  PRIMARY KEY (`id`),
  KEY `pageId` (`pageId`),
  CONSTRAINT `page-DEFAULT_EVENT_OVERVIEW-1-Instances_ibfk_1` FOREIGN KEY (`pageId`) REFERENCES `pages` (`pageId`) ON DELETE CASCADE
) ENGINE=InnoDB DEFAULT CHARSET=utf8 ROW_FORMAT=COMPACT;
/*!40101 SET character_set_client = @saved_cs_client */;

--
-- Dumping data for table `page-DEFAULT_EVENT_OVERVIEW-1-Instances`
--

LOCK TABLES `page-DEFAULT_EVENT_OVERVIEW-1-Instances` WRITE;
/*!40000 ALTER TABLE `page-DEFAULT_EVENT_OVERVIEW-1-Instances` DISABLE KEYS */;
/*!40000 ALTER TABLE `page-DEFAULT_EVENT_OVERVIEW-1-Instances` ENABLE KEYS */;
UNLOCK TABLES;

--
-- Table structure for table `page-DEFAULT_FORM-1-InstanceFiles`
--

DROP TABLE IF EXISTS `page-DEFAULT_FORM-1-InstanceFiles`;
/*!40101 SET @saved_cs_client     = @@character_set_client */;
/*!40101 SET character_set_client = utf8 */;
CREATE TABLE `page-DEFAULT_FORM-1-InstanceFiles` (
  `id` bigint(20) unsigned NOT NULL AUTO_INCREMENT,
  `pageId` varchar(255) NOT NULL,
  `version` int(10) unsigned NOT NULL,
  `idLanguages` int(10) unsigned NOT NULL DEFAULT '1',
  `sortPosition` int(10) unsigned NOT NULL,
  `idFiles` bigint(20) unsigned NOT NULL,
  `displayOption` varchar(64) DEFAULT NULL,
  `idFields` bigint(20) unsigned NOT NULL,
  PRIMARY KEY (`id`),
  KEY `pageId` (`pageId`),
  KEY `idFiles` (`idFiles`),
  CONSTRAINT `page-DEFAULT_FORM-1-InstanceFiles_ibfk_1` FOREIGN KEY (`pageId`) REFERENCES `pages` (`pageId`) ON DELETE CASCADE,
  CONSTRAINT `page-DEFAULT_FORM-1-InstanceFiles_ibfk_2` FOREIGN KEY (`idFiles`) REFERENCES `files` (`id`) ON DELETE CASCADE
) ENGINE=InnoDB AUTO_INCREMENT=75 DEFAULT CHARSET=utf8 ROW_FORMAT=COMPACT;
/*!40101 SET character_set_client = @saved_cs_client */;

--
-- Dumping data for table `page-DEFAULT_FORM-1-InstanceFiles`
--

LOCK TABLES `page-DEFAULT_FORM-1-InstanceFiles` WRITE;
/*!40000 ALTER TABLE `page-DEFAULT_FORM-1-InstanceFiles` DISABLE KEYS */;
INSERT INTO `page-DEFAULT_FORM-1-InstanceFiles` VALUES (65,'4bbd7bd801751',1,1,1,2,NULL,8),(72,'4b55857146c18',1,1,1,21,NULL,150),(73,'4b55857146c18',1,1,1,2,NULL,8),(74,'4b55857146c18',1,2,1,21,NULL,150);
/*!40000 ALTER TABLE `page-DEFAULT_FORM-1-InstanceFiles` ENABLE KEYS */;
UNLOCK TABLES;

--
-- Table structure for table `page-DEFAULT_FORM-1-InstanceMultiFields`
--

DROP TABLE IF EXISTS `page-DEFAULT_FORM-1-InstanceMultiFields`;
/*!40101 SET @saved_cs_client     = @@character_set_client */;
/*!40101 SET character_set_client = utf8 */;
CREATE TABLE `page-DEFAULT_FORM-1-InstanceMultiFields` (
  `id` bigint(20) unsigned NOT NULL AUTO_INCREMENT,
  `pageId` varchar(255) NOT NULL,
  `version` int(10) unsigned NOT NULL,
  `idLanguages` int(10) unsigned NOT NULL DEFAULT '1',
  `idRelation` bigint(20) unsigned NOT NULL,
  `value` varchar(255) DEFAULT NULL,
  `idFields` bigint(20) unsigned NOT NULL,
  PRIMARY KEY (`id`),
  KEY `pageId` (`pageId`),
  CONSTRAINT `page-DEFAULT_FORM-1-InstanceMultiFields_ibfk_1` FOREIGN KEY (`pageId`) REFERENCES `pages` (`pageId`) ON DELETE CASCADE
) ENGINE=InnoDB AUTO_INCREMENT=606 DEFAULT CHARSET=utf8 ROW_FORMAT=COMPACT;
/*!40101 SET character_set_client = @saved_cs_client */;

--
-- Dumping data for table `page-DEFAULT_FORM-1-InstanceMultiFields`
--

LOCK TABLES `page-DEFAULT_FORM-1-InstanceMultiFields` WRITE;
/*!40000 ALTER TABLE `page-DEFAULT_FORM-1-InstanceMultiFields` DISABLE KEYS */;
INSERT INTO `page-DEFAULT_FORM-1-InstanceMultiFields` VALUES (510,'4bbd7bd801751',1,1,449,NULL,166),(511,'4bbd7bd801751',1,1,450,NULL,166),(512,'4bbd7bd801751',1,1,451,NULL,166),(513,'4bbd7bd801751',1,1,452,NULL,166),(514,'4bbd7bd801751',1,1,453,NULL,166),(515,'4bbd7bd801751',1,1,454,NULL,166),(516,'4bbd7bd801751',1,1,455,NULL,166),(517,'4bbd7bd801751',1,1,456,NULL,166),(518,'4bbd7bd801751',1,1,457,NULL,166),(519,'4bbd7bd801751',1,1,458,NULL,166),(520,'4bbd7bd801751',1,1,459,NULL,166),(521,'4bbd7bd801751',1,1,460,NULL,166),(522,'4bbd7bd801751',1,1,461,NULL,166),(523,'4bbd7bd801751',1,1,463,NULL,166),(524,'4bbd7bd801751',1,1,464,NULL,166),(525,'4bbd7bd801751',1,1,465,NULL,166),(526,'4bbd7bd801751',1,1,449,NULL,167),(527,'4bbd7bd801751',1,1,451,NULL,167),(528,'4bbd7bd801751',1,1,452,NULL,167),(529,'4bbd7bd801751',1,1,454,NULL,167),(530,'4bbd7bd801751',1,1,455,NULL,167),(531,'4bbd7bd801751',1,1,458,NULL,167),(532,'4bbd7bd801751',1,1,463,NULL,167),(577,'4b55857146c18',1,1,449,NULL,166),(578,'4b55857146c18',1,1,450,NULL,166),(579,'4b55857146c18',1,1,451,NULL,166),(580,'4b55857146c18',1,1,452,NULL,166),(581,'4b55857146c18',1,1,453,NULL,166),(582,'4b55857146c18',1,1,454,NULL,166),(583,'4b55857146c18',1,1,464,NULL,166),(584,'4b55857146c18',1,1,465,NULL,166),(585,'4b55857146c18',1,1,451,NULL,167),(586,'4b55857146c18',1,1,452,NULL,167),(587,'4b55857146c18',1,1,454,NULL,167),(588,'4b55857146c18',1,2,449,NULL,166),(589,'4b55857146c18',1,2,450,NULL,166),(590,'4b55857146c18',1,2,451,NULL,166),(591,'4b55857146c18',1,2,452,NULL,166),(592,'4b55857146c18',1,2,459,NULL,166),(593,'4b55857146c18',1,2,460,NULL,166),(594,'4b55857146c18',1,2,461,NULL,166),(595,'4b55857146c18',1,2,462,NULL,166),(596,'4b55857146c18',1,2,449,NULL,167),(597,'4b55857146c18',1,2,451,NULL,167),(598,'4b55857146c18',1,2,452,NULL,167),(599,'4b55857146c18',1,2,454,NULL,167),(600,'4b55857146c18',1,2,455,NULL,167),(601,'4b55857146c18',1,2,458,NULL,167),(602,'4b55857146c18',1,2,459,NULL,167),(603,'4b55857146c18',1,2,460,NULL,167),(604,'4b55857146c18',1,2,461,NULL,167),(605,'4b55857146c18',1,2,463,NULL,167);
/*!40000 ALTER TABLE `page-DEFAULT_FORM-1-InstanceMultiFields` ENABLE KEYS */;
UNLOCK TABLES;

--
-- Table structure for table `page-DEFAULT_FORM-1-Instances`
--

DROP TABLE IF EXISTS `page-DEFAULT_FORM-1-Instances`;
/*!40101 SET @saved_cs_client     = @@character_set_client */;
/*!40101 SET character_set_client = utf8 */;
CREATE TABLE `page-DEFAULT_FORM-1-Instances` (
  `id` bigint(20) unsigned NOT NULL AUTO_INCREMENT,
  `pageId` varchar(32) NOT NULL,
  `version` int(10) unsigned NOT NULL,
  `idLanguages` int(10) unsigned NOT NULL DEFAULT '1',
  `idUsers` bigint(20) unsigned NOT NULL,
  `articletitle` text NOT NULL,
  `description` text,
  `header_embed_code` text,
  `pics_title` varchar(255) DEFAULT NULL,
  `docs_title` varchar(255) DEFAULT '',
  `internal_links_title` varchar(255) DEFAULT NULL,
  `video_title` varchar(255) DEFAULT NULL,
  `video_embed_code` text,
  `shortdescription` text NOT NULL,
  `subject` varchar(255) DEFAULT NULL,
  `sender_name` varchar(255) DEFAULT NULL,
  `sender_mail` varchar(255) DEFAULT NULL,
  `receiver_name` varchar(255) DEFAULT NULL,
  `receiver_mail` varchar(255) DEFAULT NULL,
  `success_message` text,
  `contact` varchar(255) DEFAULT NULL,
  `creator` bigint(20) unsigned NOT NULL,
  `created` timestamp NULL DEFAULT NULL,
  `changed` timestamp NOT NULL DEFAULT CURRENT_TIMESTAMP ON UPDATE CURRENT_TIMESTAMP,
  PRIMARY KEY (`id`),
  KEY `pageId` (`pageId`),
  CONSTRAINT `page-DEFAULT_FORM-1-Instances_ibfk_1` FOREIGN KEY (`pageId`) REFERENCES `pages` (`pageId`) ON DELETE CASCADE
) ENGINE=InnoDB AUTO_INCREMENT=4 DEFAULT CHARSET=utf8 ROW_FORMAT=COMPACT;
/*!40101 SET character_set_client = @saved_cs_client */;

--
-- Dumping data for table `page-DEFAULT_FORM-1-Instances`
--

LOCK TABLES `page-DEFAULT_FORM-1-Instances` WRITE;
/*!40000 ALTER TABLE `page-DEFAULT_FORM-1-Instances` DISABLE KEYS */;
INSERT INTO `page-DEFAULT_FORM-1-Instances` VALUES (1,'4b55857146c18',1,1,2,'','<p>Iam conjuratio, regno re oro Aveho curiositas cicuta, dis Occulte, deprecativus typus caterva pauci, his re supermitto. Ruo in divortium ita sesquimellesimus Oppono plus celo sceptrum, res ingustatus hi Ango prae tum quatenus/quatinus Sumptus per Avoco nos Indulgens mei heu cur Baiulus attonitus. Via subterfugio radio hac castra, tui Seorsum tam Byssus ex infirmitas. Cum illi organum archidictus,.</p>',NULL,'Unsere Bilder','Dokumente','Verwandte Seiten','Videos','','','Kontaktanfrage','Ivoclar Vivadent AG','info@ivoclarvivadent.com','Cornelius H','cha@massiveart.com','','',2,'2010-04-02 12:06:38','2010-04-19 07:44:13'),(2,'4b55857146c18',1,2,3,'','',NULL,'','','','','','','','Ivoclar Vivadent AG','info@ivoclarvivadent.com','Cornelius Hansjakob','cha@massiveart.com','','',2,'2010-04-02 13:24:51','2010-04-22 09:09:01'),(3,'4bbd7bd801751',1,1,2,'','<p>We offer an excellent opportunity for a dental professional to provide technical support and training on removable products to our dental laboratory customers in the Midwest territory.  The successful candidate will reside within the territory.  Qualified candidates should attach MS Word formatted resume when applying.  Ivoclar Vivadent, Inc. is an Equal Opportunity Employer.</p>\n<p><strong>Task</strong></p>\n<ul>\n<li>Provide technical services on removable products to customers and sales force. </li>\n<li>Provide in-field training and/or follow up to customers. </li>\n<li>Present products and demonstrate materials at field seminars, clinics, trade shows and meetings.  Travel to customer/trade show locations when necessary. </li>\n<li>Provide demonstrations and lectures to customers and sales representatives on new products. </li>\n<li>Understand processes of competitive systems in order to communicate product development needs or changes to Ivoclar Vivadent systems. </li>\n<li>Contribute to the sales growth of the Technical or Clinical Sales Group. </li>\n</ul>\n<p><strong>Requirements</strong></p>\n<ul>\n<li>CDT, MDT, RDT, DDS, DMD or other professional diploma in dentistry, i.e. (R.D.H.) is strongly recommended but not mandatory. </li>\n<li>Previous experience and knowledge of dental prosthetic products. </li>\n<li>Proven sales, teaching and problem solving abilities. </li>\n<li>Attention to detail, organizational and interpersonal skills. </li>\n<li>Ability to travel. </li>\n</ul>\n<p><strong>Perspectives</strong></p>\n<ul>\n<li>Competitive compensation </li>\n<li>Weekly expense reimbursement </li>\n<li>Opportunity for Advancement Medical and Dental Benefits </li>\n<li>Other Voluntary Benefit Options </li>\n<li>Flexible Spending Accounts </li>\n<li>Life and Disability Insurance </li>\n<li>Competitive Time Off Program </li>\n<li>401(k) and Pension Plan </li>\n<li>Employee Child Scholarship Program </li>\n<li>Corporate Wellness Programs and On-Site Fitness Room </li>\n<li>Potential for International Training</li>\n<li>Training Positive, Upbeat Work Environment</li>\n</ul>',NULL,'','Detail','Weitere Angebote','','','','Jobbewerbung: Webmaster','Ivoclar Vivadent AG','info@ivoclarvivadent.com','Cornelius JOB','cha@massiveart.com','<p>Vielen Dank f&uuml;r Ihr Interesse an diesem Job.<br />Wir werden uns in K&uuml;rze mit ihnen in Verbindung setzen.</p>','5',2,'2010-04-08 06:46:51','2010-04-08 12:10:57');
/*!40000 ALTER TABLE `page-DEFAULT_FORM-1-Instances` ENABLE KEYS */;
UNLOCK TABLES;

--
-- Table structure for table `page-DEFAULT_IFRAME-1-InstanceFiles`
--

DROP TABLE IF EXISTS `page-DEFAULT_IFRAME-1-InstanceFiles`;
/*!40101 SET @saved_cs_client     = @@character_set_client */;
/*!40101 SET character_set_client = utf8 */;
CREATE TABLE `page-DEFAULT_IFRAME-1-InstanceFiles` (
  `id` bigint(20) unsigned NOT NULL AUTO_INCREMENT,
  `pageId` varchar(255) NOT NULL,
  `version` int(10) unsigned NOT NULL,
  `idLanguages` int(10) unsigned NOT NULL DEFAULT '1',
  `sortPosition` int(10) unsigned NOT NULL,
  `idFiles` bigint(20) unsigned NOT NULL,
  `displayOption` varchar(64) DEFAULT NULL,
  `idFields` bigint(20) unsigned NOT NULL,
  PRIMARY KEY (`id`),
  KEY `pageId` (`pageId`),
  KEY `idFiles` (`idFiles`),
  CONSTRAINT `page-DEFAULT_IFRAME-1-InstanceFiles_ibfk_1` FOREIGN KEY (`pageId`) REFERENCES `pages` (`pageId`) ON DELETE CASCADE,
  CONSTRAINT `page-DEFAULT_IFRAME-1-InstanceFiles_ibfk_2` FOREIGN KEY (`idFiles`) REFERENCES `files` (`id`) ON DELETE CASCADE
) ENGINE=InnoDB AUTO_INCREMENT=37 DEFAULT CHARSET=utf8 ROW_FORMAT=COMPACT;
/*!40101 SET character_set_client = @saved_cs_client */;

--
-- Dumping data for table `page-DEFAULT_IFRAME-1-InstanceFiles`
--

LOCK TABLES `page-DEFAULT_IFRAME-1-InstanceFiles` WRITE;
/*!40000 ALTER TABLE `page-DEFAULT_IFRAME-1-InstanceFiles` DISABLE KEYS */;
INSERT INTO `page-DEFAULT_IFRAME-1-InstanceFiles` VALUES (8,'4ba8c810edfd4',1,1,1,22,NULL,150),(34,'4ba8e35fa9c52',1,1,1,20,NULL,150),(35,'4ba8e35fa9c52',1,1,2,22,NULL,150),(36,'4ba8e35fa9c52',1,1,3,21,NULL,150);
/*!40000 ALTER TABLE `page-DEFAULT_IFRAME-1-InstanceFiles` ENABLE KEYS */;
UNLOCK TABLES;

--
-- Table structure for table `page-DEFAULT_IFRAME-1-InstanceMultiFields`
--

DROP TABLE IF EXISTS `page-DEFAULT_IFRAME-1-InstanceMultiFields`;
/*!40101 SET @saved_cs_client     = @@character_set_client */;
/*!40101 SET character_set_client = utf8 */;
CREATE TABLE `page-DEFAULT_IFRAME-1-InstanceMultiFields` (
  `id` bigint(20) unsigned NOT NULL AUTO_INCREMENT,
  `pageId` varchar(255) NOT NULL,
  `version` int(10) unsigned NOT NULL,
  `idLanguages` int(10) unsigned NOT NULL DEFAULT '1',
  `idRelation` bigint(20) unsigned NOT NULL,
  `value` varchar(255) DEFAULT NULL,
  `idFields` bigint(20) unsigned NOT NULL,
  PRIMARY KEY (`id`),
  KEY `pageId` (`pageId`),
  CONSTRAINT `page-DEFAULT_IFRAME-1-InstanceMultiFields_ibfk_1` FOREIGN KEY (`pageId`) REFERENCES `pages` (`pageId`) ON DELETE CASCADE
) ENGINE=InnoDB DEFAULT CHARSET=utf8 ROW_FORMAT=COMPACT;
/*!40101 SET character_set_client = @saved_cs_client */;

--
-- Dumping data for table `page-DEFAULT_IFRAME-1-InstanceMultiFields`
--

LOCK TABLES `page-DEFAULT_IFRAME-1-InstanceMultiFields` WRITE;
/*!40000 ALTER TABLE `page-DEFAULT_IFRAME-1-InstanceMultiFields` DISABLE KEYS */;
/*!40000 ALTER TABLE `page-DEFAULT_IFRAME-1-InstanceMultiFields` ENABLE KEYS */;
UNLOCK TABLES;

--
-- Table structure for table `page-DEFAULT_IFRAME-1-Instances`
--

DROP TABLE IF EXISTS `page-DEFAULT_IFRAME-1-Instances`;
/*!40101 SET @saved_cs_client     = @@character_set_client */;
/*!40101 SET character_set_client = utf8 */;
CREATE TABLE `page-DEFAULT_IFRAME-1-Instances` (
  `id` bigint(20) unsigned NOT NULL AUTO_INCREMENT,
  `pageId` varchar(32) NOT NULL,
  `version` int(10) unsigned NOT NULL,
  `idLanguages` int(10) unsigned NOT NULL DEFAULT '1',
  `idUsers` bigint(20) unsigned NOT NULL,
  `articletitle` text NOT NULL,
  `iframeWidth` varchar(10) DEFAULT NULL,
  `iframeHeight` varchar(10) DEFAULT NULL,
  `description` text,
  `header_embed_code` text,
  `pics_title` varchar(255) DEFAULT NULL,
  `docs_title` varchar(255) DEFAULT '',
  `internal_links_title` varchar(255) DEFAULT NULL,
  `video_title` varchar(255) DEFAULT NULL,
  `video_embed_code` text,
  `shortdescription` text NOT NULL,
  `contact` varchar(255) DEFAULT NULL,
  `creator` bigint(20) unsigned NOT NULL,
  `created` timestamp NULL DEFAULT NULL,
  `changed` timestamp NOT NULL DEFAULT CURRENT_TIMESTAMP ON UPDATE CURRENT_TIMESTAMP,
  PRIMARY KEY (`id`),
  KEY `pageId` (`pageId`),
  CONSTRAINT `page-DEFAULT_IFRAME-1-Instances_ibfk_1` FOREIGN KEY (`pageId`) REFERENCES `pages` (`pageId`) ON DELETE CASCADE
) ENGINE=InnoDB AUTO_INCREMENT=3 DEFAULT CHARSET=utf8 ROW_FORMAT=COMPACT;
/*!40101 SET character_set_client = @saved_cs_client */;

--
-- Dumping data for table `page-DEFAULT_IFRAME-1-Instances`
--

LOCK TABLES `page-DEFAULT_IFRAME-1-Instances` WRITE;
/*!40000 ALTER TABLE `page-DEFAULT_IFRAME-1-Instances` DISABLE KEYS */;
INSERT INTO `page-DEFAULT_IFRAME-1-Instances` VALUES (1,'4ba8c810edfd4',1,1,2,'Unsere offenen Stellen im Stammhaus in Schaan (Liechtenstein)','','','<p><a href=\"https://recruitingapp-2652.umantis.com/Vacancies/InitiativeApplication/1\">Initiativbewerbung erfassen</a></p>\n<p>M&ouml;chten Sie regelm&auml;ssig &uuml;ber aktuelle Stellenangebot informiert werden?<br /><a href=\"https://recruitingapp-2652.umantis.com/Vacancies/Register/1\">Stellen-Abonnement einrichten</a></p>',NULL,'','',NULL,'','','','',2,'2010-03-23 14:46:18','2010-03-25 13:35:57'),(2,'4ba8e35fa9c52',1,1,2,'eNews bestellen','','','',NULL,'','',NULL,'','','','',2,'2010-03-23 15:51:31','2010-03-26 15:27:14');
/*!40000 ALTER TABLE `page-DEFAULT_IFRAME-1-Instances` ENABLE KEYS */;
UNLOCK TABLES;

--
-- Table structure for table `page-DEFAULT_IFRAME-1-Region11-InstanceFiles`
--

DROP TABLE IF EXISTS `page-DEFAULT_IFRAME-1-Region11-InstanceFiles`;
/*!40101 SET @saved_cs_client     = @@character_set_client */;
/*!40101 SET character_set_client = utf8 */;
CREATE TABLE `page-DEFAULT_IFRAME-1-Region11-InstanceFiles` (
  `id` bigint(20) unsigned NOT NULL AUTO_INCREMENT,
  `pageId` varchar(255) NOT NULL,
  `version` int(10) unsigned NOT NULL,
  `idLanguages` int(10) unsigned NOT NULL DEFAULT '1',
  `idRegionInstances` bigint(20) unsigned NOT NULL,
  `idFiles` bigint(20) unsigned NOT NULL,
  `displayOption` varchar(64) DEFAULT NULL,
  `idFields` bigint(20) unsigned NOT NULL,
  PRIMARY KEY (`id`),
  KEY `pageId` (`pageId`),
  KEY `idRegionInstances` (`idRegionInstances`),
  KEY `idFiles` (`idFiles`),
  CONSTRAINT `page-DEFAULT_IFRAME-1-Region11-InstanceFiles_ibfk_1` FOREIGN KEY (`idRegionInstances`) REFERENCES `page-DEFAULT_IFRAME-1-Region11-Instances` (`id`) ON DELETE CASCADE,
  CONSTRAINT `page-DEFAULT_IFRAME-1-Region11-InstanceFiles_ibfk_2` FOREIGN KEY (`idFiles`) REFERENCES `files` (`id`) ON DELETE CASCADE,
  CONSTRAINT `page-DEFAULT_IFRAME-1-Region11-InstanceFiles_ibfk_3` FOREIGN KEY (`pageId`) REFERENCES `pages` (`pageId`) ON DELETE CASCADE
) ENGINE=InnoDB DEFAULT CHARSET=utf8 ROW_FORMAT=COMPACT;
/*!40101 SET character_set_client = @saved_cs_client */;

--
-- Dumping data for table `page-DEFAULT_IFRAME-1-Region11-InstanceFiles`
--

LOCK TABLES `page-DEFAULT_IFRAME-1-Region11-InstanceFiles` WRITE;
/*!40000 ALTER TABLE `page-DEFAULT_IFRAME-1-Region11-InstanceFiles` DISABLE KEYS */;
/*!40000 ALTER TABLE `page-DEFAULT_IFRAME-1-Region11-InstanceFiles` ENABLE KEYS */;
UNLOCK TABLES;

--
-- Table structure for table `page-DEFAULT_IFRAME-1-Region11-InstanceMultiFields`
--

DROP TABLE IF EXISTS `page-DEFAULT_IFRAME-1-Region11-InstanceMultiFields`;
/*!40101 SET @saved_cs_client     = @@character_set_client */;
/*!40101 SET character_set_client = utf8 */;
CREATE TABLE `page-DEFAULT_IFRAME-1-Region11-InstanceMultiFields` (
  `id` bigint(20) unsigned NOT NULL AUTO_INCREMENT,
  `pageId` varchar(255) NOT NULL,
  `version` int(10) unsigned NOT NULL,
  `idLanguages` int(10) unsigned NOT NULL DEFAULT '1',
  `idRegionInstances` bigint(20) unsigned NOT NULL,
  `idRelation` bigint(20) unsigned NOT NULL,
  `value` varchar(255) DEFAULT NULL,
  `idFields` bigint(20) unsigned NOT NULL,
  PRIMARY KEY (`id`),
  KEY `pageId` (`pageId`),
  KEY `idRegionInstances` (`idRegionInstances`),
  CONSTRAINT `page-DEFAULT_IFRAME-1-Region11-InstanceMultiFields_ibfk_1` FOREIGN KEY (`idRegionInstances`) REFERENCES `page-DEFAULT_IFRAME-1-Region11-Instances` (`id`) ON DELETE CASCADE,
  CONSTRAINT `page-DEFAULT_IFRAME-1-Region11-InstanceMultiFields_ibfk_2` FOREIGN KEY (`pageId`) REFERENCES `pages` (`pageId`) ON DELETE CASCADE
) ENGINE=InnoDB DEFAULT CHARSET=utf8 ROW_FORMAT=COMPACT;
/*!40101 SET character_set_client = @saved_cs_client */;

--
-- Dumping data for table `page-DEFAULT_IFRAME-1-Region11-InstanceMultiFields`
--

LOCK TABLES `page-DEFAULT_IFRAME-1-Region11-InstanceMultiFields` WRITE;
/*!40000 ALTER TABLE `page-DEFAULT_IFRAME-1-Region11-InstanceMultiFields` DISABLE KEYS */;
/*!40000 ALTER TABLE `page-DEFAULT_IFRAME-1-Region11-InstanceMultiFields` ENABLE KEYS */;
UNLOCK TABLES;

--
-- Table structure for table `page-DEFAULT_IFRAME-1-Region11-Instances`
--

DROP TABLE IF EXISTS `page-DEFAULT_IFRAME-1-Region11-Instances`;
/*!40101 SET @saved_cs_client     = @@character_set_client */;
/*!40101 SET character_set_client = utf8 */;
CREATE TABLE `page-DEFAULT_IFRAME-1-Region11-Instances` (
  `id` bigint(20) unsigned NOT NULL AUTO_INCREMENT,
  `pageId` varchar(32) NOT NULL,
  `version` int(10) unsigned NOT NULL,
  `idLanguages` int(10) unsigned NOT NULL DEFAULT '1',
  `sortPosition` int(10) unsigned NOT NULL,
  `block_title` varchar(255) DEFAULT NULL,
  `block_description` text,
  PRIMARY KEY (`id`),
  KEY `pageId` (`pageId`),
  CONSTRAINT `page-DEFAULT_IFRAME-1-Region11-Instances_ibfk_1` FOREIGN KEY (`pageId`) REFERENCES `pages` (`pageId`) ON DELETE CASCADE
) ENGINE=InnoDB AUTO_INCREMENT=34 DEFAULT CHARSET=utf8 ROW_FORMAT=COMPACT;
/*!40101 SET character_set_client = @saved_cs_client */;

--
-- Dumping data for table `page-DEFAULT_IFRAME-1-Region11-Instances`
--

LOCK TABLES `page-DEFAULT_IFRAME-1-Region11-Instances` WRITE;
/*!40000 ALTER TABLE `page-DEFAULT_IFRAME-1-Region11-Instances` DISABLE KEYS */;
INSERT INTO `page-DEFAULT_IFRAME-1-Region11-Instances` VALUES (23,'4ba8c810edfd4',1,1,1,'',''),(33,'4ba8e35fa9c52',1,1,1,'','');
/*!40000 ALTER TABLE `page-DEFAULT_IFRAME-1-Region11-Instances` ENABLE KEYS */;
UNLOCK TABLES;

--
-- Table structure for table `page-DEFAULT_LOCATION_C-1-InstanceFiles`
--

DROP TABLE IF EXISTS `page-DEFAULT_LOCATION_C-1-InstanceFiles`;
/*!40101 SET @saved_cs_client     = @@character_set_client */;
/*!40101 SET character_set_client = utf8 */;
CREATE TABLE `page-DEFAULT_LOCATION_C-1-InstanceFiles` (
  `id` bigint(20) unsigned NOT NULL AUTO_INCREMENT,
  `pageId` varchar(255) NOT NULL,
  `version` int(10) unsigned NOT NULL,
  `idLanguages` int(10) unsigned NOT NULL DEFAULT '1',
  `sortPosition` int(10) unsigned NOT NULL,
  `idFiles` bigint(20) unsigned NOT NULL,
  `displayOption` varchar(64) DEFAULT NULL,
  `idFields` bigint(20) unsigned NOT NULL,
  PRIMARY KEY (`id`),
  KEY `pageId` (`pageId`),
  KEY `idFiles` (`idFiles`),
  CONSTRAINT `page-DEFAULT_CONTACT-1-InstanceFiles_ibfk_1` FOREIGN KEY (`pageId`) REFERENCES `pages` (`pageId`) ON DELETE CASCADE,
  CONSTRAINT `page-DEFAULT_CONTACT-1-InstanceFiles_ibfk_2` FOREIGN KEY (`idFiles`) REFERENCES `files` (`id`) ON DELETE CASCADE
) ENGINE=InnoDB DEFAULT CHARSET=utf8 ROW_FORMAT=COMPACT;
/*!40101 SET character_set_client = @saved_cs_client */;

--
-- Dumping data for table `page-DEFAULT_LOCATION_C-1-InstanceFiles`
--

LOCK TABLES `page-DEFAULT_LOCATION_C-1-InstanceFiles` WRITE;
/*!40000 ALTER TABLE `page-DEFAULT_LOCATION_C-1-InstanceFiles` DISABLE KEYS */;
/*!40000 ALTER TABLE `page-DEFAULT_LOCATION_C-1-InstanceFiles` ENABLE KEYS */;
UNLOCK TABLES;

--
-- Table structure for table `page-DEFAULT_LOCATION_C-1-InstanceMultiFields`
--

DROP TABLE IF EXISTS `page-DEFAULT_LOCATION_C-1-InstanceMultiFields`;
/*!40101 SET @saved_cs_client     = @@character_set_client */;
/*!40101 SET character_set_client = utf8 */;
CREATE TABLE `page-DEFAULT_LOCATION_C-1-InstanceMultiFields` (
  `id` bigint(20) unsigned NOT NULL AUTO_INCREMENT,
  `pageId` varchar(255) NOT NULL,
  `version` int(10) unsigned NOT NULL,
  `idLanguages` int(10) unsigned NOT NULL DEFAULT '1',
  `idRelation` bigint(20) unsigned NOT NULL,
  `value` varchar(255) DEFAULT NULL,
  `idFields` bigint(20) unsigned NOT NULL,
  PRIMARY KEY (`id`),
  KEY `pageId` (`pageId`),
  CONSTRAINT `page-DEFAULT_CONTACT-1-InstanceMultiFields_ibfk_1` FOREIGN KEY (`pageId`) REFERENCES `pages` (`pageId`) ON DELETE CASCADE
) ENGINE=InnoDB DEFAULT CHARSET=utf8 ROW_FORMAT=COMPACT;
/*!40101 SET character_set_client = @saved_cs_client */;

--
-- Dumping data for table `page-DEFAULT_LOCATION_C-1-InstanceMultiFields`
--

LOCK TABLES `page-DEFAULT_LOCATION_C-1-InstanceMultiFields` WRITE;
/*!40000 ALTER TABLE `page-DEFAULT_LOCATION_C-1-InstanceMultiFields` DISABLE KEYS */;
/*!40000 ALTER TABLE `page-DEFAULT_LOCATION_C-1-InstanceMultiFields` ENABLE KEYS */;
UNLOCK TABLES;

--
-- Table structure for table `page-DEFAULT_LOCATION_C-1-Instances`
--

DROP TABLE IF EXISTS `page-DEFAULT_LOCATION_C-1-Instances`;
/*!40101 SET @saved_cs_client     = @@character_set_client */;
/*!40101 SET character_set_client = utf8 */;
CREATE TABLE `page-DEFAULT_LOCATION_C-1-Instances` (
  `id` bigint(20) unsigned NOT NULL AUTO_INCREMENT,
  `pageId` varchar(32) NOT NULL,
  `version` int(10) unsigned NOT NULL,
  `idLanguages` int(10) unsigned NOT NULL DEFAULT '1',
  `idUsers` bigint(20) unsigned NOT NULL,
  `articletitle` text NOT NULL,
  `description` text,
  `entry_title` varchar(255) DEFAULT NULL,
  `entry_location` bigint(20) unsigned DEFAULT NULL,
  `entry_type` bigint(20) unsigned DEFAULT NULL,
  `pics_title` varchar(255) DEFAULT NULL,
  `docs_title` varchar(255) DEFAULT '',
  `internal_links_title` varchar(255) DEFAULT NULL,
  `video_title` varchar(255) DEFAULT NULL,
  `video_embed_code` text,
  `shortdescription` text NOT NULL,
  `contact` varchar(255) DEFAULT NULL,
  `creator` bigint(20) unsigned NOT NULL,
  `created` timestamp NULL DEFAULT NULL,
  `changed` timestamp NOT NULL DEFAULT CURRENT_TIMESTAMP ON UPDATE CURRENT_TIMESTAMP,
  PRIMARY KEY (`id`),
  KEY `pageId` (`pageId`),
  CONSTRAINT `page-DEFAULT_CONTACT-1-Instances_ibfk_1` FOREIGN KEY (`pageId`) REFERENCES `pages` (`pageId`) ON DELETE CASCADE
) ENGINE=InnoDB AUTO_INCREMENT=4 DEFAULT CHARSET=utf8 ROW_FORMAT=COMPACT;
/*!40101 SET character_set_client = @saved_cs_client */;

--
-- Dumping data for table `page-DEFAULT_LOCATION_C-1-Instances`
--

LOCK TABLES `page-DEFAULT_LOCATION_C-1-Instances` WRITE;
/*!40000 ALTER TABLE `page-DEFAULT_LOCATION_C-1-Instances` DISABLE KEYS */;
INSERT INTO `page-DEFAULT_LOCATION_C-1-Instances` VALUES (1,'4bbdd48de4805',1,1,2,'','<p>Ivoclar Vivadent liefert Produkte in &uuml;ber 100 L&auml;nder der Welt. Je nach Region, Marktvolumen und Marktbedingungen werden die Aktivit&auml;ten in den einzelnen L&auml;ndern durch zur Unternehmensgruppe geh&ouml;rende Tochtergesellschaften oder durch unabh&auml;ngige Importeure auf Grosshandelsbasis gesteuert.</p>\n<p>Damit steht ein weltweites Vertriebsnetz zur Verf&uuml;gung, mit dem im Sinne einer marktgerechten Unternehmenspolitik eine bestm&ouml;gliche Verf&uuml;gbarkeit von Ivoclar Vivadent Produkten gew&auml;hrleistet wird.</p>','Standorte',15,0,'','','','','','','',2,'2010-04-08 13:34:54','2010-04-12 13:52:22'),(2,'4bc3420684f17',1,1,2,'','','',23,0,'','','','','','','',2,'2010-04-12 15:53:46','2010-04-12 15:53:54'),(3,'4bc34290a3565',1,1,3,'','','',0,395,'','','','','','','',2,'2010-04-12 15:56:04','2010-04-12 17:32:24');
/*!40000 ALTER TABLE `page-DEFAULT_LOCATION_C-1-Instances` ENABLE KEYS */;
UNLOCK TABLES;

--
-- Table structure for table `page-DEFAULT_OVERVIEW-1-InstanceFiles`
--

DROP TABLE IF EXISTS `page-DEFAULT_OVERVIEW-1-InstanceFiles`;
/*!40101 SET @saved_cs_client     = @@character_set_client */;
/*!40101 SET character_set_client = utf8 */;
CREATE TABLE `page-DEFAULT_OVERVIEW-1-InstanceFiles` (
  `id` bigint(20) unsigned NOT NULL AUTO_INCREMENT,
  `pageId` varchar(255) NOT NULL,
  `version` int(10) unsigned NOT NULL,
  `idLanguages` int(10) unsigned NOT NULL DEFAULT '1',
  `sortPosition` int(10) unsigned NOT NULL,
  `idFiles` bigint(20) unsigned NOT NULL,
  `displayOption` varchar(64) DEFAULT NULL,
  `idFields` bigint(20) unsigned NOT NULL,
  PRIMARY KEY (`id`),
  KEY `pageId` (`pageId`),
  KEY `idFiles` (`idFiles`),
  CONSTRAINT `page-DEFAULT_OVERVIEW-1-InstanceFiles_ibfk_1` FOREIGN KEY (`pageId`) REFERENCES `pages` (`pageId`) ON DELETE CASCADE,
  CONSTRAINT `page-DEFAULT_OVERVIEW-1-InstanceFiles_ibfk_2` FOREIGN KEY (`idFiles`) REFERENCES `files` (`id`) ON DELETE CASCADE
) ENGINE=InnoDB DEFAULT CHARSET=utf8 ROW_FORMAT=COMPACT;
/*!40101 SET character_set_client = @saved_cs_client */;

--
-- Dumping data for table `page-DEFAULT_OVERVIEW-1-InstanceFiles`
--

LOCK TABLES `page-DEFAULT_OVERVIEW-1-InstanceFiles` WRITE;
/*!40000 ALTER TABLE `page-DEFAULT_OVERVIEW-1-InstanceFiles` DISABLE KEYS */;
/*!40000 ALTER TABLE `page-DEFAULT_OVERVIEW-1-InstanceFiles` ENABLE KEYS */;
UNLOCK TABLES;

--
-- Table structure for table `page-DEFAULT_OVERVIEW-1-InstanceMultiFields`
--

DROP TABLE IF EXISTS `page-DEFAULT_OVERVIEW-1-InstanceMultiFields`;
/*!40101 SET @saved_cs_client     = @@character_set_client */;
/*!40101 SET character_set_client = utf8 */;
CREATE TABLE `page-DEFAULT_OVERVIEW-1-InstanceMultiFields` (
  `id` bigint(20) unsigned NOT NULL AUTO_INCREMENT,
  `pageId` varchar(255) NOT NULL,
  `version` int(10) unsigned NOT NULL,
  `idLanguages` int(10) unsigned NOT NULL DEFAULT '1',
  `idRelation` bigint(20) unsigned NOT NULL,
  `value` varchar(255) DEFAULT NULL,
  `idFields` bigint(20) unsigned NOT NULL,
  PRIMARY KEY (`id`),
  KEY `pageId` (`pageId`),
  CONSTRAINT `page-DEFAULT_OVERVIEW-1-InstanceMultiFields_ibfk_1` FOREIGN KEY (`pageId`) REFERENCES `pages` (`pageId`) ON DELETE CASCADE
) ENGINE=InnoDB DEFAULT CHARSET=utf8 ROW_FORMAT=COMPACT;
/*!40101 SET character_set_client = @saved_cs_client */;

--
-- Dumping data for table `page-DEFAULT_OVERVIEW-1-InstanceMultiFields`
--

LOCK TABLES `page-DEFAULT_OVERVIEW-1-InstanceMultiFields` WRITE;
/*!40000 ALTER TABLE `page-DEFAULT_OVERVIEW-1-InstanceMultiFields` DISABLE KEYS */;
/*!40000 ALTER TABLE `page-DEFAULT_OVERVIEW-1-InstanceMultiFields` ENABLE KEYS */;
UNLOCK TABLES;

--
-- Table structure for table `page-DEFAULT_OVERVIEW-1-Instances`
--

DROP TABLE IF EXISTS `page-DEFAULT_OVERVIEW-1-Instances`;
/*!40101 SET @saved_cs_client     = @@character_set_client */;
/*!40101 SET character_set_client = utf8 */;
CREATE TABLE `page-DEFAULT_OVERVIEW-1-Instances` (
  `id` bigint(20) unsigned NOT NULL AUTO_INCREMENT,
  `pageId` varchar(32) NOT NULL,
  `version` int(10) unsigned NOT NULL,
  `idLanguages` int(10) unsigned NOT NULL DEFAULT '1',
  `idUsers` bigint(20) unsigned NOT NULL,
  `articletitle` varchar(255) DEFAULT NULL,
  `shortdescription` text,
  `description` text NOT NULL,
  `header_embed_code` text,
  `contact` varchar(255) DEFAULT NULL,
  `creator` bigint(20) unsigned NOT NULL,
  `created` timestamp NULL DEFAULT NULL,
  `changed` timestamp NOT NULL DEFAULT CURRENT_TIMESTAMP ON UPDATE CURRENT_TIMESTAMP,
  PRIMARY KEY (`id`),
  KEY `pageId` (`pageId`),
  CONSTRAINT `page-DEFAULT_OVERVIEW-1-Instances_ibfk_1` FOREIGN KEY (`pageId`) REFERENCES `pages` (`pageId`) ON DELETE CASCADE
) ENGINE=InnoDB AUTO_INCREMENT=10 DEFAULT CHARSET=utf8 ROW_FORMAT=COMPACT;
/*!40101 SET character_set_client = @saved_cs_client */;

--
-- Dumping data for table `page-DEFAULT_OVERVIEW-1-Instances`
--

LOCK TABLES `page-DEFAULT_OVERVIEW-1-Instances` WRITE;
/*!40000 ALTER TABLE `page-DEFAULT_OVERVIEW-1-Instances` DISABLE KEYS */;
INSERT INTO `page-DEFAULT_OVERVIEW-1-Instances` VALUES (1,'4b4dc2ccb3e8d',1,1,21,'','','',NULL,NULL,3,'2010-01-13 13:14:30','2010-03-25 16:58:50'),(2,'4b4da3ee0b54d',1,1,3,'','','',NULL,NULL,3,'2010-03-03 08:38:37','2010-03-12 13:34:21'),(3,'4b4d8dc9a138f',1,1,3,'','','<h1>Hallo Thomas</h1>',NULL,NULL,3,'2010-03-03 11:09:06','2010-03-04 08:28:26'),(4,'4b4da15087430',1,1,3,'','','',NULL,NULL,3,'2010-03-17 13:18:26','2010-03-23 09:43:36'),(5,'4b4da15087430',1,2,3,'','','',NULL,NULL,3,'2010-03-19 09:13:20','2010-04-02 13:07:18'),(6,'4ba20460732d4',1,1,3,'','','',NULL,NULL,3,'2010-03-22 10:53:41','2010-03-22 11:29:04'),(7,'4b4da2f3f290d',1,1,3,'','','',NULL,NULL,3,'2010-03-22 11:27:39','2010-03-22 11:27:39'),(8,'4ba754952c2e7',1,1,3,'','','',NULL,NULL,3,'2010-03-22 11:29:45','2010-03-22 11:29:45'),(9,'4bc71c5cbe102',1,1,3,'','','',NULL,NULL,3,'2010-04-16 09:51:50','2010-04-16 12:30:45');
/*!40000 ALTER TABLE `page-DEFAULT_OVERVIEW-1-Instances` ENABLE KEYS */;
UNLOCK TABLES;

--
-- Table structure for table `page-DEFAULT_OVERVIEW-1-Region14-InstanceFiles`
--

DROP TABLE IF EXISTS `page-DEFAULT_OVERVIEW-1-Region14-InstanceFiles`;
/*!40101 SET @saved_cs_client     = @@character_set_client */;
/*!40101 SET character_set_client = utf8 */;
CREATE TABLE `page-DEFAULT_OVERVIEW-1-Region14-InstanceFiles` (
  `id` bigint(20) unsigned NOT NULL AUTO_INCREMENT,
  `pageId` varchar(32) NOT NULL,
  `version` int(10) unsigned NOT NULL,
  `idLanguages` int(10) unsigned NOT NULL DEFAULT '1',
  `idRegionInstances` bigint(20) unsigned NOT NULL,
  `idFiles` bigint(20) unsigned NOT NULL,
  `displayOption` varchar(64) DEFAULT NULL,
  `idFields` bigint(20) unsigned NOT NULL,
  PRIMARY KEY (`id`),
  KEY `pageId` (`pageId`),
  KEY `idRegionInstances` (`idRegionInstances`),
  KEY `idFiles` (`idFiles`),
  CONSTRAINT `page-DEFAULT_OVERVIEW-1-Region14-InstanceFiles_ibfk_1` FOREIGN KEY (`pageId`) REFERENCES `pages` (`pageId`) ON DELETE CASCADE,
  CONSTRAINT `page-DEFAULT_OVERVIEW-1-Region14-InstanceFiles_ibfk_2` FOREIGN KEY (`idRegionInstances`) REFERENCES `page-DEFAULT_OVERVIEW-1-Region14-Instances` (`id`) ON DELETE CASCADE,
  CONSTRAINT `page-DEFAULT_OVERVIEW-1-Region14-InstanceFiles_ibfk_3` FOREIGN KEY (`idFiles`) REFERENCES `files` (`id`) ON DELETE CASCADE
) ENGINE=InnoDB AUTO_INCREMENT=14 DEFAULT CHARSET=utf8 ROW_FORMAT=COMPACT;
/*!40101 SET character_set_client = @saved_cs_client */;

--
-- Dumping data for table `page-DEFAULT_OVERVIEW-1-Region14-InstanceFiles`
--

LOCK TABLES `page-DEFAULT_OVERVIEW-1-Region14-InstanceFiles` WRITE;
/*!40000 ALTER TABLE `page-DEFAULT_OVERVIEW-1-Region14-InstanceFiles` DISABLE KEYS */;
INSERT INTO `page-DEFAULT_OVERVIEW-1-Region14-InstanceFiles` VALUES (12,'4b4dc2ccb3e8d',1,1,67,7,NULL,128),(13,'4b4dc2ccb3e8d',1,1,68,8,NULL,128);
/*!40000 ALTER TABLE `page-DEFAULT_OVERVIEW-1-Region14-InstanceFiles` ENABLE KEYS */;
UNLOCK TABLES;

--
-- Table structure for table `page-DEFAULT_OVERVIEW-1-Region14-Instances`
--

DROP TABLE IF EXISTS `page-DEFAULT_OVERVIEW-1-Region14-Instances`;
/*!40101 SET @saved_cs_client     = @@character_set_client */;
/*!40101 SET character_set_client = utf8 */;
CREATE TABLE `page-DEFAULT_OVERVIEW-1-Region14-Instances` (
  `id` bigint(20) unsigned NOT NULL AUTO_INCREMENT,
  `pageId` varchar(32) NOT NULL,
  `version` int(10) unsigned NOT NULL,
  `idLanguages` int(10) unsigned NOT NULL DEFAULT '1',
  `sortPosition` int(10) unsigned NOT NULL,
  `sidebar_title` varchar(255) DEFAULT NULL,
  `sidebar_description` text,
  PRIMARY KEY (`id`),
  KEY `pageId` (`pageId`),
  CONSTRAINT `page-DEFAULT_OVERVIEW-1-Region14-Instances_ibfk_1` FOREIGN KEY (`pageId`) REFERENCES `pages` (`pageId`) ON DELETE CASCADE
) ENGINE=InnoDB AUTO_INCREMENT=85 DEFAULT CHARSET=utf8 ROW_FORMAT=COMPACT;
/*!40101 SET character_set_client = @saved_cs_client */;

--
-- Dumping data for table `page-DEFAULT_OVERVIEW-1-Region14-Instances`
--

LOCK TABLES `page-DEFAULT_OVERVIEW-1-Region14-Instances` WRITE;
/*!40000 ALTER TABLE `page-DEFAULT_OVERVIEW-1-Region14-Instances` DISABLE KEYS */;
INSERT INTO `page-DEFAULT_OVERVIEW-1-Region14-Instances` VALUES (10,'4b4d8dc9a138f',1,1,1,'',''),(11,'4b4da3ee0b54d',1,1,1,'',''),(16,'4b4da2f3f290d',1,1,1,'',''),(17,'4ba20460732d4',1,1,1,'',''),(18,'4ba754952c2e7',1,1,1,'',''),(28,'4b4da15087430',1,1,1,'',''),(67,'4b4dc2ccb3e8d',1,1,1,'Lorem ipsum dolor sit amet','<p>consectetuer adipiscing elit. Aenean commodo ligula eget dolor. Aenean massa. Cum sociis natoque penatibus et magnis dis parturient montes, nascetur ridiculus mus. Donec quam felis, ultricies nec, pellentesque eu, pretium quis, sem. Nulla consequat massa quis enim.</p>'),(68,'4b4dc2ccb3e8d',1,1,2,'Donec pede justo','<p>Donec pede justo, fringilla vel, aliquet nec, vulputate eget, arcu. In enim justo, rhoncus ut, imperdiet a, venenatis vitae, justo. Nullam dictum felis eu pede mollis pretium. Integer tincidunt. Cras dapibus. Vivamus elementum semper nisi.</p>'),(70,'4b4da15087430',1,2,1,'',''),(84,'4bc71c5cbe102',1,1,1,'','');
/*!40000 ALTER TABLE `page-DEFAULT_OVERVIEW-1-Region14-Instances` ENABLE KEYS */;
UNLOCK TABLES;

--
-- Table structure for table `page-DEFAULT_OVERVIEW-1-Region15-Instances`
--

DROP TABLE IF EXISTS `page-DEFAULT_OVERVIEW-1-Region15-Instances`;
/*!40101 SET @saved_cs_client     = @@character_set_client */;
/*!40101 SET character_set_client = utf8 */;
CREATE TABLE `page-DEFAULT_OVERVIEW-1-Region15-Instances` (
  `id` bigint(20) unsigned NOT NULL AUTO_INCREMENT,
  `pageId` varchar(32) NOT NULL,
  `version` int(10) unsigned NOT NULL,
  `idLanguages` int(10) unsigned NOT NULL DEFAULT '1',
  `sortPosition` int(10) unsigned NOT NULL,
  `entry_title` varchar(255) DEFAULT NULL,
  `entry_category` bigint(20) unsigned DEFAULT NULL,
  `entry_label` bigint(20) unsigned DEFAULT NULL,
  `entry_viewtype` bigint(20) unsigned DEFAULT NULL,
  `entry_number` bigint(20) unsigned DEFAULT NULL,
  `entry_sorttype` bigint(20) unsigned DEFAULT NULL,
  `entry_sortorder` bigint(20) unsigned DEFAULT NULL,
  `entry_depth` bigint(20) unsigned DEFAULT NULL,
  PRIMARY KEY (`id`),
  KEY `pageId` (`pageId`),
  CONSTRAINT `page-DEFAULT_OVERVIEW-1-Region15-Instances_ibfk_1` FOREIGN KEY (`pageId`) REFERENCES `pages` (`pageId`) ON DELETE CASCADE
) ENGINE=InnoDB AUTO_INCREMENT=83 DEFAULT CHARSET=utf8 ROW_FORMAT=COMPACT;
/*!40101 SET character_set_client = @saved_cs_client */;

--
-- Dumping data for table `page-DEFAULT_OVERVIEW-1-Region15-Instances`
--

LOCK TABLES `page-DEFAULT_OVERVIEW-1-Region15-Instances` WRITE;
/*!40000 ALTER TABLE `page-DEFAULT_OVERVIEW-1-Region15-Instances` DISABLE KEYS */;
INSERT INTO `page-DEFAULT_OVERVIEW-1-Region15-Instances` VALUES (10,'4b4d8dc9a138f',1,1,1,'',0,0,0,0,0,0,0),(11,'4b4da3ee0b54d',1,1,1,'',0,0,0,0,0,0,0),(16,'4b4da2f3f290d',1,1,1,'',0,0,0,0,0,0,0),(17,'4ba20460732d4',1,1,1,'',0,0,29,10,0,0,0),(18,'4ba754952c2e7',1,1,1,'',0,0,0,0,0,0,0),(28,'4b4da15087430',1,1,1,'',0,0,0,0,0,0,0),(65,'4b4dc2ccb3e8d',1,1,1,'',0,0,31,2,18,0,66),(66,'4b4dc2ccb3e8d',1,1,2,'Jobs bei Ivoclar Vivadent',0,0,29,1,0,0,0),(68,'4b4da15087430',1,2,1,'',0,0,0,0,0,0,0),(82,'4bc71c5cbe102',1,1,1,'',0,0,31,4,17,15,0);
/*!40000 ALTER TABLE `page-DEFAULT_OVERVIEW-1-Region15-Instances` ENABLE KEYS */;
UNLOCK TABLES;

--
-- Table structure for table `page-DEFAULT_PAGE_1-1-InstanceFiles`
--

DROP TABLE IF EXISTS `page-DEFAULT_PAGE_1-1-InstanceFiles`;
/*!40101 SET @saved_cs_client     = @@character_set_client */;
/*!40101 SET character_set_client = utf8 */;
CREATE TABLE `page-DEFAULT_PAGE_1-1-InstanceFiles` (
  `id` bigint(20) unsigned NOT NULL AUTO_INCREMENT,
  `pageId` varchar(255) NOT NULL,
  `version` int(10) unsigned NOT NULL,
  `idLanguages` int(10) unsigned NOT NULL DEFAULT '1',
  `sortPosition` int(10) unsigned NOT NULL,
  `idFiles` bigint(20) unsigned NOT NULL,
  `displayOption` varchar(64) DEFAULT NULL,
  `idFields` bigint(20) unsigned NOT NULL,
  PRIMARY KEY (`id`),
  KEY `pageId` (`pageId`),
  KEY `idFiles` (`idFiles`),
  CONSTRAINT `page-DEFAULT_PAGE_1-1-InstanceFiles_ibfk_1` FOREIGN KEY (`pageId`) REFERENCES `pages` (`pageId`) ON DELETE CASCADE,
  CONSTRAINT `page-DEFAULT_PAGE_1-1-InstanceFiles_ibfk_2` FOREIGN KEY (`idFiles`) REFERENCES `files` (`id`) ON DELETE CASCADE
) ENGINE=InnoDB AUTO_INCREMENT=38 DEFAULT CHARSET=utf8 ROW_FORMAT=COMPACT;
/*!40101 SET character_set_client = @saved_cs_client */;

--
-- Dumping data for table `page-DEFAULT_PAGE_1-1-InstanceFiles`
--

LOCK TABLES `page-DEFAULT_PAGE_1-1-InstanceFiles` WRITE;
/*!40000 ALTER TABLE `page-DEFAULT_PAGE_1-1-InstanceFiles` DISABLE KEYS */;
INSERT INTO `page-DEFAULT_PAGE_1-1-InstanceFiles` VALUES (4,'4ba399aa78e01',1,1,1,1,NULL,5),(5,'4ba0d86d90d56',1,1,1,14,NULL,55),(6,'4ba754463894a',1,1,1,7,NULL,55),(7,'4ba75453b1f9d',1,1,1,9,NULL,55),(9,'4b4dc303af218',1,1,1,7,NULL,5),(10,'4b4dc31a83c14',1,1,1,6,NULL,5),(11,'4b4dc70098b2a',1,1,1,5,NULL,5),(24,'4b55857146c18',1,1,1,20,NULL,150),(25,'4b55857146c18',1,1,2,21,NULL,150),(26,'4b55857146c18',1,1,1,2,NULL,8),(27,'4b4da3e1c4291',1,1,1,83,NULL,5),(34,'4bc71c6a31ff3',1,1,1,7,NULL,5),(37,'4bc8499764a47',1,1,1,83,NULL,55);
/*!40000 ALTER TABLE `page-DEFAULT_PAGE_1-1-InstanceFiles` ENABLE KEYS */;
UNLOCK TABLES;

--
-- Table structure for table `page-DEFAULT_PAGE_1-1-InstanceMultiFields`
--

DROP TABLE IF EXISTS `page-DEFAULT_PAGE_1-1-InstanceMultiFields`;
/*!40101 SET @saved_cs_client     = @@character_set_client */;
/*!40101 SET character_set_client = utf8 */;
CREATE TABLE `page-DEFAULT_PAGE_1-1-InstanceMultiFields` (
  `id` bigint(20) unsigned NOT NULL AUTO_INCREMENT,
  `pageId` varchar(255) NOT NULL,
  `version` int(10) unsigned NOT NULL,
  `idLanguages` int(10) unsigned NOT NULL DEFAULT '1',
  `idRelation` bigint(20) unsigned NOT NULL,
  `value` varchar(255) DEFAULT NULL,
  `idFields` bigint(20) unsigned NOT NULL,
  PRIMARY KEY (`id`),
  KEY `pageId` (`pageId`),
  CONSTRAINT `page-DEFAULT_PAGE_1-1-InstanceMultiFields_ibfk_1` FOREIGN KEY (`pageId`) REFERENCES `pages` (`pageId`) ON DELETE CASCADE
) ENGINE=InnoDB DEFAULT CHARSET=utf8 ROW_FORMAT=COMPACT;
/*!40101 SET character_set_client = @saved_cs_client */;

--
-- Dumping data for table `page-DEFAULT_PAGE_1-1-InstanceMultiFields`
--

LOCK TABLES `page-DEFAULT_PAGE_1-1-InstanceMultiFields` WRITE;
/*!40000 ALTER TABLE `page-DEFAULT_PAGE_1-1-InstanceMultiFields` DISABLE KEYS */;
/*!40000 ALTER TABLE `page-DEFAULT_PAGE_1-1-InstanceMultiFields` ENABLE KEYS */;
UNLOCK TABLES;

--
-- Table structure for table `page-DEFAULT_PAGE_1-1-Instances`
--

DROP TABLE IF EXISTS `page-DEFAULT_PAGE_1-1-Instances`;
/*!40101 SET @saved_cs_client     = @@character_set_client */;
/*!40101 SET character_set_client = utf8 */;
CREATE TABLE `page-DEFAULT_PAGE_1-1-Instances` (
  `id` bigint(20) unsigned NOT NULL AUTO_INCREMENT,
  `pageId` varchar(32) NOT NULL,
  `version` int(10) unsigned NOT NULL,
  `idLanguages` int(10) unsigned NOT NULL DEFAULT '1',
  `idUsers` bigint(20) unsigned NOT NULL,
  `articletitle` text NOT NULL,
  `description` text,
  `header_embed_code` text,
  `pics_title` varchar(255) DEFAULT NULL,
  `docs_title` varchar(255) DEFAULT '',
  `internal_links_title` varchar(255) DEFAULT NULL,
  `video_title` varchar(255) DEFAULT NULL,
  `video_embed_code` text,
  `shortdescription` text NOT NULL,
  `contact` varchar(255) DEFAULT NULL,
  `creator` bigint(20) unsigned NOT NULL,
  `created` timestamp NULL DEFAULT NULL,
  `changed` timestamp NOT NULL DEFAULT CURRENT_TIMESTAMP ON UPDATE CURRENT_TIMESTAMP,
  PRIMARY KEY (`id`),
  KEY `pageId` (`pageId`),
  CONSTRAINT `page-DEFAULT_PAGE_1-1-Instances_ibfk_1` FOREIGN KEY (`pageId`) REFERENCES `pages` (`pageId`) ON DELETE CASCADE
) ENGINE=InnoDB AUTO_INCREMENT=95 DEFAULT CHARSET=utf8 ROW_FORMAT=COMPACT;
/*!40101 SET character_set_client = @saved_cs_client */;

--
-- Dumping data for table `page-DEFAULT_PAGE_1-1-Instances`
--

LOCK TABLES `page-DEFAULT_PAGE_1-1-Instances` WRITE;
/*!40000 ALTER TABLE `page-DEFAULT_PAGE_1-1-Instances` DISABLE KEYS */;
INSERT INTO `page-DEFAULT_PAGE_1-1-Instances` VALUES (1,'4b4d8dc9a138f',1,1,3,'','',NULL,'','','','','','','',3,'2010-01-13 09:09:29','2010-01-13 09:09:29'),(2,'4b4da15087430',1,1,3,'','',NULL,'','','','','','','',3,'2010-01-13 10:32:48','2010-03-23 09:43:55'),(3,'4b4da26279384',1,1,3,'','',NULL,'','','','','','','',3,'2010-01-13 10:37:22','2010-01-13 10:37:22'),(4,'4b4da2f3f290d',1,1,3,'','',NULL,'','','','','','','',3,'2010-01-13 10:39:48','2010-03-23 12:59:35'),(5,'4b4da3e1c4291',1,1,3,'Willkommen auf der Internetseite der Ivoclar Vivadent','<p>Das Internet ist zu einem wichtigen Informations- und Kommunikationsmedium im dentalen Bereich avanciert.&nbsp; Immer h&auml;ufiger nutzen Zahn&auml;rzte und Zahntechniker dieses Medium zur Beschaffung von Produktinformationen und zur Fortbildung. Mit der zunehmenden Nutzung ist auch der Bedarf nach einer Optimierung der Webseite gestiegen, um diese Ihren W&uuml;nschen und Bed&uuml;rfnissen entsprechend zu gestalten. Ihre Bed&uuml;rfnisse und die sich uns bietenden Kommunikationsm&ouml;glichkeiten haben uns dazu veranlasst, unsere Internet-Plattform weiter zu verbessern. Ich habe nun das Vergn&uuml;gen, Sie auf der Informations-Homepage der Ivoclar Vivadent AG willkommen zu heissen und Ihnen einen kurzen &Uuml;berblick zu bieten.<br /><br />Bei der Weiterentwicklung bzw. Neukonzeption stand der Online-Besucher -also Sie - im Mittelpunkt der &Uuml;berlegungen. Erste Priorit&auml;t war immer die Benutzerfreundlichkeit unserer Homepage - und sollte dies auch bleiben. In der Entwicklungs- und Planungsphase erhielten wir viele wertvolle Anregungen von Benutzern, die auch in die Konzeption einflossen. Unser Internetauftritt ist daher besonders benutzerfreundlich, da er durch Benutzer mitgestaltet wurde.<br /><br />Gebrauchsinformationen, wissenschaftliche Dokumentationen, Brosch&uuml;ren, Bilder, Videos und Sicherheitsdatenbl&auml;tter f&uuml;r viele Produkte lassen sich einfach und schnell herunterladen. Als JournalistIn finden Sie im&nbsp; Presseraum alle Pressemeldungen der letzten drei Jahre, sowie ein umfangreiches Bildarchiv. Die Sparte Medienresonanz bietet Ihnen einen &Uuml;berblick &uuml;ber publizierte Artikel rund um Ivoclar Vivadent.&nbsp; Seit&nbsp;Mai 2006 ist die deutsche und englische Version der Homepage aktiv, und im Laufe der n&auml;chsten Monate werden auch die italienischen, franz&ouml;sischen und spanischen Internetportale ge&ouml;ffnet.<br /><br />Wir hoffen, dass Ihnen der Besuch auf unserer Homepage Vergn&uuml;gen bereiten wird. Besuchen Sie unsere Webseite so oft wie m&ouml;glich und nutzen Sie die Informationsm&ouml;glichkeiten, die sie Ihnen bietet! Bitte haben Sie Verst&auml;ndnis daf&uuml;r, dass unsere Arbeit an der Homepage weitergehen wird - wir tun dies zu Ihrem Wohle und um dieses Kommunikations-<br />medium weiter zu verbessern. Bitte senden Sie uns weiterhin Ihre Ideen und Ihr Feedback. Bei Ivoclar Vivadent sind wir stets bem&uuml;ht, Ihnen umfassende Informationen sowie Dentalmaterialien h&ouml;chster Qualit&auml;t und &Auml;sthetik zur Verf&uuml;gung zu stellen.<br /><br />Nochmals willkommen auf der Internetseite der Ivoclar Vivadent!<br /><br />Robert A. Ganley / CEO</p>',NULL,'','','weiter Informationen (Test Michi)','','','','',3,'2010-01-13 10:43:45','2010-04-13 08:49:20'),(6,'4b4da3ee0b54d',1,1,3,'','',NULL,'','','','','','','',3,'2010-01-13 10:43:58','2010-03-25 13:55:39'),(7,'4b4da40da918b',1,1,2,'','',NULL,'','','','','','','',3,'2010-01-13 10:44:29','2010-03-23 13:47:18'),(8,'4b4da41b05a85',1,1,3,'','',NULL,'','','','','','','',3,'2010-01-13 10:44:43','2010-03-12 13:34:30'),(9,'4b4da430b62f8',1,1,3,'','',NULL,'','','','','','','',3,'2010-01-13 10:45:04','2010-01-18 13:02:21'),(10,'4b4da6aa1ac18',1,1,3,'','',NULL,'','','','','','','',3,'2010-01-13 10:55:38','2010-03-12 13:34:16'),(11,'4b4da6bdeafc1',1,1,3,'','',NULL,'','','','','','','',3,'2010-01-13 10:55:57','2010-03-12 13:34:53'),(12,'4b4da6c8b5347',1,1,3,'','',NULL,'','','','','','','',3,'2010-01-13 10:56:08','2010-03-12 13:35:00'),(13,'4b4da6d5688cb',1,1,3,'','',NULL,'','','','','','','',3,'2010-01-13 10:56:21','2010-03-12 13:35:03'),(14,'4b4dc2ac5fba0',1,1,3,'','',NULL,'','','','','','Auszug','',3,'2010-01-13 12:55:08','2010-04-20 12:50:00'),(15,'4b4dc2ccb3e8d',1,1,3,'','',NULL,'','','','','','','',3,'2010-01-13 12:55:40','2010-01-13 12:55:40'),(16,'4b4dc303af218',1,1,3,'','<p>Lorem ipsum dolor sit amet, consectetuer adipiscing elit. Aenean commodo ligula eget dolor. Aenean massa. Cum sociis natoque penatibus et magnis dis parturient montes, nascetur ridiculus mus. Donec quam felis, ultricies nec, pellentesque eu, pretium quis, sem.</p>',NULL,'','','','','','','',3,'2010-01-13 12:56:35','2010-03-23 14:57:36'),(17,'4b4dc31a83c14',1,1,3,'','<p>Nulla consequat massa quis enim. Donec pede justo, fringilla vel, aliquet nec, vulputate eget, arcu. In enim justo, rhoncus ut, imperdiet a, venenatis vitae, justo. Nullam dictum felis eu pede mollis pretium. Integer tincidunt. Cras dapibus. Vivamus elementum semper nisi. Aenean vulputate eleifend tellus. Aenean leo ligula, porttitor eu, consequat vitae, eleifend ac, enim.</p>',NULL,'','','','','','','',3,'2010-01-13 12:56:58','2010-03-23 14:58:00'),(18,'4b4dc70098b2a',1,1,3,'','<p>Aenean vulputate eleifend tellus. Aenean leo ligula, porttitor eu, consequat vitae, eleifend ac, enim. Aliquam lorem ante, dapibus in, viverra quis, feugiat a, tellus. Phasellus viverra nulla ut metus varius laoreet. Quisque rutrum. Aenean imperdiet. Etiam ultricies nisi vel augue. Curabitur ullamcorper ultricies nisi. Nam eget dui. Etiam rhoncus. Maecenas tempus, tellus eget condimentum rhoncus, sem quam semper libero, sit amet adipiscing sem neque sed ipsum. Nam quam nunc, blandit vel, luctus pulvinar, hendrerit id, lorem.</p>',NULL,'','','','','','','',3,'2010-01-13 13:13:36','2010-03-23 14:58:26'),(21,'4b55857146c18',1,1,2,'','',NULL,'Bilder','Dokumente','','Videos','','','',3,'2010-01-19 10:12:01','2010-04-02 09:44:50'),(22,'4b558b4271b8e',1,1,3,'','',NULL,'','','','','','','',3,'2010-01-19 10:36:50','2010-04-13 12:10:58'),(23,'4b558b613f159',1,1,3,'','',NULL,'','','','','','','',3,'2010-01-19 10:37:21','2010-04-13 13:27:39'),(24,'4b4da40da918b',1,2,3,'','',NULL,'','','','','','','',3,'2010-02-01 13:58:50','2010-02-01 13:58:50'),(25,'4b4da3ee0b54d',1,2,3,'','',NULL,'','','','','','','',3,'2010-02-01 13:58:58','2010-04-07 09:11:26'),(26,'4b4da3e1c4291',1,2,3,'','',NULL,'','','','','','','',3,'2010-02-01 13:59:05','2010-03-16 17:48:20'),(27,'4b558b613f159',1,2,3,'','',NULL,'','','','','','','',3,'2010-02-01 13:59:59','2010-02-03 13:58:55'),(28,'4b558b4271b8e',1,2,3,'','',NULL,'','','','','','','',3,'2010-02-01 14:00:28','2010-02-02 15:38:51'),(29,'4b4da41b05a85',1,2,3,'','',NULL,'','','','','','','',3,'2010-02-01 14:01:13','2010-02-01 14:01:13'),(30,'4b55857146c18',1,2,3,'','',NULL,'','','','','','','',3,'2010-02-01 14:01:21','2010-04-02 12:44:22'),(31,'4b6987a31e8e0',1,1,3,'','',NULL,'','','','','','','',3,'2010-02-03 14:26:43','2010-02-03 14:26:43'),(32,'4b9e5bb9d258e',1,1,3,'','',NULL,'','','','','','','',3,'2010-03-15 16:09:29','2010-03-15 16:09:29'),(33,'4ba0d68f4bd92',1,1,3,'','',NULL,'','','','','','','',3,'2010-03-17 13:18:07','2010-03-17 13:18:07'),(34,'4ba0d86d90d56',1,1,3,'','',NULL,'','','','','','Lorem ipsum dolor sit amet','',3,'2010-03-17 13:26:05','2010-03-23 13:47:48'),(35,'4ba0d8771c181',1,1,3,'','',NULL,'','','','','','','',3,'2010-03-17 13:26:15','2010-03-17 13:26:15'),(36,'4ba20460732d4',1,1,3,'','',NULL,'','','','','','','',3,'2010-03-18 10:45:52','2010-03-18 10:45:52'),(39,'4ba0d86d90d56',1,2,3,'','',NULL,'','','','','','','',3,'2010-03-19 09:08:43','2010-03-19 09:13:53'),(49,'4ba352d5002d5',1,19,3,'','',NULL,'','','','','','','',3,'2010-03-19 10:32:53','2010-03-19 10:32:53'),(50,'4ba35311cc61e',1,23,3,'','',NULL,'','','','','','','',3,'2010-03-19 10:33:53','2010-03-19 10:33:53'),(54,'4ba3571b8db84',1,1,3,'','',NULL,'','','','','','','',3,'2010-03-19 10:51:07','2010-03-19 10:51:07'),(55,'4ba357279ea63',1,3,3,'','',NULL,'','','','','','','',3,'2010-03-19 10:51:19','2010-03-19 10:52:15'),(58,'4ba37f7f1ea73',1,2,3,'','',NULL,'','','','','','','',3,'2010-03-19 13:43:27','2010-03-19 13:43:27'),(59,'4ba37f7f1ea73',1,1,3,'','',NULL,'','','','','','','',3,'2010-03-19 14:51:56','2010-03-19 14:51:56'),(60,'4ba357279ea63',1,1,3,'','',NULL,'','','','','','','',3,'2010-03-19 14:51:59','2010-03-19 14:51:59'),(61,'4ba399aa78e01',1,1,3,'Programat P500/G2 Color','<p>The 2nd generation of the successful P500 furnace captivates users with its operation of utmost simplicity and its comprehensive package of new functions. High-tech and design are combined in a very user-friendly and special furnace.</p>\n<p>The large, clearly arranged colour touch screen brings colour to your laboratory and is only one of the many highlights. Innovations such as the Cooling Shock Protection (CSP) or Thermo Shock Protection (TSP) make for a high degree of process reliability. The integrated Power Saving Technology saves money and is environmentally friendly.</p>\n<p>In addition to all these technical innovations, the Programat P500 still convinces users with its tried-and-tested product features, such as the QTK heating muffle technology and the automatic double-range calibration ATK2.</p>',NULL,'','','','','','','',3,'2010-03-19 15:35:06','2010-03-22 11:25:32'),(62,'4ba75422b9839',1,1,3,'','',NULL,'','','','','','','',3,'2010-03-22 11:27:30','2010-03-22 11:27:30'),(63,'4ba754463894a',1,1,3,'','',NULL,'','','','','','','',3,'2010-03-22 11:28:06','2010-03-23 13:50:03'),(64,'4ba75453b1f9d',1,1,3,'','',NULL,'','','','','','','',3,'2010-03-22 11:28:19','2010-03-23 13:50:18'),(65,'4ba754665fb91',1,1,3,'','',NULL,'','','','','','','',3,'2010-03-22 11:28:38','2010-03-22 11:28:38'),(66,'4ba754952c2e7',1,1,3,'','',NULL,'','','','','','','',3,'2010-03-22 11:29:25','2010-03-22 11:29:25'),(67,'4ba8c810edfd4',1,1,3,'','',NULL,'','','','','','','',2,'2010-03-23 13:54:25','2010-03-23 13:57:20'),(68,'4ba8e35fa9c52',1,1,2,'','',NULL,'','','','','','','',2,'2010-03-23 15:50:55','2010-03-23 15:50:59'),(69,'4bab6a5b3237e',1,1,3,'','',NULL,'','','','','','','',3,'2010-03-25 13:51:23','2010-03-25 13:51:23'),(77,'4b4da15087430',1,2,3,'','',NULL,'','','','','','','',3,'2010-04-02 13:05:54','2010-04-02 13:29:16'),(78,'4ba75422b9839',1,2,3,'','',NULL,'','','','','','','',3,'2010-04-02 13:13:13','2010-04-02 13:13:13'),(79,'4b4da2f3f290d',1,2,3,'','',NULL,'','','','','','','',3,'2010-04-02 13:25:32','2010-04-02 13:25:32'),(80,'4bab6a5b3237e',1,2,3,'','',NULL,'','','','','','','',3,'2010-04-07 09:11:57','2010-04-07 09:11:57'),(81,'4bbd7bd801751',1,1,2,'','',NULL,'','','','','','','',2,'2010-04-08 06:46:48','2010-04-08 06:46:48'),(82,'4bbdd48de4805',1,1,2,'','',NULL,'','','','','','','',2,'2010-04-08 13:05:17','2010-04-08 13:05:17'),(84,'4bc334f4e3bda',1,1,3,'','',NULL,'','','','','','','',3,'2010-04-12 14:57:56','2010-04-12 14:57:56'),(85,'4bc3420684f17',1,1,2,'','',NULL,'','','','','','','',2,'2010-04-12 15:53:42','2010-04-12 15:53:42'),(86,'4bc34290a3565',1,1,2,'','',NULL,'','','','','','','',2,'2010-04-12 15:56:00','2010-04-12 15:56:00'),(88,'4bc590c4a49b6',1,1,3,'','',NULL,'','','','','','','',3,'2010-04-14 09:54:12','2010-04-14 09:54:12'),(89,'4bc5b69090d3c',1,1,3,'','',NULL,'','','','','','','',3,'2010-04-14 12:35:28','2010-04-14 12:35:28'),(90,'4bc71c5cbe102',1,1,3,'','',NULL,'','','','','','','',3,'2010-04-15 14:02:04','2010-04-15 14:02:04'),(91,'4bc71c6a31ff3',1,1,3,'','',NULL,'','','','','','No consentaneus ibi Subsanno ago quibus vos crustulum tam pala Infremo sem Crebra pro ius Perstruo','',3,'2010-04-15 14:02:18','2010-04-16 09:51:05'),(92,'4bc8499764a47',1,1,3,'','',NULL,'','','','','','1/2010','',3,'2010-04-16 11:27:19','2010-04-16 12:06:55'),(93,'4bc861a487b47',1,1,3,'','',NULL,'','','','','','','',3,'2010-04-16 13:09:56','2010-04-16 13:48:52'),(94,'4bcec4a2c1b70',1,1,3,'','',NULL,'','','','','','','',3,'2010-04-21 09:25:54','2010-04-21 09:25:54');
/*!40000 ALTER TABLE `page-DEFAULT_PAGE_1-1-Instances` ENABLE KEYS */;
UNLOCK TABLES;

--
-- Table structure for table `page-DEFAULT_PAGE_1-1-Region11-InstanceFiles`
--

DROP TABLE IF EXISTS `page-DEFAULT_PAGE_1-1-Region11-InstanceFiles`;
/*!40101 SET @saved_cs_client     = @@character_set_client */;
/*!40101 SET character_set_client = utf8 */;
CREATE TABLE `page-DEFAULT_PAGE_1-1-Region11-InstanceFiles` (
  `id` bigint(20) unsigned NOT NULL AUTO_INCREMENT,
  `pageId` varchar(255) NOT NULL,
  `version` int(10) unsigned NOT NULL,
  `idLanguages` int(10) unsigned NOT NULL DEFAULT '1',
  `idRegionInstances` bigint(20) unsigned NOT NULL,
  `idFiles` bigint(20) unsigned NOT NULL,
  `displayOption` varchar(64) DEFAULT NULL,
  `idFields` bigint(20) unsigned NOT NULL,
  PRIMARY KEY (`id`),
  KEY `pageId` (`pageId`),
  KEY `idRegionInstances` (`idRegionInstances`),
  KEY `idFiles` (`idFiles`),
  CONSTRAINT `page-DEFAULT_PAGE_1-1-Region11-InstanceFiles_ibfk_1` FOREIGN KEY (`idRegionInstances`) REFERENCES `page-DEFAULT_PAGE_1-1-Region11-Instances` (`id`) ON DELETE CASCADE,
  CONSTRAINT `page-DEFAULT_PAGE_1-1-Region11-InstanceFiles_ibfk_2` FOREIGN KEY (`idFiles`) REFERENCES `files` (`id`) ON DELETE CASCADE,
  CONSTRAINT `page-DEFAULT_PAGE_1-1-Region11-InstanceFiles_ibfk_3` FOREIGN KEY (`pageId`) REFERENCES `pages` (`pageId`) ON DELETE CASCADE
) ENGINE=InnoDB AUTO_INCREMENT=26 DEFAULT CHARSET=utf8 ROW_FORMAT=COMPACT;
/*!40101 SET character_set_client = @saved_cs_client */;

--
-- Dumping data for table `page-DEFAULT_PAGE_1-1-Region11-InstanceFiles`
--

LOCK TABLES `page-DEFAULT_PAGE_1-1-Region11-InstanceFiles` WRITE;
/*!40000 ALTER TABLE `page-DEFAULT_PAGE_1-1-Region11-InstanceFiles` DISABLE KEYS */;
INSERT INTO `page-DEFAULT_PAGE_1-1-Region11-InstanceFiles` VALUES (22,'4b4da3e1c4291',1,1,222,83,'{\'position\':\'CENTER_BOTTOM\',\'size\':\'159x\'}',18),(23,'4b4da3e1c4291',1,1,222,81,'{\'position\':\'CENTER_BOTTOM\',\'size\':\'159x\'}',18),(24,'4b4da3e1c4291',1,1,222,82,'{\'position\':\'CENTER_BOTTOM\',\'size\':\'159x\'}',18),(25,'4b4da3e1c4291',1,1,222,13,'{\'position\':\'CENTER_BOTTOM\',\'size\':\'159x\'}',18);
/*!40000 ALTER TABLE `page-DEFAULT_PAGE_1-1-Region11-InstanceFiles` ENABLE KEYS */;
UNLOCK TABLES;

--
-- Table structure for table `page-DEFAULT_PAGE_1-1-Region11-InstanceMultiFields`
--

DROP TABLE IF EXISTS `page-DEFAULT_PAGE_1-1-Region11-InstanceMultiFields`;
/*!40101 SET @saved_cs_client     = @@character_set_client */;
/*!40101 SET character_set_client = utf8 */;
CREATE TABLE `page-DEFAULT_PAGE_1-1-Region11-InstanceMultiFields` (
  `id` bigint(20) unsigned NOT NULL AUTO_INCREMENT,
  `pageId` varchar(255) NOT NULL,
  `version` int(10) unsigned NOT NULL,
  `idLanguages` int(10) unsigned NOT NULL DEFAULT '1',
  `idRegionInstances` bigint(20) unsigned NOT NULL,
  `idRelation` bigint(20) unsigned NOT NULL,
  `value` varchar(255) DEFAULT NULL,
  `idFields` bigint(20) unsigned NOT NULL,
  PRIMARY KEY (`id`),
  KEY `pageId` (`pageId`),
  KEY `idRegionInstances` (`idRegionInstances`),
  CONSTRAINT `page-DEFAULT_PAGE_1-1-Region11-InstanceMultiFields_ibfk_1` FOREIGN KEY (`idRegionInstances`) REFERENCES `page-DEFAULT_PAGE_1-1-Region11-Instances` (`id`) ON DELETE CASCADE,
  CONSTRAINT `page-DEFAULT_PAGE_1-1-Region11-InstanceMultiFields_ibfk_2` FOREIGN KEY (`pageId`) REFERENCES `pages` (`pageId`) ON DELETE CASCADE
) ENGINE=InnoDB DEFAULT CHARSET=utf8 ROW_FORMAT=COMPACT;
/*!40101 SET character_set_client = @saved_cs_client */;

--
-- Dumping data for table `page-DEFAULT_PAGE_1-1-Region11-InstanceMultiFields`
--

LOCK TABLES `page-DEFAULT_PAGE_1-1-Region11-InstanceMultiFields` WRITE;
/*!40000 ALTER TABLE `page-DEFAULT_PAGE_1-1-Region11-InstanceMultiFields` DISABLE KEYS */;
/*!40000 ALTER TABLE `page-DEFAULT_PAGE_1-1-Region11-InstanceMultiFields` ENABLE KEYS */;
UNLOCK TABLES;

--
-- Table structure for table `page-DEFAULT_PAGE_1-1-Region11-Instances`
--

DROP TABLE IF EXISTS `page-DEFAULT_PAGE_1-1-Region11-Instances`;
/*!40101 SET @saved_cs_client     = @@character_set_client */;
/*!40101 SET character_set_client = utf8 */;
CREATE TABLE `page-DEFAULT_PAGE_1-1-Region11-Instances` (
  `id` bigint(20) unsigned NOT NULL AUTO_INCREMENT,
  `pageId` varchar(32) NOT NULL,
  `version` int(10) unsigned NOT NULL,
  `idLanguages` int(10) unsigned NOT NULL DEFAULT '1',
  `sortPosition` int(10) unsigned NOT NULL,
  `block_title` varchar(255) DEFAULT NULL,
  `block_description` text,
  PRIMARY KEY (`id`),
  KEY `pageId` (`pageId`),
  CONSTRAINT `page-DEFAULT_PAGE_1-1-Region11-Instances_ibfk_1` FOREIGN KEY (`pageId`) REFERENCES `pages` (`pageId`) ON DELETE CASCADE
) ENGINE=InnoDB AUTO_INCREMENT=249 DEFAULT CHARSET=utf8 ROW_FORMAT=COMPACT;
/*!40101 SET character_set_client = @saved_cs_client */;

--
-- Dumping data for table `page-DEFAULT_PAGE_1-1-Region11-Instances`
--

LOCK TABLES `page-DEFAULT_PAGE_1-1-Region11-Instances` WRITE;
/*!40000 ALTER TABLE `page-DEFAULT_PAGE_1-1-Region11-Instances` DISABLE KEYS */;
INSERT INTO `page-DEFAULT_PAGE_1-1-Region11-Instances` VALUES (1,'4b4d8dc9a138f',1,1,1,'',''),(29,'4b4da430b62f8',1,1,1,'',''),(63,'4b4da40da918b',1,2,1,'',''),(68,'4b4da41b05a85',1,2,1,'',''),(72,'4b558b4271b8e',1,2,1,'',''),(75,'4b558b613f159',1,2,1,'',''),(106,'4b4da6aa1ac18',1,1,1,'',''),(108,'4b4da41b05a85',1,1,1,'',''),(112,'4b4da6bdeafc1',1,1,1,'',''),(113,'4b4da6c8b5347',1,1,1,'',''),(114,'4b4da6d5688cb',1,1,1,'',''),(121,'4b4da3e1c4291',1,2,1,'',''),(128,'4ba0d86d90d56',1,2,1,'',''),(139,'4ba352d5002d5',1,19,1,'',''),(140,'4ba35311cc61e',1,23,1,'',''),(144,'4ba357279ea63',1,3,1,'',''),(147,'4ba37f7f1ea73',1,1,1,'',''),(148,'4ba357279ea63',1,1,1,'',''),(156,'4ba399aa78e01',1,1,1,'',''),(164,'4b4da15087430',1,1,1,'',''),(167,'4b4da2f3f290d',1,1,1,'',''),(168,'4b4da40da918b',1,1,1,'',''),(170,'4ba0d86d90d56',1,1,1,'',''),(171,'4ba754463894a',1,1,1,'',''),(172,'4ba75453b1f9d',1,1,1,'',''),(174,'4ba8c810edfd4',1,1,1,'',''),(176,'4b4dc303af218',1,1,1,'',''),(177,'4b4dc31a83c14',1,1,1,'',''),(178,'4b4dc70098b2a',1,1,1,'',''),(180,'4ba8e35fa9c52',1,1,1,'',''),(181,'4b4da3ee0b54d',1,1,1,'',''),(188,'4b55857146c18',1,1,1,'',''),(190,'4b55857146c18',1,2,1,'',''),(200,'4ba75422b9839',1,2,1,'',''),(201,'4b4da2f3f290d',1,2,1,'',''),(203,'4b4da15087430',1,2,1,'',''),(205,'4b4da3ee0b54d',1,2,1,'',''),(206,'4bab6a5b3237e',1,2,1,'',''),(207,'4bbd7bd801751',1,1,1,'',''),(216,'4bbdd48de4805',1,1,1,'',''),(218,'4bc3420684f17',1,1,1,'',''),(219,'4bc34290a3565',1,1,1,'',''),(222,'4b4da3e1c4291',1,1,1,'Lorem ipsum dolor sit amet!','<p>In enim justo, rhoncus ut, imperdiet a, venenatis vitae, justo. Nullam dictum felis eu pede mollis pretium. Integer tincidunt. Cras dapibus. Vivamus elementum semper nisi. Aenean vulputate eleifend tellus. Aenean leo ligula, porttitor eu, consequat vitae, eleifend ac, enim. Aliquam lorem ante, dapibus in, viverra quis, feugiat a, tellus.</p>'),(223,'4b4da3e1c4291',1,1,2,'Lorem ipsum dolor sit amet!','<p>In enim justo, rhoncus ut, imperdiet a, venenatis vitae, justo. Nullam dictum felis eu pede mollis pretium. Integer tincidunt. Cras dapibus. Vivamus elementum semper nisi. Aenean vulputate eleifend tellus. Aenean leo ligula, porttitor eu, consequat vitae, eleifend ac, enim. Aliquam lorem ante, dapibus in, viverra quis, feugiat a, tellus.</p>'),(226,'4b558b4271b8e',1,1,1,'',''),(228,'4b558b613f159',1,1,1,'',''),(239,'4bc71c6a31ff3',1,1,1,'',''),(242,'4bc8499764a47',1,1,1,'',''),(245,'4bc861a487b47',1,1,1,'',''),(248,'4b4dc2ac5fba0',1,1,1,'','');
/*!40000 ALTER TABLE `page-DEFAULT_PAGE_1-1-Region11-Instances` ENABLE KEYS */;
UNLOCK TABLES;

--
-- Table structure for table `page-DEFAULT_PAGE_1-1-Region14-InstanceFiles`
--

DROP TABLE IF EXISTS `page-DEFAULT_PAGE_1-1-Region14-InstanceFiles`;
/*!40101 SET @saved_cs_client     = @@character_set_client */;
/*!40101 SET character_set_client = utf8 */;
CREATE TABLE `page-DEFAULT_PAGE_1-1-Region14-InstanceFiles` (
  `id` bigint(20) unsigned NOT NULL AUTO_INCREMENT,
  `pageId` varchar(32) NOT NULL,
  `version` int(10) unsigned NOT NULL,
  `idLanguages` int(10) unsigned NOT NULL DEFAULT '1',
  `idRegionInstances` bigint(20) unsigned NOT NULL,
  `idFiles` bigint(20) unsigned NOT NULL,
  `displayOption` varchar(64) DEFAULT NULL,
  `idFields` bigint(20) unsigned NOT NULL,
  PRIMARY KEY (`id`),
  KEY `pageId` (`pageId`),
  KEY `idRegionInstances` (`idRegionInstances`),
  KEY `idFiles` (`idFiles`),
  CONSTRAINT `page-DEFAULT_PAGE_1-1-Region14-InstanceFiles_ibfk_1` FOREIGN KEY (`pageId`) REFERENCES `pages` (`pageId`) ON DELETE CASCADE,
  CONSTRAINT `page-DEFAULT_PAGE_1-1-Region14-InstanceFiles_ibfk_2` FOREIGN KEY (`idRegionInstances`) REFERENCES `page-DEFAULT_PAGE_1-1-Region14-Instances` (`id`) ON DELETE CASCADE,
  CONSTRAINT `page-DEFAULT_PAGE_1-1-Region14-InstanceFiles_ibfk_3` FOREIGN KEY (`idFiles`) REFERENCES `files` (`id`) ON DELETE CASCADE
) ENGINE=InnoDB DEFAULT CHARSET=utf8 ROW_FORMAT=COMPACT;
/*!40101 SET character_set_client = @saved_cs_client */;

--
-- Dumping data for table `page-DEFAULT_PAGE_1-1-Region14-InstanceFiles`
--

LOCK TABLES `page-DEFAULT_PAGE_1-1-Region14-InstanceFiles` WRITE;
/*!40000 ALTER TABLE `page-DEFAULT_PAGE_1-1-Region14-InstanceFiles` DISABLE KEYS */;
/*!40000 ALTER TABLE `page-DEFAULT_PAGE_1-1-Region14-InstanceFiles` ENABLE KEYS */;
UNLOCK TABLES;

--
-- Table structure for table `page-DEFAULT_PAGE_1-1-Region14-Instances`
--

DROP TABLE IF EXISTS `page-DEFAULT_PAGE_1-1-Region14-Instances`;
/*!40101 SET @saved_cs_client     = @@character_set_client */;
/*!40101 SET character_set_client = utf8 */;
CREATE TABLE `page-DEFAULT_PAGE_1-1-Region14-Instances` (
  `id` bigint(20) unsigned NOT NULL AUTO_INCREMENT,
  `pageId` varchar(32) NOT NULL,
  `version` int(10) unsigned NOT NULL,
  `idLanguages` int(10) unsigned NOT NULL DEFAULT '1',
  `sortPosition` int(10) unsigned NOT NULL,
  `sidebar_title` varchar(255) DEFAULT NULL,
  `sidebar_description` text,
  PRIMARY KEY (`id`),
  KEY `pageId` (`pageId`),
  CONSTRAINT `page-DEFAULT_PAGE_1-1-Region14-Instances_ibfk_1` FOREIGN KEY (`pageId`) REFERENCES `pages` (`pageId`) ON DELETE CASCADE
) ENGINE=InnoDB DEFAULT CHARSET=utf8 ROW_FORMAT=COMPACT;
/*!40101 SET character_set_client = @saved_cs_client */;

--
-- Dumping data for table `page-DEFAULT_PAGE_1-1-Region14-Instances`
--

LOCK TABLES `page-DEFAULT_PAGE_1-1-Region14-Instances` WRITE;
/*!40000 ALTER TABLE `page-DEFAULT_PAGE_1-1-Region14-Instances` DISABLE KEYS */;
/*!40000 ALTER TABLE `page-DEFAULT_PAGE_1-1-Region14-Instances` ENABLE KEYS */;
UNLOCK TABLES;

--
-- Table structure for table `page-DEFAULT_PRESS_AREA-1-InstanceFiles`
--

DROP TABLE IF EXISTS `page-DEFAULT_PRESS_AREA-1-InstanceFiles`;
/*!40101 SET @saved_cs_client     = @@character_set_client */;
/*!40101 SET character_set_client = utf8 */;
CREATE TABLE `page-DEFAULT_PRESS_AREA-1-InstanceFiles` (
  `id` bigint(20) unsigned NOT NULL AUTO_INCREMENT,
  `pageId` varchar(255) NOT NULL,
  `version` int(10) unsigned NOT NULL,
  `idLanguages` int(10) unsigned NOT NULL DEFAULT '1',
  `sortPosition` int(10) unsigned NOT NULL,
  `idFiles` bigint(20) unsigned NOT NULL,
  `displayOption` varchar(64) DEFAULT NULL,
  `idFields` bigint(20) unsigned NOT NULL,
  PRIMARY KEY (`id`),
  KEY `pageId` (`pageId`),
  KEY `idFiles` (`idFiles`),
  CONSTRAINT `page-DEFAULT_PRESS_AREA-1-InstanceFiles_ibfk_1` FOREIGN KEY (`pageId`) REFERENCES `pages` (`pageId`) ON DELETE CASCADE,
  CONSTRAINT `page-DEFAULT_PRESS_AREA-1-InstanceFiles_ibfk_2` FOREIGN KEY (`idFiles`) REFERENCES `files` (`id`) ON DELETE CASCADE
) ENGINE=InnoDB AUTO_INCREMENT=8 DEFAULT CHARSET=utf8 ROW_FORMAT=COMPACT;
/*!40101 SET character_set_client = @saved_cs_client */;

--
-- Dumping data for table `page-DEFAULT_PRESS_AREA-1-InstanceFiles`
--

LOCK TABLES `page-DEFAULT_PRESS_AREA-1-InstanceFiles` WRITE;
/*!40000 ALTER TABLE `page-DEFAULT_PRESS_AREA-1-InstanceFiles` DISABLE KEYS */;
INSERT INTO `page-DEFAULT_PRESS_AREA-1-InstanceFiles` VALUES (7,'4ba0d8771c181',1,1,1,13,NULL,55);
/*!40000 ALTER TABLE `page-DEFAULT_PRESS_AREA-1-InstanceFiles` ENABLE KEYS */;
UNLOCK TABLES;

--
-- Table structure for table `page-DEFAULT_PRESS_AREA-1-InstanceMultiFields`
--

DROP TABLE IF EXISTS `page-DEFAULT_PRESS_AREA-1-InstanceMultiFields`;
/*!40101 SET @saved_cs_client     = @@character_set_client */;
/*!40101 SET character_set_client = utf8 */;
CREATE TABLE `page-DEFAULT_PRESS_AREA-1-InstanceMultiFields` (
  `id` bigint(20) unsigned NOT NULL AUTO_INCREMENT,
  `pageId` varchar(255) NOT NULL,
  `version` int(10) unsigned NOT NULL,
  `idLanguages` int(10) unsigned NOT NULL DEFAULT '1',
  `idRelation` bigint(20) unsigned NOT NULL,
  `value` varchar(255) DEFAULT NULL,
  `idFields` bigint(20) unsigned NOT NULL,
  PRIMARY KEY (`id`),
  KEY `pageId` (`pageId`),
  CONSTRAINT `page-DEFAULT_PRESS_AREA-1-InstanceMultiFields_ibfk_1` FOREIGN KEY (`pageId`) REFERENCES `pages` (`pageId`) ON DELETE CASCADE
) ENGINE=InnoDB DEFAULT CHARSET=utf8 ROW_FORMAT=COMPACT;
/*!40101 SET character_set_client = @saved_cs_client */;

--
-- Dumping data for table `page-DEFAULT_PRESS_AREA-1-InstanceMultiFields`
--

LOCK TABLES `page-DEFAULT_PRESS_AREA-1-InstanceMultiFields` WRITE;
/*!40000 ALTER TABLE `page-DEFAULT_PRESS_AREA-1-InstanceMultiFields` DISABLE KEYS */;
/*!40000 ALTER TABLE `page-DEFAULT_PRESS_AREA-1-InstanceMultiFields` ENABLE KEYS */;
UNLOCK TABLES;

--
-- Table structure for table `page-DEFAULT_PRESS_AREA-1-Instances`
--

DROP TABLE IF EXISTS `page-DEFAULT_PRESS_AREA-1-Instances`;
/*!40101 SET @saved_cs_client     = @@character_set_client */;
/*!40101 SET character_set_client = utf8 */;
CREATE TABLE `page-DEFAULT_PRESS_AREA-1-Instances` (
  `id` bigint(20) unsigned NOT NULL AUTO_INCREMENT,
  `pageId` varchar(32) NOT NULL,
  `version` int(10) unsigned NOT NULL,
  `idLanguages` int(10) unsigned NOT NULL DEFAULT '1',
  `idUsers` bigint(20) unsigned NOT NULL,
  `articletitle` varchar(255) DEFAULT NULL,
  `entry_title` varchar(255) DEFAULT NULL,
  `entry_point` bigint(20) unsigned DEFAULT NULL,
  `entry_category` bigint(20) unsigned DEFAULT NULL,
  `entry_label` bigint(20) unsigned DEFAULT NULL,
  `shortdescription` text,
  `description` text,
  `contact` varchar(255) DEFAULT NULL,
  `creator` bigint(20) unsigned NOT NULL,
  `created` timestamp NULL DEFAULT NULL,
  `changed` timestamp NOT NULL DEFAULT CURRENT_TIMESTAMP ON UPDATE CURRENT_TIMESTAMP,
  PRIMARY KEY (`id`),
  KEY `pageId` (`pageId`),
  CONSTRAINT `page-DEFAULT_PRESS_AREA-1-Instances_ibfk_1` FOREIGN KEY (`pageId`) REFERENCES `pages` (`pageId`) ON DELETE CASCADE
) ENGINE=InnoDB AUTO_INCREMENT=9 DEFAULT CHARSET=utf8 ROW_FORMAT=COMPACT;
/*!40101 SET character_set_client = @saved_cs_client */;

--
-- Dumping data for table `page-DEFAULT_PRESS_AREA-1-Instances`
--

LOCK TABLES `page-DEFAULT_PRESS_AREA-1-Instances` WRITE;
/*!40000 ALTER TABLE `page-DEFAULT_PRESS_AREA-1-Instances` DISABLE KEYS */;
INSERT INTO `page-DEFAULT_PRESS_AREA-1-Instances` VALUES (1,'4b4da3ee0b54d',1,1,3,'','',31,0,0,'',NULL,'',3,'2010-03-12 16:05:13','2010-03-25 13:51:01'),(2,'4b4da3ee0b54d',1,2,3,'','',31,0,0,'',NULL,'',3,'2010-03-17 16:30:33','2010-03-17 16:33:30'),(3,'4b4da3ee0b54d',1,3,3,'','',31,0,0,'',NULL,'',3,'2010-03-17 17:12:04','2010-03-17 17:12:24'),(4,'4ba0d8771c181',1,1,3,'','',31,0,0,'Cum sociis natoque penatibus et magnis dis parturient montes, nascetur ridiculus mus.',NULL,'',3,'2010-03-18 14:08:15','2010-04-20 13:20:17'),(5,'4ba0d8771c181',1,2,3,'','',0,0,0,'',NULL,'',3,'2010-03-19 09:13:04','2010-04-02 13:04:03'),(6,'4bab6a5b3237e',1,1,3,'','',31,0,0,'',NULL,'',3,'2010-03-25 13:51:47','2010-03-25 13:55:44'),(7,'4ba0d8771c181',1,3,3,'','',0,0,0,'',NULL,'',3,'2010-04-02 12:49:30','2010-04-02 12:49:30'),(8,'4bab6a5b3237e',1,2,3,'','',31,0,0,'',NULL,'',3,'2010-04-07 09:12:02','2010-04-07 09:12:14');
/*!40000 ALTER TABLE `page-DEFAULT_PRESS_AREA-1-Instances` ENABLE KEYS */;
UNLOCK TABLES;

--
-- Table structure for table `page-DEFAULT_PROCESS-1-InstanceFiles`
--

DROP TABLE IF EXISTS `page-DEFAULT_PROCESS-1-InstanceFiles`;
/*!40101 SET @saved_cs_client     = @@character_set_client */;
/*!40101 SET character_set_client = utf8 */;
CREATE TABLE `page-DEFAULT_PROCESS-1-InstanceFiles` (
  `id` bigint(20) unsigned NOT NULL AUTO_INCREMENT,
  `pageId` varchar(255) NOT NULL,
  `version` int(10) unsigned NOT NULL,
  `idLanguages` int(10) unsigned NOT NULL DEFAULT '1',
  `sortPosition` int(10) unsigned NOT NULL,
  `idFiles` bigint(20) unsigned NOT NULL,
  `displayOption` varchar(64) DEFAULT NULL,
  `idFields` bigint(20) unsigned NOT NULL,
  PRIMARY KEY (`id`),
  KEY `pageId` (`pageId`),
  KEY `idFiles` (`idFiles`),
  CONSTRAINT `page-DEFAULT_PROCESS-1-InstanceFiles_ibfk_1` FOREIGN KEY (`pageId`) REFERENCES `pages` (`pageId`) ON DELETE CASCADE,
  CONSTRAINT `page-DEFAULT_PROCESS-1-InstanceFiles_ibfk_2` FOREIGN KEY (`idFiles`) REFERENCES `files` (`id`) ON DELETE CASCADE
) ENGINE=InnoDB DEFAULT CHARSET=utf8 ROW_FORMAT=COMPACT;
/*!40101 SET character_set_client = @saved_cs_client */;

--
-- Dumping data for table `page-DEFAULT_PROCESS-1-InstanceFiles`
--

LOCK TABLES `page-DEFAULT_PROCESS-1-InstanceFiles` WRITE;
/*!40000 ALTER TABLE `page-DEFAULT_PROCESS-1-InstanceFiles` DISABLE KEYS */;
/*!40000 ALTER TABLE `page-DEFAULT_PROCESS-1-InstanceFiles` ENABLE KEYS */;
UNLOCK TABLES;

--
-- Table structure for table `page-DEFAULT_PROCESS-1-InstanceMultiFields`
--

DROP TABLE IF EXISTS `page-DEFAULT_PROCESS-1-InstanceMultiFields`;
/*!40101 SET @saved_cs_client     = @@character_set_client */;
/*!40101 SET character_set_client = utf8 */;
CREATE TABLE `page-DEFAULT_PROCESS-1-InstanceMultiFields` (
  `id` bigint(20) unsigned NOT NULL AUTO_INCREMENT,
  `pageId` varchar(255) NOT NULL,
  `version` int(10) unsigned NOT NULL,
  `idLanguages` int(10) unsigned NOT NULL DEFAULT '1',
  `idRelation` bigint(20) unsigned NOT NULL,
  `value` varchar(255) DEFAULT NULL,
  `idFields` bigint(20) unsigned NOT NULL,
  PRIMARY KEY (`id`),
  KEY `pageId` (`pageId`),
  CONSTRAINT `page-DEFAULT_PROCESS-1-InstanceMultiFields_ibfk_1` FOREIGN KEY (`pageId`) REFERENCES `pages` (`pageId`) ON DELETE CASCADE
) ENGINE=InnoDB DEFAULT CHARSET=utf8 ROW_FORMAT=COMPACT;
/*!40101 SET character_set_client = @saved_cs_client */;

--
-- Dumping data for table `page-DEFAULT_PROCESS-1-InstanceMultiFields`
--

LOCK TABLES `page-DEFAULT_PROCESS-1-InstanceMultiFields` WRITE;
/*!40000 ALTER TABLE `page-DEFAULT_PROCESS-1-InstanceMultiFields` DISABLE KEYS */;
/*!40000 ALTER TABLE `page-DEFAULT_PROCESS-1-InstanceMultiFields` ENABLE KEYS */;
UNLOCK TABLES;

--
-- Table structure for table `page-DEFAULT_PROCESS-1-Instances`
--

DROP TABLE IF EXISTS `page-DEFAULT_PROCESS-1-Instances`;
/*!40101 SET @saved_cs_client     = @@character_set_client */;
/*!40101 SET character_set_client = utf8 */;
CREATE TABLE `page-DEFAULT_PROCESS-1-Instances` (
  `id` bigint(20) unsigned NOT NULL AUTO_INCREMENT,
  `pageId` varchar(32) NOT NULL,
  `version` int(10) unsigned NOT NULL,
  `idLanguages` int(10) unsigned NOT NULL DEFAULT '1',
  `idUsers` bigint(20) unsigned NOT NULL,
  `description` text,
  `shortdescription` text,
  `department` varchar(255) DEFAULT NULL,
  `position` varchar(255) DEFAULT NULL,
  `content_responsible` varchar(255) DEFAULT NULL,
  `organizational_responsible` varchar(255) DEFAULT NULL,
  `process_inputs` text,
  `process_output` text,
  `process_indicator` text,
  `process_instructions` text,
  `process_techniques` text,
  `creator` bigint(20) unsigned NOT NULL,
  `created` timestamp NULL DEFAULT NULL,
  `changed` timestamp NOT NULL DEFAULT CURRENT_TIMESTAMP ON UPDATE CURRENT_TIMESTAMP,
  PRIMARY KEY (`id`),
  KEY `pageId` (`pageId`),
  CONSTRAINT `page-DEFAULT_PROCESS-1-Instances_ibfk_1` FOREIGN KEY (`pageId`) REFERENCES `pages` (`pageId`) ON DELETE CASCADE
) ENGINE=InnoDB DEFAULT CHARSET=utf8 ROW_FORMAT=COMPACT;
/*!40101 SET character_set_client = @saved_cs_client */;

--
-- Dumping data for table `page-DEFAULT_PROCESS-1-Instances`
--

LOCK TABLES `page-DEFAULT_PROCESS-1-Instances` WRITE;
/*!40000 ALTER TABLE `page-DEFAULT_PROCESS-1-Instances` DISABLE KEYS */;
/*!40000 ALTER TABLE `page-DEFAULT_PROCESS-1-Instances` ENABLE KEYS */;
UNLOCK TABLES;

--
-- Table structure for table `page-DEFAULT_PROCESS-1-Region27-Instances`
--

DROP TABLE IF EXISTS `page-DEFAULT_PROCESS-1-Region27-Instances`;
/*!40101 SET @saved_cs_client     = @@character_set_client */;
/*!40101 SET character_set_client = utf8 */;
CREATE TABLE `page-DEFAULT_PROCESS-1-Region27-Instances` (
  `id` bigint(20) unsigned NOT NULL AUTO_INCREMENT,
  `pageId` varchar(32) NOT NULL,
  `version` int(10) unsigned NOT NULL,
  `idLanguages` int(10) unsigned NOT NULL DEFAULT '1',
  `sortPosition` int(10) unsigned NOT NULL,
  `instruction_title` varchar(255) DEFAULT NULL,
  `instruction_description` text,
  PRIMARY KEY (`id`),
  KEY `pageId` (`pageId`),
  CONSTRAINT `page-DEFAULT_PROCESS-1-Region27-Instances_ibfk_1` FOREIGN KEY (`pageId`) REFERENCES `pages` (`pageId`) ON DELETE CASCADE
) ENGINE=InnoDB DEFAULT CHARSET=utf8 ROW_FORMAT=COMPACT;
/*!40101 SET character_set_client = @saved_cs_client */;

--
-- Dumping data for table `page-DEFAULT_PROCESS-1-Region27-Instances`
--

LOCK TABLES `page-DEFAULT_PROCESS-1-Region27-Instances` WRITE;
/*!40000 ALTER TABLE `page-DEFAULT_PROCESS-1-Region27-Instances` DISABLE KEYS */;
/*!40000 ALTER TABLE `page-DEFAULT_PROCESS-1-Region27-Instances` ENABLE KEYS */;
UNLOCK TABLES;

--
-- Table structure for table `page-DEFAULT_PROCESS-1-Region29-Instances`
--

DROP TABLE IF EXISTS `page-DEFAULT_PROCESS-1-Region29-Instances`;
/*!40101 SET @saved_cs_client     = @@character_set_client */;
/*!40101 SET character_set_client = utf8 */;
CREATE TABLE `page-DEFAULT_PROCESS-1-Region29-Instances` (
  `id` bigint(20) unsigned NOT NULL AUTO_INCREMENT,
  `pageId` varchar(32) NOT NULL,
  `version` int(10) unsigned NOT NULL,
  `idLanguages` int(10) unsigned NOT NULL DEFAULT '1',
  `sortPosition` int(10) unsigned NOT NULL,
  `steps_title` varchar(255) DEFAULT NULL,
  `steps_text` text,
  `steps_who` varchar(255) DEFAULT NULL,
  PRIMARY KEY (`id`),
  KEY `pageId` (`pageId`),
  CONSTRAINT `page-DEFAULT_PROCESS-1-Region29-Instances_ibfk_1` FOREIGN KEY (`pageId`) REFERENCES `pages` (`pageId`) ON DELETE CASCADE
) ENGINE=InnoDB DEFAULT CHARSET=utf8 ROW_FORMAT=COMPACT;
/*!40101 SET character_set_client = @saved_cs_client */;

--
-- Dumping data for table `page-DEFAULT_PROCESS-1-Region29-Instances`
--

LOCK TABLES `page-DEFAULT_PROCESS-1-Region29-Instances` WRITE;
/*!40000 ALTER TABLE `page-DEFAULT_PROCESS-1-Region29-Instances` DISABLE KEYS */;
/*!40000 ALTER TABLE `page-DEFAULT_PROCESS-1-Region29-Instances` ENABLE KEYS */;
UNLOCK TABLES;

--
-- Table structure for table `page-DEFAULT_PROCESS-1-Region32-Instances`
--

DROP TABLE IF EXISTS `page-DEFAULT_PROCESS-1-Region32-Instances`;
/*!40101 SET @saved_cs_client     = @@character_set_client */;
/*!40101 SET character_set_client = utf8 */;
CREATE TABLE `page-DEFAULT_PROCESS-1-Region32-Instances` (
  `id` bigint(20) unsigned NOT NULL AUTO_INCREMENT,
  `pageId` varchar(32) NOT NULL,
  `version` int(10) unsigned NOT NULL,
  `idLanguages` int(10) unsigned NOT NULL DEFAULT '1',
  `sortPosition` int(10) unsigned NOT NULL,
  `risk_description` text NOT NULL,
  `risk_measure` text NOT NULL,
  PRIMARY KEY (`id`),
  KEY `pageId` (`pageId`),
  CONSTRAINT `page-DEFAULT_PROCESS-1-Region32-Instances_ibfk_1` FOREIGN KEY (`pageId`) REFERENCES `pages` (`pageId`) ON DELETE CASCADE
) ENGINE=InnoDB DEFAULT CHARSET=utf8 ROW_FORMAT=COMPACT;
/*!40101 SET character_set_client = @saved_cs_client */;

--
-- Dumping data for table `page-DEFAULT_PROCESS-1-Region32-Instances`
--

LOCK TABLES `page-DEFAULT_PROCESS-1-Region32-Instances` WRITE;
/*!40000 ALTER TABLE `page-DEFAULT_PROCESS-1-Region32-Instances` DISABLE KEYS */;
/*!40000 ALTER TABLE `page-DEFAULT_PROCESS-1-Region32-Instances` ENABLE KEYS */;
UNLOCK TABLES;

--
-- Table structure for table `page-DEFAULT_PROCESS-1-Region33-Instances`
--

DROP TABLE IF EXISTS `page-DEFAULT_PROCESS-1-Region33-Instances`;
/*!40101 SET @saved_cs_client     = @@character_set_client */;
/*!40101 SET character_set_client = utf8 */;
CREATE TABLE `page-DEFAULT_PROCESS-1-Region33-Instances` (
  `id` bigint(20) unsigned NOT NULL AUTO_INCREMENT,
  `pageId` varchar(32) NOT NULL,
  `version` int(10) unsigned NOT NULL,
  `idLanguages` int(10) unsigned NOT NULL DEFAULT '1',
  `sortPosition` int(10) unsigned NOT NULL,
  `rule_title` varchar(255) DEFAULT NULL,
  `rule_text` text,
  PRIMARY KEY (`id`),
  KEY `pageId` (`pageId`),
  CONSTRAINT `page-DEFAULT_PROCESS-1-Region33-Instances_ibfk_1` FOREIGN KEY (`pageId`) REFERENCES `pages` (`pageId`) ON DELETE CASCADE
) ENGINE=InnoDB DEFAULT CHARSET=utf8 ROW_FORMAT=COMPACT;
/*!40101 SET character_set_client = @saved_cs_client */;

--
-- Dumping data for table `page-DEFAULT_PROCESS-1-Region33-Instances`
--

LOCK TABLES `page-DEFAULT_PROCESS-1-Region33-Instances` WRITE;
/*!40000 ALTER TABLE `page-DEFAULT_PROCESS-1-Region33-Instances` DISABLE KEYS */;
/*!40000 ALTER TABLE `page-DEFAULT_PROCESS-1-Region33-Instances` ENABLE KEYS */;
UNLOCK TABLES;

--
-- Table structure for table `page-DEFAULT_PRODUCT_TREE-1-InstanceFiles`
--

DROP TABLE IF EXISTS `page-DEFAULT_PRODUCT_TREE-1-InstanceFiles`;
/*!40101 SET @saved_cs_client     = @@character_set_client */;
/*!40101 SET character_set_client = utf8 */;
CREATE TABLE `page-DEFAULT_PRODUCT_TREE-1-InstanceFiles` (
  `id` bigint(20) unsigned NOT NULL AUTO_INCREMENT,
  `pageId` varchar(255) NOT NULL,
  `version` int(10) unsigned NOT NULL,
  `idLanguages` int(10) unsigned NOT NULL DEFAULT '1',
  `sortPosition` int(10) unsigned NOT NULL,
  `idFiles` bigint(20) unsigned NOT NULL,
  `displayOption` varchar(64) DEFAULT NULL,
  `idFields` bigint(20) unsigned NOT NULL,
  PRIMARY KEY (`id`),
  KEY `pageId` (`pageId`),
  KEY `idFiles` (`idFiles`),
  CONSTRAINT `page-DEFAULT_PRODUCT_TREE-1-InstanceFiles_ibfk_1` FOREIGN KEY (`pageId`) REFERENCES `pages` (`pageId`) ON DELETE CASCADE,
  CONSTRAINT `page-DEFAULT_PRODUCT_TREE-1-InstanceFiles_ibfk_2` FOREIGN KEY (`idFiles`) REFERENCES `files` (`id`) ON DELETE CASCADE
) ENGINE=InnoDB AUTO_INCREMENT=10 DEFAULT CHARSET=utf8 ROW_FORMAT=COMPACT;
/*!40101 SET character_set_client = @saved_cs_client */;

--
-- Dumping data for table `page-DEFAULT_PRODUCT_TREE-1-InstanceFiles`
--

LOCK TABLES `page-DEFAULT_PRODUCT_TREE-1-InstanceFiles` WRITE;
/*!40000 ALTER TABLE `page-DEFAULT_PRODUCT_TREE-1-InstanceFiles` DISABLE KEYS */;
INSERT INTO `page-DEFAULT_PRODUCT_TREE-1-InstanceFiles` VALUES (7,'4ba0d68f4bd92',1,1,1,5,NULL,55),(9,'4ba75422b9839',1,1,1,13,NULL,55);
/*!40000 ALTER TABLE `page-DEFAULT_PRODUCT_TREE-1-InstanceFiles` ENABLE KEYS */;
UNLOCK TABLES;

--
-- Table structure for table `page-DEFAULT_PRODUCT_TREE-1-InstanceMultiFields`
--

DROP TABLE IF EXISTS `page-DEFAULT_PRODUCT_TREE-1-InstanceMultiFields`;
/*!40101 SET @saved_cs_client     = @@character_set_client */;
/*!40101 SET character_set_client = utf8 */;
CREATE TABLE `page-DEFAULT_PRODUCT_TREE-1-InstanceMultiFields` (
  `id` bigint(20) unsigned NOT NULL AUTO_INCREMENT,
  `pageId` varchar(255) NOT NULL,
  `version` int(10) unsigned NOT NULL,
  `idLanguages` int(10) unsigned NOT NULL DEFAULT '1',
  `idRelation` bigint(20) unsigned NOT NULL,
  `value` varchar(255) DEFAULT NULL,
  `idFields` bigint(20) unsigned NOT NULL,
  PRIMARY KEY (`id`),
  KEY `pageId` (`pageId`),
  CONSTRAINT `page-DEFAULT_PRODUCT_TREE-1-InstanceMultiFields_ibfk_1` FOREIGN KEY (`pageId`) REFERENCES `pages` (`pageId`) ON DELETE CASCADE
) ENGINE=InnoDB DEFAULT CHARSET=utf8 ROW_FORMAT=COMPACT;
/*!40101 SET character_set_client = @saved_cs_client */;

--
-- Dumping data for table `page-DEFAULT_PRODUCT_TREE-1-InstanceMultiFields`
--

LOCK TABLES `page-DEFAULT_PRODUCT_TREE-1-InstanceMultiFields` WRITE;
/*!40000 ALTER TABLE `page-DEFAULT_PRODUCT_TREE-1-InstanceMultiFields` DISABLE KEYS */;
/*!40000 ALTER TABLE `page-DEFAULT_PRODUCT_TREE-1-InstanceMultiFields` ENABLE KEYS */;
UNLOCK TABLES;

--
-- Table structure for table `page-DEFAULT_PRODUCT_TREE-1-Instances`
--

DROP TABLE IF EXISTS `page-DEFAULT_PRODUCT_TREE-1-Instances`;
/*!40101 SET @saved_cs_client     = @@character_set_client */;
/*!40101 SET character_set_client = utf8 */;
CREATE TABLE `page-DEFAULT_PRODUCT_TREE-1-Instances` (
  `id` bigint(20) unsigned NOT NULL AUTO_INCREMENT,
  `pageId` varchar(32) NOT NULL,
  `version` int(10) unsigned NOT NULL,
  `idLanguages` int(10) unsigned NOT NULL DEFAULT '1',
  `idUsers` bigint(20) unsigned NOT NULL,
  `articletitle` varchar(255) DEFAULT NULL,
  `entry_title` varchar(255) DEFAULT NULL,
  `entry_point` bigint(20) unsigned DEFAULT NULL,
  `entry_category` bigint(20) unsigned DEFAULT NULL,
  `entry_label` bigint(20) unsigned DEFAULT NULL,
  `entry_sorttype` bigint(20) unsigned DEFAULT NULL,
  `entry_pic_tag` bigint(20) unsigned DEFAULT NULL,
  `shortdescription` text,
  `description` text,
  `contact` varchar(255) DEFAULT NULL,
  `creator` bigint(20) unsigned NOT NULL,
  `created` timestamp NULL DEFAULT NULL,
  `changed` timestamp NOT NULL DEFAULT CURRENT_TIMESTAMP ON UPDATE CURRENT_TIMESTAMP,
  PRIMARY KEY (`id`),
  KEY `pageId` (`pageId`),
  CONSTRAINT `page-DEFAULT_PRODUCT_TREE-1-Instances_ibfk_1` FOREIGN KEY (`pageId`) REFERENCES `pages` (`pageId`) ON DELETE CASCADE
) ENGINE=InnoDB AUTO_INCREMENT=14 DEFAULT CHARSET=utf8 ROW_FORMAT=COMPACT;
/*!40101 SET character_set_client = @saved_cs_client */;

--
-- Dumping data for table `page-DEFAULT_PRODUCT_TREE-1-Instances`
--

LOCK TABLES `page-DEFAULT_PRODUCT_TREE-1-Instances` WRITE;
/*!40000 ALTER TABLE `page-DEFAULT_PRODUCT_TREE-1-Instances` DISABLE KEYS */;
INSERT INTO `page-DEFAULT_PRODUCT_TREE-1-Instances` VALUES (1,'4b4da15087430',1,1,3,'','',17,77,0,NULL,NULL,'','','',3,'2010-01-13 10:49:28','2010-03-12 15:22:41'),(2,'4b4da26279384',1,1,3,'','',17,76,0,17,19,'','','',3,'2010-01-13 10:52:25','2010-04-01 08:30:19'),(3,'4b4da2f3f290d',1,1,3,'','',17,0,0,NULL,NULL,'','','',3,'2010-01-13 10:52:32','2010-03-17 14:34:08'),(4,'4b4da2f3f290d',1,2,3,'','',17,0,0,NULL,NULL,'','','',3,'2010-02-01 13:59:12','2010-03-17 14:43:10'),(5,'4b4da26279384',1,2,3,'','',21,0,0,NULL,NULL,'','','',3,'2010-02-01 13:59:24','2010-02-02 15:39:55'),(6,'4b4da15087430',1,2,3,'','',17,0,0,NULL,NULL,'','','',3,'2010-02-01 13:59:32','2010-03-04 14:43:17'),(7,'4b4da15087430',1,3,3,'','',0,0,0,NULL,NULL,'','','',3,'2010-03-04 14:27:06','2010-03-04 14:27:06'),(8,'4ba0d68f4bd92',1,1,3,'','',17,77,0,17,18,'Aenean commodo ligula eget dolor',NULL,'',3,'2010-03-17 13:18:52','2010-04-01 09:41:18'),(9,'4ba0d68f4bd92',1,2,3,'','',17,0,0,0,0,'',NULL,'',3,'2010-03-19 09:07:24','2010-04-02 13:15:22'),(10,'4ba75422b9839',1,1,3,'','',17,0,0,16,0,'',NULL,'',3,'2010-03-22 11:27:49','2010-04-02 13:25:16'),(11,'4ba0d68f4bd92',1,3,3,'','',0,0,0,0,0,'',NULL,'',3,'2010-04-02 12:42:34','2010-04-02 12:42:34'),(12,'4ba75422b9839',1,2,3,'','',17,0,0,0,0,'',NULL,'',3,'2010-04-02 13:13:18','2010-04-02 13:25:13'),(13,'4bc334f4e3bda',1,1,3,'','',17,0,0,16,0,'',NULL,'',3,'2010-04-12 14:58:02','2010-04-12 14:58:18');
/*!40000 ALTER TABLE `page-DEFAULT_PRODUCT_TREE-1-Instances` ENABLE KEYS */;
UNLOCK TABLES;

--
-- Table structure for table `page-DEFAULT_STARTPAGE-1-InstanceFiles`
--

DROP TABLE IF EXISTS `page-DEFAULT_STARTPAGE-1-InstanceFiles`;
/*!40101 SET @saved_cs_client     = @@character_set_client */;
/*!40101 SET character_set_client = utf8 */;
CREATE TABLE `page-DEFAULT_STARTPAGE-1-InstanceFiles` (
  `id` bigint(20) unsigned NOT NULL AUTO_INCREMENT,
  `pageId` varchar(255) NOT NULL,
  `version` int(10) unsigned NOT NULL,
  `idLanguages` int(10) unsigned NOT NULL DEFAULT '1',
  `sortPosition` int(10) unsigned NOT NULL,
  `idFiles` bigint(20) unsigned NOT NULL,
  `displayOption` varchar(64) DEFAULT NULL,
  `idFields` bigint(20) unsigned NOT NULL,
  PRIMARY KEY (`id`),
  KEY `pageId` (`pageId`),
  KEY `idFiles` (`idFiles`),
  CONSTRAINT `page-DEFAULT_STARTPAGE-1-InstanceFiles_ibfk_1` FOREIGN KEY (`pageId`) REFERENCES `pages` (`pageId`) ON DELETE CASCADE,
  CONSTRAINT `page-DEFAULT_STARTPAGE-1-InstanceFiles_ibfk_2` FOREIGN KEY (`idFiles`) REFERENCES `files` (`id`) ON DELETE CASCADE
) ENGINE=InnoDB AUTO_INCREMENT=59 DEFAULT CHARSET=utf8 ROW_FORMAT=COMPACT;
/*!40101 SET character_set_client = @saved_cs_client */;

--
-- Dumping data for table `page-DEFAULT_STARTPAGE-1-InstanceFiles`
--

LOCK TABLES `page-DEFAULT_STARTPAGE-1-InstanceFiles` WRITE;
/*!40000 ALTER TABLE `page-DEFAULT_STARTPAGE-1-InstanceFiles` DISABLE KEYS */;
INSERT INTO `page-DEFAULT_STARTPAGE-1-InstanceFiles` VALUES (43,'4b4da2f3f290d',1,1,1,12,NULL,5),(56,'4b4d8dc9a138f',1,1,1,86,NULL,5),(58,'4b4da15087430',1,1,1,86,NULL,5);
/*!40000 ALTER TABLE `page-DEFAULT_STARTPAGE-1-InstanceFiles` ENABLE KEYS */;
UNLOCK TABLES;

--
-- Table structure for table `page-DEFAULT_STARTPAGE-1-Instances`
--

DROP TABLE IF EXISTS `page-DEFAULT_STARTPAGE-1-Instances`;
/*!40101 SET @saved_cs_client     = @@character_set_client */;
/*!40101 SET character_set_client = utf8 */;
CREATE TABLE `page-DEFAULT_STARTPAGE-1-Instances` (
  `id` bigint(20) unsigned NOT NULL AUTO_INCREMENT,
  `pageId` varchar(32) NOT NULL,
  `version` int(10) unsigned NOT NULL,
  `idLanguages` int(10) unsigned NOT NULL DEFAULT '1',
  `idUsers` bigint(20) unsigned NOT NULL,
  `articletitle` varchar(255) DEFAULT NULL,
  `description` text,
  `shortdescription` text,
  `header_embed_code` text,
  `global_entry_title` varchar(255) DEFAULT NULL,
  `global_entry_point` bigint(20) unsigned NOT NULL,
  `global_entry_category` bigint(20) unsigned NOT NULL,
  `global_entry_label` bigint(20) unsigned NOT NULL,
  `global_entry_nav_point` bigint(20) unsigned NOT NULL,
  `top_title` text,
  `top_category` text,
  `top_label` text,
  `top_number` text,
  `top_sorttype` text,
  `top_sortorder` text,
  `banner_title` text,
  `banner_description` text,
  `creator` bigint(20) unsigned NOT NULL,
  `created` timestamp NULL DEFAULT NULL,
  `changed` timestamp NOT NULL DEFAULT CURRENT_TIMESTAMP ON UPDATE CURRENT_TIMESTAMP,
  PRIMARY KEY (`id`),
  KEY `pageId` (`pageId`),
  CONSTRAINT `page-DEFAULT_STARTPAGE-1-Instances_ibfk_1` FOREIGN KEY (`pageId`) REFERENCES `pages` (`pageId`) ON DELETE CASCADE
) ENGINE=InnoDB AUTO_INCREMENT=10 DEFAULT CHARSET=utf8 ROW_FORMAT=COMPACT;
/*!40101 SET character_set_client = @saved_cs_client */;

--
-- Dumping data for table `page-DEFAULT_STARTPAGE-1-Instances`
--

LOCK TABLES `page-DEFAULT_STARTPAGE-1-Instances` WRITE;
/*!40000 ALTER TABLE `page-DEFAULT_STARTPAGE-1-Instances` DISABLE KEYS */;
INSERT INTO `page-DEFAULT_STARTPAGE-1-Instances` VALUES (1,'4b4d8dc9a138f',1,1,3,'','','',NULL,'Produkt-Karussell',17,0,80,49,NULL,NULL,NULL,NULL,NULL,NULL,NULL,NULL,3,'2010-01-13 10:32:03','2010-04-14 14:25:27'),(2,'4b4d8dc9a138f',1,2,3,'','','',NULL,'',17,0,80,49,NULL,NULL,NULL,NULL,NULL,NULL,NULL,NULL,3,'2010-01-13 10:38:03','2010-04-16 13:01:24'),(3,'4b4d8dc9a138f',1,3,3,'','','',NULL,'',0,0,0,0,NULL,NULL,NULL,NULL,NULL,NULL,NULL,NULL,3,'2010-01-13 10:38:25','2010-01-18 13:02:33'),(4,'4b4d8dc9a138f',1,4,3,'','','',NULL,'',0,0,0,0,NULL,NULL,NULL,NULL,NULL,NULL,NULL,NULL,3,'2010-01-13 10:38:29','2010-01-18 13:02:36'),(5,'4b4d8dc9a138f',1,5,3,'','','',NULL,'',0,0,0,0,NULL,NULL,NULL,NULL,NULL,NULL,NULL,NULL,3,'2010-01-13 10:38:36','2010-01-18 13:02:43'),(6,'4b4da15087430',1,1,3,'','<p>Lorem ipsum dolor sit amet, consectetuer adipiscing elit. Aenean commodo ligula eget dolor. Aenean massa. Cum sociis natoque penatibus et magnis dis parturient montes, nascetur ridiculus mus. Donec quam felis, ultricies nec, pellentesque eu, pretium quis, sem. Nulla consequat massa quis enim. Donec pede justo, fringilla vel, aliquet nec, vulputate eget, arcu. In enim justo, rhoncus ut, imperdiet a, venenatis vitae, justo. Nullam dictum felis eu pede mollis pretium. Integer tincidunt. Cras dapibus. Vivamus elementum semper nisi.</p>','',NULL,'',17,77,0,26,NULL,NULL,NULL,NULL,NULL,NULL,NULL,NULL,3,'2010-03-23 09:12:54','2010-04-20 13:20:30'),(7,'4b4da2f3f290d',1,1,3,'','<p>Lorem ipsum dolor sit amet, consectetuer adipiscing elit. Aenean commodo ligula eget dolor. Aenean massa. Cum sociis natoque penatibus et magnis dis parturient montes, nascetur ridiculus mus. Donec quam felis, ultricies nec, pellentesque eu, pretium quis, sem. Nulla consequat massa quis enim. Donec pede justo, fringilla vel, aliquet nec, vulputate eget, arcu. In enim justo, rhoncus ut, imperdiet a, venenatis vitae, justo. Nullam dictum felis eu pede mollis pretium. Integer tincidunt. Cras dapibus. Vivamus elementum semper nisi.</p>','',NULL,'Produkt-Karussell',17,0,0,49,NULL,NULL,NULL,NULL,NULL,NULL,NULL,NULL,3,'2010-03-23 10:28:55','2010-04-02 13:25:25'),(8,'4b4da15087430',1,2,3,'','',NULL,NULL,'',17,0,267,26,NULL,NULL,NULL,NULL,NULL,NULL,NULL,NULL,3,'2010-04-02 13:05:57','2010-04-02 13:29:00'),(9,'4b4da2f3f290d',1,2,3,'','',NULL,NULL,'',17,0,447,0,NULL,NULL,NULL,NULL,NULL,NULL,NULL,NULL,3,'2010-04-02 13:23:58','2010-04-02 13:25:38');
/*!40000 ALTER TABLE `page-DEFAULT_STARTPAGE-1-Instances` ENABLE KEYS */;
UNLOCK TABLES;

--
-- Table structure for table `page-DEFAULT_STARTPAGE-1-Region11-InstanceFiles`
--

DROP TABLE IF EXISTS `page-DEFAULT_STARTPAGE-1-Region11-InstanceFiles`;
/*!40101 SET @saved_cs_client     = @@character_set_client */;
/*!40101 SET character_set_client = utf8 */;
CREATE TABLE `page-DEFAULT_STARTPAGE-1-Region11-InstanceFiles` (
  `id` bigint(20) unsigned NOT NULL AUTO_INCREMENT,
  `pageId` varchar(255) NOT NULL,
  `version` int(10) unsigned NOT NULL,
  `idLanguages` int(10) unsigned NOT NULL DEFAULT '1',
  `idRegionInstances` bigint(20) unsigned NOT NULL,
  `idFiles` bigint(20) unsigned NOT NULL,
  `displayOption` varchar(64) DEFAULT NULL,
  `idFields` bigint(20) unsigned NOT NULL,
  PRIMARY KEY (`id`),
  KEY `pageId` (`pageId`),
  KEY `idRegionInstances` (`idRegionInstances`),
  KEY `idFiles` (`idFiles`),
  CONSTRAINT `page-DEFAULT_STARTPAGE-1-Region11-InstanceFiles_ibfk_1` FOREIGN KEY (`pageId`) REFERENCES `pages` (`pageId`) ON DELETE CASCADE,
  CONSTRAINT `page-DEFAULT_STARTPAGE-1-Region11-InstanceFiles_ibfk_2` FOREIGN KEY (`idFiles`) REFERENCES `files` (`id`) ON DELETE CASCADE,
  CONSTRAINT `page-DEFAULT_STARTPAGE-1-Region11-InstanceFiles_ibfk_3` FOREIGN KEY (`idRegionInstances`) REFERENCES `page-DEFAULT_STARTPAGE-1-Region11-Instances` (`id`) ON DELETE CASCADE
) ENGINE=InnoDB DEFAULT CHARSET=utf8 ROW_FORMAT=COMPACT;
/*!40101 SET character_set_client = @saved_cs_client */;

--
-- Dumping data for table `page-DEFAULT_STARTPAGE-1-Region11-InstanceFiles`
--

LOCK TABLES `page-DEFAULT_STARTPAGE-1-Region11-InstanceFiles` WRITE;
/*!40000 ALTER TABLE `page-DEFAULT_STARTPAGE-1-Region11-InstanceFiles` DISABLE KEYS */;
/*!40000 ALTER TABLE `page-DEFAULT_STARTPAGE-1-Region11-InstanceFiles` ENABLE KEYS */;
UNLOCK TABLES;

--
-- Table structure for table `page-DEFAULT_STARTPAGE-1-Region11-InstanceMultiFields`
--

DROP TABLE IF EXISTS `page-DEFAULT_STARTPAGE-1-Region11-InstanceMultiFields`;
/*!40101 SET @saved_cs_client     = @@character_set_client */;
/*!40101 SET character_set_client = utf8 */;
CREATE TABLE `page-DEFAULT_STARTPAGE-1-Region11-InstanceMultiFields` (
  `id` bigint(20) unsigned NOT NULL AUTO_INCREMENT,
  `pageId` varchar(255) NOT NULL,
  `version` int(10) unsigned NOT NULL,
  `idLanguages` int(10) unsigned NOT NULL DEFAULT '1',
  `idRegionInstances` bigint(20) unsigned NOT NULL,
  `idRelation` bigint(20) unsigned NOT NULL,
  `value` varchar(255) DEFAULT NULL,
  `idFields` bigint(20) unsigned NOT NULL,
  PRIMARY KEY (`id`),
  KEY `pageId` (`pageId`),
  KEY `idRegionInstances` (`idRegionInstances`),
  CONSTRAINT `page-DEFAULT_STARTPAGE-1-Region11-InstanceMultiFields_ibfk_1` FOREIGN KEY (`pageId`) REFERENCES `pages` (`pageId`) ON DELETE CASCADE,
  CONSTRAINT `page-DEFAULT_STARTPAGE-1-Region11-InstanceMultiFields_ibfk_2` FOREIGN KEY (`idRegionInstances`) REFERENCES `page-DEFAULT_STARTPAGE-1-Region11-Instances` (`id`) ON DELETE CASCADE
) ENGINE=InnoDB DEFAULT CHARSET=utf8 ROW_FORMAT=COMPACT;
/*!40101 SET character_set_client = @saved_cs_client */;

--
-- Dumping data for table `page-DEFAULT_STARTPAGE-1-Region11-InstanceMultiFields`
--

LOCK TABLES `page-DEFAULT_STARTPAGE-1-Region11-InstanceMultiFields` WRITE;
/*!40000 ALTER TABLE `page-DEFAULT_STARTPAGE-1-Region11-InstanceMultiFields` DISABLE KEYS */;
/*!40000 ALTER TABLE `page-DEFAULT_STARTPAGE-1-Region11-InstanceMultiFields` ENABLE KEYS */;
UNLOCK TABLES;

--
-- Table structure for table `page-DEFAULT_STARTPAGE-1-Region11-Instances`
--

DROP TABLE IF EXISTS `page-DEFAULT_STARTPAGE-1-Region11-Instances`;
/*!40101 SET @saved_cs_client     = @@character_set_client */;
/*!40101 SET character_set_client = utf8 */;
CREATE TABLE `page-DEFAULT_STARTPAGE-1-Region11-Instances` (
  `id` bigint(20) unsigned NOT NULL AUTO_INCREMENT,
  `pageId` varchar(32) NOT NULL,
  `version` int(10) unsigned NOT NULL,
  `idLanguages` int(10) unsigned NOT NULL DEFAULT '1',
  `sortPosition` int(10) unsigned NOT NULL,
  `block_title` varchar(255) DEFAULT NULL,
  `block_description` text,
  PRIMARY KEY (`id`),
  KEY `pageId` (`pageId`),
  CONSTRAINT `page-DEFAULT_STARTPAGE-1-Region11-Instances_ibfk_1` FOREIGN KEY (`pageId`) REFERENCES `pages` (`pageId`) ON DELETE CASCADE
) ENGINE=InnoDB DEFAULT CHARSET=utf8 ROW_FORMAT=COMPACT;
/*!40101 SET character_set_client = @saved_cs_client */;

--
-- Dumping data for table `page-DEFAULT_STARTPAGE-1-Region11-Instances`
--

LOCK TABLES `page-DEFAULT_STARTPAGE-1-Region11-Instances` WRITE;
/*!40000 ALTER TABLE `page-DEFAULT_STARTPAGE-1-Region11-Instances` DISABLE KEYS */;
/*!40000 ALTER TABLE `page-DEFAULT_STARTPAGE-1-Region11-Instances` ENABLE KEYS */;
UNLOCK TABLES;

--
-- Table structure for table `page-DEFAULT_STARTPAGE-1-Region17-Instances`
--

DROP TABLE IF EXISTS `page-DEFAULT_STARTPAGE-1-Region17-Instances`;
/*!40101 SET @saved_cs_client     = @@character_set_client */;
/*!40101 SET character_set_client = utf8 */;
CREATE TABLE `page-DEFAULT_STARTPAGE-1-Region17-Instances` (
  `id` bigint(20) unsigned NOT NULL AUTO_INCREMENT,
  `pageId` varchar(32) NOT NULL,
  `version` int(10) unsigned NOT NULL,
  `idLanguages` int(10) unsigned NOT NULL DEFAULT '1',
  `sortPosition` int(10) unsigned NOT NULL,
  `entry_title` varchar(255) DEFAULT NULL,
  `entry_nav_point` bigint(20) unsigned DEFAULT NULL,
  `entry_category` bigint(20) unsigned DEFAULT NULL,
  `entry_label` bigint(20) unsigned DEFAULT NULL,
  `entry_number` bigint(20) unsigned DEFAULT NULL,
  `entry_sorttype` bigint(20) unsigned DEFAULT NULL,
  `entry_sortorder` bigint(20) unsigned DEFAULT NULL,
  PRIMARY KEY (`id`),
  KEY `pageId` (`pageId`),
  CONSTRAINT `page-DEFAULT_STARTPAGE-1-Region17-Instances_ibfk_1` FOREIGN KEY (`pageId`) REFERENCES `pages` (`pageId`) ON DELETE CASCADE
) ENGINE=InnoDB AUTO_INCREMENT=132 DEFAULT CHARSET=utf8 ROW_FORMAT=COMPACT;
/*!40101 SET character_set_client = @saved_cs_client */;

--
-- Dumping data for table `page-DEFAULT_STARTPAGE-1-Region17-Instances`
--

LOCK TABLES `page-DEFAULT_STARTPAGE-1-Region17-Instances` WRITE;
/*!40000 ALTER TABLE `page-DEFAULT_STARTPAGE-1-Region17-Instances` DISABLE KEYS */;
INSERT INTO `page-DEFAULT_STARTPAGE-1-Region17-Instances` VALUES (10,'4b4d8dc9a138f',1,3,1,'',0,0,0,0,0,0),(11,'4b4d8dc9a138f',1,4,1,'',0,0,0,0,0,0),(12,'4b4d8dc9a138f',1,5,1,'',0,0,0,0,0,0),(111,'4b4da2f3f290d',1,1,1,'Specials',0,0,267,5,0,0),(113,'4b4da2f3f290d',1,2,1,'',0,0,0,0,0,0),(118,'4b4da15087430',1,2,1,'',0,0,0,0,0,0),(127,'4b4d8dc9a138f',1,1,1,'Specials',0,0,267,5,40,14),(129,'4b4d8dc9a138f',1,2,1,'',0,0,0,0,0,0),(131,'4b4da15087430',1,1,1,'Specials',0,0,267,5,40,14);
/*!40000 ALTER TABLE `page-DEFAULT_STARTPAGE-1-Region17-Instances` ENABLE KEYS */;
UNLOCK TABLES;

--
-- Table structure for table `pageCategories`
--

DROP TABLE IF EXISTS `pageCategories`;
/*!40101 SET @saved_cs_client     = @@character_set_client */;
/*!40101 SET character_set_client = utf8 */;
CREATE TABLE `pageCategories` (
  `id` bigint(20) unsigned NOT NULL AUTO_INCREMENT,
  `pageId` varchar(32) NOT NULL,
  `version` int(10) unsigned NOT NULL,
  `idLanguages` int(10) unsigned NOT NULL DEFAULT '1',
  `category` bigint(20) unsigned NOT NULL,
  `idUsers` bigint(20) unsigned NOT NULL,
  `creator` bigint(20) unsigned NOT NULL,
  `created` timestamp NULL DEFAULT NULL,
  `changed` timestamp NOT NULL DEFAULT CURRENT_TIMESTAMP ON UPDATE CURRENT_TIMESTAMP,
  PRIMARY KEY (`id`),
  KEY `pageId` (`pageId`),
  KEY `version` (`version`),
  CONSTRAINT `pageCategories_ibfk_1` FOREIGN KEY (`pageId`) REFERENCES `pages` (`pageId`) ON DELETE CASCADE
) ENGINE=InnoDB DEFAULT CHARSET=utf8;
/*!40101 SET character_set_client = @saved_cs_client */;

--
-- Dumping data for table `pageCategories`
--

LOCK TABLES `pageCategories` WRITE;
/*!40000 ALTER TABLE `pageCategories` DISABLE KEYS */;
/*!40000 ALTER TABLE `pageCategories` ENABLE KEYS */;
UNLOCK TABLES;

--
-- Table structure for table `pageCollections`
--

DROP TABLE IF EXISTS `pageCollections`;
/*!40101 SET @saved_cs_client     = @@character_set_client */;
/*!40101 SET character_set_client = utf8 */;
CREATE TABLE `pageCollections` (
  `id` bigint(20) unsigned NOT NULL AUTO_INCREMENT,
  `pageId` varchar(32) NOT NULL,
  `version` int(10) unsigned NOT NULL,
  `idLanguages` int(10) unsigned NOT NULL DEFAULT '1',
  `sortPosition` int(10) NOT NULL,
  `collectedPageId` varchar(255) NOT NULL,
  `idUsers` bigint(20) unsigned NOT NULL,
  `creator` bigint(20) unsigned NOT NULL,
  `created` timestamp NULL DEFAULT NULL,
  `changed` timestamp NOT NULL DEFAULT CURRENT_TIMESTAMP ON UPDATE CURRENT_TIMESTAMP,
  PRIMARY KEY (`id`),
  KEY `pageId` (`pageId`),
  KEY `version` (`version`),
  CONSTRAINT `pageCollections_ibfk_1` FOREIGN KEY (`pageId`) REFERENCES `pages` (`pageId`) ON DELETE CASCADE
) ENGINE=InnoDB DEFAULT CHARSET=utf8;
/*!40101 SET character_set_client = @saved_cs_client */;

--
-- Dumping data for table `pageCollections`
--

LOCK TABLES `pageCollections` WRITE;
/*!40000 ALTER TABLE `pageCollections` DISABLE KEYS */;
/*!40000 ALTER TABLE `pageCollections` ENABLE KEYS */;
UNLOCK TABLES;

--
-- Table structure for table `pageContacts`
--

DROP TABLE IF EXISTS `pageContacts`;
/*!40101 SET @saved_cs_client     = @@character_set_client */;
/*!40101 SET character_set_client = utf8 */;
CREATE TABLE `pageContacts` (
  `id` bigint(20) unsigned NOT NULL AUTO_INCREMENT,
  `pageId` varchar(32) NOT NULL,
  `version` int(10) unsigned NOT NULL,
  `idLanguages` int(10) unsigned NOT NULL DEFAULT '1',
  `idContacts` bigint(20) unsigned NOT NULL,
  `idFields` bigint(20) unsigned NOT NULL,
  `creator` bigint(20) unsigned NOT NULL,
  `created` timestamp NOT NULL DEFAULT CURRENT_TIMESTAMP,
  PRIMARY KEY (`id`),
  KEY `pageId` (`pageId`),
  KEY `version` (`version`),
  KEY `pageId_2` (`pageId`,`version`),
  CONSTRAINT `pageContacts_ibfk_1` FOREIGN KEY (`pageId`) REFERENCES `pages` (`pageId`) ON DELETE CASCADE
) ENGINE=InnoDB DEFAULT CHARSET=utf8;
/*!40101 SET character_set_client = @saved_cs_client */;

--
-- Dumping data for table `pageContacts`
--

LOCK TABLES `pageContacts` WRITE;
/*!40000 ALTER TABLE `pageContacts` DISABLE KEYS */;
/*!40000 ALTER TABLE `pageContacts` ENABLE KEYS */;
UNLOCK TABLES;

--
-- Table structure for table `pageDatetimes`
--

DROP TABLE IF EXISTS `pageDatetimes`;
/*!40101 SET @saved_cs_client     = @@character_set_client */;
/*!40101 SET character_set_client = utf8 */;
CREATE TABLE `pageDatetimes` (
  `id` bigint(20) unsigned NOT NULL AUTO_INCREMENT,
  `pageId` varchar(32) NOT NULL,
  `version` int(10) unsigned NOT NULL,
  `idLanguages` int(10) unsigned NOT NULL DEFAULT '1',
  `datetime` varchar(255) DEFAULT NULL,
  `idUsers` bigint(20) unsigned NOT NULL,
  `creator` bigint(20) unsigned NOT NULL,
  `created` timestamp NULL DEFAULT NULL,
  `changed` timestamp NOT NULL DEFAULT CURRENT_TIMESTAMP ON UPDATE CURRENT_TIMESTAMP,
  PRIMARY KEY (`id`),
  KEY `pageId` (`pageId`),
  KEY `version` (`version`),
  KEY `pageId_2` (`pageId`,`version`),
  CONSTRAINT `pageDatetimes_ibfk_1` FOREIGN KEY (`pageId`) REFERENCES `pages` (`pageId`) ON DELETE CASCADE
) ENGINE=InnoDB DEFAULT CHARSET=utf8;
/*!40101 SET character_set_client = @saved_cs_client */;

--
-- Dumping data for table `pageDatetimes`
--

LOCK TABLES `pageDatetimes` WRITE;
/*!40000 ALTER TABLE `pageDatetimes` DISABLE KEYS */;
/*!40000 ALTER TABLE `pageDatetimes` ENABLE KEYS */;
UNLOCK TABLES;

--
-- Table structure for table `pageExternals`
--

DROP TABLE IF EXISTS `pageExternals`;
/*!40101 SET @saved_cs_client     = @@character_set_client */;
/*!40101 SET character_set_client = utf8 */;
CREATE TABLE `pageExternals` (
  `id` bigint(20) unsigned NOT NULL AUTO_INCREMENT,
  `pageId` varchar(32) NOT NULL,
  `version` int(10) unsigned NOT NULL,
  `idLanguages` int(10) unsigned NOT NULL DEFAULT '1',
  `external` varchar(255) NOT NULL,
  `idUsers` bigint(20) unsigned NOT NULL,
  `creator` bigint(20) unsigned NOT NULL,
  `created` timestamp NULL DEFAULT NULL,
  `changed` timestamp NOT NULL DEFAULT CURRENT_TIMESTAMP ON UPDATE CURRENT_TIMESTAMP,
  PRIMARY KEY (`id`),
  KEY `pageId` (`pageId`),
  CONSTRAINT `pageExternals_ibfk_1` FOREIGN KEY (`pageId`) REFERENCES `pages` (`pageId`) ON DELETE CASCADE
) ENGINE=InnoDB AUTO_INCREMENT=2 DEFAULT CHARSET=utf8;
/*!40101 SET character_set_client = @saved_cs_client */;

--
-- Dumping data for table `pageExternals`
--

LOCK TABLES `pageExternals` WRITE;
/*!40000 ALTER TABLE `pageExternals` DISABLE KEYS */;
INSERT INTO `pageExternals` VALUES (1,'4ba0d86d90d56',1,2,'http://www.getzoolu.org',3,3,'2010-03-19 09:15:40','2010-03-19 09:15:40');
/*!40000 ALTER TABLE `pageExternals` ENABLE KEYS */;
UNLOCK TABLES;

--
-- Table structure for table `pageGmaps`
--

DROP TABLE IF EXISTS `pageGmaps`;
/*!40101 SET @saved_cs_client     = @@character_set_client */;
/*!40101 SET character_set_client = utf8 */;
CREATE TABLE `pageGmaps` (
  `id` bigint(20) unsigned NOT NULL AUTO_INCREMENT,
  `pageId` varchar(32) NOT NULL,
  `version` int(10) unsigned NOT NULL,
  `idLanguages` int(10) unsigned NOT NULL DEFAULT '1',
  `latitude` varchar(255) NOT NULL,
  `longitude` varchar(255) NOT NULL,
  `creator` bigint(20) unsigned NOT NULL,
  `created` timestamp NULL DEFAULT NULL,
  `changed` timestamp NOT NULL DEFAULT CURRENT_TIMESTAMP ON UPDATE CURRENT_TIMESTAMP,
  PRIMARY KEY (`id`),
  KEY `pageId` (`pageId`),
  KEY `version` (`version`),
  CONSTRAINT `pageGmaps_ibfk_1` FOREIGN KEY (`pageId`) REFERENCES `pages` (`pageId`) ON DELETE CASCADE
) ENGINE=InnoDB AUTO_INCREMENT=229 DEFAULT CHARSET=utf8;
/*!40101 SET character_set_client = @saved_cs_client */;

--
-- Dumping data for table `pageGmaps`
--

LOCK TABLES `pageGmaps` WRITE;
/*!40000 ALTER TABLE `pageGmaps` DISABLE KEYS */;
INSERT INTO `pageGmaps` VALUES (1,'4b4d8dc9a138f',1,1,'47.503042','9.747067',3,NULL,'2010-01-13 09:09:30'),(29,'4b4da430b62f8',1,1,'47.503042','9.747067',3,NULL,'2010-01-18 13:02:21'),(103,'4b4da6aa1ac18',1,1,'47.503042','9.747067',3,NULL,'2010-03-12 13:34:16'),(105,'4b4da41b05a85',1,1,'47.503042','9.747067',3,NULL,'2010-03-12 13:34:30'),(109,'4b4da6bdeafc1',1,1,'47.503042','9.747067',3,NULL,'2010-03-12 13:34:54'),(110,'4b4da6c8b5347',1,1,'47.503042','9.747067',3,NULL,'2010-03-12 13:35:00'),(111,'4b4da6d5688cb',1,1,'47.503042','9.747067',3,NULL,'2010-03-12 13:35:03'),(112,'4b4dc2ac5fba0',1,1,'47.503042','9.747067',3,NULL,'2010-03-12 13:35:07'),(135,'4ba352d5002d5',1,19,'47.503042','9.747067',3,NULL,'2010-03-19 10:32:53'),(136,'4ba35311cc61e',1,23,'47.503042','9.747067',3,NULL,'2010-03-19 10:33:53'),(143,'4ba37f7f1ea73',1,1,'47.503042','9.747067',3,NULL,'2010-03-19 14:51:56'),(144,'4ba357279ea63',1,1,'47.503042','9.747067',3,NULL,'2010-03-19 14:51:59'),(152,'4ba399aa78e01',1,1,'47.503042','9.747067',3,NULL,'2010-03-22 11:25:32'),(160,'4b4da40da918b',1,1,'47.503042','9.747067',2,NULL,'2010-03-23 13:47:18'),(162,'4ba0d86d90d56',1,1,'47.503042','9.747067',3,NULL,'2010-03-23 13:47:48'),(163,'4ba754463894a',1,1,'47.503042','9.747067',3,NULL,'2010-03-23 13:50:03'),(164,'4ba75453b1f9d',1,1,'47.503042','9.747067',3,NULL,'2010-03-23 13:50:18'),(166,'4ba8c810edfd4',1,1,'47.503042','9.747067',3,NULL,'2010-03-23 13:57:20'),(168,'4b4dc303af218',1,1,'47.503042','9.747067',3,NULL,'2010-03-23 14:57:36'),(169,'4b4dc31a83c14',1,1,'47.503042','9.747067',3,NULL,'2010-03-23 14:58:00'),(170,'4b4dc70098b2a',1,1,'47.503042','9.747067',3,NULL,'2010-03-23 14:58:26'),(172,'4ba8e35fa9c52',1,1,'47.503042','9.747067',2,NULL,'2010-03-23 15:50:59'),(182,'4b55857146c18',1,2,'47.503042','9.747067',3,NULL,'2010-04-02 12:44:22'),(191,'4b4da15087430',1,2,'47.503042','9.747067',3,NULL,'2010-04-02 13:07:22'),(192,'4ba75422b9839',1,2,'47.503042','9.747067',3,NULL,'2010-04-02 13:13:13'),(193,'4b4da2f3f290d',1,2,'47.503042','9.747067',3,NULL,'2010-04-02 13:25:32'),(195,'4b4da3ee0b54d',1,2,'47.503042','9.747067',3,NULL,'2010-04-07 09:11:26'),(196,'4bab6a5b3237e',1,2,'47.503042','9.747067',3,NULL,'2010-04-07 09:11:57'),(197,'4bbd7bd801751',1,1,'47.503042','9.747067',2,NULL,'2010-04-08 06:46:48'),(202,'4bbdd48de4805',1,1,'47.503042','9.747067',2,NULL,'2010-04-08 13:05:18'),(204,'4bc3420684f17',1,1,'47.503042','9.747067',2,NULL,'2010-04-12 15:53:42'),(205,'4bc34290a3565',1,1,'47.503042','9.747067',2,NULL,'2010-04-12 15:56:00'),(207,'4b4da3e1c4291',1,1,'47.503042','9.747067',3,NULL,'2010-04-13 08:49:20'),(210,'4b558b4271b8e',1,1,'47.503042','9.747067',3,NULL,'2010-04-13 12:10:58'),(212,'4b558b613f159',1,1,'47.503042','9.747067',3,NULL,'2010-04-13 13:27:39'),(223,'4bc71c6a31ff3',1,1,'47.503042','9.747067',3,NULL,'2010-04-16 09:51:05'),(226,'4bc8499764a47',1,1,'47.503042','9.747067',3,NULL,'2010-04-16 12:06:55'),(228,'4bc861a487b47',1,1,'47.48820900629741','9.748220443725586',3,NULL,'2010-04-16 13:48:52');
/*!40000 ALTER TABLE `pageGmaps` ENABLE KEYS */;
UNLOCK TABLES;

--
-- Table structure for table `pageIframes`
--

DROP TABLE IF EXISTS `pageIframes`;
/*!40101 SET @saved_cs_client     = @@character_set_client */;
/*!40101 SET character_set_client = utf8 */;
CREATE TABLE `pageIframes` (
  `id` bigint(20) unsigned NOT NULL AUTO_INCREMENT,
  `pageId` varchar(32) NOT NULL,
  `version` int(10) unsigned NOT NULL,
  `idLanguages` int(10) unsigned NOT NULL DEFAULT '1',
  `iframe` varchar(255) NOT NULL,
  `idUsers` bigint(20) unsigned NOT NULL,
  `creator` bigint(20) unsigned NOT NULL,
  `created` timestamp NULL DEFAULT NULL,
  `changed` timestamp NOT NULL DEFAULT CURRENT_TIMESTAMP ON UPDATE CURRENT_TIMESTAMP,
  PRIMARY KEY (`id`),
  KEY `pageId` (`pageId`),
  CONSTRAINT `pageIframes_ibfk_1` FOREIGN KEY (`pageId`) REFERENCES `pages` (`pageId`) ON DELETE CASCADE
) ENGINE=InnoDB AUTO_INCREMENT=5 DEFAULT CHARSET=utf8;
/*!40101 SET character_set_client = @saved_cs_client */;

--
-- Dumping data for table `pageIframes`
--

LOCK TABLES `pageIframes` WRITE;
/*!40000 ALTER TABLE `pageIframes` DISABLE KEYS */;
INSERT INTO `pageIframes` VALUES (3,'4ba8c810edfd4',1,1,'https://recruitingapp-2652.umantis.com/Vacancies?lang=ger',2,2,'2010-03-23 14:46:18','2010-03-25 13:35:57'),(4,'4ba8e35fa9c52',1,1,'http://ivoclar.area51.at/enews/extern.aspx?lang=DE&url=/de/karriere/enews&urlBase=dev.zoolu.area51.at',2,2,'2010-03-23 15:51:31','2010-03-26 15:27:14');
/*!40000 ALTER TABLE `pageIframes` ENABLE KEYS */;
UNLOCK TABLES;

--
-- Table structure for table `pageInternalLinks`
--

DROP TABLE IF EXISTS `pageInternalLinks`;
/*!40101 SET @saved_cs_client     = @@character_set_client */;
/*!40101 SET character_set_client = utf8 */;
CREATE TABLE `pageInternalLinks` (
  `id` bigint(20) unsigned NOT NULL AUTO_INCREMENT,
  `pageId` varchar(32) NOT NULL,
  `version` int(10) unsigned NOT NULL,
  `idLanguages` int(10) unsigned NOT NULL DEFAULT '1',
  `sortPosition` int(10) NOT NULL,
  `linkedPageId` varchar(32) NOT NULL,
  `idUsers` bigint(20) unsigned NOT NULL,
  `creator` bigint(20) unsigned NOT NULL,
  `created` timestamp NULL DEFAULT NULL,
  `changed` timestamp NOT NULL DEFAULT CURRENT_TIMESTAMP ON UPDATE CURRENT_TIMESTAMP,
  PRIMARY KEY (`id`),
  KEY `pageId` (`pageId`),
  KEY `version` (`version`),
  KEY `linkedPageId` (`linkedPageId`),
  CONSTRAINT `pageInternalLinks_ibfk_1` FOREIGN KEY (`pageId`) REFERENCES `pages` (`pageId`) ON DELETE CASCADE,
  CONSTRAINT `pageInternalLinks_ibfk_2` FOREIGN KEY (`linkedPageId`) REFERENCES `pages` (`pageId`) ON DELETE CASCADE
) ENGINE=InnoDB AUTO_INCREMENT=141 DEFAULT CHARSET=utf8;
/*!40101 SET character_set_client = @saved_cs_client */;

--
-- Dumping data for table `pageInternalLinks`
--

LOCK TABLES `pageInternalLinks` WRITE;
/*!40000 ALTER TABLE `pageInternalLinks` DISABLE KEYS */;
INSERT INTO `pageInternalLinks` VALUES (126,'4bbd7bd801751',1,1,1,'4ba8c810edfd4',2,2,'2010-04-08 12:10:57','2010-04-08 12:10:57'),(131,'4b4da3e1c4291',1,1,1,'4b4da15087430',3,3,'2010-04-13 08:49:20','2010-04-13 08:49:20'),(132,'4b4da3e1c4291',1,1,2,'4b4da2f3f290d',3,3,'2010-04-13 08:49:20','2010-04-13 08:49:20'),(139,'4b55857146c18',1,1,1,'4ba8c810edfd4',2,2,'2010-04-19 07:44:13','2010-04-19 07:44:13'),(140,'4b55857146c18',1,1,2,'4ba8e35fa9c52',2,2,'2010-04-19 07:44:13','2010-04-19 07:44:13');
/*!40000 ALTER TABLE `pageInternalLinks` ENABLE KEYS */;
UNLOCK TABLES;

--
-- Table structure for table `pageLabels`
--

DROP TABLE IF EXISTS `pageLabels`;
/*!40101 SET @saved_cs_client     = @@character_set_client */;
/*!40101 SET character_set_client = utf8 */;
CREATE TABLE `pageLabels` (
  `id` bigint(20) unsigned NOT NULL AUTO_INCREMENT,
  `pageId` varchar(32) NOT NULL,
  `version` int(10) unsigned NOT NULL,
  `idLanguages` int(10) unsigned NOT NULL DEFAULT '1',
  `label` bigint(20) unsigned NOT NULL,
  `idUsers` bigint(20) unsigned NOT NULL,
  `creator` bigint(20) unsigned NOT NULL,
  `created` timestamp NULL DEFAULT NULL,
  `changed` timestamp NOT NULL DEFAULT CURRENT_TIMESTAMP ON UPDATE CURRENT_TIMESTAMP,
  PRIMARY KEY (`id`),
  KEY `pageId` (`pageId`),
  KEY `version` (`version`),
  KEY `pageId_2` (`pageId`,`version`),
  CONSTRAINT `pageLabels_ibfk_1` FOREIGN KEY (`pageId`) REFERENCES `pages` (`pageId`) ON DELETE CASCADE
) ENGINE=InnoDB AUTO_INCREMENT=16 DEFAULT CHARSET=utf8;
/*!40101 SET character_set_client = @saved_cs_client */;

--
-- Dumping data for table `pageLabels`
--

LOCK TABLES `pageLabels` WRITE;
/*!40000 ALTER TABLE `pageLabels` DISABLE KEYS */;
INSERT INTO `pageLabels` VALUES (3,'4ba399aa78e01',1,1,267,3,3,'2010-03-22 11:25:32','2010-03-22 11:25:32'),(12,'4bc71c6a31ff3',1,1,267,3,3,'2010-04-16 09:51:05','2010-04-16 09:51:05'),(15,'4bc8499764a47',1,1,267,3,3,'2010-04-16 12:06:55','2010-04-16 12:06:55');
/*!40000 ALTER TABLE `pageLabels` ENABLE KEYS */;
UNLOCK TABLES;

--
-- Table structure for table `pageLinks`
--

DROP TABLE IF EXISTS `pageLinks`;
/*!40101 SET @saved_cs_client     = @@character_set_client */;
/*!40101 SET character_set_client = utf8 */;
CREATE TABLE `pageLinks` (
  `id` bigint(20) unsigned NOT NULL AUTO_INCREMENT,
  `idPages` bigint(20) unsigned NOT NULL,
  `pageId` varchar(32) NOT NULL COMMENT 'linked page',
  PRIMARY KEY (`id`),
  KEY `idPages` (`idPages`),
  KEY `pageId` (`pageId`),
  CONSTRAINT `pageLinks_ibfk_1` FOREIGN KEY (`pageId`) REFERENCES `pages` (`pageId`) ON DELETE CASCADE,
  CONSTRAINT `pageLinks_ibfk_2` FOREIGN KEY (`idPages`) REFERENCES `pages` (`id`) ON DELETE CASCADE
) ENGINE=InnoDB AUTO_INCREMENT=2 DEFAULT CHARSET=utf8;
/*!40101 SET character_set_client = @saved_cs_client */;

--
-- Dumping data for table `pageLinks`
--

LOCK TABLES `pageLinks` WRITE;
/*!40000 ALTER TABLE `pageLinks` DISABLE KEYS */;
INSERT INTO `pageLinks` VALUES (1,53,'4ba20460732d4');
/*!40000 ALTER TABLE `pageLinks` ENABLE KEYS */;
UNLOCK TABLES;

--
-- Table structure for table `pagePermissions`
--

DROP TABLE IF EXISTS `pagePermissions`;
/*!40101 SET @saved_cs_client     = @@character_set_client */;
/*!40101 SET character_set_client = utf8 */;
CREATE TABLE `pagePermissions` (
  `id` bigint(20) unsigned NOT NULL AUTO_INCREMENT,
  `idPages` bigint(20) unsigned NOT NULL,
  `idPermissions` bigint(20) unsigned NOT NULL,
  `idGroups` bigint(20) unsigned NOT NULL,
  PRIMARY KEY (`id`)
) ENGINE=InnoDB DEFAULT CHARSET=utf8;
/*!40101 SET character_set_client = @saved_cs_client */;

--
-- Dumping data for table `pagePermissions`
--

LOCK TABLES `pagePermissions` WRITE;
/*!40000 ALTER TABLE `pagePermissions` DISABLE KEYS */;
/*!40000 ALTER TABLE `pagePermissions` ENABLE KEYS */;
UNLOCK TABLES;

--
-- Table structure for table `pageProperties`
--

DROP TABLE IF EXISTS `pageProperties`;
/*!40101 SET @saved_cs_client     = @@character_set_client */;
/*!40101 SET character_set_client = utf8 */;
CREATE TABLE `pageProperties` (
  `id` bigint(20) unsigned NOT NULL AUTO_INCREMENT,
  `pageId` varchar(32) NOT NULL,
  `version` int(10) unsigned NOT NULL,
  `idLanguages` int(10) unsigned NOT NULL,
  `idGenericForms` bigint(20) unsigned NOT NULL,
  `idTemplates` bigint(20) unsigned NOT NULL,
  `idPageTypes` bigint(20) unsigned NOT NULL,
  `showInNavigation` smallint(5) unsigned NOT NULL DEFAULT '0',
  `idDestination` bigint(20) unsigned DEFAULT '0',
  `idUsers` bigint(20) unsigned NOT NULL,
  `creator` bigint(20) unsigned NOT NULL,
  `publisher` bigint(20) unsigned NOT NULL,
  `created` timestamp NULL DEFAULT NULL,
  `changed` timestamp NOT NULL DEFAULT CURRENT_TIMESTAMP ON UPDATE CURRENT_TIMESTAMP,
  `published` timestamp NULL DEFAULT NULL,
  `idStatus` bigint(20) unsigned NOT NULL DEFAULT '0',
  PRIMARY KEY (`id`),
  UNIQUE KEY `pageId_2` (`pageId`,`version`,`idLanguages`),
  KEY `version` (`version`),
  KEY `idLanguages` (`idLanguages`),
  KEY `publisher` (`publisher`),
  KEY `creator` (`creator`),
  KEY `idUsers` (`idUsers`),
  KEY `pageId` (`pageId`),
  CONSTRAINT `pageProperties_ibfk_1` FOREIGN KEY (`pageId`) REFERENCES `pages` (`pageId`) ON DELETE CASCADE
) ENGINE=InnoDB AUTO_INCREMENT=151 DEFAULT CHARSET=utf8;
/*!40101 SET character_set_client = @saved_cs_client */;

--
-- Dumping data for table `pageProperties`
--

LOCK TABLES `pageProperties` WRITE;
/*!40000 ALTER TABLE `pageProperties` DISABLE KEYS */;
INSERT INTO `pageProperties` VALUES (1,'4b4d8dc9a138f',1,1,8,3,1,1,0,3,3,3,'2010-01-13 09:20:43','2010-04-14 14:25:27','2010-01-13 09:20:43',2),(2,'4b4da15087430',1,1,8,22,1,2,0,3,3,3,'2010-01-13 10:32:48','2010-04-20 13:20:30','2010-01-13 10:33:05',2),(3,'4b4da26279384',1,1,18,13,7,2,0,3,3,3,'2010-01-13 10:37:22','2010-04-01 08:30:19','2010-01-13 10:52:22',2),(4,'4b4d8dc9a138f',1,2,8,3,1,0,0,3,3,3,'2010-01-13 10:38:03','2010-04-16 13:01:24','2010-01-13 10:37:49',1),(5,'4b4d8dc9a138f',1,3,8,3,1,0,0,3,3,3,'2010-01-13 10:38:25','2010-01-18 13:02:33','2010-01-13 10:38:24',1),(6,'4b4d8dc9a138f',1,4,8,3,1,0,0,3,3,3,'2010-01-13 10:38:29','2010-01-18 13:02:36','2010-01-13 10:38:28',1),(7,'4b4d8dc9a138f',1,5,8,3,1,0,0,3,3,3,'2010-01-13 10:38:36','2010-01-18 13:02:43','2010-01-13 10:38:35',1),(8,'4b4da2f3f290d',1,1,8,22,1,2,0,3,3,3,'2010-01-13 10:39:47','2010-04-02 13:25:25','2010-01-13 10:52:31',2),(9,'4b4da3e1c4291',1,1,2,2,1,1,0,3,3,3,'2010-01-13 10:43:45','2010-04-13 08:49:20','2010-01-13 10:56:43',2),(10,'4b4da3ee0b54d',1,1,2,2,1,1,0,3,3,3,'2010-01-13 10:43:58','2010-03-25 13:55:39','2010-01-18 13:02:03',2),(11,'4b4da40da918b',1,1,2,2,1,1,0,2,3,3,'2010-01-13 10:44:29','2010-03-23 13:47:18','2010-01-18 13:02:13',2),(12,'4b4da41b05a85',1,1,2,2,1,1,0,3,3,3,'2010-01-13 10:44:43','2010-03-12 13:34:30','2010-01-14 18:13:46',2),(13,'4b4da430b62f8',1,1,2,2,1,1,0,3,3,3,'2010-01-13 10:45:04','2010-01-18 13:02:21','2010-01-18 13:02:20',2),(14,'4b4da6aa1ac18',1,1,2,2,1,1,0,3,3,3,'2010-01-13 10:55:38','2010-03-12 13:34:16','2010-01-18 12:57:22',2),(15,'4b4da6bdeafc1',1,1,2,2,1,1,0,3,3,3,'2010-01-13 10:55:57','2010-03-12 13:34:53','2010-01-18 12:57:56',2),(16,'4b4da6c8b5347',1,1,2,2,1,1,0,3,3,3,'2010-01-13 10:56:08','2010-03-12 13:35:00','2010-01-18 12:58:00',2),(17,'4b4da6d5688cb',1,1,2,2,1,1,0,3,3,3,'2010-01-13 10:56:21','2010-03-12 13:35:03','2010-01-18 12:58:05',2),(18,'4b4dc2ac5fba0',1,1,2,1,1,1,0,3,3,3,'2010-01-13 12:55:08','2010-04-20 12:50:00','2010-01-13 12:55:02',2),(19,'4b4dc2ccb3e8d',1,1,7,4,3,1,0,21,3,3,'2010-01-13 12:55:40','2010-03-25 16:58:50','2010-01-13 13:13:48',2),(20,'4b4dc303af218',1,1,2,1,1,0,0,3,3,3,'2010-01-13 12:56:35','2010-03-23 14:57:36','2010-01-13 12:55:56',2),(21,'4b4dc31a83c14',1,1,2,1,1,0,0,3,3,3,'2010-01-13 12:56:58','2010-03-23 14:58:00','2010-01-13 12:56:39',2),(22,'4b4dc70098b2a',1,1,2,1,1,0,0,3,3,3,'2010-01-13 13:13:36','2010-03-23 14:58:26','2010-01-13 13:13:32',2),(25,'4b55857146c18',1,1,28,25,1,1,0,2,3,3,'2010-01-19 10:12:01','2010-04-19 07:44:13','2010-03-12 13:34:34',2),(26,'4b558b4271b8e',1,1,2,1,1,4,0,3,3,3,'2010-01-19 10:36:50','2010-04-13 12:10:58','2010-01-19 10:33:59',2),(27,'4b558b613f159',1,1,2,1,1,4,0,3,3,3,'2010-01-19 10:37:21','2010-04-13 13:27:39','2010-01-19 10:37:01',2),(28,'4b4da40da918b',1,2,2,2,1,1,0,3,3,3,'2010-02-01 13:58:50','2010-02-03 14:44:40','2010-02-01 13:58:47',2),(29,'4b4da3ee0b54d',1,2,2,2,1,1,0,3,3,3,'2010-02-01 13:58:58','2010-04-07 09:11:26','2010-02-01 13:58:57',2),(30,'4b4da3e1c4291',1,2,2,2,1,1,0,3,3,3,'2010-02-01 13:59:05','2010-03-16 17:48:20','2010-02-01 13:59:04',2),(31,'4b4da2f3f290d',1,2,8,22,1,2,0,3,3,3,'2010-02-01 13:59:12','2010-04-02 13:25:38','2010-02-01 13:59:11',2),(32,'4b4da26279384',1,2,18,13,7,2,0,3,3,3,'2010-02-01 13:59:24','2010-02-03 14:43:52','2010-02-01 13:59:20',2),(33,'4b4da15087430',1,2,2,2,1,2,0,3,3,3,'2010-02-01 13:59:32','2010-04-02 13:29:16','2010-02-01 13:59:31',2),(34,'4b558b613f159',1,2,2,1,1,4,0,3,3,3,'2010-02-01 13:59:59','2010-02-03 13:58:55','2010-02-01 13:59:43',2),(35,'4b558b4271b8e',1,2,2,1,1,4,0,3,3,3,'2010-02-01 14:00:28','2010-02-02 15:38:51','2010-02-01 14:00:20',2),(36,'4b4da41b05a85',1,2,2,2,1,1,0,3,3,3,'2010-02-01 14:01:13','2010-02-03 14:44:48','2010-02-01 14:01:12',2),(37,'4b55857146c18',1,2,28,25,1,1,0,3,3,3,'2010-02-01 14:01:21','2010-04-22 09:09:01','2010-02-01 14:01:20',2),(38,'4b6987a31e8e0',1,1,2,2,1,0,0,3,3,3,'2010-02-03 14:26:43','2010-02-03 14:26:43',NULL,1),(40,'4b4da15087430',1,3,18,13,1,0,0,3,3,3,'2010-03-04 14:27:06','2010-03-04 14:27:06','2010-03-04 14:27:02',1),(41,'4b9e5bb9d258e',1,1,2,2,1,1,0,3,3,3,'2010-03-15 16:09:29','2010-03-15 16:09:29',NULL,2),(42,'4ba0d68f4bd92',1,1,18,13,7,1,0,3,3,3,'2010-03-17 13:18:07','2010-04-01 09:41:18','2010-03-17 13:18:44',2),(43,'4ba0d86d90d56',1,1,2,2,1,1,0,3,3,3,'2010-03-17 13:26:05','2010-03-23 13:47:48','2010-03-23 13:47:24',2),(44,'4ba0d8771c181',1,1,23,19,8,1,0,3,3,3,'2010-03-17 13:26:15','2010-04-20 13:20:17','2010-03-18 14:08:09',2),(45,'4b4da3ee0b54d',1,3,23,19,8,0,0,3,3,3,'2010-03-17 17:12:04','2010-03-17 17:12:24','2010-03-17 17:12:02',1),(46,'4ba20460732d4',1,1,7,4,3,0,0,3,3,3,'2010-03-18 10:45:52','2010-03-22 11:29:04','2010-03-22 10:53:28',2),(49,'4ba0d68f4bd92',1,2,18,13,7,1,0,3,3,0,NULL,'2010-04-02 13:15:22','2010-03-19 09:07:17',2),(50,'4ba0d86d90d56',1,2,13,2,4,1,0,3,3,0,NULL,'2010-03-19 09:15:40','2010-03-19 09:08:35',2),(51,'4ba0d8771c181',1,2,23,19,8,1,0,3,3,0,NULL,'2010-04-02 13:04:03','2010-03-19 09:13:02',2),(61,'4ba352d5002d5',1,19,2,1,1,0,0,3,3,3,'2010-03-19 10:32:53','2010-03-19 10:32:53','2010-03-19 10:32:50',1),(62,'4ba352d5002d5',1,1,2,1,1,0,0,3,3,3,'2010-03-19 10:32:53','2010-03-19 10:32:53',NULL,1),(63,'4ba352d5002d5',1,2,2,1,1,0,0,3,3,3,'2010-03-19 10:32:53','2010-03-19 10:32:53',NULL,1),(64,'4ba35311cc61e',1,23,2,1,1,0,0,3,3,3,'2010-03-19 10:33:53','2010-03-19 10:33:53','2010-03-19 10:33:48',1),(65,'4ba35311cc61e',1,1,2,1,1,0,0,3,3,3,'2010-03-19 10:33:53','2010-03-19 10:33:53',NULL,1),(66,'4ba35311cc61e',1,2,2,1,1,0,0,3,3,3,'2010-03-19 10:33:53','2010-03-19 10:33:53',NULL,1),(75,'4ba3571b8db84',1,1,2,2,1,0,0,3,3,3,'2010-03-19 10:51:07','2010-03-19 10:51:07',NULL,1),(76,'4ba3571b8db84',1,2,2,2,1,0,0,3,3,3,'2010-03-19 10:51:07','2010-03-19 10:51:07',NULL,1),(77,'4ba357279ea63',1,3,2,2,1,1,0,3,3,3,'2010-03-19 10:51:19','2010-03-19 13:22:47','2010-03-19 10:52:09',2),(78,'4ba357279ea63',1,1,2,2,1,0,0,3,3,3,'2010-03-19 10:51:19','2010-03-19 14:55:37','2010-03-19 14:51:58',2),(79,'4ba357279ea63',1,2,2,2,1,1,0,3,3,3,'2010-03-19 10:51:19','2010-03-19 13:22:41',NULL,2),(84,'4ba37f7f1ea73',1,2,2,2,1,1,0,3,3,3,'2010-03-19 13:43:27','2010-03-19 13:43:27',NULL,2),(85,'4ba37f7f1ea73',1,1,2,2,1,0,0,3,3,3,'2010-03-19 13:43:27','2010-03-19 14:55:34','2010-03-19 14:51:54',2),(86,'4ba399aa78e01',1,1,2,1,1,0,0,3,3,3,'2010-03-19 15:35:06','2010-03-22 11:25:32','2010-03-19 15:34:34',2),(87,'4ba399aa78e01',1,2,2,1,1,0,0,3,3,3,'2010-03-19 15:35:06','2010-03-19 15:35:06',NULL,1),(88,'4ba75422b9839',1,1,18,13,7,1,0,3,3,3,'2010-03-22 11:27:30','2010-04-02 13:25:16','2010-03-22 11:27:43',2),(89,'4ba75422b9839',1,2,18,13,7,1,0,3,3,3,'2010-03-22 11:27:30','2010-04-02 13:25:22','2010-04-02 13:13:12',2),(90,'4ba754463894a',1,1,2,2,1,1,0,3,3,3,'2010-03-22 11:28:06','2010-03-23 13:50:03','2010-03-23 13:49:54',2),(91,'4ba754463894a',1,2,2,2,1,1,0,3,3,3,'2010-03-22 11:28:06','2010-03-22 11:28:06',NULL,1),(92,'4ba75453b1f9d',1,1,2,2,1,1,0,3,3,3,'2010-03-22 11:28:19','2010-03-23 13:50:18','2010-03-23 13:50:05',2),(93,'4ba75453b1f9d',1,2,2,2,1,1,0,3,3,3,'2010-03-22 11:28:19','2010-03-22 11:28:19',NULL,1),(94,'4ba754665fb91',1,1,2,2,1,0,0,3,3,3,'2010-03-22 11:28:38','2010-03-22 11:28:38',NULL,2),(95,'4ba754665fb91',1,2,2,2,1,0,0,3,3,3,'2010-03-22 11:28:38','2010-03-22 11:28:38',NULL,1),(96,'4ba754952c2e7',1,1,7,4,3,0,0,3,3,3,'2010-03-22 11:29:25','2010-03-22 11:29:45','2010-03-22 11:29:30',2),(97,'4ba754952c2e7',1,2,2,2,1,0,0,3,3,3,'2010-03-22 11:29:25','2010-03-22 11:29:25',NULL,1),(98,'4ba8c810edfd4',1,1,26,23,9,1,0,2,2,2,'2010-03-23 13:54:24','2010-03-25 13:35:57','2010-03-23 13:54:12',2),(99,'4ba8c810edfd4',1,2,26,23,9,1,0,3,2,2,'2010-03-23 13:54:24','2010-03-23 13:59:21','2010-03-23 13:59:20',1),(100,'4ba8e35fa9c52',1,1,26,23,9,1,0,2,2,2,'2010-03-23 15:50:55','2010-03-26 15:27:14','2010-03-23 15:49:28',2),(101,'4ba8e35fa9c52',1,2,2,1,1,0,0,2,2,2,'2010-03-23 15:50:55','2010-03-23 15:50:55',NULL,1),(102,'4bab6a5b3237e',1,1,23,19,8,1,0,3,3,3,'2010-03-25 13:51:23','2010-03-25 13:55:44','2010-03-25 13:51:41',2),(103,'4bab6a5b3237e',1,2,23,19,8,1,0,3,3,3,'2010-03-25 13:51:23','2010-04-07 09:12:14','2010-04-07 09:11:54',2),(106,'4ba0d68f4bd92',1,3,18,13,7,0,0,3,3,3,'2010-04-02 12:42:34','2010-04-02 12:42:56','2010-04-02 12:42:32',1),(107,'4ba0d8771c181',1,3,23,19,8,0,0,3,3,0,NULL,'2010-04-02 13:03:35','2010-04-02 12:49:27',1),(119,'4bbd7bd801751',1,1,28,27,1,1,0,2,2,2,'2010-04-08 06:46:48','2010-04-08 12:10:57','2010-04-08 06:46:39',2),(120,'4bbd7bd801751',1,2,2,1,1,1,0,2,2,2,'2010-04-08 06:46:48','2010-04-08 06:46:48',NULL,1),(121,'4bbdd48de4805',1,1,29,28,1,1,0,2,2,2,'2010-04-08 13:05:17','2010-04-12 13:52:22','2010-04-08 13:05:07',2),(122,'4bbdd48de4805',1,2,2,1,1,1,0,2,2,2,'2010-04-08 13:05:17','2010-04-08 13:05:17',NULL,1),(125,'4bc334f4e3bda',1,1,18,13,7,1,0,3,3,3,'2010-04-12 14:57:56','2010-04-12 14:58:18','2010-04-12 14:58:01',2),(126,'4bc334f4e3bda',1,2,2,2,1,1,0,3,3,3,'2010-04-12 14:57:56','2010-04-12 14:57:56',NULL,1),(127,'4bc3420684f17',1,1,29,28,1,1,0,2,2,2,'2010-04-12 15:53:42','2010-04-12 15:53:54','2010-04-12 15:53:35',2),(128,'4bc3420684f17',1,2,2,1,1,1,0,2,2,2,'2010-04-12 15:53:42','2010-04-12 15:53:42',NULL,1),(129,'4bc34290a3565',1,1,29,28,1,1,0,3,2,2,'2010-04-12 15:56:00','2010-04-12 17:32:24','2010-04-12 15:55:53',2),(130,'4bc34290a3565',1,2,2,1,1,1,0,2,2,2,'2010-04-12 15:56:00','2010-04-12 15:56:00',NULL,1),(133,'4bc590c4a49b6',1,1,30,29,10,1,0,3,3,3,'2010-04-14 09:54:12','2010-04-20 13:20:22','2010-04-14 09:54:17',2),(134,'4bc590c4a49b6',1,2,2,2,1,1,0,3,3,3,'2010-04-14 09:54:12','2010-04-14 09:54:12',NULL,1),(135,'4bc5b69090d3c',1,1,30,29,10,1,0,3,3,3,'2010-04-14 12:35:28','2010-04-14 12:35:41','2010-04-14 12:35:33',2),(136,'4bc5b69090d3c',1,2,2,2,1,1,0,3,3,3,'2010-04-14 12:35:28','2010-04-14 12:35:28',NULL,1),(137,'4bc71c5cbe102',1,1,7,4,3,0,0,3,3,3,'2010-04-15 14:02:04','2010-04-16 12:30:45','2010-04-16 09:51:48',2),(138,'4bc71c5cbe102',1,2,2,2,1,0,0,3,3,3,'2010-04-15 14:02:04','2010-04-15 14:02:04',NULL,1),(139,'4bc71c6a31ff3',1,1,2,1,1,0,467,3,3,3,'2010-04-15 14:02:18','2010-04-16 09:51:05','2010-04-15 14:02:08',2),(140,'4bc71c6a31ff3',1,2,2,1,1,0,0,3,3,3,'2010-04-15 14:02:18','2010-04-15 14:02:18',NULL,1),(141,'4bc8499764a47',1,1,2,1,1,0,0,3,3,3,'2010-04-16 11:27:19','2010-04-16 12:06:55','2010-04-16 11:26:32',2),(142,'4bc8499764a47',1,2,2,1,1,0,0,3,3,3,'2010-04-16 11:27:19','2010-04-16 11:27:19',NULL,1),(143,'4bc861a487b47',1,1,2,30,1,1,0,3,3,3,'2010-04-16 13:09:56','2010-04-16 13:48:52','2010-04-16 13:09:51',2),(144,'4bc861a487b47',1,2,2,1,1,0,0,3,3,3,'2010-04-16 13:09:56','2010-04-16 13:09:56',NULL,1),(145,'4bcdbc62ba157',1,1,12,32,11,1,NULL,3,3,3,'2010-04-20 14:38:26','2010-04-20 14:38:26',NULL,1),(146,'4bcdbc62ba157',1,2,12,32,11,1,0,3,3,3,'2010-04-20 14:38:26','2010-04-20 14:38:26',NULL,1),(147,'4bcdc0295f49f',1,1,12,32,11,0,NULL,3,3,3,'2010-04-20 14:54:33','2010-04-20 14:54:33',NULL,2),(148,'4bcdc0295f49f',1,2,12,32,11,0,0,3,3,3,'2010-04-20 14:54:33','2010-04-20 14:54:33',NULL,1),(149,'4bcec4a2c1b70',1,1,31,33,11,1,0,3,3,3,'2010-04-21 09:25:54','2010-04-21 10:05:34','2010-04-21 09:49:10',2),(150,'4bcec4a2c1b70',1,2,2,2,1,1,0,3,3,3,'2010-04-21 09:25:54','2010-04-21 09:25:54',NULL,1);
/*!40000 ALTER TABLE `pageProperties` ENABLE KEYS */;
UNLOCK TABLES;

--
-- Table structure for table `pageRegistrations`
--

DROP TABLE IF EXISTS `pageRegistrations`;
/*!40101 SET @saved_cs_client     = @@character_set_client */;
/*!40101 SET character_set_client = utf8 */;
CREATE TABLE `pageRegistrations` (
  `id` bigint(20) unsigned NOT NULL AUTO_INCREMENT,
  `idRootLevels` bigint(20) unsigned NOT NULL,
  `idPage` bigint(20) unsigned NOT NULL,
  `salutation` varchar(255) DEFAULT NULL,
  `title` varchar(255) DEFAULT NULL,
  `fname` varchar(255) DEFAULT NULL,
  `sname` varchar(255) DEFAULT NULL,
  `company` varchar(255) DEFAULT NULL,
  `email` varchar(255) DEFAULT NULL,
  `phone` varchar(255) DEFAULT NULL,
  `fax` varchar(255) DEFAULT NULL,
  `function` varchar(255) DEFAULT NULL,
  `type` varchar(255) DEFAULT NULL,
  `street` varchar(255) DEFAULT NULL,
  `zip` varchar(255) DEFAULT NULL,
  `city` varchar(255) DEFAULT NULL,
  `state` varchar(255) DEFAULT NULL,
  `country` bigint(20) unsigned DEFAULT NULL COMMENT 'id of category',
  `attachment` varchar(255) DEFAULT NULL,
  `message` text,
  `checkLegalnotes` tinyint(1) NOT NULL DEFAULT '0',
  `created` timestamp NOT NULL DEFAULT CURRENT_TIMESTAMP ON UPDATE CURRENT_TIMESTAMP,
  PRIMARY KEY (`id`)
) ENGINE=InnoDB AUTO_INCREMENT=10 DEFAULT CHARSET=utf8;
/*!40101 SET character_set_client = @saved_cs_client */;

--
-- Dumping data for table `pageRegistrations`
--

LOCK TABLES `pageRegistrations` WRITE;
/*!40000 ALTER TABLE `pageRegistrations` DISABLE KEYS */;
INSERT INTO `pageRegistrations` VALUES (1,1,21,NULL,NULL,'Cornelius','Hansjakob',NULL,'c00n@gmx.at',NULL,NULL,NULL,NULL,NULL,NULL,NULL,NULL,NULL,NULL,NULL,0,'2010-04-07 14:44:35'),(2,1,21,NULL,NULL,'Conny','HansiTest',NULL,'c00n@gmx.at',NULL,NULL,NULL,NULL,NULL,NULL,NULL,NULL,NULL,'rockpc_pc1_4bbc9b0e665e7.pdf',NULL,0,'2010-04-07 14:47:44'),(3,1,64,'Herr',NULL,'Conny','Hansi',NULL,'c00n@gmx.at','05574 / 90609-0',NULL,NULL,'Privatperson',NULL,NULL,NULL,NULL,328,NULL,'Das ist ein TEST',0,'2010-04-08 09:06:55'),(4,1,64,'Herr',NULL,'Conny','Hansi',NULL,'c00n@gmx.at','05574 / 90609-0',NULL,NULL,'Student',NULL,NULL,NULL,NULL,328,NULL,'TEST',1,'2010-04-08 12:01:32'),(5,1,21,NULL,NULL,'Conny','Hansi',NULL,'c00n@gmx.at',NULL,NULL,NULL,NULL,NULL,NULL,NULL,NULL,NULL,NULL,NULL,0,'2010-04-09 06:35:12'),(6,1,84,NULL,NULL,'Thomas','Schedler',NULL,'thomas.schedler@gmail.com',NULL,NULL,NULL,NULL,NULL,NULL,NULL,NULL,NULL,NULL,NULL,0,'2010-04-15 08:09:27'),(7,1,132,NULL,NULL,'Thomas','Schedler',NULL,'thomas.schedler@gmail.com',NULL,NULL,NULL,NULL,NULL,NULL,NULL,NULL,NULL,NULL,NULL,0,'2010-04-15 12:42:35'),(8,1,132,NULL,NULL,'Thomas','Schedler',NULL,'thomas.schedler@gmail.com',NULL,NULL,NULL,NULL,NULL,NULL,NULL,NULL,NULL,NULL,NULL,0,'2010-04-15 12:45:40'),(9,1,132,NULL,NULL,'Thomas','Schedler','Massive Art GmbH','thomas.schedler@massiveart.com','004369916609012','004369916609012',NULL,NULL,NULL,NULL,NULL,NULL,NULL,NULL,NULL,0,'2010-04-16 08:15:34');
/*!40000 ALTER TABLE `pageRegistrations` ENABLE KEYS */;
UNLOCK TABLES;

--
-- Table structure for table `pageTitles`
--

DROP TABLE IF EXISTS `pageTitles`;
/*!40101 SET @saved_cs_client     = @@character_set_client */;
/*!40101 SET character_set_client = utf8 */;
CREATE TABLE `pageTitles` (
  `id` bigint(20) unsigned NOT NULL AUTO_INCREMENT,
  `pageId` varchar(32) NOT NULL,
  `version` int(10) unsigned NOT NULL,
  `idLanguages` int(10) unsigned NOT NULL DEFAULT '1',
  `title` varchar(255) NOT NULL,
  `idUsers` bigint(20) unsigned NOT NULL,
  `creator` bigint(20) unsigned NOT NULL,
  `created` timestamp NULL DEFAULT NULL,
  `changed` timestamp NOT NULL DEFAULT CURRENT_TIMESTAMP ON UPDATE CURRENT_TIMESTAMP,
  PRIMARY KEY (`id`),
  KEY `pageId` (`pageId`),
  CONSTRAINT `pageTitles_ibfk_1` FOREIGN KEY (`pageId`) REFERENCES `pages` (`pageId`) ON DELETE CASCADE
) ENGINE=InnoDB AUTO_INCREMENT=174 DEFAULT CHARSET=utf8;
/*!40101 SET character_set_client = @saved_cs_client */;

--
-- Dumping data for table `pageTitles`
--

LOCK TABLES `pageTitles` WRITE;
/*!40000 ALTER TABLE `pageTitles` DISABLE KEYS */;
INSERT INTO `pageTitles` VALUES (1,'4b4d8dc9a138f',1,1,'Home',3,3,'2010-01-13 11:17:48','2010-04-14 14:25:27'),(2,'4b4da15087430',1,1,'Dental Professional',3,3,'2010-01-13 10:32:48','2010-04-20 13:20:30'),(3,'4b4da26279384',1,1,'Laboratory Professional',3,3,'2010-01-13 10:37:22','2010-04-01 08:30:19'),(4,'4b4da2f3f290d',1,1,'Alle Produkte',3,3,'2010-01-13 10:39:48','2010-04-02 13:25:25'),(5,'4b4da3e1c4291',1,1,'Unternehmen',3,3,'2010-01-13 10:43:45','2010-04-13 08:49:20'),(6,'4b4da3ee0b54d',1,1,'Medien',3,3,'2010-01-13 10:43:58','2010-03-25 13:55:39'),(7,'4b4da40da918b',1,1,'Karriere',2,3,'2010-01-13 10:44:29','2010-03-23 13:47:18'),(8,'4b4da41b05a85',1,1,'Support',3,3,'2010-01-13 10:44:43','2010-03-12 13:34:30'),(9,'4b4da430b62f8',1,1,'Kontakt',3,3,'2010-01-13 10:45:04','2010-01-18 13:02:21'),(10,'4b4da6aa1ac18',1,1,'Passion x Vision x Innovation',3,3,'2010-01-13 10:55:38','2010-03-12 13:34:16'),(11,'4b4da6bdeafc1',1,1,'Geschichte',3,3,'2010-01-13 10:55:57','2010-03-12 13:34:53'),(12,'4b4da6c8b5347',1,1,'Zahlen und Fakten',3,3,'2010-01-13 10:56:08','2010-03-12 13:35:00'),(13,'4b4da6d5688cb',1,1,'Management',3,3,'2010-01-13 10:56:21','2010-03-12 13:35:03'),(14,'4b4d8dc9a138f',1,2,'Home',3,3,'2010-01-13 11:18:12','2010-04-16 13:01:24'),(15,'4b4d8dc9a138f',1,3,'Home',3,3,'2010-01-13 11:18:58','2010-01-18 13:02:33'),(16,'4b4d8dc9a138f',1,4,'Home',3,3,'2010-01-13 11:19:09','2010-01-18 13:02:36'),(17,'4b4d8dc9a138f',1,5,'Home',3,3,'2010-01-13 11:19:19','2010-01-18 13:02:43'),(18,'4b4dc2ac5fba0',1,1,'Einkaufsbedingungen',3,3,'2010-01-13 12:55:08','2010-04-20 12:50:00'),(19,'4b4dc2ccb3e8d',1,1,'Jobs',21,3,'2010-01-13 12:55:40','2010-03-25 16:58:50'),(20,'4b4dc303af218',1,1,'HR Spezialist mit IT Flair (50 -60%, m/w) - 4.208',3,3,'2010-01-13 12:56:35','2010-03-23 14:57:36'),(21,'4b4dc31a83c14',1,1,'IT Software Developer (m/w, 100%) - 1.048',3,3,'2010-01-13 12:56:58','2010-03-23 14:58:00'),(22,'4b4dc70098b2a',1,1,'Marketing Assistenz CBE (100%, m/w) 4.206',3,3,'2010-01-13 13:13:36','2010-03-23 14:58:26'),(26,'4b558b4271b8e',1,1,'Impressum',3,3,'2010-01-19 10:36:50','2010-04-13 12:10:58'),(27,'4b558b613f159',1,1,'Sitemap',3,3,'2010-01-19 10:37:21','2010-04-13 13:27:39'),(28,'4b4da15087430',1,2,'Dental Professional',3,3,NULL,'2010-04-02 13:29:00'),(29,'4b4da26279384',1,2,'Laboratory Professional',3,3,NULL,'2010-02-03 14:43:52'),(30,'4b4da2f3f290d',1,2,'All Products',3,3,NULL,'2010-04-02 13:25:38'),(31,'4b4da3e1c4291',1,2,'Company',3,3,NULL,'2010-03-16 17:48:20'),(32,'4b4da3ee0b54d',1,2,'Media',3,3,NULL,'2010-04-07 09:11:26'),(33,'4b4da40da918b',1,2,'Career',3,3,NULL,'2010-02-03 14:44:40'),(34,'4b558b613f159',1,2,'Sitemap',3,3,'2010-02-01 13:59:59','2010-02-03 13:58:55'),(35,'4b558b4271b8e',1,2,'Imprint',3,3,'2010-02-01 14:00:28','2010-02-02 15:38:51'),(36,'4b55857146c18',1,2,'Contact',3,3,NULL,'2010-04-22 09:09:01'),(37,'4b4da41b05a85',1,2,'Support',3,3,NULL,'2010-02-03 14:44:48'),(38,'4b6987a31e8e0',1,1,'test',3,3,'2010-02-03 14:26:43','2010-02-03 14:26:43'),(39,'4b9e5bb9d258e',1,1,'Kurse',3,3,'2010-03-15 16:09:29','2010-03-15 16:09:29'),(40,'4ba0d68f4bd92',1,1,'Produkte',3,3,'2010-03-17 13:18:07','2010-04-01 09:41:18'),(41,'4ba0d86d90d56',1,1,'Service',3,3,'2010-03-17 13:26:05','2010-03-23 13:47:48'),(42,'4ba0d8771c181',1,1,'Presse',3,3,'2010-03-17 13:26:15','2010-04-20 13:20:17'),(43,'4b4da3ee0b54d',1,3,'Press',3,3,NULL,'2010-03-17 17:12:24'),(44,'4ba20460732d4',1,1,'Specials',3,3,'2010-03-18 10:45:52','2010-03-22 11:29:04'),(47,'4ba0d68f4bd92',1,2,'Products',3,3,NULL,'2010-04-02 13:15:22'),(48,'4ba0d86d90d56',1,2,'Service',3,3,NULL,'2010-03-19 09:15:40'),(49,'4ba0d8771c181',1,2,'Press',3,3,NULL,'2010-04-02 13:04:03'),(59,'4ba352d5002d5',1,19,'asdf',3,3,'2010-03-19 10:32:53','2010-03-19 10:32:53'),(60,'4ba352d5002d5',1,1,'asdf',3,3,'2010-03-19 10:32:53','2010-03-19 10:32:53'),(61,'4ba352d5002d5',1,2,'asdf',3,3,'2010-03-19 10:32:53','2010-03-19 10:32:53'),(62,'4ba35311cc61e',1,23,'test',3,3,'2010-03-19 10:33:53','2010-03-19 10:33:53'),(63,'4ba35311cc61e',1,1,'test',3,3,'2010-03-19 10:33:53','2010-03-19 10:33:53'),(64,'4ba35311cc61e',1,2,'test',3,3,'2010-03-19 10:33:53','2010-03-19 10:33:53'),(73,'4ba3571b8db84',1,1,'test',3,3,'2010-03-19 10:51:07','2010-03-19 10:51:07'),(74,'4ba3571b8db84',1,2,'test',3,3,'2010-03-19 10:51:07','2010-03-19 10:51:07'),(75,'4ba357279ea63',1,3,'Test',3,3,'2010-03-19 10:51:19','2010-03-19 13:22:47'),(76,'4ba357279ea63',1,1,'Test',3,3,'2010-03-19 10:51:19','2010-03-19 14:55:37'),(77,'4ba357279ea63',1,2,'Test',3,3,'2010-03-19 10:51:19','2010-03-19 13:22:41'),(82,'4ba37f7f1ea73',1,2,'Test',3,3,'2010-03-19 13:43:27','2010-03-19 13:43:27'),(83,'4ba37f7f1ea73',1,1,'Test',3,3,'2010-03-19 13:43:27','2010-03-19 14:55:34'),(84,'4ba399aa78e01',1,1,'Programat P500/G2',3,3,'2010-03-19 15:35:06','2010-03-22 11:25:32'),(85,'4ba399aa78e01',1,2,'Programat P500/G2 Color',3,3,'2010-03-19 15:35:06','2010-03-19 15:35:06'),(86,'4ba75422b9839',1,1,'Produkte',3,3,'2010-03-22 11:27:30','2010-04-02 13:25:16'),(88,'4ba754463894a',1,1,'Kurse',3,3,'2010-03-22 11:28:06','2010-03-23 13:50:03'),(89,'4ba754463894a',1,2,'Kurse',3,3,'2010-03-22 11:28:06','2010-03-22 11:28:06'),(90,'4ba75453b1f9d',1,1,'Service',3,3,'2010-03-22 11:28:19','2010-03-23 13:50:18'),(91,'4ba75453b1f9d',1,2,'Service',3,3,'2010-03-22 11:28:19','2010-03-22 11:28:19'),(92,'4ba754665fb91',1,1,'Specials',3,3,'2010-03-22 11:28:38','2010-03-22 11:28:38'),(93,'4ba754665fb91',1,2,'Specials',3,3,'2010-03-22 11:28:38','2010-03-22 11:28:38'),(94,'4ba754952c2e7',1,1,'Specials',3,3,'2010-03-22 11:29:25','2010-03-22 11:29:45'),(95,'4ba754952c2e7',1,2,'Specials',3,3,'2010-03-22 11:29:25','2010-03-22 11:29:25'),(122,'4ba8c810edfd4',1,1,'Jobs',2,2,'2010-03-23 13:54:24','2010-03-25 13:35:57'),(123,'4ba8c810edfd4',1,2,'iframe Test',3,2,'2010-03-23 13:54:25','2010-03-23 13:59:21'),(124,'4ba8e35fa9c52',1,1,'eNews',2,2,'2010-03-23 15:50:55','2010-03-26 15:27:14'),(125,'4ba8e35fa9c52',1,2,'eNews',2,2,'2010-03-23 15:50:55','2010-03-23 15:50:55'),(126,'4bab6a5b3237e',1,1,'Presse',3,3,'2010-03-25 13:51:23','2010-03-25 13:55:44'),(127,'4bab6a5b3237e',1,2,'Press',3,3,'2010-03-25 13:51:23','2010-04-07 09:12:14'),(131,'4ba0d68f4bd92',1,3,'Products',3,3,NULL,'2010-04-02 12:42:56'),(132,'4b55857146c18',1,1,'Kontakt',2,3,NULL,'2010-04-19 07:44:13'),(133,'4ba0d8771c181',1,3,'Press',3,3,NULL,'2010-04-02 13:03:35'),(141,'4ba75422b9839',1,2,'Produkte',3,3,NULL,'2010-04-02 13:25:22'),(142,'4bbd7bd801751',1,1,'Webmaster',2,2,'2010-04-08 06:46:48','2010-04-08 12:10:57'),(143,'4bbd7bd801751',1,2,'Webmaster',2,2,'2010-04-08 06:46:48','2010-04-08 06:46:48'),(144,'4bbdd48de4805',1,1,'Distributoren',2,2,'2010-04-08 13:05:17','2010-04-12 13:52:22'),(145,'4bbdd48de4805',1,2,'Distributoren',2,2,'2010-04-08 13:05:17','2010-04-08 13:05:17'),(148,'4bc334f4e3bda',1,1,'Alle Produkte',3,3,'2010-04-12 14:57:56','2010-04-12 14:58:18'),(149,'4bc334f4e3bda',1,2,'Alle Produkte',3,3,'2010-04-12 14:57:56','2010-04-12 14:57:56'),(150,'4bc3420684f17',1,1,'Sales',2,2,'2010-04-12 15:53:42','2010-04-12 15:53:54'),(151,'4bc3420684f17',1,2,'Sales',2,2,'2010-04-12 15:53:42','2010-04-12 15:53:42'),(152,'4bc34290a3565',1,1,'BPS Labors',3,2,'2010-04-12 15:56:00','2010-04-12 17:32:24'),(153,'4bc34290a3565',1,2,'BPS Labors',2,2,'2010-04-12 15:56:00','2010-04-12 15:56:00'),(156,'4bc590c4a49b6',1,1,'Kurse',3,3,'2010-04-14 09:54:12','2010-04-20 13:20:22'),(157,'4bc590c4a49b6',1,2,'Kurse',3,3,'2010-04-14 09:54:12','2010-04-14 09:54:12'),(158,'4bc5b69090d3c',1,1,'Kurse',3,3,'2010-04-14 12:35:28','2010-04-14 12:35:41'),(159,'4bc5b69090d3c',1,2,'Kurse',3,3,'2010-04-14 12:35:28','2010-04-14 12:35:28'),(160,'4bc71c5cbe102',1,1,'Specials',3,3,'2010-04-15 14:02:04','2010-04-16 12:30:45'),(161,'4bc71c5cbe102',1,2,'Specials',3,3,'2010-04-15 14:02:04','2010-04-15 14:02:04'),(162,'4bc71c6a31ff3',1,1,'eNews',3,3,'2010-04-15 14:02:18','2010-04-16 09:51:05'),(163,'4bc71c6a31ff3',1,2,'eNews',3,3,'2010-04-15 14:02:18','2010-04-15 14:02:18'),(164,'4bc8499764a47',1,1,'Product Updates - Der Newsletter',3,3,'2010-04-16 11:27:19','2010-04-16 12:06:55'),(165,'4bc8499764a47',1,2,'Product Updates - Der Newsletter',3,3,'2010-04-16 11:27:19','2010-04-16 11:27:19'),(166,'4bc861a487b47',1,1,'Standort',3,3,'2010-04-16 13:09:56','2010-04-16 13:48:52'),(167,'4bc861a487b47',1,2,'Standort',3,3,'2010-04-16 13:09:56','2010-04-16 13:09:56'),(172,'4bcec4a2c1b70',1,1,'Messen',3,3,'2010-04-21 09:25:54','2010-04-21 10:05:34'),(173,'4bcec4a2c1b70',1,2,'Messen und Events',3,3,'2010-04-21 09:25:54','2010-04-21 09:25:54');
/*!40000 ALTER TABLE `pageTitles` ENABLE KEYS */;
UNLOCK TABLES;

--
-- Table structure for table `pageTypeTitles`
--

DROP TABLE IF EXISTS `pageTypeTitles`;
/*!40101 SET @saved_cs_client     = @@character_set_client */;
/*!40101 SET character_set_client = utf8 */;
CREATE TABLE `pageTypeTitles` (
  `id` bigint(20) unsigned NOT NULL AUTO_INCREMENT,
  `idPageTypes` bigint(20) unsigned NOT NULL,
  `idLanguages` int(10) unsigned NOT NULL DEFAULT '1',
  `title` varchar(100) NOT NULL,
  PRIMARY KEY (`id`)
) ENGINE=InnoDB AUTO_INCREMENT=12 DEFAULT CHARSET=utf8;
/*!40101 SET character_set_client = @saved_cs_client */;

--
-- Dumping data for table `pageTypeTitles`
--

LOCK TABLES `pageTypeTitles` WRITE;
/*!40000 ALTER TABLE `pageTypeTitles` DISABLE KEYS */;
INSERT INTO `pageTypeTitles` VALUES (1,1,1,'Standardseite'),(2,2,1,'Interne Verlinkung'),(3,3,1,'Übersicht'),(4,4,1,'Externe Verlinkung'),(5,5,1,'Prozessablauf'),(6,6,1,'Kollektion'),(7,7,1,'﻿﻿Produktbaum'),(8,8,1,'Pressebereich'),(9,9,1,'Iframe'),(10,10,1,'Kurse'),(11,11,1,'Veranstaltungen');
/*!40000 ALTER TABLE `pageTypeTitles` ENABLE KEYS */;
UNLOCK TABLES;

--
-- Table structure for table `pageTypes`
--

DROP TABLE IF EXISTS `pageTypes`;
/*!40101 SET @saved_cs_client     = @@character_set_client */;
/*!40101 SET character_set_client = utf8 */;
CREATE TABLE `pageTypes` (
  `id` bigint(20) unsigned NOT NULL AUTO_INCREMENT,
  `title` varchar(255) NOT NULL,
  `page` tinyint(1) NOT NULL DEFAULT '0',
  `startpage` tinyint(1) NOT NULL DEFAULT '0',
  `active` tinyint(1) NOT NULL DEFAULT '0',
  PRIMARY KEY (`id`),
  KEY `page` (`page`),
  KEY `startpage` (`startpage`)
) ENGINE=InnoDB AUTO_INCREMENT=12 DEFAULT CHARSET=utf8;
/*!40101 SET character_set_client = @saved_cs_client */;

--
-- Dumping data for table `pageTypes`
--

LOCK TABLES `pageTypes` WRITE;
/*!40000 ALTER TABLE `pageTypes` DISABLE KEYS */;
INSERT INTO `pageTypes` VALUES (1,'page',1,1,1),(2,'link',1,1,1),(3,'overview',0,1,1),(4,'external',1,1,1),(5,'process',1,1,0),(6,'collection',0,1,0),(7,'product_tree',0,1,1),(8,'press_area',0,1,1),(9,'iframe',1,0,1),(10,'courses',0,1,1),(11,'events',0,1,1);
/*!40000 ALTER TABLE `pageTypes` ENABLE KEYS */;
UNLOCK TABLES;

--
-- Table structure for table `pageVideos`
--

DROP TABLE IF EXISTS `pageVideos`;
/*!40101 SET @saved_cs_client     = @@character_set_client */;
/*!40101 SET character_set_client = utf8 */;
CREATE TABLE `pageVideos` (
  `id` bigint(20) unsigned NOT NULL AUTO_INCREMENT,
  `pageId` varchar(32) NOT NULL,
  `version` int(10) unsigned NOT NULL,
  `idLanguages` int(10) unsigned NOT NULL DEFAULT '1',
  `userId` varchar(32) NOT NULL,
  `videoId` varchar(64) NOT NULL,
  `title` varchar(255) NOT NULL,
  `thumb` varchar(255) NOT NULL,
  `idVideoTypes` int(10) unsigned NOT NULL,
  `creator` bigint(20) unsigned NOT NULL,
  `created` timestamp NULL DEFAULT CURRENT_TIMESTAMP ON UPDATE CURRENT_TIMESTAMP,
  PRIMARY KEY (`id`),
  KEY `pageId` (`pageId`),
  KEY `version` (`version`),
  CONSTRAINT `pageVideos_ibfk_1` FOREIGN KEY (`pageId`) REFERENCES `pages` (`pageId`) ON DELETE CASCADE
) ENGINE=InnoDB AUTO_INCREMENT=9 DEFAULT CHARSET=utf8 ROW_FORMAT=COMPACT;
/*!40101 SET character_set_client = @saved_cs_client */;

--
-- Dumping data for table `pageVideos`
--

LOCK TABLES `pageVideos` WRITE;
/*!40000 ALTER TABLE `pageVideos` DISABLE KEYS */;
INSERT INTO `pageVideos` VALUES (6,'4ba8e35fa9c52',1,1,'massiveart','5022684','Nur die Liebe zählt','http://ts.vimeo.com.s3.amazonaws.com/147/665/14766569_100.jpg',1,2,'2010-03-26 15:27:14');
/*!40000 ALTER TABLE `pageVideos` ENABLE KEYS */;
UNLOCK TABLES;

--
-- Table structure for table `pages`
--

DROP TABLE IF EXISTS `pages`;
/*!40101 SET @saved_cs_client     = @@character_set_client */;
/*!40101 SET character_set_client = utf8 */;
CREATE TABLE `pages` (
  `id` bigint(20) unsigned NOT NULL AUTO_INCREMENT,
  `isStartPage` tinyint(1) NOT NULL DEFAULT '0',
  `idParent` bigint(20) unsigned NOT NULL,
  `idParentTypes` bigint(20) unsigned NOT NULL,
  `idUsers` bigint(20) unsigned NOT NULL,
  `sortPosition` bigint(20) unsigned NOT NULL,
  `sortTimestamp` timestamp NULL DEFAULT NULL,
  `pageId` varchar(32) NOT NULL,
  `version` int(10) unsigned NOT NULL,
  `creator` bigint(20) unsigned NOT NULL,
  `created` timestamp NULL DEFAULT NULL,
  `changed` timestamp NOT NULL DEFAULT CURRENT_TIMESTAMP ON UPDATE CURRENT_TIMESTAMP,
  PRIMARY KEY (`id`),
  KEY `pageId` (`pageId`),
  KEY `version` (`version`)
) ENGINE=InnoDB AUTO_INCREMENT=80 DEFAULT CHARSET=utf8;
/*!40101 SET character_set_client = @saved_cs_client */;

--
-- Dumping data for table `pages`
--

LOCK TABLES `pages` WRITE;
/*!40000 ALTER TABLE `pages` DISABLE KEYS */;
INSERT INTO `pages` VALUES (1,1,1,1,3,0,'2010-01-13 09:20:56','4b4d8dc9a138f',1,3,'2010-01-13 09:20:56','2010-04-16 13:01:24'),(2,1,1,2,3,0,'2010-01-13 10:32:48','4b4da15087430',1,3,'2010-01-13 10:32:48','2010-04-20 13:20:30'),(3,1,2,2,3,0,'2010-01-13 10:37:22','4b4da26279384',1,3,'2010-01-13 10:37:22','2010-04-01 08:30:19'),(4,1,3,2,3,0,'2010-01-13 10:39:47','4b4da2f3f290d',1,3,'2010-01-13 10:39:47','2010-04-02 13:25:38'),(5,1,4,2,3,0,'2010-01-13 10:43:45','4b4da3e1c4291',1,3,'2010-01-13 10:43:45','2010-04-13 08:49:20'),(6,1,5,2,3,0,'2010-01-13 10:43:58','4b4da3ee0b54d',1,3,'2010-01-13 10:43:58','2010-04-07 09:11:26'),(7,1,6,2,2,0,'2010-01-13 10:44:29','4b4da40da918b',1,3,'2010-01-13 10:44:29','2010-03-23 13:47:18'),(8,1,7,2,3,0,'2010-01-13 10:44:43','4b4da41b05a85',1,3,'2010-01-13 10:44:43','2010-03-12 13:34:30'),(9,1,8,2,3,0,'2010-01-13 10:45:04','4b4da430b62f8',1,3,'2010-01-13 10:45:04','2010-01-18 13:02:21'),(10,1,9,2,3,0,'2010-01-13 10:55:38','4b4da6aa1ac18',1,3,'2010-01-13 10:55:38','2010-03-12 13:34:16'),(11,1,10,2,3,0,'2010-01-13 10:55:57','4b4da6bdeafc1',1,3,'2010-01-13 10:55:57','2010-03-12 13:34:53'),(12,1,11,2,3,0,'2010-01-13 10:56:08','4b4da6c8b5347',1,3,'2010-01-13 10:56:08','2010-03-12 13:35:00'),(13,1,12,2,3,0,'2010-01-13 10:56:21','4b4da6d5688cb',1,3,'2010-01-13 10:56:21','2010-03-12 13:35:03'),(14,0,4,2,3,5,'2010-03-15 16:18:32','4b4dc2ac5fba0',1,3,'2010-01-13 12:55:08','2010-04-20 12:50:00'),(15,1,13,2,21,0,'2010-01-13 12:55:40','4b4dc2ccb3e8d',1,3,'2010-01-13 12:55:40','2010-03-25 16:58:50'),(16,0,13,2,3,1,'2010-01-13 12:56:35','4b4dc303af218',1,3,'2010-01-13 12:56:35','2010-03-23 14:57:36'),(17,0,13,2,3,2,'2010-01-13 12:56:58','4b4dc31a83c14',1,3,'2010-01-13 12:56:58','2010-03-23 14:58:00'),(18,0,13,2,3,3,'2010-01-13 13:13:36','4b4dc70098b2a',1,3,'2010-01-13 13:13:36','2010-03-23 14:58:26'),(21,1,15,2,3,0,'2010-01-19 10:12:01','4b55857146c18',1,3,'2010-01-19 10:12:01','2010-04-22 09:09:01'),(22,0,1,1,3,11,'2010-04-15 14:02:35','4b558b4271b8e',1,3,'2010-01-19 10:36:50','2010-04-15 14:02:35'),(23,0,1,1,3,10,'2010-04-15 14:02:35','4b558b613f159',1,3,'2010-01-19 10:37:21','2010-04-15 14:02:35'),(24,1,25,2,3,0,'2010-02-03 14:26:43','4b6987a31e8e0',1,3,'2010-02-03 14:26:43','2010-02-03 14:26:43'),(25,1,44,2,3,0,'2010-03-15 16:09:29','4b9e5bb9d258e',1,3,'2010-03-15 16:09:29','2010-03-15 16:09:29'),(26,1,46,2,3,0,'2010-03-17 13:18:07','4ba0d68f4bd92',1,3,'2010-03-17 13:18:07','2010-04-02 13:15:22'),(27,1,47,2,3,0,'2010-03-17 13:26:05','4ba0d86d90d56',1,3,'2010-03-17 13:26:05','2010-03-23 13:47:48'),(28,1,48,2,3,0,'2010-03-17 13:26:15','4ba0d8771c181',1,3,'2010-03-17 13:26:15','2010-04-20 13:20:17'),(29,1,49,2,3,0,'2010-03-18 10:45:52','4ba20460732d4',1,3,'2010-03-18 10:45:52','2010-03-22 11:29:04'),(38,0,44,2,3,2,'2010-03-19 10:34:40','4ba352d5002d5',1,3,'2010-03-19 10:32:53','2010-03-19 10:34:40'),(39,0,44,2,3,1,'2010-03-19 10:34:40','4ba35311cc61e',1,3,'2010-03-19 10:33:53','2010-03-19 10:34:40'),(43,1,53,2,3,0,'2010-03-19 10:51:07','4ba3571b8db84',1,3,'2010-03-19 10:51:07','2010-03-19 10:51:07'),(44,1,54,2,3,4,'2010-03-19 11:30:24','4ba357279ea63',1,3,'2010-03-19 10:51:19','2010-03-19 14:51:59'),(47,1,58,2,3,0,'2010-03-19 13:43:27','4ba37f7f1ea73',1,3,'2010-03-19 13:43:27','2010-03-19 14:51:56'),(48,0,49,2,3,1,'2010-03-19 15:35:06','4ba399aa78e01',1,3,'2010-03-19 15:35:06','2010-03-22 11:25:32'),(49,1,66,2,3,0,'2010-03-22 11:27:30','4ba75422b9839',1,3,'2010-03-22 11:27:30','2010-04-02 13:25:16'),(50,1,67,2,3,0,'2010-03-22 11:28:06','4ba754463894a',1,3,'2010-03-22 11:28:06','2010-03-23 13:50:03'),(51,1,68,2,3,0,'2010-03-22 11:28:19','4ba75453b1f9d',1,3,'2010-03-22 11:28:19','2010-03-23 13:50:18'),(52,1,69,2,3,0,'2010-03-22 11:28:38','4ba754665fb91',1,3,'2010-03-22 11:28:38','2010-03-22 11:28:38'),(53,1,70,2,3,0,'2010-03-22 11:29:25','4ba754952c2e7',1,3,'2010-03-22 11:29:25','2010-03-22 11:29:45'),(54,0,6,2,2,1,'2010-03-23 13:54:24','4ba8c810edfd4',1,2,'2010-03-23 13:54:24','2010-03-25 13:35:57'),(55,0,6,2,2,2,'2010-03-23 15:50:55','4ba8e35fa9c52',1,2,'2010-03-23 15:50:55','2010-03-26 15:27:14'),(56,1,73,2,3,0,'2010-03-25 13:51:23','4bab6a5b3237e',1,3,'2010-03-25 13:51:23','2010-04-07 09:12:14'),(64,0,6,2,2,3,'2010-04-08 06:46:48','4bbd7bd801751',1,2,'2010-04-08 06:46:48','2010-04-08 12:10:57'),(65,0,15,2,2,1,'2010-04-08 13:05:17','4bbdd48de4805',1,2,'2010-04-08 13:05:17','2010-04-12 13:52:22'),(67,1,74,2,3,0,'2010-04-12 14:57:56','4bc334f4e3bda',1,3,'2010-04-12 14:57:56','2010-04-12 14:58:18'),(68,0,15,2,2,2,'2010-04-12 15:53:42','4bc3420684f17',1,2,'2010-04-12 15:53:42','2010-04-12 15:53:54'),(69,0,15,2,3,3,'2010-04-12 15:56:00','4bc34290a3565',1,2,'2010-04-12 15:56:00','2010-04-12 17:32:24'),(71,1,75,2,3,0,'2010-04-14 09:54:12','4bc590c4a49b6',1,3,'2010-04-14 09:54:12','2010-04-20 13:20:22'),(72,1,78,2,3,0,'2010-04-14 12:35:28','4bc5b69090d3c',1,3,'2010-04-14 12:35:28','2010-04-14 12:35:41'),(73,1,79,2,3,0,'2010-04-15 14:02:04','4bc71c5cbe102',1,3,'2010-04-15 14:02:04','2010-04-16 12:30:45'),(74,0,79,2,3,2,'2010-04-16 11:28:18','4bc71c6a31ff3',1,3,'2010-04-15 14:02:18','2010-04-16 11:28:18'),(75,0,79,2,3,1,'2010-04-16 11:28:18','4bc8499764a47',1,3,'2010-04-16 11:27:19','2010-04-16 12:06:55'),(76,0,15,2,3,4,'2010-04-16 13:09:56','4bc861a487b47',1,3,'2010-04-16 13:09:56','2010-04-16 13:48:52'),(77,1,80,2,3,0,'2010-04-20 14:38:26','4bcdbc62ba157',1,3,'2010-04-20 14:38:26','2010-04-20 14:38:26'),(78,1,81,2,3,0,'2010-04-20 14:54:33','4bcdc0295f49f',1,3,'2010-04-20 14:54:33','2010-04-20 14:54:33'),(79,1,83,2,3,0,'2010-04-21 09:25:54','4bcec4a2c1b70',1,3,'2010-04-21 09:25:54','2010-04-21 10:05:20');
/*!40000 ALTER TABLE `pages` ENABLE KEYS */;
UNLOCK TABLES;

--
-- Table structure for table `parentTypes`
--

DROP TABLE IF EXISTS `parentTypes`;
/*!40101 SET @saved_cs_client     = @@character_set_client */;
/*!40101 SET character_set_client = utf8 */;
CREATE TABLE `parentTypes` (
  `id` bigint(20) unsigned NOT NULL AUTO_INCREMENT,
  `title` varchar(255) NOT NULL,
  PRIMARY KEY (`id`)
) ENGINE=InnoDB AUTO_INCREMENT=3 DEFAULT CHARSET=utf8;
/*!40101 SET character_set_client = @saved_cs_client */;

--
-- Dumping data for table `parentTypes`
--

LOCK TABLES `parentTypes` WRITE;
/*!40000 ALTER TABLE `parentTypes` DISABLE KEYS */;
INSERT INTO `parentTypes` VALUES (1,'rootLevel'),(2,'folder');
/*!40000 ALTER TABLE `parentTypes` ENABLE KEYS */;
UNLOCK TABLES;

--
-- Table structure for table `pathReplacers`
--

DROP TABLE IF EXISTS `pathReplacers`;
/*!40101 SET @saved_cs_client     = @@character_set_client */;
/*!40101 SET character_set_client = utf8 */;
CREATE TABLE `pathReplacers` (
  `id` bigint(20) unsigned NOT NULL AUTO_INCREMENT,
  `idLanguages` int(10) unsigned NOT NULL DEFAULT '1',
  `from` varchar(255) NOT NULL,
  `to` varchar(255) NOT NULL,
  PRIMARY KEY (`id`)
) ENGINE=InnoDB AUTO_INCREMENT=18 DEFAULT CHARSET=utf8;
/*!40101 SET character_set_client = @saved_cs_client */;

--
-- Dumping data for table `pathReplacers`
--

LOCK TABLES `pathReplacers` WRITE;
/*!40000 ALTER TABLE `pathReplacers` DISABLE KEYS */;
INSERT INTO `pathReplacers` VALUES (1,1,'ä','ae'),(2,1,'ö','oe'),(3,1,'ü','ue'),(4,1,'ß','ss'),(5,1,'Ä','Ae'),(6,1,'Ö','Oe'),(7,1,'Ü','Ue'),(8,1,'&','und'),(9,2,'&','and'),(10,4,'ä','ae'),(11,4,'ö','oe'),(12,4,'ü','ue'),(13,4,'ß','ss'),(14,4,'Ä','Ae'),(15,4,'Ö','Oe'),(16,4,'Ü','Ue'),(17,4,'&','und');
/*!40000 ALTER TABLE `pathReplacers` ENABLE KEYS */;
UNLOCK TABLES;

--
-- Table structure for table `permissions`
--

DROP TABLE IF EXISTS `permissions`;
/*!40101 SET @saved_cs_client     = @@character_set_client */;
/*!40101 SET character_set_client = utf8 */;
CREATE TABLE `permissions` (
  `id` bigint(20) unsigned NOT NULL AUTO_INCREMENT,
  `title` varchar(255) NOT NULL,
  `description` text,
  PRIMARY KEY (`id`)
) ENGINE=InnoDB AUTO_INCREMENT=8 DEFAULT CHARSET=utf8;
/*!40101 SET character_set_client = @saved_cs_client */;

--
-- Dumping data for table `permissions`
--

LOCK TABLES `permissions` WRITE;
/*!40000 ALTER TABLE `permissions` DISABLE KEYS */;
INSERT INTO `permissions` VALUES (1,'view','Der Datensatz darf visualisiert werden'),(2,'add','Ein neuer Datensatz darf erzeugt werden'),(3,'update','Der Datensatz darf verändert werden'),(4,'delete','Der Datensatz darf gelöscht werden'),(5,'archive','Der Datensatz darf archiviert werden'),(6,'live','Live schalten'),(7,'security',NULL);
/*!40000 ALTER TABLE `permissions` ENABLE KEYS */;
UNLOCK TABLES;

--
-- Table structure for table `properties`
--

DROP TABLE IF EXISTS `properties`;
/*!40101 SET @saved_cs_client     = @@character_set_client */;
/*!40101 SET character_set_client = utf8 */;
CREATE TABLE `properties` (
  `id` int(10) unsigned NOT NULL AUTO_INCREMENT,
  `title` varchar(255) NOT NULL,
  PRIMARY KEY (`id`)
) ENGINE=InnoDB AUTO_INCREMENT=2 DEFAULT CHARSET=utf8;
/*!40101 SET character_set_client = @saved_cs_client */;

--
-- Dumping data for table `properties`
--

LOCK TABLES `properties` WRITE;
/*!40000 ALTER TABLE `properties` DISABLE KEYS */;
INSERT INTO `properties` VALUES (1,'Url');
/*!40000 ALTER TABLE `properties` ENABLE KEYS */;
UNLOCK TABLES;

--
-- Table structure for table `regionFields`
--

DROP TABLE IF EXISTS `regionFields`;
/*!40101 SET @saved_cs_client     = @@character_set_client */;
/*!40101 SET character_set_client = utf8 */;
CREATE TABLE `regionFields` (
  `id` bigint(20) NOT NULL AUTO_INCREMENT,
  `idRegions` bigint(20) NOT NULL,
  `idFields` bigint(20) NOT NULL,
  `order` int(10) NOT NULL,
  PRIMARY KEY (`id`),
  KEY `idRegions` (`idRegions`),
  KEY `idFields` (`idFields`)
) ENGINE=InnoDB AUTO_INCREMENT=220 DEFAULT CHARSET=utf8;
/*!40101 SET character_set_client = @saved_cs_client */;

--
-- Dumping data for table `regionFields`
--

LOCK TABLES `regionFields` WRITE;
/*!40000 ALTER TABLE `regionFields` DISABLE KEYS */;
INSERT INTO `regionFields` VALUES (1,1,1,1),(2,1,1,1),(3,1,2,2),(4,2,3,1),(5,2,4,2),(6,3,5,1),(7,4,6,1),(8,5,7,2),(9,6,8,2),(10,8,10,2),(11,9,11,1),(12,10,17,1),(13,11,18,2),(14,11,19,3),(15,11,20,1),(16,9,21,5),(17,9,22,3),(18,12,23,1),(19,12,24,4),(20,5,25,1),(21,6,26,1),(22,2,27,4),(23,13,28,1),(24,14,29,3),(25,14,30,1),(26,15,31,5),(27,15,34,3),(28,15,37,1),(29,2,40,1),(30,16,41,4),(31,16,42,2),(32,16,43,1),(33,17,44,5),(34,17,45,2),(35,17,46,1),(36,15,47,6),(37,15,48,7),(38,16,49,5),(39,16,50,6),(40,17,51,6),(41,17,52,7),(42,17,53,3),(43,12,54,3),(44,8,55,1),(45,9,56,4),(46,15,59,2),(47,15,60,4),(48,16,61,3),(49,17,62,4),(50,99999999,64,2),(51,18,65,3),(52,18,66,4),(53,19,67,1),(54,19,68,2),(55,20,69,2),(56,20,70,3),(57,20,71,4),(58,20,72,5),(59,20,73,1),(60,19,74,3),(61,19,75,4),(62,18,76,1),(63,18,77,2),(64,18,78,5),(65,21,79,1),(66,21,80,2),(67,21,81,3),(68,21,82,4),(69,21,83,5),(70,21,84,6),(71,22,85,1),(72,9,86,2),(73,19,87,5),(74,23,88,2),(75,23,89,3),(76,23,90,1),(77,24,91,1),(78,24,92,2),(79,25,93,2),(80,25000,94,1),(81,15,95,8),(82,25,96,1),(83,26,1,1),(84,27,97,1),(85,27,98,2),(86,26,99,2),(87,26,100,3),(88,26,101,4),(89,26,102,5),(90,26,103,6),(91,28,108,1),(92,26,27,7),(93,29,104,1),(94,29,105,2),(95,30,106,1),(96,29,107,3),(97,31,109,1),(98,32,110,1),(99,32,113,2),(101,35,115,1),(102,33,111,1),(103,33,112,1),(104,36,116,1),(105,37,117,1),(106,38,118,1),(107,39,119,1),(108,39,120,2),(109,40,121,1),(110,40,122,2),(111,41,86,2),(113,41,22,3),(115,41,56,4),(116,41,21,5),(117,42,6,1),(119,43,5,1),(120,44,7,1),(121,45,20,1),(122,45,18,2),(123,45,19,3),(125,46,23,1),(126,46,54,3),(127,46,24,4),(128,47,26,1),(129,47,129,2),(130,48,119,1),(131,48,120,2),(132,49,55,1),(133,49,10,2),(134,50,124,1),(135,50,125,2),(136,51,126,1),(137,51,127,2),(138,14,128,2),(139,52,46,1),(140,52,130,2),(141,52,131,3),(142,52,132,4),(143,10,133,2),(144,41,11,1),(145,53,3,1),(146,53,4,3),(147,53,27,4),(148,53,134,2),(149,54,46,1),(150,54,137,2),(151,54,136,3),(152,54,135,4),(153,55,7,2),(154,55,25,1),(155,56,138,1),(156,56,139,3),(157,56,140,4),(158,56,141,7),(159,57,142,1),(160,57,143,2),(161,57,144,3),(162,57,145,4),(163,57,146,5),(165,58,147,1),(169,58,148,2),(170,58,149,3),(171,12,150,2),(172,60,79,1),(173,60,80,2),(174,60,81,3),(175,60,82,4),(176,60,83,5),(177,59,151,1),(178,59,152,2),(179,59,153,3),(180,59,154,4),(181,61,155,5),(182,61,156,1),(183,61,157,4),(184,61,159,2),(185,61,158,3),(186,46,150,2),(187,52,161,5),(189,52,160,6),(190,62,162,2),(191,62,163,3),(192,63,164,1),(193,63,165,2),(194,64,166,1),(195,64,167,2),(196,62,168,1),(197,64,169,3),(198,65,170,1),(199,66,46,1),(200,66,171,2),(201,66,172,3),(202,2,173,3),(203,67,174,1),(204,21,175,7),(205,56,176,8),(206,56,177,2),(207,68,46,1),(208,68,180,2),(209,68,179,3),(210,68,178,4),(211,56,181,5),(212,56,182,6),(213,69,93,1),(214,69,139,2),(215,69,140,3),(216,70,46,1),(217,70,185,2),(218,70,184,3),(219,70,183,4);
/*!40000 ALTER TABLE `regionFields` ENABLE KEYS */;
UNLOCK TABLES;

--
-- Table structure for table `regionTitles`
--

DROP TABLE IF EXISTS `regionTitles`;
/*!40101 SET @saved_cs_client     = @@character_set_client */;
/*!40101 SET character_set_client = utf8 */;
CREATE TABLE `regionTitles` (
  `id` bigint(20) unsigned NOT NULL AUTO_INCREMENT,
  `idRegions` bigint(20) unsigned NOT NULL,
  `idLanguages` int(10) unsigned NOT NULL DEFAULT '1',
  `title` varchar(500) DEFAULT NULL,
  PRIMARY KEY (`id`),
  KEY `idRegions` (`idRegions`),
  CONSTRAINT `regionTitles_ibfk_1` FOREIGN KEY (`idRegions`) REFERENCES `regions` (`id`) ON DELETE CASCADE
) ENGINE=InnoDB AUTO_INCREMENT=86 DEFAULT CHARSET=utf8;
/*!40101 SET character_set_client = @saved_cs_client */;

--
-- Dumping data for table `regionTitles`
--

LOCK TABLES `regionTitles` WRITE;
/*!40000 ALTER TABLE `regionTitles` DISABLE KEYS */;
INSERT INTO `regionTitles` VALUES (1,1,1,'Allgemeine Informationen'),(2,2,1,'Allgemeine Informationen'),(3,3,1,'Titelbild'),(4,4,1,'Artikel'),(5,5,1,'Bildergalerie'),(6,6,1,'Dokumente'),(8,8,1,'Auszug'),(9,9,1,'Layout, Kategorien & Tags'),(10,10,1,'Allgemeine Informationen'),(11,11,1,'Textblock'),(12,12,1,'Video'),(13,13,1,'Link auf Seite im Portal'),(14,14,1,'Sidebar'),(15,15,1,'Definitionen'),(16,16,1,'Portal Top'),(17,17,1,'Artikel'),(18,18,1,'Allgemeine Kontaktinformationen'),(19,19,1,'Veranstaltungsinformationen'),(20,20,1,'Veranstaltungsort'),(21,21,1,'Kontaktdetails'),(22,22,1,'Vortragende'),(23,23,1,'Banner klein'),(24,24,1,'Headerbereich'),(25,25,1,'Externer Link'),(26,1,2,'General Informations'),(27,2,2,'General Informations'),(28,26,1,'Allgemeine Informationen'),(29,27,1,'Prozessanweisung'),(30,28,1,'Prozessgrafik'),(31,29,1,'Prozessschritt'),(32,30,1,'Kurzbeschreibung'),(33,31,1,'Prozessinputs / Informationen / Ressourcen'),(34,32,1,'Prozessrisiken'),(35,33,1,'Vorschriften'),(36,34,1,'Prozessoutputs / Ergebnisse / Kunden'),(37,35,1,'Messgößen'),(38,36,1,'Vorschriften / Richtlinien / Sicherheit'),(39,37,1,'Methoden / Verfahren / IT Tools'),(40,38,1,'Google Maps'),(41,39,1,'Interne Links'),(42,40,1,'Kollektion'),(43,41,1,'Kategorien, Etiketten und Tags'),(44,41,2,'Categories, labels and tags'),(45,42,1,'Artikel'),(46,42,2,'Short description'),(47,43,1,'Titelbild'),(48,43,2,'Title picture'),(49,44,1,'Bildergalerie'),(50,44,2,'Pictures'),(51,45,1,'Textblock'),(52,45,2,'Description'),(53,46,1,'Video'),(54,46,2,'Video'),(55,47,1,'Dokumente'),(56,47,2,'Documents'),(57,48,1,'Interne Links'),(58,48,2,'Internal links'),(59,49,1,'Auszug'),(60,49,2,'Abstract'),(62,50,1,'Externe Links'),(63,50,2,'External links'),(64,51,1,'Titelbild & Slogan'),(65,52,1,'Produktbaum'),(66,53,1,'Allgemeine Informationen'),(67,53,2,'General Informations'),(68,54,1,'Pressebereich'),(69,54,2,'Press area'),(70,55,1,'Hochauflösende Bilder'),(71,56,1,'Events'),(72,57,1,'Produkt-Karussell'),(73,58,1,'Iframe'),(74,59,1,'Allgemeine Standortinformationen'),(75,60,1,'Standortdetails'),(76,61,1,'Adresse'),(77,62,1,'Absender'),(78,63,1,'Empfänger'),(79,64,1,'Formular'),(80,65,1,'Titel für externe Links'),(81,66,1,'Filteroptionen'),(82,67,1,'Bild für Karussell'),(83,68,1,'Kurse'),(84,69,1,'Veranstaltungsinformationen'),(85,70,1,'Veranstaltungen');
/*!40000 ALTER TABLE `regionTitles` ENABLE KEYS */;
UNLOCK TABLES;

--
-- Table structure for table `regionTypes`
--

DROP TABLE IF EXISTS `regionTypes`;
/*!40101 SET @saved_cs_client     = @@character_set_client */;
/*!40101 SET character_set_client = utf8 */;
CREATE TABLE `regionTypes` (
  `id` bigint(20) unsigned NOT NULL AUTO_INCREMENT,
  `title` varchar(255) NOT NULL,
  PRIMARY KEY (`id`)
) ENGINE=InnoDB AUTO_INCREMENT=3 DEFAULT CHARSET=utf8;
/*!40101 SET character_set_client = @saved_cs_client */;

--
-- Dumping data for table `regionTypes`
--

LOCK TABLES `regionTypes` WRITE;
/*!40000 ALTER TABLE `regionTypes` DISABLE KEYS */;
INSERT INTO `regionTypes` VALUES (1,'content'),(2,'config');
/*!40000 ALTER TABLE `regionTypes` ENABLE KEYS */;
UNLOCK TABLES;

--
-- Table structure for table `regions`
--

DROP TABLE IF EXISTS `regions`;
/*!40101 SET @saved_cs_client     = @@character_set_client */;
/*!40101 SET character_set_client = utf8 */;
CREATE TABLE `regions` (
  `id` bigint(20) unsigned NOT NULL AUTO_INCREMENT,
  `idRegionTypes` bigint(20) unsigned NOT NULL,
  `columns` int(10) NOT NULL COMMENT 'size of region',
  `isTemplate` tinyint(1) NOT NULL DEFAULT '0' COMMENT 'indicates, whether this region should be multiusable - needed later on for tempalte editor',
  `collapsable` tinyint(1) NOT NULL DEFAULT '1',
  `isCollapsed` tinyint(1) NOT NULL DEFAULT '1',
  `position` varchar(255) DEFAULT NULL,
  `isMultiply` tinyint(1) NOT NULL DEFAULT '0',
  `multiplyRegion` tinyint(1) NOT NULL DEFAULT '0',
  PRIMARY KEY (`id`)
) ENGINE=InnoDB AUTO_INCREMENT=71 DEFAULT CHARSET=utf8;
/*!40101 SET character_set_client = @saved_cs_client */;

--
-- Dumping data for table `regions`
--

LOCK TABLES `regions` WRITE;
/*!40000 ALTER TABLE `regions` DISABLE KEYS */;
INSERT INTO `regions` VALUES (1,1,9,0,0,1,NULL,0,0),(2,1,9,0,0,1,NULL,0,0),(3,1,9,0,1,1,NULL,0,0),(4,1,9,0,1,1,NULL,0,0),(5,1,9,0,1,0,NULL,0,0),(6,1,9,0,1,0,NULL,0,0),(8,1,9,0,1,0,NULL,0,0),(9,1,3,0,1,1,'right',0,0),(10,1,12,0,0,1,NULL,0,0),(11,1,9,0,1,0,NULL,1,1),(12,1,9,0,1,0,NULL,0,0),(13,1,12,0,0,1,NULL,0,0),(14,1,9,0,1,0,NULL,1,1),(15,2,9,0,1,0,NULL,1,1),(16,2,9,0,1,1,NULL,0,0),(17,2,9,0,1,0,NULL,1,1),(18,1,12,0,0,1,NULL,0,0),(19,1,9,0,1,1,NULL,0,0),(20,1,9,0,1,1,NULL,0,0),(21,1,12,0,1,1,NULL,0,0),(22,1,9,0,1,1,NULL,0,0),(23,1,9,0,1,0,NULL,0,0),(24,1,9,0,1,0,NULL,0,0),(25,1,12,0,0,1,NULL,0,0),(26,1,9,0,0,1,NULL,0,0),(27,1,9,0,1,1,NULL,1,0),(28,1,9,0,1,1,NULL,0,0),(29,1,9,0,1,0,NULL,1,0),(30,1,9,0,1,0,NULL,0,0),(31,1,9,0,1,0,NULL,0,0),(32,1,9,0,1,0,NULL,1,1),(33,1,9,0,1,1,NULL,1,0),(34,1,9,0,1,0,NULL,0,0),(35,1,9,0,1,0,NULL,0,0),(36,1,9,0,1,0,NULL,0,0),(37,1,9,0,1,0,NULL,0,0),(38,1,9,0,1,1,NULL,0,0),(39,1,9,0,1,0,NULL,0,0),(40,1,9,0,1,0,NULL,0,0),(41,1,3,0,1,1,'right',0,0),(42,1,9,0,1,1,NULL,0,0),(43,1,9,0,1,1,NULL,0,0),(44,1,9,0,1,0,NULL,0,0),(45,1,9,0,1,0,NULL,1,1),(46,1,9,0,1,0,NULL,0,0),(47,1,9,0,1,0,NULL,1,1),(48,1,9,0,1,0,NULL,0,0),(49,1,9,0,1,0,NULL,0,0),(50,1,9,0,1,0,NULL,1,1),(51,1,9,0,1,0,NULL,1,1),(52,2,9,0,0,1,NULL,0,0),(53,1,9,0,0,1,NULL,0,0),(54,2,9,0,0,1,NULL,0,0),(55,1,9,0,1,0,NULL,0,0),(56,1,9,0,1,0,NULL,1,1),(57,2,9,0,0,1,NULL,0,0),(58,1,9,0,0,1,NULL,0,0),(59,1,12,0,0,1,NULL,0,0),(60,1,12,0,1,1,NULL,0,0),(61,1,12,0,1,1,NULL,0,0),(62,1,9,0,1,1,NULL,0,0),(63,1,9,0,1,1,NULL,0,0),(64,1,9,0,1,1,NULL,0,0),(65,1,9,0,1,0,NULL,0,0),(66,2,9,0,0,1,NULL,0,0),(67,1,9,0,1,0,NULL,0,0),(68,2,9,0,0,1,NULL,0,0),(69,1,9,0,1,1,NULL,0,0),(70,2,9,0,0,1,NULL,0,0);
/*!40000 ALTER TABLE `regions` ENABLE KEYS */;
UNLOCK TABLES;

--
-- Table structure for table `renderedFiles`
--

DROP TABLE IF EXISTS `renderedFiles`;
/*!40101 SET @saved_cs_client     = @@character_set_client */;
/*!40101 SET character_set_client = utf8 */;
CREATE TABLE `renderedFiles` (
  `id` bigint(20) unsigned NOT NULL,
  `idFiles` bigint(20) unsigned NOT NULL,
  `folder` varchar(255) NOT NULL,
  PRIMARY KEY (`id`)
) ENGINE=InnoDB DEFAULT CHARSET=utf8;
/*!40101 SET character_set_client = @saved_cs_client */;

--
-- Dumping data for table `renderedFiles`
--

LOCK TABLES `renderedFiles` WRITE;
/*!40000 ALTER TABLE `renderedFiles` DISABLE KEYS */;
/*!40000 ALTER TABLE `renderedFiles` ENABLE KEYS */;
UNLOCK TABLES;

--
-- Table structure for table `resourceGroups`
--

DROP TABLE IF EXISTS `resourceGroups`;
/*!40101 SET @saved_cs_client     = @@character_set_client */;
/*!40101 SET character_set_client = utf8 */;
CREATE TABLE `resourceGroups` (
  `idResources` bigint(20) unsigned NOT NULL,
  `idGroups` bigint(20) unsigned NOT NULL,
  PRIMARY KEY (`idResources`,`idGroups`),
  KEY `idGroups` (`idGroups`),
  CONSTRAINT `resourceGroups_ibfk_1` FOREIGN KEY (`idResources`) REFERENCES `resources` (`id`) ON DELETE CASCADE,
  CONSTRAINT `resourceGroups_ibfk_2` FOREIGN KEY (`idGroups`) REFERENCES `groups` (`id`) ON DELETE CASCADE
) ENGINE=InnoDB DEFAULT CHARSET=utf8;
/*!40101 SET character_set_client = @saved_cs_client */;

--
-- Dumping data for table `resourceGroups`
--

LOCK TABLES `resourceGroups` WRITE;
/*!40000 ALTER TABLE `resourceGroups` DISABLE KEYS */;
INSERT INTO `resourceGroups` VALUES (1,1),(2,1),(3,1),(5,1),(6,1),(1,2),(5,2),(2,3),(1,5);
/*!40000 ALTER TABLE `resourceGroups` ENABLE KEYS */;
UNLOCK TABLES;

--
-- Table structure for table `resources`
--

DROP TABLE IF EXISTS `resources`;
/*!40101 SET @saved_cs_client     = @@character_set_client */;
/*!40101 SET character_set_client = utf8 */;
CREATE TABLE `resources` (
  `id` bigint(20) unsigned NOT NULL AUTO_INCREMENT,
  `title` varchar(255) NOT NULL,
  `key` varchar(64) NOT NULL,
  `creator` bigint(20) unsigned NOT NULL,
  `idUsers` bigint(20) unsigned NOT NULL COMMENT 'Person, letzte Änderung',
  `created` timestamp NULL DEFAULT NULL,
  `changed` timestamp NOT NULL DEFAULT CURRENT_TIMESTAMP,
  PRIMARY KEY (`id`)
) ENGINE=InnoDB AUTO_INCREMENT=7 DEFAULT CHARSET=utf8;
/*!40101 SET character_set_client = @saved_cs_client */;

--
-- Dumping data for table `resources`
--

LOCK TABLES `resources` WRITE;
/*!40000 ALTER TABLE `resources` DISABLE KEYS */;
INSERT INTO `resources` VALUES (1,'Portals','portals',3,3,'2009-10-08 10:15:10','2009-10-19 10:24:06'),(2,'Media','media',3,3,'2009-10-08 10:15:10','2009-10-19 10:24:03'),(3,'User administration','user_administration',3,3,'2009-10-19 09:32:23','2009-10-19 09:57:15'),(5,'Settings','settings',3,3,'2009-10-19 09:55:40','2009-10-19 09:59:35'),(6,'Settings - System Internal','settings-system_internal',3,3,'2009-10-19 09:58:54','2009-10-19 12:50:43');
/*!40000 ALTER TABLE `resources` ENABLE KEYS */;
UNLOCK TABLES;

--
-- Table structure for table `rootLevelGroupPermissions`
--

DROP TABLE IF EXISTS `rootLevelGroupPermissions`;
/*!40101 SET @saved_cs_client     = @@character_set_client */;
/*!40101 SET character_set_client = utf8 */;
CREATE TABLE `rootLevelGroupPermissions` (
  `id` bigint(20) unsigned NOT NULL AUTO_INCREMENT,
  `idRootLevelGroups` int(10) unsigned NOT NULL,
  `idGroups` bigint(20) unsigned DEFAULT NULL,
  `idPermissions` bigint(20) unsigned DEFAULT NULL,
  PRIMARY KEY (`id`),
  KEY `idRootLevelGroups` (`idRootLevelGroups`),
  CONSTRAINT `rootLevelGroupPermissions_ibfk_1` FOREIGN KEY (`idRootLevelGroups`) REFERENCES `rootLevelGroups` (`id`) ON DELETE CASCADE
) ENGINE=InnoDB DEFAULT CHARSET=utf8;
/*!40101 SET character_set_client = @saved_cs_client */;

--
-- Dumping data for table `rootLevelGroupPermissions`
--

LOCK TABLES `rootLevelGroupPermissions` WRITE;
/*!40000 ALTER TABLE `rootLevelGroupPermissions` DISABLE KEYS */;
/*!40000 ALTER TABLE `rootLevelGroupPermissions` ENABLE KEYS */;
UNLOCK TABLES;

--
-- Table structure for table `rootLevelGroupTitles`
--

DROP TABLE IF EXISTS `rootLevelGroupTitles`;
/*!40101 SET @saved_cs_client     = @@character_set_client */;
/*!40101 SET character_set_client = utf8 */;
CREATE TABLE `rootLevelGroupTitles` (
  `id` int(10) unsigned NOT NULL AUTO_INCREMENT,
  `idRootLevelGroups` int(10) unsigned NOT NULL,
  `idLanguages` int(10) unsigned NOT NULL DEFAULT '1',
  `title` varchar(500) DEFAULT NULL,
  PRIMARY KEY (`id`),
  KEY `idRootLevelGroups` (`idRootLevelGroups`),
  CONSTRAINT `rootLevelGroupTitles_ibfk_1` FOREIGN KEY (`idRootLevelGroups`) REFERENCES `rootLevelGroups` (`id`) ON DELETE CASCADE
) ENGINE=InnoDB AUTO_INCREMENT=3 DEFAULT CHARSET=utf8 ROW_FORMAT=COMPACT;
/*!40101 SET character_set_client = @saved_cs_client */;

--
-- Dumping data for table `rootLevelGroupTitles`
--

LOCK TABLES `rootLevelGroupTitles` WRITE;
/*!40000 ALTER TABLE `rootLevelGroupTitles` DISABLE KEYS */;
INSERT INTO `rootLevelGroupTitles` VALUES (1,9,1,'Produkte'),(2,9,2,'Products');
/*!40000 ALTER TABLE `rootLevelGroupTitles` ENABLE KEYS */;
UNLOCK TABLES;

--
-- Table structure for table `rootLevelGroups`
--

DROP TABLE IF EXISTS `rootLevelGroups`;
/*!40101 SET @saved_cs_client     = @@character_set_client */;
/*!40101 SET character_set_client = utf8 */;
CREATE TABLE `rootLevelGroups` (
  `id` int(10) unsigned NOT NULL AUTO_INCREMENT,
  `name` varchar(64) NOT NULL,
  PRIMARY KEY (`id`)
) ENGINE=InnoDB AUTO_INCREMENT=14 DEFAULT CHARSET=utf8;
/*!40101 SET character_set_client = @saved_cs_client */;

--
-- Dumping data for table `rootLevelGroups`
--

LOCK TABLES `rootLevelGroups` WRITE;
/*!40000 ALTER TABLE `rootLevelGroups` DISABLE KEYS */;
INSERT INTO `rootLevelGroups` VALUES (1,'portal'),(2,'file'),(3,'category'),(4,'contact'),(5,'user'),(6,'group'),(7,'resource'),(8,'content'),(9,'product'),(10,'press'),(11,'course'),(12,'location'),(13,'event');
/*!40000 ALTER TABLE `rootLevelGroups` ENABLE KEYS */;
UNLOCK TABLES;

--
-- Table structure for table `rootLevelLanguages`
--

DROP TABLE IF EXISTS `rootLevelLanguages`;
/*!40101 SET @saved_cs_client     = @@character_set_client */;
/*!40101 SET character_set_client = utf8 */;
CREATE TABLE `rootLevelLanguages` (
  `idRootLevels` bigint(20) unsigned NOT NULL,
  `idLanguages` int(10) unsigned NOT NULL,
  `isFallback` tinyint(1) NOT NULL,
  `order` int(10) unsigned NOT NULL,
  PRIMARY KEY (`idRootLevels`,`idLanguages`),
  KEY `idLanguages` (`idLanguages`),
  CONSTRAINT `rootLevelLanguages_ibfk_1` FOREIGN KEY (`idRootLevels`) REFERENCES `rootLevels` (`id`) ON DELETE CASCADE,
  CONSTRAINT `rootLevelLanguages_ibfk_2` FOREIGN KEY (`idLanguages`) REFERENCES `languages` (`id`) ON DELETE CASCADE
) ENGINE=InnoDB DEFAULT CHARSET=utf8;
/*!40101 SET character_set_client = @saved_cs_client */;

--
-- Dumping data for table `rootLevelLanguages`
--

LOCK TABLES `rootLevelLanguages` WRITE;
/*!40000 ALTER TABLE `rootLevelLanguages` DISABLE KEYS */;
INSERT INTO `rootLevelLanguages` VALUES (1,1,0,1),(1,2,1,2),(1,3,0,3);
/*!40000 ALTER TABLE `rootLevelLanguages` ENABLE KEYS */;
UNLOCK TABLES;

--
-- Table structure for table `rootLevelPermissions`
--

DROP TABLE IF EXISTS `rootLevelPermissions`;
/*!40101 SET @saved_cs_client     = @@character_set_client */;
/*!40101 SET character_set_client = utf8 */;
CREATE TABLE `rootLevelPermissions` (
  `id` bigint(20) unsigned NOT NULL AUTO_INCREMENT,
  `idRootLevels` bigint(20) unsigned NOT NULL,
  `idGroups` bigint(20) unsigned DEFAULT NULL,
  `idPermissions` bigint(20) unsigned DEFAULT NULL,
  PRIMARY KEY (`id`)
) ENGINE=InnoDB DEFAULT CHARSET=utf8;
/*!40101 SET character_set_client = @saved_cs_client */;

--
-- Dumping data for table `rootLevelPermissions`
--

LOCK TABLES `rootLevelPermissions` WRITE;
/*!40000 ALTER TABLE `rootLevelPermissions` DISABLE KEYS */;
/*!40000 ALTER TABLE `rootLevelPermissions` ENABLE KEYS */;
UNLOCK TABLES;

--
-- Table structure for table `rootLevelTitles`
--

DROP TABLE IF EXISTS `rootLevelTitles`;
/*!40101 SET @saved_cs_client     = @@character_set_client */;
/*!40101 SET character_set_client = utf8 */;
CREATE TABLE `rootLevelTitles` (
  `id` bigint(20) unsigned NOT NULL AUTO_INCREMENT,
  `idRootLevels` bigint(20) unsigned NOT NULL,
  `idLanguages` int(10) unsigned NOT NULL DEFAULT '1',
  `title` varchar(500) DEFAULT NULL,
  PRIMARY KEY (`id`),
  KEY `rootLevelTitles_ibfk_1` (`idRootLevels`),
  CONSTRAINT `rootLevelTitles_ibfk_1` FOREIGN KEY (`idRootLevels`) REFERENCES `rootLevels` (`id`) ON DELETE CASCADE
) ENGINE=InnoDB AUTO_INCREMENT=39 DEFAULT CHARSET=utf8 ROW_FORMAT=COMPACT;
/*!40101 SET character_set_client = @saved_cs_client */;

--
-- Dumping data for table `rootLevelTitles`
--

LOCK TABLES `rootLevelTitles` WRITE;
/*!40000 ALTER TABLE `rootLevelTitles` DISABLE KEYS */;
INSERT INTO `rootLevelTitles` VALUES (1,1,1,'.COM Schaan'),(2,2,1,'Bilder'),(3,3,1,'Dokumente'),(4,5,1,'Kontakte'),(5,4,1,'Kategorien'),(6,6,1,'Eigene Etiketten'),(7,7,1,'System Interne'),(8,8,1,'Benutzer'),(9,9,1,'Gruppen / Rollen'),(10,10,1,'Ressourcen'),(11,1,2,'.COM Schaan'),(12,11,1,'Alle Produkte'),(13,12,1,'Produktbaum'),(14,13,1,'.DE Deutschland'),(15,13,2,'.DE Germany'),(16,14,1,'.FR Frankreich'),(17,14,2,'.FR France'),(18,11,2,'All Products'),(19,12,2,'Product-Tree'),(20,2,2,'Images'),(21,3,2,'Documents'),(22,5,2,'Contacts'),(23,4,2,'Categories'),(24,6,2,'Custom flags'),(25,7,2,'System internals'),(26,8,2,'Users'),(27,9,2,'Groups'),(28,10,2,'Resources'),(29,15,1,'Presse'),(30,15,2,'Press'),(31,16,1,'Inhalte'),(32,16,2,'Content'),(33,17,1,'Kurse'),(34,18,1,'Videos'),(35,18,2,'Videos'),(36,19,1,'Standorte'),(37,19,2,'Locations'),(38,20,1,'Veranstaltungen');
/*!40000 ALTER TABLE `rootLevelTitles` ENABLE KEYS */;
UNLOCK TABLES;

--
-- Table structure for table `rootLevelTypes`
--

DROP TABLE IF EXISTS `rootLevelTypes`;
/*!40101 SET @saved_cs_client     = @@character_set_client */;
/*!40101 SET character_set_client = utf8 */;
CREATE TABLE `rootLevelTypes` (
  `id` int(10) unsigned NOT NULL AUTO_INCREMENT,
  `title` varchar(255) NOT NULL,
  PRIMARY KEY (`id`)
) ENGINE=InnoDB AUTO_INCREMENT=14 DEFAULT CHARSET=utf8;
/*!40101 SET character_set_client = @saved_cs_client */;

--
-- Dumping data for table `rootLevelTypes`
--

LOCK TABLES `rootLevelTypes` WRITE;
/*!40000 ALTER TABLE `rootLevelTypes` DISABLE KEYS */;
INSERT INTO `rootLevelTypes` VALUES (1,'portals'),(2,'images'),(3,'documents'),(4,'categories'),(5,'contacts'),(6,'labels'),(7,'systeminternals'),(8,'users'),(9,'groups'),(10,'resources'),(11,'global'),(12,'videos'),(13,'locations');
/*!40000 ALTER TABLE `rootLevelTypes` ENABLE KEYS */;
UNLOCK TABLES;

--
-- Table structure for table `rootLevelUrls`
--

DROP TABLE IF EXISTS `rootLevelUrls`;
/*!40101 SET @saved_cs_client     = @@character_set_client */;
/*!40101 SET character_set_client = utf8 */;
CREATE TABLE `rootLevelUrls` (
  `id` bigint(20) unsigned NOT NULL AUTO_INCREMENT,
  `idRootLevels` bigint(20) unsigned NOT NULL,
  `url` varchar(255) NOT NULL COMMENT 'without "www" in front',
  `idLanguages` int(10) unsigned NOT NULL DEFAULT '1',
  `analyticsKey` varchar(64) DEFAULT NULL,
  `mapsKey` varchar(128) DEFAULT NULL,
  `idUsers` bigint(20) unsigned NOT NULL,
  `creator` bigint(20) unsigned NOT NULL,
  `created` timestamp NULL DEFAULT NULL,
  `changed` timestamp NOT NULL DEFAULT CURRENT_TIMESTAMP,
  PRIMARY KEY (`id`),
  KEY `idRootLevels` (`idRootLevels`),
  CONSTRAINT `rootLevelUrls_ibfk_1` FOREIGN KEY (`idRootLevels`) REFERENCES `rootLevels` (`id`) ON DELETE CASCADE
) ENGINE=InnoDB AUTO_INCREMENT=8 DEFAULT CHARSET=utf8;
/*!40101 SET character_set_client = @saved_cs_client */;

--
-- Dumping data for table `rootLevelUrls`
--

LOCK TABLES `rootLevelUrls` WRITE;
/*!40000 ALTER TABLE `rootLevelUrls` DISABLE KEYS */;
INSERT INTO `rootLevelUrls` VALUES (6,1,'dev.zoolu.area51.at',2,'UA-XXXXXXX-1','ABQIAAAAnHMYIdYGZwrp2NXW2gvzxhRyxZQUI3T-IMubCCclONMboMQeNRRvJHe_rnZB4d9yTlU197TaGarG4g',2,2,'2010-04-20 10:17:41','2009-05-07 06:49:07'),(7,1,'ivoclarvivadent.zoolu.area51.at',1,NULL,NULL,3,3,'2010-04-20 09:39:08','2009-10-15 13:09:23');
/*!40000 ALTER TABLE `rootLevelUrls` ENABLE KEYS */;
UNLOCK TABLES;

--
-- Table structure for table `rootLevels`
--

DROP TABLE IF EXISTS `rootLevels`;
/*!40101 SET @saved_cs_client     = @@character_set_client */;
/*!40101 SET character_set_client = utf8 */;
CREATE TABLE `rootLevels` (
  `id` bigint(20) unsigned NOT NULL AUTO_INCREMENT,
  `idRootLevelTypes` int(10) unsigned NOT NULL,
  `idRootLevelGroups` int(10) unsigned NOT NULL,
  `idModules` bigint(20) unsigned NOT NULL,
  `href` varchar(64) DEFAULT NULL,
  `idThemes` bigint(20) unsigned DEFAULT NULL,
  `order` int(10) unsigned NOT NULL,
  `active` tinyint(1) NOT NULL DEFAULT '1',
  PRIMARY KEY (`id`),
  KEY `idRootLevelTypes` (`idRootLevelTypes`),
  KEY `idRootLevelGroups` (`idRootLevelGroups`)
) ENGINE=InnoDB AUTO_INCREMENT=21 DEFAULT CHARSET=utf8 ROW_FORMAT=COMPACT;
/*!40101 SET character_set_client = @saved_cs_client */;

--
-- Dumping data for table `rootLevels`
--

LOCK TABLES `rootLevels` WRITE;
/*!40000 ALTER TABLE `rootLevels` DISABLE KEYS */;
INSERT INTO `rootLevels` VALUES (1,1,1,1,NULL,2,1,1),(2,2,2,2,NULL,NULL,1,1),(3,3,2,2,NULL,NULL,2,1),(4,4,3,3,NULL,NULL,1,1),(5,5,4,3,NULL,NULL,2,1),(6,6,3,3,NULL,NULL,4,1),(7,7,3,3,NULL,NULL,5,1),(8,8,5,4,NULL,NULL,3,1),(9,9,6,4,NULL,NULL,2,1),(10,10,7,4,NULL,NULL,1,1),(11,11,9,5,'/zoolu/global/index/list',NULL,3,1),(12,11,9,5,'/zoolu/global/',NULL,2,1),(13,1,1,1,NULL,2,3,1),(14,1,1,1,NULL,2,2,1),(15,11,10,5,'/zoolu/global/',NULL,4,1),(16,11,8,5,'/zoolu/global/',NULL,1,0),(17,11,11,5,'/zoolu/global/',NULL,1,1),(18,12,2,2,NULL,NULL,3,1),(19,13,12,3,NULL,NULL,3,1),(20,11,13,5,'/zoolu/global/',NULL,1,1);
/*!40000 ALTER TABLE `rootLevels` ENABLE KEYS */;
UNLOCK TABLES;

--
-- Table structure for table `searchFieldTypes`
--

DROP TABLE IF EXISTS `searchFieldTypes`;
/*!40101 SET @saved_cs_client     = @@character_set_client */;
/*!40101 SET character_set_client = utf8 */;
CREATE TABLE `searchFieldTypes` (
  `id` int(10) unsigned NOT NULL AUTO_INCREMENT,
  `title` varchar(255) NOT NULL,
  `description` text,
  PRIMARY KEY (`id`)
) ENGINE=InnoDB AUTO_INCREMENT=7 DEFAULT CHARSET=utf8 ROW_FORMAT=COMPACT;
/*!40101 SET character_set_client = @saved_cs_client */;

--
-- Dumping data for table `searchFieldTypes`
--

LOCK TABLES `searchFieldTypes` WRITE;
/*!40000 ALTER TABLE `searchFieldTypes` DISABLE KEYS */;
INSERT INTO `searchFieldTypes` VALUES (1,'None',NULL),(2,'Keyword','Keyword fields are stored and indexed, meaning that they can be searched as well as displayed in search results. They are not split up into separate words by tokenization. Enumerated database fields usually translate well to Keyword fields in Zend_Search_Lucene.'),(3,'UnIndexed','UnIndexed fields are not searchable, but they are returned with search hits. Database timestamps, primary keys, file system paths, and other external identifiers are good candidates for UnIndexed fields.'),(4,'Binary','Binary fields are not tokenized or indexed, but are stored for retrieval with search hits. They can be used to store any data encoded as a binary string, such as an image icon.'),(5,'Text','Text fields are stored, indexed, and tokenized. Text fields are appropriate for storing information like subjects and titles that need to be searchable as well as returned with search results.'),(6,'UnStored','UnStored fields are tokenized and indexed, but not stored in the index. Large amounts of text are best indexed using this type of field. Storing data creates a larger index on disk, so if you need to search but not redisplay the data, use an UnStored field. UnStored fields are practical when using a Zend_Search_Lucene index in combination with a relational database. You can index large data fields with UnStored fields for searching, and retrieve them from your relational database by using a separate field as an identifier.');
/*!40000 ALTER TABLE `searchFieldTypes` ENABLE KEYS */;
UNLOCK TABLES;

--
-- Table structure for table `sortTypes`
--

DROP TABLE IF EXISTS `sortTypes`;
/*!40101 SET @saved_cs_client     = @@character_set_client */;
/*!40101 SET character_set_client = utf8 */;
CREATE TABLE `sortTypes` (
  `id` bigint(20) unsigned NOT NULL AUTO_INCREMENT,
  `title` varchar(255) NOT NULL,
  PRIMARY KEY (`id`)
) ENGINE=InnoDB DEFAULT CHARSET=utf8;
/*!40101 SET character_set_client = @saved_cs_client */;

--
-- Dumping data for table `sortTypes`
--

LOCK TABLES `sortTypes` WRITE;
/*!40000 ALTER TABLE `sortTypes` DISABLE KEYS */;
/*!40000 ALTER TABLE `sortTypes` ENABLE KEYS */;
UNLOCK TABLES;

--
-- Table structure for table `status`
--

DROP TABLE IF EXISTS `status`;
/*!40101 SET @saved_cs_client     = @@character_set_client */;
/*!40101 SET character_set_client = utf8 */;
CREATE TABLE `status` (
  `id` bigint(20) unsigned NOT NULL AUTO_INCREMENT,
  `title` varchar(255) NOT NULL,
  PRIMARY KEY (`id`)
) ENGINE=InnoDB AUTO_INCREMENT=3 DEFAULT CHARSET=utf8;
/*!40101 SET character_set_client = @saved_cs_client */;

--
-- Dumping data for table `status`
--

LOCK TABLES `status` WRITE;
/*!40000 ALTER TABLE `status` DISABLE KEYS */;
INSERT INTO `status` VALUES (1,'test'),(2,'live');
/*!40000 ALTER TABLE `status` ENABLE KEYS */;
UNLOCK TABLES;

--
-- Table structure for table `statusTitles`
--

DROP TABLE IF EXISTS `statusTitles`;
/*!40101 SET @saved_cs_client     = @@character_set_client */;
/*!40101 SET character_set_client = utf8 */;
CREATE TABLE `statusTitles` (
  `id` bigint(20) unsigned NOT NULL AUTO_INCREMENT,
  `idStatus` bigint(20) unsigned NOT NULL,
  `idLanguages` int(10) unsigned NOT NULL DEFAULT '1',
  `title` varchar(100) NOT NULL,
  PRIMARY KEY (`id`),
  KEY `idStatus` (`idStatus`),
  CONSTRAINT `statusTitles_ibfk_1` FOREIGN KEY (`idStatus`) REFERENCES `status` (`id`) ON DELETE CASCADE
) ENGINE=InnoDB AUTO_INCREMENT=3 DEFAULT CHARSET=utf8;
/*!40101 SET character_set_client = @saved_cs_client */;

--
-- Dumping data for table `statusTitles`
--

LOCK TABLES `statusTitles` WRITE;
/*!40000 ALTER TABLE `statusTitles` DISABLE KEYS */;
INSERT INTO `statusTitles` VALUES (1,1,1,'Test'),(2,2,1,'Veröffentlicht');
/*!40000 ALTER TABLE `statusTitles` ENABLE KEYS */;
UNLOCK TABLES;

--
-- Table structure for table `tabRegions`
--

DROP TABLE IF EXISTS `tabRegions`;
/*!40101 SET @saved_cs_client     = @@character_set_client */;
/*!40101 SET character_set_client = utf8 */;
CREATE TABLE `tabRegions` (
  `id` bigint(20) NOT NULL AUTO_INCREMENT,
  `idTabs` bigint(20) NOT NULL,
  `idRegions` bigint(20) NOT NULL,
  `order` int(10) NOT NULL,
  PRIMARY KEY (`id`)
) ENGINE=InnoDB AUTO_INCREMENT=240 DEFAULT CHARSET=utf8;
/*!40101 SET character_set_client = @saved_cs_client */;

--
-- Dumping data for table `tabRegions`
--

LOCK TABLES `tabRegions` WRITE;
/*!40000 ALTER TABLE `tabRegions` DISABLE KEYS */;
INSERT INTO `tabRegions` VALUES (1,1,1,1),(2,2,2,1),(3,2,3,4),(4,2,4,6),(5,2,5,9),(6,2,6,10),(8,2,8,12),(9,2,9,0),(10,5,10,1),(15,2,11,7),(16,2,12,8),(17,6,13,1),(18,7,2,1),(19,7,9,0),(20,7,14,6),(21,7,15,4),(22,8,2,1),(23,8,9,0),(24,8,11,7),(25,8,16,3),(26,8,17,8),(47,7,8,11),(48,7,3,4),(49,7,4,7),(50,9,10,1),(51,11,2,1),(52,11,3,4),(53,11,4,8),(54,11,5,10),(55,11,6,11),(57,11,8,3),(58,11,9,0),(60,11,12,9),(61,10,18,1),(62,11,19,5),(63,11,20,6),(64,10,21,3),(65,11,22,7),(66,12,2,1),(67,12,3,4),(68,12,4,6),(69,12,8,2),(70,12,9,0),(71,8,23,5),(72,8,3,4),(73,8,4,6),(74,2,24,2),(75,8,24,2),(79,14,26,1),(80,15,27,2),(81,16,28,1),(82,17,29,4),(83,14,30,2),(84,14,31,3),(85,18,32,1),(86,19,33,6),(87,14,34,4),(88,14,35,5),(89,14,36,6),(90,14,37,7),(91,2,38,3),(92,2,39,11),(93,7,40,5),(94,20,41,2),(95,20,42,7),(96,20,43,4),(97,20,44,10),(98,20,45,8),(99,20,46,9),(100,20,47,11),(101,20,48,11),(102,20,49,3),(103,20,50,12),(104,20,2,1),(105,21,41,0),(106,21,2,1),(107,21,43,3),(108,21,15,5),(109,21,14,6),(110,21,4,4),(111,21,8,2),(112,20,51,6),(113,22,9,0),(114,22,2,1),(118,22,8,11),(119,22,52,5),(121,23,9,0),(122,23,53,1),(124,23,3,4),(125,23,4,6),(126,23,11,7),(128,23,55,9),(129,23,6,10),(131,23,8,2),(132,24,2,1),(133,24,9,0),(134,24,14,6),(135,24,15,5),(136,24,8,2),(137,24,3,3),(138,24,4,4),(141,25,9,0),(142,25,2,1),(143,25,8,11),(144,25,54,5),(146,26,9,0),(147,26,2,1),(150,26,3,4),(151,26,4,6),(152,26,11,7),(154,26,5,9),(155,26,6,10),(157,26,8,2),(158,27,9,0),(159,27,2,1),(160,27,8,2),(161,27,3,3),(162,27,4,4),(163,27,15,5),(164,27,14,6),(165,26,56,8),(166,8,57,9),(167,28,58,2),(168,13,25,1),(169,28,9,0),(170,28,3,3),(171,28,4,4),(172,28,11,5),(173,28,12,6),(174,28,5,7),(175,28,6,8),(176,28,8,9),(177,28,2,1),(178,29,59,1),(179,29,60,3),(180,29,61,2),(181,10,61,2),(195,31,2,1),(196,31,3,4),(197,31,4,6),(198,31,5,9),(199,31,6,10),(201,31,8,12),(202,31,9,0),(204,31,12,8),(205,31,24,2),(207,31,39,11),(209,30,62,1),(210,30,63,2),(211,30,64,3),(212,23,50,12),(213,23,65,11),(214,32,2,1),(215,32,3,3),(216,32,4,4),(217,32,5,6),(218,32,6,7),(220,32,8,9),(221,32,9,0),(223,32,12,5),(226,32,39,8),(227,32,66,2),(228,20,67,5),(229,33,9,0),(230,33,2,1),(231,33,8,11),(232,33,68,5),(233,12,15,8),(234,12,14,10),(235,11,69,2),(236,34,9,0),(237,34,2,1),(238,34,8,11),(239,34,70,5);
/*!40000 ALTER TABLE `tabRegions` ENABLE KEYS */;
UNLOCK TABLES;

--
-- Table structure for table `tabTitles`
--

DROP TABLE IF EXISTS `tabTitles`;
/*!40101 SET @saved_cs_client     = @@character_set_client */;
/*!40101 SET character_set_client = utf8 */;
CREATE TABLE `tabTitles` (
  `id` bigint(20) NOT NULL AUTO_INCREMENT,
  `idTabs` bigint(20) NOT NULL,
  `idLanguages` bigint(20) NOT NULL,
  `title` varchar(255) NOT NULL,
  PRIMARY KEY (`id`)
) ENGINE=InnoDB AUTO_INCREMENT=10 DEFAULT CHARSET=utf8;
/*!40101 SET character_set_client = @saved_cs_client */;

--
-- Dumping data for table `tabTitles`
--

LOCK TABLES `tabTitles` WRITE;
/*!40000 ALTER TABLE `tabTitles` DISABLE KEYS */;
INSERT INTO `tabTitles` VALUES (1,14,1,'Übersicht'),(2,15,1,'Anweisung'),(3,16,1,'Ablauf'),(4,17,1,'Schritte'),(5,18,1,'Risiken'),(6,19,1,'Vorschriften / Richtlinien / Sicherheit'),(7,30,1,'Konfiguration'),(8,31,1,'Allgemein'),(9,26,1,'Allgemein');
/*!40000 ALTER TABLE `tabTitles` ENABLE KEYS */;
UNLOCK TABLES;

--
-- Table structure for table `tabs`
--

DROP TABLE IF EXISTS `tabs`;
/*!40101 SET @saved_cs_client     = @@character_set_client */;
/*!40101 SET character_set_client = utf8 */;
CREATE TABLE `tabs` (
  `id` bigint(20) NOT NULL AUTO_INCREMENT,
  `color` char(7) CHARACTER SET latin1 DEFAULT NULL,
  PRIMARY KEY (`id`)
) ENGINE=InnoDB AUTO_INCREMENT=35 DEFAULT CHARSET=utf8;
/*!40101 SET character_set_client = @saved_cs_client */;

--
-- Dumping data for table `tabs`
--

LOCK TABLES `tabs` WRITE;
/*!40000 ALTER TABLE `tabs` DISABLE KEYS */;
INSERT INTO `tabs` VALUES (1,NULL),(2,NULL),(3,NULL),(4,NULL),(5,NULL),(6,NULL),(7,NULL),(8,NULL),(9,NULL),(10,NULL),(11,NULL),(12,NULL),(13,NULL),(14,NULL),(15,NULL),(16,NULL),(17,NULL),(18,NULL),(19,NULL),(20,NULL),(21,NULL),(22,NULL),(23,NULL),(24,NULL),(25,NULL),(26,NULL),(27,NULL),(28,NULL),(29,NULL),(30,NULL),(31,NULL),(32,NULL),(33,NULL),(34,NULL);
/*!40000 ALTER TABLE `tabs` ENABLE KEYS */;
UNLOCK TABLES;

--
-- Table structure for table `tagFiles`
--

DROP TABLE IF EXISTS `tagFiles`;
/*!40101 SET @saved_cs_client     = @@character_set_client */;
/*!40101 SET character_set_client = utf8 */;
CREATE TABLE `tagFiles` (
  `idTags` bigint(20) unsigned NOT NULL,
  `fileId` varchar(32) NOT NULL,
  `version` int(10) unsigned NOT NULL,
  `idLanguages` int(10) unsigned NOT NULL DEFAULT '1',
  PRIMARY KEY (`idTags`,`fileId`,`version`,`idLanguages`),
  KEY `idTags` (`idTags`),
  KEY `idFiles` (`fileId`)
) ENGINE=InnoDB DEFAULT CHARSET=utf8;
/*!40101 SET character_set_client = @saved_cs_client */;

--
-- Dumping data for table `tagFiles`
--

LOCK TABLES `tagFiles` WRITE;
/*!40000 ALTER TABLE `tagFiles` DISABLE KEYS */;
INSERT INTO `tagFiles` VALUES (1,'1',1,1),(1,'1',1,2),(1,'2',1,1),(1,'28',1,1),(1,'3',1,1),(1,'3',1,2),(1,'39',1,1),(1,'39',1,2),(1,'55',1,2),(1,'66',1,1),(1,'67',1,1),(1,'67',1,2),(2,'29',1,1),(4,'15',1,2),(14,'15',1,2),(14,'39',1,2),(15,'39',1,1),(18,'81',1,1),(18,'82',1,1),(19,'83',1,1);
/*!40000 ALTER TABLE `tagFiles` ENABLE KEYS */;
UNLOCK TABLES;

--
-- Table structure for table `tagFolders`
--

DROP TABLE IF EXISTS `tagFolders`;
/*!40101 SET @saved_cs_client     = @@character_set_client */;
/*!40101 SET character_set_client = utf8 */;
CREATE TABLE `tagFolders` (
  `idTags` bigint(20) unsigned NOT NULL,
  `folderId` varchar(32) NOT NULL,
  `version` int(10) unsigned NOT NULL,
  `idLanguages` int(10) unsigned NOT NULL DEFAULT '1',
  PRIMARY KEY (`idTags`,`folderId`,`version`,`idLanguages`),
  KEY `idTags` (`idTags`),
  KEY `idFolders` (`folderId`)
) ENGINE=InnoDB DEFAULT CHARSET=utf8;
/*!40101 SET character_set_client = @saved_cs_client */;

--
-- Dumping data for table `tagFolders`
--

LOCK TABLES `tagFolders` WRITE;
/*!40000 ALTER TABLE `tagFolders` DISABLE KEYS */;
/*!40000 ALTER TABLE `tagFolders` ENABLE KEYS */;
UNLOCK TABLES;

--
-- Table structure for table `tagGlobals`
--

DROP TABLE IF EXISTS `tagGlobals`;
/*!40101 SET @saved_cs_client     = @@character_set_client */;
/*!40101 SET character_set_client = utf8 */;
CREATE TABLE `tagGlobals` (
  `idTags` bigint(20) unsigned NOT NULL,
  `globalId` varchar(32) NOT NULL,
  `version` int(10) unsigned NOT NULL,
  `idLanguages` int(10) unsigned NOT NULL DEFAULT '1',
  PRIMARY KEY (`idTags`,`globalId`,`version`,`idLanguages`),
  KEY `idTags` (`idTags`)
) ENGINE=InnoDB DEFAULT CHARSET=utf8;
/*!40101 SET character_set_client = @saved_cs_client */;

--
-- Dumping data for table `tagGlobals`
--

LOCK TABLES `tagGlobals` WRITE;
/*!40000 ALTER TABLE `tagGlobals` DISABLE KEYS */;
INSERT INTO `tagGlobals` VALUES (1,'4afa92c061f69',1,1),(1,'4afa935fd7c1c',1,1),(1,'4b5860fc08fe4',1,1),(1,'4b6aa33ede16d',1,1),(2,'4afa92c061f69',1,1),(2,'4afa935fd7c1c',1,1),(2,'4b5860fc08fe4',1,1),(3,'4b5860fc08fe4',1,1),(13,'4afa935fd7c1c',1,1);
/*!40000 ALTER TABLE `tagGlobals` ENABLE KEYS */;
UNLOCK TABLES;

--
-- Table structure for table `tagPages`
--

DROP TABLE IF EXISTS `tagPages`;
/*!40101 SET @saved_cs_client     = @@character_set_client */;
/*!40101 SET character_set_client = utf8 */;
CREATE TABLE `tagPages` (
  `idTags` bigint(20) unsigned NOT NULL,
  `pageId` varchar(32) NOT NULL,
  `version` int(10) unsigned NOT NULL,
  `idLanguages` int(10) unsigned NOT NULL DEFAULT '1',
  PRIMARY KEY (`idTags`,`pageId`,`version`,`idLanguages`),
  KEY `idTags` (`idTags`)
) ENGINE=InnoDB DEFAULT CHARSET=utf8;
/*!40101 SET character_set_client = @saved_cs_client */;

--
-- Dumping data for table `tagPages`
--

LOCK TABLES `tagPages` WRITE;
/*!40000 ALTER TABLE `tagPages` DISABLE KEYS */;
INSERT INTO `tagPages` VALUES (1,'4a115ca65d8bb',1,1),(2,'4a681b0f66d2a',1,1),(2,'4afade313b767',1,1),(3,'4a115ca65d8bb',1,1),(3,'4a681b0f66d2a',1,1),(3,'4afade313b767',1,1),(4,'4a112157d69eb',1,1),(4,'4a115ca65d8bb',1,1),(4,'4a115ca65d8bb',1,2),(5,'4a112157d69eb',1,1),(6,'4a115ca65d8bb',1,1),(10,'4a681b0f66d2a',1,1),(20,'4b4dc2ac5fba0',1,1);
/*!40000 ALTER TABLE `tagPages` ENABLE KEYS */;
UNLOCK TABLES;

--
-- Table structure for table `tags`
--

DROP TABLE IF EXISTS `tags`;
/*!40101 SET @saved_cs_client     = @@character_set_client */;
/*!40101 SET character_set_client = utf8 */;
CREATE TABLE `tags` (
  `id` bigint(20) unsigned NOT NULL AUTO_INCREMENT,
  `title` varchar(255) NOT NULL,
  PRIMARY KEY (`id`)
) ENGINE=InnoDB AUTO_INCREMENT=21 DEFAULT CHARSET=utf8;
/*!40101 SET character_set_client = @saved_cs_client */;

--
-- Dumping data for table `tags`
--

LOCK TABLES `tags` WRITE;
/*!40000 ALTER TABLE `tags` DISABLE KEYS */;
INSERT INTO `tags` VALUES (1,'Tag1'),(2,'Tag2'),(3,'Tag3'),(4,'Test1'),(5,'Test2'),(6,'Test3'),(8,'blub'),(10,'Das ist ein langer Tag'),(11,'dieter'),(12,'conny'),(13,'neuer Tag'),(14,'EN'),(15,'DE'),(16,'Xen'),(17,'t'),(18,'Dental'),(19,'Labor'),(20,'Unternehmen');
/*!40000 ALTER TABLE `tags` ENABLE KEYS */;
UNLOCK TABLES;

--
-- Table structure for table `templateExcludedFields`
--

DROP TABLE IF EXISTS `templateExcludedFields`;
/*!40101 SET @saved_cs_client     = @@character_set_client */;
/*!40101 SET character_set_client = utf8 */;
CREATE TABLE `templateExcludedFields` (
  `id` bigint(20) unsigned NOT NULL AUTO_INCREMENT,
  `idTemplates` bigint(20) unsigned NOT NULL,
  `idFields` bigint(20) unsigned NOT NULL,
  PRIMARY KEY (`id`),
  KEY `templateExcludedFields_ibfk_1` (`idTemplates`),
  CONSTRAINT `templateExcludedFields_ibfk_1` FOREIGN KEY (`idTemplates`) REFERENCES `templates` (`id`) ON DELETE CASCADE
) ENGINE=InnoDB AUTO_INCREMENT=83 DEFAULT CHARSET=utf8 ROW_FORMAT=COMPACT;
/*!40101 SET character_set_client = @saved_cs_client */;

--
-- Dumping data for table `templateExcludedFields`
--

LOCK TABLES `templateExcludedFields` WRITE;
/*!40000 ALTER TABLE `templateExcludedFields` DISABLE KEYS */;
INSERT INTO `templateExcludedFields` VALUES (1,1,40),(2,2,3),(3,2,4000),(4,4,3),(5,4,4000),(6,3,3),(8,5,40),(9,6,40),(10,7,40),(11,3,86),(12,4,86),(13,6,86),(14,8,3),(15,8,4),(16,8,86),(17,10,3),(18,11,40),(19,12,3),(20,13,3),(21,14,40),(22,17,40),(23,13,22),(24,13,56),(25,19,22),(26,19,56),(27,19,3),(28,20,40),(29,22,3),(30,22,86),(31,23,11),(32,23,40),(33,24,40),(34,25,3),(35,25,4000),(36,26,40),(37,27,40),(38,28,40),(39,1,173),(40,2,173),(41,3,173),(42,4,173),(43,5,173),(44,6,173),(45,7,173),(46,8,173),(47,9,173),(48,10,173),(50,13,173),(51,15,173),(52,16,173),(53,17,173),(54,18,173),(55,19,173),(56,20,173),(57,21,173),(58,22,173),(59,23,173),(60,24,173),(61,25,173),(62,26,173),(63,27,173),(64,28,173),(66,29,22),(67,29,56),(68,29,3),(69,29,173),(70,16,3),(71,18,3),(72,21,3),(73,30,40),(74,30,173),(75,31,40),(76,31,173),(77,32,173),(78,32,3),(79,33,22),(80,33,56),(81,33,3),(82,33,173);
/*!40000 ALTER TABLE `templateExcludedFields` ENABLE KEYS */;
UNLOCK TABLES;

--
-- Table structure for table `templateExcludedRegions`
--

DROP TABLE IF EXISTS `templateExcludedRegions`;
/*!40101 SET @saved_cs_client     = @@character_set_client */;
/*!40101 SET character_set_client = utf8 */;
CREATE TABLE `templateExcludedRegions` (
  `id` bigint(20) unsigned NOT NULL AUTO_INCREMENT,
  `idTemplates` bigint(20) unsigned NOT NULL,
  `idRegions` bigint(20) unsigned NOT NULL,
  PRIMARY KEY (`id`),
  KEY `templateExcludedRegions_ibfk_1` (`idTemplates`),
  CONSTRAINT `templateExcludedRegions_ibfk_1` FOREIGN KEY (`idTemplates`) REFERENCES `templates` (`id`) ON DELETE CASCADE
) ENGINE=InnoDB AUTO_INCREMENT=27 DEFAULT CHARSET=utf8;
/*!40101 SET character_set_client = @saved_cs_client */;

--
-- Dumping data for table `templateExcludedRegions`
--

LOCK TABLES `templateExcludedRegions` WRITE;
/*!40000 ALTER TABLE `templateExcludedRegions` DISABLE KEYS */;
INSERT INTO `templateExcludedRegions` VALUES (1,3,16),(2,3,23),(3,3,11),(4,1,24),(5,2,24),(6,3,24),(7,10,15),(8,4,40),(9,22,24),(10,22,16),(11,22,11),(12,22,23),(13,26,24),(14,25,24),(15,27,24),(16,1,38),(17,2,38),(18,5,38),(19,6,38),(20,30,24),(21,31,19),(22,31,20),(23,31,22),(24,31,12),(25,31,5),(26,31,6);
/*!40000 ALTER TABLE `templateExcludedRegions` ENABLE KEYS */;
UNLOCK TABLES;

--
-- Table structure for table `templateRegionProperties`
--

DROP TABLE IF EXISTS `templateRegionProperties`;
/*!40101 SET @saved_cs_client     = @@character_set_client */;
/*!40101 SET character_set_client = utf8 */;
CREATE TABLE `templateRegionProperties` (
  `id` bigint(20) unsigned NOT NULL AUTO_INCREMENT,
  `idTemplates` bigint(20) unsigned NOT NULL,
  `idRegions` bigint(20) unsigned NOT NULL,
  `order` int(10) DEFAULT NULL,
  `collapsable` tinyint(1) DEFAULT NULL,
  `isCollapsed` tinyint(1) DEFAULT NULL,
  PRIMARY KEY (`id`),
  KEY `templateRegionProperties_ibfk_1` (`idTemplates`),
  CONSTRAINT `templateRegionProperties_ibfk_1` FOREIGN KEY (`idTemplates`) REFERENCES `templates` (`id`) ON DELETE CASCADE
) ENGINE=InnoDB DEFAULT CHARSET=utf8;
/*!40101 SET character_set_client = @saved_cs_client */;

--
-- Dumping data for table `templateRegionProperties`
--

LOCK TABLES `templateRegionProperties` WRITE;
/*!40000 ALTER TABLE `templateRegionProperties` DISABLE KEYS */;
/*!40000 ALTER TABLE `templateRegionProperties` ENABLE KEYS */;
UNLOCK TABLES;

--
-- Table structure for table `templateTitles`
--

DROP TABLE IF EXISTS `templateTitles`;
/*!40101 SET @saved_cs_client     = @@character_set_client */;
/*!40101 SET character_set_client = utf8 */;
CREATE TABLE `templateTitles` (
  `id` bigint(20) unsigned NOT NULL AUTO_INCREMENT,
  `idTemplates` bigint(20) unsigned NOT NULL,
  `idLanguages` int(10) unsigned NOT NULL DEFAULT '1',
  `title` varchar(255) DEFAULT NULL,
  PRIMARY KEY (`id`),
  KEY `templateTitles_ibfk_1` (`idTemplates`),
  CONSTRAINT `templateTitles_ibfk_1` FOREIGN KEY (`idTemplates`) REFERENCES `templates` (`id`) ON DELETE CASCADE
) ENGINE=InnoDB AUTO_INCREMENT=33 DEFAULT CHARSET=utf8;
/*!40101 SET character_set_client = @saved_cs_client */;

--
-- Dumping data for table `templateTitles`
--

LOCK TABLES `templateTitles` WRITE;
/*!40000 ALTER TABLE `templateTitles` DISABLE KEYS */;
INSERT INTO `templateTitles` VALUES (1,1,1,'Standardseite'),(2,2,1,'Startseite'),(3,3,1,'Portal Startseite'),(4,4,1,'Übersicht'),(5,5,1,'Template Video'),(6,6,1,'Template Text'),(7,7,1,'Veranstaltung'),(8,8,1,'Übersicht Veranstaltung'),(9,9,1,'Prozess'),(10,10,1,'Kollektion'),(11,11,1,'Produkt (einspaltig)'),(12,12,1,'Produkt Übersicht'),(13,13,1,'Produktbaum'),(14,14,1,'Produkt (zweispaltig)'),(15,15,1,'Inhalt'),(16,16,1,'Übersicht'),(17,17,1,'Pressemitteilung'),(18,18,1,'Presseübersicht'),(19,19,1,'Pressebereich'),(20,20,1,'Kurs'),(21,21,1,'Kursübersicht'),(22,22,1,'Produkt Startseite'),(23,24,1,'Produkt Downloads'),(24,25,1,'Formular'),(25,26,1,'Formular'),(26,27,1,'Job'),(27,28,1,'Kontakte'),(28,29,1,'Kurse'),(29,30,1,'Standort'),(30,31,1,'Veranstaltung'),(31,32,1,'Übersicht Veranstaltung'),(32,33,1,'Veranstaltungen');
/*!40000 ALTER TABLE `templateTitles` ENABLE KEYS */;
UNLOCK TABLES;

--
-- Table structure for table `templateTypes`
--

DROP TABLE IF EXISTS `templateTypes`;
/*!40101 SET @saved_cs_client     = @@character_set_client */;
/*!40101 SET character_set_client = utf8 */;
CREATE TABLE `templateTypes` (
  `id` int(10) unsigned NOT NULL AUTO_INCREMENT,
  `idTemplates` bigint(20) unsigned NOT NULL,
  `idTypes` bigint(20) unsigned NOT NULL,
  PRIMARY KEY (`id`)
) ENGINE=InnoDB AUTO_INCREMENT=34 DEFAULT CHARSET=utf8;
/*!40101 SET character_set_client = @saved_cs_client */;

--
-- Dumping data for table `templateTypes`
--

LOCK TABLES `templateTypes` WRITE;
/*!40000 ALTER TABLE `templateTypes` DISABLE KEYS */;
INSERT INTO `templateTypes` VALUES (2,1,2),(3,2,1),(5,4,3),(6,3,4),(7,5,2),(8,6,2),(9,7,2),(10,8,3),(11,10,5),(12,11,6),(13,12,8),(14,13,7),(15,14,6),(16,15,9),(17,16,10),(18,17,11),(19,18,12),(20,19,13),(21,20,14),(22,21,15),(23,22,1),(24,24,6),(25,25,1),(26,26,2),(27,27,2),(28,28,2),(29,29,16),(30,30,2),(31,31,17),(32,32,18),(33,33,19);
/*!40000 ALTER TABLE `templateTypes` ENABLE KEYS */;
UNLOCK TABLES;

--
-- Table structure for table `templates`
--

DROP TABLE IF EXISTS `templates`;
/*!40101 SET @saved_cs_client     = @@character_set_client */;
/*!40101 SET character_set_client = utf8 */;
CREATE TABLE `templates` (
  `id` bigint(20) unsigned NOT NULL AUTO_INCREMENT,
  `genericFormId` varchar(32) NOT NULL,
  `filename` varchar(255) NOT NULL,
  `thumbnail` varchar(255) NOT NULL,
  `active` tinyint(1) NOT NULL DEFAULT '1',
  PRIMARY KEY (`id`)
) ENGINE=InnoDB AUTO_INCREMENT=34 DEFAULT CHARSET=utf8;
/*!40101 SET character_set_client = @saved_cs_client */;

--
-- Dumping data for table `templates`
--

LOCK TABLES `templates` WRITE;
/*!40000 ALTER TABLE `templates` DISABLE KEYS */;
INSERT INTO `templates` VALUES (1,'DEFAULT_PAGE_1','template_1.php','template_01.jpg',1),(2,'DEFAULT_PAGE_1','template_1.php','template_01.jpg',1),(3,'DEFAULT_STARTPAGE','template_startpage.php','template_startpage.jpg',1),(4,'DEFAULT_OVERVIEW','template_overview.php','template_overview.jpg',1),(5,'DEFAULT_PAGE_1','template_video.php','template_video.jpg',0),(6,'DEFAULT_PAGE_1','template_text.php','template_text.jpg',0),(7,'DEFAULT_EVENT','template_event.php','template_event-detail.jpg',0),(8,'DEFAULT_EVENT_OVERVIEW','template_event_overview.php','template_event-overview.jpg',0),(9,'DEFAULT_PROCESS','template_process.php','template_process.jpg',1),(10,'DEFAULT_COLLECTION','template_collection.php','template_collection.jpg',1),(11,'DEFAULT_PRODUCT','template_product.php','template_product.jpg',1),(12,'DEFAULT_PRODUCT_OVERVIEW','template_product_overview.php','template_product_overview.jpg',1),(13,'DEFAULT_PRODUCT_TREE','template_product_tree.php','template_product_tree.jpg',1),(14,'DEFAULT_PRODUCT','template_product_2_columned.php','template_product_2_columned.jpg',1),(15,'DEFAULT_CONTENT','template_content.php','template_content.jpg',0),(16,'DEFAULT_CONTENT_OVERVIEW','template_content_overview.php','template_content_overview.jpg',0),(17,'DEFAULT_PRESS','template_press.php','template_press.jpg',1),(18,'DEFAULT_PRESS_OVERVIEW','template_press_overview.php','template_press_overview.jpg',1),(19,'DEFAULT_PRESS_AREA','template_press_area.php','template_press_area.jpg',1),(20,'DEFAULT_COURSE','template_course.php','template_course.jpg',1),(21,'DEFAULT_COURSE_OVERVIEW','template_course_overview.php','template_course_overview.jpg',1),(22,'DEFAULT_STARTPAGE','template_product_startpage.php','template_product_startpage.jpg',1),(23,'DEFAULT_IFRAME','template_iframe.php','template_iframe.jpg',1),(24,'DEFAULT_PRODUCT','template_product_downloads.php','template_product_downloads.jpg',1),(25,'DEFAULT_FORM','template_form.php','template_form.jpg',1),(26,'DEFAULT_FORM','template_form.php','template_form.jpg',1),(27,'DEFAULT_FORM','template_job.php','template_job.jpg',1),(28,'DEFAULT_LOCATION_C','template_location.php','template_location.jpg',1),(29,'DEFAULT_COURSES','template_courses.php','template_courses.jpg',1),(30,'DEFAULT_PAGE_1','template_headquarters.php','template_headquarters.jpg',1),(31,'DEFAULT_EVENT','template_event.php','template_event-detail.jpg',1),(32,'DEFAULT_EVENT_OVERVIEW','template_event_overview.php','template_event-overview.jpg',1),(33,'DEFAULT_EVENTS','template_events.php','template_events.jpg',1);
/*!40000 ALTER TABLE `templates` ENABLE KEYS */;
UNLOCK TABLES;

--
-- Table structure for table `themes`
--

DROP TABLE IF EXISTS `themes`;
/*!40101 SET @saved_cs_client     = @@character_set_client */;
/*!40101 SET character_set_client = utf8 */;
CREATE TABLE `themes` (
  `id` bigint(20) unsigned NOT NULL AUTO_INCREMENT,
  `title` varchar(255) NOT NULL,
  `path` varchar(255) NOT NULL,
  `idUsers` bigint(20) unsigned NOT NULL,
  `creator` bigint(20) unsigned NOT NULL,
  `created` timestamp NULL DEFAULT NULL,
  `changed` timestamp NOT NULL DEFAULT CURRENT_TIMESTAMP,
  PRIMARY KEY (`id`)
) ENGINE=InnoDB AUTO_INCREMENT=3 DEFAULT CHARSET=utf8;
/*!40101 SET character_set_client = @saved_cs_client */;

--
-- Dumping data for table `themes`
--

LOCK TABLES `themes` WRITE;
/*!40000 ALTER TABLE `themes` DISABLE KEYS */;
INSERT INTO `themes` VALUES (1,'Default','default',2,2,'2009-05-07 07:18:38','2009-05-07 06:48:35'),(2,'Ivoclarvivadent','ivoclarvivadent',2,2,'2009-12-08 14:19:02','2009-12-08 14:19:02');
/*!40000 ALTER TABLE `themes` ENABLE KEYS */;
UNLOCK TABLES;

--
-- Table structure for table `types`
--

DROP TABLE IF EXISTS `types`;
/*!40101 SET @saved_cs_client     = @@character_set_client */;
/*!40101 SET character_set_client = utf8 */;
CREATE TABLE `types` (
  `id` bigint(20) unsigned NOT NULL AUTO_INCREMENT,
  `title` varchar(255) NOT NULL,
  PRIMARY KEY (`id`)
) ENGINE=InnoDB AUTO_INCREMENT=20 DEFAULT CHARSET=utf8;
/*!40101 SET character_set_client = @saved_cs_client */;

--
-- Dumping data for table `types`
--

LOCK TABLES `types` WRITE;
/*!40000 ALTER TABLE `types` DISABLE KEYS */;
INSERT INTO `types` VALUES (1,'startpage'),(2,'page'),(3,'overview'),(4,'portal_startpage'),(5,'collection'),(6,'product'),(7,'product_tree'),(8,'product_overview'),(9,'content'),(10,'content_overview'),(11,'press'),(12,'press_overview'),(13,'press_area'),(14,'course'),(15,'course_overview'),(16,'courses'),(17,'event'),(18,'event_overview'),(19,'events');
/*!40000 ALTER TABLE `types` ENABLE KEYS */;
UNLOCK TABLES;

--
-- Table structure for table `unitCodes`
--

DROP TABLE IF EXISTS `unitCodes`;
/*!40101 SET @saved_cs_client     = @@character_set_client */;
/*!40101 SET character_set_client = utf8 */;
CREATE TABLE `unitCodes` (
  `id` bigint(20) unsigned NOT NULL AUTO_INCREMENT,
  `idUnits` bigint(20) unsigned NOT NULL,
  `idLanguages` int(10) unsigned NOT NULL DEFAULT '1',
  `code` varchar(64) DEFAULT NULL,
  `idUsers` bigint(20) unsigned NOT NULL,
  `changed` timestamp NOT NULL DEFAULT CURRENT_TIMESTAMP ON UPDATE CURRENT_TIMESTAMP,
  PRIMARY KEY (`id`),
  KEY `idCategories` (`idUnits`),
  CONSTRAINT `unitCodes_ibfk_1` FOREIGN KEY (`idUnits`) REFERENCES `units` (`id`) ON DELETE CASCADE
) ENGINE=InnoDB AUTO_INCREMENT=35 DEFAULT CHARSET=utf8 ROW_FORMAT=COMPACT;
/*!40101 SET character_set_client = @saved_cs_client */;

--
-- Dumping data for table `unitCodes`
--

LOCK TABLES `unitCodes` WRITE;
/*!40000 ALTER TABLE `unitCodes` DISABLE KEYS */;
INSERT INTO `unitCodes` VALUES (2,11,1,'',0,'2010-03-26 14:21:29'),(3,12,1,'',0,'2010-03-26 14:21:49'),(4,13,1,'',0,'2010-03-26 14:24:42'),(5,14,1,'',0,'2010-03-29 14:21:25'),(6,15,1,'',0,'2010-03-29 14:22:33'),(7,16,1,'',0,'2010-03-29 14:22:45'),(8,17,1,'',0,'2010-03-29 14:47:02'),(9,18,1,'',0,'2010-03-29 14:47:10'),(10,19,1,'',0,'2010-03-29 14:47:21'),(11,20,1,'',0,'2010-03-29 14:49:55'),(12,21,1,'',0,'2010-03-29 14:50:02'),(13,22,1,'',0,'2010-03-29 14:50:12'),(14,23,1,'',0,'2010-03-29 14:50:43'),(15,24,1,'',0,'2010-03-29 14:50:49'),(16,25,1,'',0,'2010-03-29 14:50:54'),(17,26,1,'',0,'2010-03-29 14:51:01'),(18,27,1,'',0,'2010-03-29 14:51:10'),(19,28,1,'',0,'2010-03-29 14:51:17'),(20,29,1,'',0,'2010-03-29 14:51:23'),(21,30,1,'',0,'2010-03-29 14:51:30'),(22,31,1,'',0,'2010-03-29 14:51:35'),(23,32,1,'',0,'2010-03-29 15:20:50'),(33,42,1,'',0,'2010-03-29 15:41:52'),(34,43,1,'',0,'2010-04-13 14:09:33');
/*!40000 ALTER TABLE `unitCodes` ENABLE KEYS */;
UNLOCK TABLES;

--
-- Table structure for table `unitTitles`
--

DROP TABLE IF EXISTS `unitTitles`;
/*!40101 SET @saved_cs_client     = @@character_set_client */;
/*!40101 SET character_set_client = utf8 */;
CREATE TABLE `unitTitles` (
  `id` bigint(20) unsigned NOT NULL AUTO_INCREMENT,
  `idUnits` bigint(20) unsigned NOT NULL,
  `idLanguages` int(10) unsigned NOT NULL DEFAULT '1',
  `title` varchar(500) DEFAULT NULL,
  PRIMARY KEY (`id`),
  KEY `idUnits` (`idUnits`),
  CONSTRAINT `unitTitles_ibfk_1` FOREIGN KEY (`idUnits`) REFERENCES `units` (`id`) ON DELETE CASCADE
) ENGINE=InnoDB AUTO_INCREMENT=44 DEFAULT CHARSET=utf8 ROW_FORMAT=COMPACT;
/*!40101 SET character_set_client = @saved_cs_client */;

--
-- Dumping data for table `unitTitles`
--

LOCK TABLES `unitTitles` WRITE;
/*!40000 ALTER TABLE `unitTitles` DISABLE KEYS */;
INSERT INTO `unitTitles` VALUES (1,1,1,'Massive Art'),(3,3,1,'Ivoclar Vivadent'),(4,4,1,'Course Trainers'),(8,8,1,'Schaan'),(9,9,1,'Italien'),(11,11,1,'Distributors'),(12,12,1,'Sales'),(13,13,1,'General'),(14,14,1,'US'),(15,15,1,'COM'),(16,16,1,'FR'),(17,17,1,'IT'),(18,18,1,'NZ'),(19,19,1,'PL'),(20,20,1,'RU'),(21,21,1,'SE'),(22,22,1,'AU'),(23,23,1,'COM'),(24,24,1,'FR'),(25,25,1,'IT'),(26,26,1,'NZ'),(27,27,1,'PL'),(28,28,1,'RU'),(29,29,1,'SE'),(30,30,1,'US'),(31,31,1,'AU'),(32,32,1,'Laboratories'),(42,42,1,'Internal'),(43,43,1,'Courses');
/*!40000 ALTER TABLE `unitTitles` ENABLE KEYS */;
UNLOCK TABLES;

--
-- Table structure for table `units`
--

DROP TABLE IF EXISTS `units`;
/*!40101 SET @saved_cs_client     = @@character_set_client */;
/*!40101 SET character_set_client = utf8 */;
CREATE TABLE `units` (
  `id` bigint(20) unsigned NOT NULL AUTO_INCREMENT,
  `idGenericForms` bigint(20) unsigned NOT NULL,
  `idRootLevels` bigint(20) unsigned NOT NULL,
  `idParentUnit` bigint(20) unsigned NOT NULL DEFAULT '0',
  `idRootUnit` bigint(20) unsigned DEFAULT NULL,
  `lft` int(10) unsigned DEFAULT NULL,
  `rgt` int(10) unsigned DEFAULT NULL,
  `depth` int(10) unsigned DEFAULT NULL,
  PRIMARY KEY (`id`),
  KEY `lft` (`lft`),
  KEY `rgt` (`rgt`),
  KEY `idRootCategory` (`idRootUnit`)
) ENGINE=InnoDB AUTO_INCREMENT=44 DEFAULT CHARSET=utf8 ROW_FORMAT=COMPACT;
/*!40101 SET character_set_client = @saved_cs_client */;

--
-- Dumping data for table `units`
--

LOCK TABLES `units` WRITE;
/*!40000 ALTER TABLE `units` DISABLE KEYS */;
INSERT INTO `units` VALUES (1,9,5,0,1,1,2,0),(3,9,5,0,3,1,6,0),(4,9,5,0,4,1,2,0),(8,9,5,3,3,2,3,1),(9,9,5,3,3,4,5,1),(11,9,19,0,11,1,20,0),(12,9,19,0,12,1,20,0),(13,9,19,0,13,1,2,0),(14,9,19,11,11,2,3,1),(15,9,19,11,11,4,5,1),(16,9,19,11,11,6,7,1),(17,9,19,11,11,8,9,1),(18,9,19,11,11,10,11,1),(19,9,19,11,11,12,13,1),(20,9,19,11,11,14,15,1),(21,9,19,11,11,16,17,1),(22,9,19,11,11,18,19,1),(23,9,19,12,12,2,3,1),(24,9,19,12,12,4,5,1),(25,9,19,12,12,6,7,1),(26,9,19,12,12,8,9,1),(27,9,19,12,12,10,11,1),(28,9,19,12,12,12,13,1),(29,9,19,12,12,14,15,1),(30,9,19,12,12,16,17,1),(31,9,19,12,12,18,19,1),(32,9,19,0,32,1,2,0),(42,9,19,0,42,1,2,0),(43,9,19,0,43,1,2,0);
/*!40000 ALTER TABLE `units` ENABLE KEYS */;
UNLOCK TABLES;

--
-- Table structure for table `urlTypes`
--

DROP TABLE IF EXISTS `urlTypes`;
/*!40101 SET @saved_cs_client     = @@character_set_client */;
/*!40101 SET character_set_client = utf8 */;
CREATE TABLE `urlTypes` (
  `id` int(10) unsigned NOT NULL AUTO_INCREMENT,
  `title` varchar(255) NOT NULL,
  PRIMARY KEY (`id`)
) ENGINE=InnoDB AUTO_INCREMENT=3 DEFAULT CHARSET=utf8;
/*!40101 SET character_set_client = @saved_cs_client */;

--
-- Dumping data for table `urlTypes`
--

LOCK TABLES `urlTypes` WRITE;
/*!40000 ALTER TABLE `urlTypes` DISABLE KEYS */;
INSERT INTO `urlTypes` VALUES (1,'pages'),(2,'globals');
/*!40000 ALTER TABLE `urlTypes` ENABLE KEYS */;
UNLOCK TABLES;

--
-- Table structure for table `urls`
--

DROP TABLE IF EXISTS `urls`;
/*!40101 SET @saved_cs_client     = @@character_set_client */;
/*!40101 SET character_set_client = utf8 */;
CREATE TABLE `urls` (
  `id` bigint(20) unsigned NOT NULL AUTO_INCREMENT,
  `relationId` varchar(32) NOT NULL,
  `version` int(10) unsigned NOT NULL,
  `idUrlTypes` int(10) unsigned NOT NULL DEFAULT '1',
  `isMain` tinyint(1) unsigned NOT NULL,
  `idLanguages` int(10) unsigned NOT NULL DEFAULT '1',
  `idParent` bigint(20) unsigned DEFAULT NULL,
  `idParentTypes` int(10) unsigned DEFAULT NULL,
  `url` varchar(255) NOT NULL,
  `idUsers` bigint(20) unsigned NOT NULL,
  `creator` bigint(20) unsigned NOT NULL,
  `created` timestamp NULL DEFAULT NULL,
  `changed` timestamp NOT NULL DEFAULT CURRENT_TIMESTAMP ON UPDATE CURRENT_TIMESTAMP,
  PRIMARY KEY (`id`),
  KEY `relationId` (`relationId`,`version`,`idUrlTypes`,`idLanguages`),
  KEY `relationId_2` (`relationId`),
  KEY `url` (`url`)
) ENGINE=InnoDB AUTO_INCREMENT=248 DEFAULT CHARSET=utf8 ROW_FORMAT=COMPACT;
/*!40101 SET character_set_client = @saved_cs_client */;

--
-- Dumping data for table `urls`
--

LOCK TABLES `urls` WRITE;
/*!40000 ALTER TABLE `urls` DISABLE KEYS */;
INSERT INTO `urls` VALUES (1,'4b4d8dc9a138f',1,1,1,1,NULL,NULL,'',3,3,'2010-03-12 13:33:54','2010-03-12 13:33:54'),(2,'4b4da15087430',1,1,1,1,NULL,NULL,'dental-professional/',3,3,'2010-03-12 13:33:58','2010-03-12 13:33:58'),(3,'4b4da26279384',1,1,1,1,NULL,NULL,'laboratory-professional/',3,3,'2010-03-12 13:34:03','2010-03-12 13:34:03'),(4,'4b4da2f3f290d',1,1,1,1,NULL,NULL,'alle-produkte/',3,3,'2010-03-12 13:34:08','2010-03-12 13:34:08'),(5,'4b4da3e1c4291',1,1,0,1,NULL,NULL,'willkommen-auf-der-internetseite-der-ivoclar-vivadent/',3,3,'2010-03-12 13:34:13','2010-03-15 16:19:05'),(6,'4b4da6aa1ac18',1,1,0,1,NULL,NULL,'willkommen-auf-der-internetseite-der-ivoclar-vivadent/passion-x-vision-x-innovation/',3,3,'2010-03-12 13:34:16','2010-03-15 16:19:05'),(8,'4b4da40da918b',1,1,1,1,NULL,NULL,'karriere/',3,3,'2010-03-12 13:34:27','2010-03-12 13:34:27'),(9,'4b4da41b05a85',1,1,1,1,NULL,NULL,'support/',3,3,'2010-03-12 13:34:30','2010-03-12 13:34:30'),(10,'4b55857146c18',1,1,1,1,NULL,NULL,'kontakt/',3,3,'2010-03-12 13:34:35','2010-03-12 13:34:35'),(11,'4b558b613f159',1,1,1,1,NULL,NULL,'sitemap',3,3,'2010-03-12 13:34:38','2010-03-12 13:34:38'),(12,'4b558b4271b8e',1,1,1,1,NULL,NULL,'impressum',3,3,'2010-03-12 13:34:42','2010-03-12 13:34:42'),(13,'4b4da6bdeafc1',1,1,0,1,NULL,NULL,'willkommen-auf-der-internetseite-der-ivoclar-vivadent/geschichte/',3,3,'2010-03-12 13:34:54','2010-03-15 16:19:05'),(14,'4b4da6c8b5347',1,1,0,1,NULL,NULL,'willkommen-auf-der-internetseite-der-ivoclar-vivadent/zahlen-und-fakten/',3,3,'2010-03-12 13:35:00','2010-03-15 16:19:05'),(15,'4b4da6d5688cb',1,1,0,1,NULL,NULL,'willkommen-auf-der-internetseite-der-ivoclar-vivadent/management/',3,3,'2010-03-12 13:35:03','2010-03-15 16:19:05'),(16,'4b4dc2ac5fba0',1,1,0,1,NULL,NULL,'willkommen-auf-der-internetseite-der-ivoclar-vivadent/einkaufsbedingungen',3,3,'2010-03-12 13:35:07','2010-03-15 16:19:05'),(17,'4b4dc2ccb3e8d',1,1,0,1,NULL,NULL,'willkommen-auf-der-internetseite-der-ivoclar-vivadent/jobs/',3,3,'2010-03-12 13:35:13','2010-03-15 16:19:05'),(18,'4b4dc303af218',1,1,0,1,NULL,NULL,'willkommen-auf-der-internetseite-der-ivoclar-vivadent/jobs/hr-spezialist-mit-it-flair-_50--60__-m_w_---4_208',3,3,'2010-03-12 13:35:16','2010-03-15 16:19:05'),(19,'4b4dc31a83c14',1,1,0,1,NULL,NULL,'willkommen-auf-der-internetseite-der-ivoclar-vivadent/jobs/it-software-developer-_m_w_-100__---1_048',3,3,'2010-03-12 13:35:20','2010-03-15 16:19:05'),(20,'4b4dc70098b2a',1,1,0,1,NULL,NULL,'willkommen-auf-der-internetseite-der-ivoclar-vivadent/jobs/marketing-assistenz-cbe-_100__-m_w_-4_206',3,3,'2010-03-12 13:35:23','2010-03-15 16:19:05'),(21,'4b5860d19b7e6',1,2,0,1,NULL,NULL,'produkte/',3,3,'2010-03-12 13:35:34','2010-03-12 13:45:02'),(22,'4b5860fc1014c',1,2,0,1,NULL,NULL,'produkte/zaehne/',3,3,'2010-03-12 13:36:41','2010-03-12 13:45:02'),(23,'4b6aa33ee46b0',1,2,0,1,NULL,NULL,'produkte/zaehne/vivoperl-pe---frontzaehne',3,3,'2010-03-12 13:37:22','2010-03-12 13:45:02'),(24,'4b99213f386f5',1,2,1,1,NULL,NULL,'pressespiegel/',3,3,'2010-03-12 13:39:21','2010-03-12 13:39:21'),(26,'4b99301c199fc',1,2,1,1,NULL,NULL,'pressespiegel/2010/',3,3,'2010-03-12 13:39:29','2010-03-12 13:39:29'),(28,'4b58618e79dd2',1,2,0,1,NULL,NULL,'sr-phonares-zahnschrank',3,3,'2010-03-12 13:40:11','2010-03-12 13:43:34'),(29,'4b5860df86e03',1,2,1,1,NULL,NULL,'kompetenzen/',3,3,'2010-03-12 13:42:41','2010-03-12 13:42:41'),(30,'4b682560af736',1,2,0,1,NULL,NULL,'zahnschrank-z4---das-beste_',3,3,'2010-03-12 13:43:02','2010-03-12 13:44:26'),(31,'4b58612ac2a1f',1,2,0,1,NULL,NULL,'produkte/zaehne/zahnzubehoer/',3,3,'2010-03-12 13:43:26','2010-03-12 13:45:02'),(32,'4b6fc9a136867',1,2,0,1,NULL,NULL,'produkte/zaehne/zahnzubehoer/zahnschrank/',3,3,'2010-03-12 13:43:30','2010-03-12 13:45:02'),(33,'4b58618e79dd2',1,2,0,1,NULL,NULL,'produkte/zaehne/zahnzubehoer/sr-phonares-zahnschrank',3,3,'2010-03-12 13:43:34','2010-03-12 13:45:02'),(34,'4b58614f4a383',1,2,0,1,NULL,NULL,'produkte/zaehne/zahnzubehoer/zahnschrank-z4---das-beste_',3,3,'2010-03-12 13:43:38','2010-03-12 13:45:02'),(35,'4b586165dcf1b',1,2,0,1,NULL,NULL,'produkte/zaehne/zahnzubehoer/zahnschrank-z6',3,3,'2010-03-12 13:43:41','2010-03-12 13:45:02'),(36,'4b586179c46b1',1,2,0,1,NULL,NULL,'produkte/zaehne/zahnzubehoer/zahnschrank-z12',3,3,'2010-03-12 13:43:44','2010-03-12 13:45:02'),(37,'4b58613c42670',1,2,0,1,NULL,NULL,'produkte/zaehne/zahnzubehoer/sr-phonares-formselector',3,3,'2010-03-12 13:43:48','2010-03-12 13:45:02'),(38,'4b6aa35212a88',1,2,0,1,NULL,NULL,'produkte/zaehne/vivoperl-pe---orthotyp',3,3,'2010-03-12 13:43:56','2010-03-12 13:45:02'),(39,'4b58619f4fcb2',1,2,0,1,NULL,NULL,'produkte/fuellungsmaterialie/',3,3,'2010-03-12 13:44:02','2010-03-12 13:45:02'),(40,'4b5861aa08015',1,2,0,1,NULL,NULL,'produkte/fuellungsmaterialie/composites/',3,3,'2010-03-12 13:44:05','2010-03-12 13:45:02'),(41,'4b58623864aca',1,2,0,1,NULL,NULL,'produkte/fuellungsmaterialie/composites/ips-empress-direct',3,3,'2010-03-12 13:44:09','2010-03-12 13:45:02'),(42,'4b586245918e2',1,2,0,1,NULL,NULL,'produkte/fuellungsmaterialie/composites/tetric-evoceram',3,3,'2010-03-12 13:44:13','2010-03-12 13:45:02'),(43,'4b586253b2f3f',1,2,0,1,NULL,NULL,'produkte/fuellungsmaterialie/composites/tetric-evoflow',3,3,'2010-03-12 13:44:17','2010-03-12 13:45:02'),(44,'4b586260653d3',1,2,0,1,NULL,NULL,'produkte/fuellungsmaterialie/composites/tetric',3,3,'2010-03-12 13:44:21','2010-03-12 13:45:02'),(45,'4b682560af736',1,2,0,1,NULL,NULL,'produkte/fuellungsmaterialie/zahnschrank-z4---das-beste_',3,3,'2010-03-12 13:44:26','2010-03-12 13:45:02'),(46,'4b5861b98b94e',1,2,0,1,NULL,NULL,'produkte/fuellungsmaterialie/compomere/',3,3,'2010-03-12 13:44:33','2010-03-12 13:45:02'),(47,'4b5861c7e0b3f',1,2,0,1,NULL,NULL,'produkte/fuellungsmaterialie/amalgame/',3,3,'2010-03-12 13:44:36','2010-03-12 13:45:02'),(48,'4b5861d9d6fe2',1,2,0,1,NULL,NULL,'produkte/fuellungsmaterialie/amalgame/amalcap-plus',3,3,'2010-03-12 13:44:39','2010-03-12 13:45:02'),(49,'4b58620d2c296',1,2,0,1,NULL,NULL,'produkte/fuellungsmaterialie/amalgame/vivacap',3,3,'2010-03-12 13:44:44','2010-03-12 13:45:02'),(50,'4b58622406b7c',1,2,0,1,NULL,NULL,'produkte/fuellungsmaterialie/amalgame/world-cap',3,3,'2010-03-12 13:44:47','2010-03-12 13:45:02'),(51,'4b5860d19b7e6',1,2,1,1,NULL,NULL,'p/',3,3,'2010-03-12 13:45:02','2010-03-12 13:45:02'),(52,'4b5860fc1014c',1,2,1,1,NULL,NULL,'p/zaehne/',3,3,'2010-03-12 13:45:02','2010-03-12 13:45:02'),(53,'4b6aa33ee46b0',1,2,0,1,NULL,NULL,'p/zaehne/vivoperl-pe---frontzaehne',3,3,'2010-03-12 13:45:02','2010-03-25 16:48:43'),(54,'4b58612ac2a1f',1,2,1,1,NULL,NULL,'p/zaehne/zahnzubehoer/',3,3,'2010-03-12 13:45:02','2010-03-12 13:45:02'),(55,'4b6fc9a136867',1,2,1,1,NULL,NULL,'p/zaehne/zahnzubehoer/zahnschrank/',3,3,'2010-03-12 13:45:02','2010-03-12 13:45:02'),(56,'4b58618e79dd2',1,2,1,1,NULL,NULL,'p/zaehne/zahnzubehoer/sr-phonares-zahnschrank',3,3,'2010-03-12 13:45:02','2010-03-12 13:45:02'),(57,'4b58614f4a383',1,2,1,1,NULL,NULL,'p/zaehne/zahnzubehoer/zahnschrank-z4---das-beste_',3,3,'2010-03-12 13:45:02','2010-03-12 13:45:02'),(58,'4b586165dcf1b',1,2,1,1,NULL,NULL,'p/zaehne/zahnzubehoer/zahnschrank-z6',3,3,'2010-03-12 13:45:02','2010-03-12 13:45:02'),(59,'4b586179c46b1',1,2,1,1,NULL,NULL,'p/zaehne/zahnzubehoer/zahnschrank-z12',3,3,'2010-03-12 13:45:02','2010-03-12 13:45:02'),(60,'4b58613c42670',1,2,1,1,NULL,NULL,'p/zaehne/zahnzubehoer/sr-phonares-formselector',3,3,'2010-03-12 13:45:02','2010-03-12 13:45:02'),(61,'4b6aa35212a88',1,2,1,1,NULL,NULL,'p/zaehne/vivoperl-pe---orthotyp',3,3,'2010-03-12 13:45:02','2010-03-12 13:45:02'),(62,'4b58619f4fcb2',1,2,1,1,NULL,NULL,'p/fuellungsmaterialie/',3,3,'2010-03-12 13:45:02','2010-03-12 13:45:02'),(63,'4b5861aa08015',1,2,1,1,NULL,NULL,'p/fuellungsmaterialie/composites/',3,3,'2010-03-12 13:45:02','2010-03-12 13:45:02'),(64,'4b58623864aca',1,2,1,1,NULL,NULL,'p/fuellungsmaterialie/composites/ips-empress-direct',3,3,'2010-03-12 13:45:02','2010-03-12 13:45:02'),(65,'4b586245918e2',1,2,1,1,NULL,NULL,'p/fuellungsmaterialie/composites/tetric-evoceram',3,3,'2010-03-12 13:45:02','2010-03-12 13:45:02'),(66,'4b586253b2f3f',1,2,1,1,NULL,NULL,'p/fuellungsmaterialie/composites/tetric-evoflow',3,3,'2010-03-12 13:45:02','2010-03-12 13:45:02'),(67,'4b586260653d3',1,2,1,1,NULL,NULL,'p/fuellungsmaterialie/composites/tetric',3,3,'2010-03-12 13:45:02','2010-03-12 13:45:02'),(68,'4b682560af736',1,2,1,1,NULL,NULL,'p/fuellungsmaterialie/zahnschrank-z4---das-beste_',3,3,'2010-03-12 13:45:02','2010-03-12 13:45:02'),(69,'4b5861b98b94e',1,2,1,1,NULL,NULL,'p/fuellungsmaterialie/compomere/',3,3,'2010-03-12 13:45:02','2010-03-12 13:45:02'),(70,'4b5861c7e0b3f',1,2,1,1,NULL,NULL,'p/fuellungsmaterialie/amalgame/',3,3,'2010-03-12 13:45:02','2010-03-12 13:45:02'),(71,'4b5861d9d6fe2',1,2,1,1,NULL,NULL,'p/fuellungsmaterialie/amalgame/amalcap-plus',3,3,'2010-03-12 13:45:02','2010-03-12 13:45:02'),(72,'4b58620d2c296',1,2,1,1,NULL,NULL,'p/fuellungsmaterialie/amalgame/vivacap',3,3,'2010-03-12 13:45:02','2010-03-12 13:45:02'),(73,'4b58622406b7c',1,2,1,1,NULL,NULL,'p/fuellungsmaterialie/amalgame/world-cap',3,3,'2010-03-12 13:45:02','2010-03-12 13:45:02'),(74,'4b9e37a5988aa',1,2,1,1,NULL,NULL,'pressespiegel/2009/',3,3,'2010-03-15 13:35:33','2010-03-15 13:35:33'),(75,'4b9e39154d52c',1,2,1,1,NULL,NULL,'pressespiegel/2009/rundum-geschuetzte-implantate',3,3,'2010-03-15 13:41:41','2010-03-15 13:41:41'),(76,'4b9e5ad3e2ed3',1,2,1,1,NULL,NULL,'kurse/',3,3,'2010-03-15 16:05:39','2010-03-15 16:05:39'),(77,'4b9e5aefc8f29',1,2,1,1,NULL,NULL,'kurse/liechtenstein/',3,3,'2010-03-15 16:06:07','2010-03-15 16:06:07'),(78,'4b9e5b472ef28',1,2,1,1,NULL,NULL,'kurse/liechtenstein/tipps-und-tricks',3,3,'2010-03-15 16:07:35','2010-03-15 16:07:35'),(79,'4b9e5bb9d258e',1,1,0,1,NULL,NULL,'willkommen-auf-der-internetseite-der-ivoclar-vivadent/kurse/',3,3,'2010-03-15 16:09:29','2010-03-15 16:19:05'),(80,'4b4da3e1c4291',1,1,1,1,NULL,NULL,'unternehmen/',3,3,'2010-03-15 16:19:05','2010-03-15 16:19:05'),(81,'4b4da6aa1ac18',1,1,1,1,NULL,NULL,'unternehmen/passion-x-vision-x-innovation/',3,3,'2010-03-15 16:19:05','2010-03-15 16:19:05'),(82,'4b4da6bdeafc1',1,1,1,1,NULL,NULL,'unternehmen/geschichte/',3,3,'2010-03-15 16:19:05','2010-03-15 16:19:05'),(83,'4b4da6c8b5347',1,1,1,1,NULL,NULL,'unternehmen/zahlen-und-fakten/',3,3,'2010-03-15 16:19:05','2010-03-15 16:19:05'),(84,'4b4da6d5688cb',1,1,1,1,NULL,NULL,'unternehmen/management/',3,3,'2010-03-15 16:19:05','2010-03-15 16:19:05'),(85,'4b4dc2ac5fba0',1,1,1,1,NULL,NULL,'unternehmen/einkaufsbedingungen',3,3,'2010-03-15 16:19:05','2010-03-15 16:19:05'),(86,'4b4dc2ccb3e8d',1,1,1,1,NULL,NULL,'unternehmen/jobs/',3,3,'2010-03-15 16:19:05','2010-03-15 16:19:05'),(87,'4b4dc303af218',1,1,1,1,NULL,NULL,'unternehmen/jobs/hr-spezialist-mit-it-flair-_50--60__-m_w_---4_208',3,3,'2010-03-15 16:19:05','2010-03-15 16:19:05'),(88,'4b4dc31a83c14',1,1,1,1,NULL,NULL,'unternehmen/jobs/it-software-developer-_m_w_-100__---1_048',3,3,'2010-03-15 16:19:05','2010-03-15 16:19:05'),(89,'4b4dc70098b2a',1,1,1,1,NULL,NULL,'unternehmen/jobs/marketing-assistenz-cbe-_100__-m_w_-4_206',3,3,'2010-03-15 16:19:05','2010-03-15 16:19:05'),(90,'4b9e5bb9d258e',1,1,1,1,NULL,NULL,'unternehmen/kurse/',3,3,'2010-03-15 16:19:05','2010-03-15 16:19:05'),(91,'4b6aa33ee46b0',1,2,0,2,NULL,NULL,'vivoperl-pe',3,3,'2010-03-16 17:26:59','2010-04-02 12:08:06'),(92,'4b4da3e1c4291',1,1,1,2,NULL,NULL,'company/',3,3,'2010-03-16 17:48:20','2010-03-16 17:48:20'),(94,'4ba0d86d90d56',1,1,1,1,NULL,NULL,'dental-professional/service/',3,3,'2010-03-17 13:26:05','2010-03-17 13:26:05'),(96,'4b4d8dc9a138f',1,1,1,2,NULL,NULL,'',3,3,'2010-03-17 14:33:39','2010-03-17 14:33:39'),(97,'4b4da2f3f290d',1,1,1,2,NULL,NULL,'all-products/',3,3,'2010-03-17 14:34:12','2010-03-17 14:34:12'),(98,'4b5860d19b7e6',1,2,1,2,NULL,NULL,'products/',3,3,'2010-03-17 14:34:54','2010-03-17 14:34:54'),(99,'4b5860fc1014c',1,2,1,2,NULL,NULL,'products/teeths/',3,3,'2010-03-17 14:35:22','2010-03-17 14:35:22'),(101,'4b99213f386f5',1,2,1,2,NULL,NULL,'press/',3,3,'2010-03-17 16:30:54','2010-03-17 16:30:54'),(102,'4b99fc7f1e684',1,2,0,2,NULL,NULL,'color',3,3,'2010-03-17 16:31:20','2010-03-17 16:37:49'),(103,'4b99301c199fc',1,2,1,2,NULL,NULL,'press/2010/',3,3,'2010-03-17 16:37:41','2010-03-17 16:37:41'),(104,'4b99fc7f1e684',1,2,1,2,NULL,NULL,'press/2010/color',3,3,'2010-03-17 16:37:49','2010-03-17 16:37:49'),(105,'4b99fc7f1e684',1,2,1,3,NULL,NULL,'color',3,3,'2010-03-17 16:48:07','2010-03-17 16:48:07'),(106,'4b99fc7f1e684',1,2,1,19,NULL,NULL,'cn',3,3,'2010-03-17 17:04:27','2010-03-17 17:04:27'),(107,'4b4da3ee0b54d',1,1,1,3,NULL,NULL,'press/',3,3,'2010-03-17 17:12:04','2010-03-17 17:12:04'),(108,'4b99213f386f5',1,2,1,3,NULL,NULL,'press/',3,3,'2010-03-17 17:13:20','2010-03-17 17:13:20'),(110,'4ba233237a185',1,1,1,1,NULL,NULL,'dental-professional/produkte-1/test-thomas',3,3,'2010-03-18 14:05:23','2010-03-18 14:05:23'),(111,'4ba2335e68176',1,1,1,1,NULL,NULL,'dental-professional/produkte-1/test',3,3,'2010-03-18 14:06:22','2010-03-18 14:06:22'),(112,'4ba23bdf70b46',1,2,1,1,NULL,NULL,'p/zaehne/zahnzubehoer/zahnschrank/zahnschrank',3,3,'2010-03-18 14:42:39','2010-03-18 14:42:39'),(113,'4ba23cb0a7710',1,2,1,1,NULL,NULL,'p/zaehne/zahnzubehoer/zahnschrank/test/',3,3,'2010-03-18 14:46:08','2010-03-18 14:46:08'),(114,'4ba23cc1d7e70',1,2,1,1,NULL,NULL,'p/zaehne/zahnzubehoer/zahnschrank/test/test',3,3,'2010-03-18 14:46:25','2010-03-18 14:46:25'),(115,'4ba23d4be5d96',1,2,1,1,NULL,NULL,'p/zaehne/zahnzubehoer/zahnschrank/test/ips-empress-direct',3,3,'2010-03-18 14:48:48','2010-03-18 14:48:48'),(116,'4ba23da952c17',1,2,1,1,NULL,NULL,'p/zaehne/zahnzubehoer/zahnschrank/ips-empress-direct',3,3,'2010-03-18 14:50:25','2010-03-18 14:50:25'),(122,'4b4da15087430',1,1,1,2,NULL,NULL,'dental-professional/',3,3,'2010-03-19 09:13:20','2010-03-19 09:13:20'),(123,'4ba0d8771c181',1,1,0,2,NULL,NULL,'dental-professional/courses/',3,3,'2010-03-19 09:13:43','2010-04-02 13:04:03'),(124,'4ba0d86d90d56',1,1,1,2,NULL,NULL,'dental-professional/service/',3,3,'2010-03-19 09:13:53','2010-03-19 09:13:53'),(125,'4ba0d68f4bd92',1,1,1,1,NULL,NULL,'dental-professional/produkte/',3,3,'2010-03-19 09:14:11','2010-03-19 09:14:11'),(127,'4ba0d68f4bd92',1,1,0,2,NULL,NULL,'dental-professional/products-2/',3,3,'2010-03-19 09:14:23','2010-03-19 09:14:36'),(128,'4ba0d68f4bd92',1,1,1,2,NULL,NULL,'dental-professional/products-1/',3,3,'2010-03-19 09:14:36','2010-03-19 09:14:36'),(131,'4ba34d1ed1337',1,1,1,1,NULL,NULL,'dental-professional/service/test',3,3,'2010-03-19 10:08:30','2010-03-19 10:08:30'),(132,'4ba34d1ed1337',1,1,1,2,NULL,NULL,'dental-professional/service/test',3,3,'2010-03-19 10:13:34','2010-03-19 10:13:34'),(133,'4ba34e568c64b',1,1,1,1,NULL,NULL,'dental-professional/service/test',3,3,'2010-03-19 10:13:42','2010-03-19 10:13:42'),(134,'4ba34ea708fb8',1,1,1,1,NULL,NULL,'dental-professional/service/test',3,3,'2010-03-19 10:15:03','2010-03-19 10:15:03'),(135,'4ba34eccc1347',1,1,1,1,NULL,NULL,'dental-professional/service/test',3,3,'2010-03-19 10:15:40','2010-03-19 10:15:40'),(136,'4ba34f56c9ee5',1,1,1,2,NULL,NULL,'dental-professional/service/test',3,3,'2010-03-19 10:17:58','2010-03-19 10:17:58'),(137,'4ba34f56c9ee5',1,1,1,1,NULL,NULL,'dental-professional/service/test',3,3,'2010-03-19 10:18:27','2010-03-19 10:18:27'),(138,'4ba3505b6df5b',1,2,1,2,NULL,NULL,'products/teeths/test-product',3,3,'2010-03-19 10:22:19','2010-03-19 10:22:19'),(139,'4ba3505b6df5b',1,2,1,1,NULL,NULL,'p/zaehne/test-product',3,3,'2010-03-19 10:23:37','2010-03-19 10:23:37'),(140,'4ba350b855a4b',1,2,1,3,NULL,NULL,'test',3,3,'2010-03-19 10:23:52','2010-03-19 10:23:52'),(141,'4ba350b855a4b',1,2,1,1,NULL,NULL,'p/zaehne/test',3,3,'2010-03-19 10:24:03','2010-03-19 10:24:03'),(142,'4ba351188df94',1,2,1,3,NULL,NULL,'test',3,3,'2010-03-19 10:25:28','2010-03-19 10:25:28'),(143,'4ba351c552bc5',1,2,1,1,NULL,NULL,'p/zaehne/test',3,3,'2010-03-19 10:28:21','2010-03-19 10:28:21'),(146,'4ba352d5002d5',1,1,1,19,NULL,NULL,'asdf',3,3,'2010-03-19 10:32:53','2010-03-19 10:32:53'),(147,'4ba35311cc61e',1,1,1,23,NULL,NULL,'test',3,3,'2010-03-19 10:33:53','2010-03-19 10:33:53'),(148,'4ba3537d53839',1,1,1,3,NULL,NULL,'test',3,3,'2010-03-19 10:35:41','2010-03-19 10:35:41'),(149,'4ba355dc7be57',1,1,1,1,NULL,NULL,'dental-professional/service/test',3,3,'2010-03-19 10:45:48','2010-03-19 10:45:48'),(150,'4ba356e050464',1,1,1,3,NULL,NULL,'',3,3,'2010-03-19 10:50:08','2010-03-19 10:50:08'),(151,'4ba3571b8db84',1,1,1,1,NULL,NULL,'dental-professional/service/test/',3,3,'2010-03-19 10:51:07','2010-03-19 10:51:07'),(152,'4ba357279ea63',1,1,1,3,NULL,NULL,'test/',3,3,'2010-03-19 10:51:19','2010-03-19 10:51:19'),(158,'4ba37f44d7fa7',1,2,1,1,NULL,NULL,'sub-sub-group/',3,3,'2010-03-19 13:42:52','2010-03-19 13:42:52'),(159,'4ba37f7f1ea73',1,1,1,2,NULL,NULL,'dental-professional/service/test/',3,3,'2010-03-19 13:43:27','2010-03-19 13:43:27'),(160,'4ba37fa65add5',1,2,1,1,NULL,NULL,'pressespiegel/2008/',3,3,'2010-03-19 13:45:07','2010-03-19 13:45:07'),(161,'4ba37fa65add5',1,2,0,2,NULL,NULL,'press//',3,3,'2010-03-19 13:45:14','2010-03-19 13:45:34'),(162,'4ba37fa65add5',1,2,1,2,NULL,NULL,'press/2008/',3,3,'2010-03-19 13:45:34','2010-03-19 13:45:34'),(163,'4ba38069f0c23',1,2,1,1,NULL,NULL,'pressespiegel/2007/',3,3,'2010-03-19 13:47:22','2010-03-19 13:47:22'),(164,'4ba3822c2cdd2',1,2,1,2,NULL,NULL,'press/2006/',3,3,'2010-03-19 13:54:52','2010-03-19 13:54:52'),(167,'4ba38d464bf0c',1,2,1,1,NULL,NULL,'p/zaehne/zahnzubehoer/zahnschrank/zubehoer/',3,3,'2010-03-19 14:42:14','2010-03-19 14:42:14'),(169,'4ba38f5024d6f',1,2,1,1,NULL,NULL,'p/zaehne/zahnzubehoer/zahnschrank/zubehoer/erweiterung',3,3,'2010-03-19 14:50:56','2010-03-19 14:50:56'),(170,'4ba37f7f1ea73',1,1,1,1,NULL,NULL,'dental-professional/service/test/',3,3,'2010-03-19 14:51:56','2010-03-19 14:51:56'),(171,'4ba357279ea63',1,1,1,1,NULL,NULL,'dental-professional/service/test-1/',3,3,'2010-03-19 14:51:59','2010-03-19 14:51:59'),(172,'4ba399aa78e01',1,1,0,1,NULL,NULL,'dental-professional/specials/programat-p500_g2-color',3,3,'2010-03-19 15:35:06','2010-03-22 11:29:04'),(174,'4ba754463894a',1,1,1,1,NULL,NULL,'alle-produkte/kurse/',3,3,'2010-03-22 11:28:06','2010-03-22 11:28:06'),(175,'4ba75453b1f9d',1,1,1,1,NULL,NULL,'alle-produkte/service/',3,3,'2010-03-22 11:28:19','2010-03-22 11:28:19'),(176,'4ba754665fb91',1,1,1,1,NULL,NULL,'alle-produkte/specials/',3,3,'2010-03-22 11:28:38','2010-03-22 11:28:38'),(177,'4ba20460732d4',1,1,1,1,NULL,NULL,'alle-produkte/specials/',3,3,'2010-03-22 11:29:04','2010-03-22 11:29:04'),(178,'4ba399aa78e01',1,1,1,1,NULL,NULL,'alle-produkte/specials/programat-p500_g2-color',3,3,'2010-03-22 11:29:04','2010-03-22 11:29:04'),(179,'4ba754952c2e7',1,1,1,1,NULL,NULL,'dental-professional/specials/',3,3,'2010-03-22 11:29:25','2010-03-22 11:29:25'),(180,'4ba75422b9839',1,1,1,1,NULL,NULL,'alle-produkte/produkte/',3,3,'2010-03-23 07:57:28','2010-03-23 07:57:28'),(182,'4ba0d8771c181',1,1,1,1,NULL,NULL,'dental-professional/presse/',3,3,'2010-03-23 14:41:35','2010-03-23 14:41:35'),(183,'4ba8c810edfd4',1,1,0,1,NULL,NULL,'karriere/massive-art',2,2,'2010-03-23 14:46:41','2010-03-23 15:37:06'),(184,'4ba8c810edfd4',1,1,1,1,NULL,NULL,'karriere/jobs',2,2,'2010-03-23 15:37:06','2010-03-23 15:37:06'),(185,'4ba8e35fa9c52',1,1,1,1,NULL,NULL,'karriere/enews',2,2,'2010-03-23 15:50:55','2010-03-23 15:50:55'),(186,'4ba9f7aa92b9b',1,2,1,1,NULL,NULL,'pressespiegel/2008-1/',3,3,'2010-03-24 11:29:46','2010-03-24 11:29:46'),(187,'4b4da3ee0b54d',1,1,1,1,NULL,NULL,'medien/',3,3,'2010-03-25 13:51:01','2010-03-25 13:51:01'),(188,'4bab6a5b3237e',1,1,1,1,NULL,NULL,'medien/presse/',3,3,'2010-03-25 13:51:23','2010-03-25 13:51:23'),(189,'4b6aa33ee46b0',1,2,1,1,NULL,NULL,'p/zaehne/vivoperl-pe-frontzaehne',21,21,'2010-03-25 16:48:43','2010-03-25 16:48:43'),(190,'4bab948fa7c6d',1,2,1,1,NULL,NULL,'kompetenzen/tetric',21,21,'2010-03-25 16:51:36','2010-03-25 16:51:36'),(192,'4b6aa33ee46b0',1,2,1,2,NULL,NULL,'products/teeths/vivoperl-pe',3,3,'2010-04-02 12:08:06','2010-04-02 12:08:06'),(193,'4b6aa33ee46b0',1,2,1,3,NULL,NULL,'vivoperl-pe',3,3,'2010-04-02 12:08:31','2010-04-02 12:08:31'),(194,'4ba0d68f4bd92',1,1,1,3,NULL,NULL,'/',3,3,'2010-04-02 12:42:34','2010-04-02 12:42:34'),(195,'4b55857146c18',1,1,1,2,NULL,NULL,'contact/',3,3,'2010-04-02 12:44:11','2010-04-02 12:44:11'),(196,'4ba0d8771c181',1,1,1,3,NULL,NULL,'press-1/',3,3,'2010-04-02 12:49:30','2010-04-02 12:49:30'),(202,'4ba0d8771c181',1,1,1,2,NULL,NULL,'dental-professional/press/',3,3,'2010-04-02 13:04:03','2010-04-02 13:04:03'),(204,'4ba75422b9839',1,1,1,2,NULL,NULL,'all-products/produkte/',3,3,'2010-04-02 13:13:13','2010-04-02 13:13:13'),(205,'4b4da3ee0b54d',1,1,1,2,NULL,NULL,'media/',3,3,'2010-04-07 09:11:26','2010-04-07 09:11:26'),(206,'4bab6a5b3237e',1,1,1,2,NULL,NULL,'media/press/',3,3,'2010-04-07 09:11:57','2010-04-07 09:11:57'),(207,'4bbd7bd801751',1,1,1,1,NULL,NULL,'karriere/webmaster',2,2,'2010-04-08 06:46:48','2010-04-08 06:46:48'),(208,'4bbdd48de4805',1,1,1,1,NULL,NULL,'kontakt/distributoren',2,2,'2010-04-08 13:05:18','2010-04-08 13:05:18'),(210,'4b99fc7f1e684',1,2,1,1,NULL,NULL,'pressespiegel/2010/bringt-farbe-ins-labor',3,3,'2010-04-08 13:57:22','2010-04-08 13:57:22'),(212,'4bc334f4e3bda',1,1,1,1,NULL,NULL,'alle-produkte/',3,3,'2010-04-12 14:57:56','2010-04-12 14:57:56'),(213,'4bc3420684f17',1,1,1,1,NULL,NULL,'kontakt/sales',2,2,'2010-04-12 15:53:42','2010-04-12 15:53:42'),(214,'4bc34290a3565',1,1,1,1,NULL,NULL,'kontakt/bps-labors',2,2,'2010-04-12 15:56:00','2010-04-12 15:56:00'),(216,'4bc590c4a49b6',1,1,1,1,NULL,NULL,'dental-professional/kurse/',3,3,'2010-04-14 09:54:12','2010-04-14 09:54:12'),(217,'4bc5ae12201b2',1,2,1,1,NULL,NULL,'kurse/icde-liechtenstein/',3,3,'2010-04-14 11:59:14','2010-04-14 11:59:14'),(218,'4bc5b69090d3c',1,1,1,1,NULL,NULL,'support/kurse/',3,3,'2010-04-14 12:35:28','2010-04-14 12:35:28'),(219,'4bc5b7f1da58c',1,2,1,1,NULL,NULL,'kurse/icde-liechtenstein/implantatprothetik_-mit-sr-phonares-zum-erfolg',3,3,'2010-04-14 12:41:21','2010-04-14 12:41:21'),(220,'4bc71c5cbe102',1,1,1,1,NULL,NULL,'specials/',3,3,'2010-04-15 14:02:04','2010-04-15 14:02:04'),(221,'4bc71c6a31ff3',1,1,1,1,NULL,NULL,'specials/enews',3,3,'2010-04-15 14:02:18','2010-04-15 14:02:18'),(222,'4bc8499764a47',1,1,1,1,NULL,NULL,'specials/product-updates---der-newsletter',3,3,'2010-04-16 11:27:19','2010-04-16 11:27:19'),(223,'4bc861a487b47',1,1,1,1,NULL,NULL,'kontakt/standort',3,3,'2010-04-16 13:09:56','2010-04-16 13:09:56'),(228,'4bcec4a2c1b70',1,1,1,1,NULL,NULL,'dental-professional/messen-und-events/',3,3,'2010-04-21 09:25:54','2010-04-21 09:25:54'),(239,'4bcecd09a3373',1,2,1,1,NULL,NULL,'messen/',3,3,'2010-04-21 10:02:50','2010-04-21 10:02:50'),(244,'4bcdc339c24b3',1,2,1,1,NULL,NULL,'messen/2010/',3,3,'2010-04-21 10:03:06','2010-04-21 10:03:06'),(245,'4bcdcf1d42a52',1,2,1,1,NULL,NULL,'messen/2010/famdent-_-hyderabad_-indien',3,3,'2010-04-21 10:03:06','2010-04-21 10:03:06'),(246,'4bcec0931974d',1,2,1,1,NULL,NULL,'messen/2010/dental-salon-2010_-moscow_-russia',3,3,'2010-04-21 10:03:06','2010-04-21 10:03:06'),(247,'4bcec0a8930ee',1,2,1,1,NULL,NULL,'messen/2010/26th-aacd-annual-scientific-session_-grapevine_-texas_-usa',3,3,'2010-04-21 10:03:06','2010-04-21 10:03:06');
/*!40000 ALTER TABLE `urls` ENABLE KEYS */;
UNLOCK TABLES;

--
-- Table structure for table `userGroups`
--

DROP TABLE IF EXISTS `userGroups`;
/*!40101 SET @saved_cs_client     = @@character_set_client */;
/*!40101 SET character_set_client = utf8 */;
CREATE TABLE `userGroups` (
  `idUsers` bigint(20) NOT NULL,
  `idGroups` bigint(20) NOT NULL,
  PRIMARY KEY (`idUsers`,`idGroups`)
) ENGINE=InnoDB DEFAULT CHARSET=utf8;
/*!40101 SET character_set_client = @saved_cs_client */;

--
-- Dumping data for table `userGroups`
--

LOCK TABLES `userGroups` WRITE;
/*!40000 ALTER TABLE `userGroups` DISABLE KEYS */;
INSERT INTO `userGroups` VALUES (0,1),(1,1),(1,2),(1,3),(1,5),(1,6),(1,7),(2,1),(2,2),(2,5),(3,1),(3,2),(3,5),(4,1),(4,2),(4,3),(4,4),(4,5),(4,6),(4,7),(5,1),(5,3),(6,1),(11,1),(12,2),(12,3),(13,3),(13,5),(14,2),(14,5),(15,3),(16,3),(17,3),(18,5),(19,2),(19,3),(20,1),(20,2),(20,3),(20,4),(20,5),(20,6),(20,7),(21,1),(21,2),(21,3),(21,4),(21,5),(21,6),(21,7),(22,1),(22,2),(22,3),(22,4),(22,5),(22,6),(22,7);
/*!40000 ALTER TABLE `userGroups` ENABLE KEYS */;
UNLOCK TABLES;

--
-- Table structure for table `userProfiles`
--

DROP TABLE IF EXISTS `userProfiles`;
/*!40101 SET @saved_cs_client     = @@character_set_client */;
/*!40101 SET character_set_client = utf8 */;
CREATE TABLE `userProfiles` (
  `id` bigint(20) unsigned NOT NULL,
  `idUsers` bigint(20) unsigned NOT NULL,
  PRIMARY KEY (`id`)
) ENGINE=InnoDB DEFAULT CHARSET=utf8;
/*!40101 SET character_set_client = @saved_cs_client */;

--
-- Dumping data for table `userProfiles`
--

LOCK TABLES `userProfiles` WRITE;
/*!40000 ALTER TABLE `userProfiles` DISABLE KEYS */;
/*!40000 ALTER TABLE `userProfiles` ENABLE KEYS */;
UNLOCK TABLES;

--
-- Table structure for table `users`
--

DROP TABLE IF EXISTS `users`;
/*!40101 SET @saved_cs_client     = @@character_set_client */;
/*!40101 SET character_set_client = utf8 */;
CREATE TABLE `users` (
  `id` int(10) unsigned NOT NULL AUTO_INCREMENT,
  `idLanguages` int(10) unsigned NOT NULL DEFAULT '1',
  `username` varchar(64) NOT NULL,
  `password` varchar(64) NOT NULL,
  `fname` varchar(255) NOT NULL,
  `sname` varchar(255) NOT NULL,
  `creator` bigint(20) unsigned NOT NULL,
  `idUsers` bigint(20) unsigned NOT NULL COMMENT 'Person, letzte Änderung',
  `created` timestamp NULL DEFAULT NULL,
  `changed` timestamp NOT NULL DEFAULT CURRENT_TIMESTAMP,
  PRIMARY KEY (`id`),
  KEY `username` (`username`)
) ENGINE=InnoDB AUTO_INCREMENT=23 DEFAULT CHARSET=utf8;
/*!40101 SET character_set_client = @saved_cs_client */;

--
-- Dumping data for table `users`
--

LOCK TABLES `users` WRITE;
/*!40000 ALTER TABLE `users` DISABLE KEYS */;
INSERT INTO `users` VALUES (1,1,'rainer','163732f752aeeccdbb9630c04fe08e14','Rainer','Schönherr',3,1,'2009-10-07 09:41:35','2010-04-08 08:19:08'),(2,1,'conny','da443a0ad979d5530df38ca1a74e4f80','Cornelius','Hansjakob',1,2,NULL,'2010-03-23 12:50:25'),(3,1,'thomas','090c25cfa555e7685a14d33b1d0f52a1','Thomas','Schedler',2,3,NULL,'2009-10-23 06:35:27'),(4,1,'berndhep','01c2310a3cc00933589d3e2f694343d8','Bernd','Hepberger',3,3,NULL,'2010-03-02 15:58:29'),(5,1,'kate','29ddc288099264c17b07baf44d3f0adc','Kate','Dobler',3,3,NULL,'2009-12-16 08:16:22'),(19,1,'max.mustermann','548eee09b1d8f1bd292433f911abe23a','Max','Mustermann',3,3,'2009-11-09 15:46:24','2009-11-09 15:46:24'),(20,1,'mtr','c8e12b9eac80da5a7c0d282276908ff5','Michael','Trawetzky',3,3,'2009-11-18 14:51:47','2009-12-08 14:39:53'),(21,1,'oliver','acae273a5a5c88b46b36d65a25f5f435','Oliver','Pretz',3,3,'2010-03-25 16:44:54','2010-03-25 16:44:54'),(22,1,'tce','9672795ef405353af552505c3bbafd0c','Tina','Celikovic',3,3,'2010-03-30 09:09:37','2010-03-30 09:09:37');
/*!40000 ALTER TABLE `users` ENABLE KEYS */;
UNLOCK TABLES;

--
-- Table structure for table `validators`
--

DROP TABLE IF EXISTS `validators`;
/*!40101 SET @saved_cs_client     = @@character_set_client */;
/*!40101 SET character_set_client = utf8 */;
CREATE TABLE `validators` (
  `id` bigint(20) unsigned NOT NULL AUTO_INCREMENT,
  `title` varchar(255) NOT NULL,
  PRIMARY KEY (`id`)
) ENGINE=InnoDB AUTO_INCREMENT=20 DEFAULT CHARSET=utf8;
/*!40101 SET character_set_client = @saved_cs_client */;

--
-- Dumping data for table `validators`
--

LOCK TABLES `validators` WRITE;
/*!40000 ALTER TABLE `validators` DISABLE KEYS */;
INSERT INTO `validators` VALUES (1,'Alnum'),(2,'Alpha'),(3,'Barcode'),(4,'Between'),(5,'Ccnum'),(6,'Date'),(7,'Digits'),(8,'EmailAddress'),(9,'Float'),(10,'GreaterThan'),(11,'Hex'),(12,'Hostname'),(13,'InArray'),(14,'Int'),(15,'Ip'),(16,'LessThan'),(17,'NotEmpty'),(18,'Regex'),(19,'StringLength');
/*!40000 ALTER TABLE `validators` ENABLE KEYS */;
UNLOCK TABLES;

--
-- Table structure for table `videoTypes`
--

DROP TABLE IF EXISTS `videoTypes`;
/*!40101 SET @saved_cs_client     = @@character_set_client */;
/*!40101 SET character_set_client = utf8 */;
CREATE TABLE `videoTypes` (
  `id` bigint(20) unsigned NOT NULL AUTO_INCREMENT,
  `title` varchar(255) NOT NULL,
  PRIMARY KEY (`id`)
) ENGINE=InnoDB AUTO_INCREMENT=3 DEFAULT CHARSET=utf8;
/*!40101 SET character_set_client = @saved_cs_client */;

--
-- Dumping data for table `videoTypes`
--

LOCK TABLES `videoTypes` WRITE;
/*!40000 ALTER TABLE `videoTypes` DISABLE KEYS */;
INSERT INTO `videoTypes` VALUES (1,'Vimeo'),(2,'Youtube');
/*!40000 ALTER TABLE `videoTypes` ENABLE KEYS */;
UNLOCK TABLES;

--
-- Table structure for table `virtualFolderTypes`
--

DROP TABLE IF EXISTS `virtualFolderTypes`;
/*!40101 SET @saved_cs_client     = @@character_set_client */;
/*!40101 SET character_set_client = utf8 */;
CREATE TABLE `virtualFolderTypes` (
  `id` int(10) unsigned NOT NULL AUTO_INCREMENT,
  `title` varchar(20) NOT NULL,
  PRIMARY KEY (`id`)
) ENGINE=InnoDB AUTO_INCREMENT=3 DEFAULT CHARSET=utf8;
/*!40101 SET character_set_client = @saved_cs_client */;

--
-- Dumping data for table `virtualFolderTypes`
--

LOCK TABLES `virtualFolderTypes` WRITE;
/*!40000 ALTER TABLE `virtualFolderTypes` DISABLE KEYS */;
INSERT INTO `virtualFolderTypes` VALUES (1,'shallow'),(2,'deep');
/*!40000 ALTER TABLE `virtualFolderTypes` ENABLE KEYS */;
UNLOCK TABLES;
/*!40103 SET TIME_ZONE=@OLD_TIME_ZONE */;

/*!40101 SET SQL_MODE=@OLD_SQL_MODE */;
/*!40014 SET FOREIGN_KEY_CHECKS=@OLD_FOREIGN_KEY_CHECKS */;
/*!40014 SET UNIQUE_CHECKS=@OLD_UNIQUE_CHECKS */;
/*!40101 SET CHARACTER_SET_CLIENT=@OLD_CHARACTER_SET_CLIENT */;
/*!40101 SET CHARACTER_SET_RESULTS=@OLD_CHARACTER_SET_RESULTS */;
/*!40101 SET COLLATION_CONNECTION=@OLD_COLLATION_CONNECTION */;
/*!40111 SET SQL_NOTES=@OLD_SQL_NOTES */;

-- Dump completed on 2010-04-22 18:11:37
