-- phpMyAdmin SQL Dump
-- version 3.2.2.1deb1
-- http://www.phpmyadmin.net
--
-- Host: localhost
-- Erstellungszeit: 16. Februar 2011 um 09:52
-- Server Version: 5.1.37
-- PHP-Version: 5.2.10-2ubuntu6.7

SET SQL_MODE="NO_AUTO_VALUE_ON_ZERO";


/*!40101 SET @OLD_CHARACTER_SET_CLIENT=@@CHARACTER_SET_CLIENT */;
/*!40101 SET @OLD_CHARACTER_SET_RESULTS=@@CHARACTER_SET_RESULTS */;
/*!40101 SET @OLD_COLLATION_CONNECTION=@@COLLATION_CONNECTION */;
/*!40101 SET NAMES utf8 */;

--
-- Datenbank: `zoolu`
--

-- --------------------------------------------------------

--
-- Tabellenstruktur für Tabelle `actions`
--

CREATE TABLE IF NOT EXISTS `actions` (
  `id` bigint(20) unsigned NOT NULL AUTO_INCREMENT,
  `title` varchar(255) NOT NULL,
  PRIMARY KEY (`id`)
) ENGINE=InnoDB  DEFAULT CHARSET=utf8 AUTO_INCREMENT=5 ;

--
-- Daten für Tabelle `actions`
--

INSERT INTO `actions` (`id`, `title`) VALUES
(1, 'add'),
(2, 'edit'),
(3, 'change_template'),
(4, 'change_template_id');

-- --------------------------------------------------------

--
-- Tabellenstruktur für Tabelle `categories`
--

CREATE TABLE IF NOT EXISTS `categories` (
  `id` bigint(20) unsigned NOT NULL AUTO_INCREMENT,
  `idParentCategory` bigint(20) unsigned NOT NULL DEFAULT '0',
  `idRootCategory` bigint(20) unsigned DEFAULT NULL,
  `idCategoryTypes` bigint(20) unsigned NOT NULL,
  `matchCode` varchar(255) DEFAULT NULL,
  `lft` int(10) unsigned DEFAULT NULL,
  `rgt` int(10) unsigned DEFAULT NULL,
  `depth` int(10) unsigned DEFAULT NULL,
  PRIMARY KEY (`id`),
  KEY `lft` (`lft`),
  KEY `rgt` (`rgt`),
  KEY `idRootCategory` (`idRootCategory`),
  KEY `idParentCategory` (`idParentCategory`)
) ENGINE=InnoDB  DEFAULT CHARSET=utf8 ROW_FORMAT=COMPACT AUTO_INCREMENT=606 ;

--
-- Daten für Tabelle `categories`
--

INSERT INTO `categories` (`id`, `idParentCategory`, `idRootCategory`, `idCategoryTypes`, `matchCode`, `lft`, `rgt`, `depth`) VALUES
(1, 0, 1, 1, NULL, 1, 6, 0),
(11, 0, 11, 2, NULL, 1, 20, 0),
(12, 11, 11, 2, NULL, 2, 13, 1),
(13, 11, 11, 2, NULL, 14, 19, 1),
(14, 13, 11, 2, 'DESC', 15, 16, 2),
(15, 13, 11, 2, 'ASC', 17, 18, 2),
(16, 12, 11, 2, 'alpha', 3, 4, 2),
(17, 12, 11, 2, 'sort', 5, 6, 2),
(18, 12, 11, 2, 'created', 7, 8, 2),
(19, 12, 11, 2, 'changed', 9, 10, 2),
(21, 0, 21, 3, NULL, 1, 2, 0),
(27, 0, 27, 2, NULL, 1, 14, 0),
(28, 27, 27, 2, 'col-1', 2, 3, 1),
(29, 27, 27, 2, 'col-1-img', 4, 5, 1),
(30, 27, 27, 2, 'col-2', 6, 7, 1),
(31, 27, 27, 2, 'col-2-img', 8, 9, 1),
(35, 27, 27, 2, 'list', 10, 11, 1),
(36, 27, 27, 2, 'list-img', 12, 13, 1),
(40, 12, 11, 2, 'published', 11, 12, 2),
(42, 0, 42, 2, NULL, 1, 4, 0),
(43, 42, 42, 2, 'similar_pages', 2, 3, 1),
(48, 0, 48, 2, NULL, 1, 10, 0),
(49, 48, 48, 2, NULL, 2, 9, 1),
(50, 49, 48, 2, NULL, 3, 4, 2),
(51, 49, 48, 2, NULL, 5, 6, 2),
(52, 49, 48, 2, NULL, 7, 8, 2),
(64, 0, 64, 2, NULL, 1, 6, 0),
(65, 64, 64, 2, NULL, 2, 3, 1),
(66, 64, 64, 2, NULL, 4, 5, 1),
(82, 0, 82, 2, NULL, 1, 6, 0),
(83, 82, 82, 2, NULL, 2, 3, 1),
(84, 82, 82, 2, NULL, 4, 5, 1),
(268, 0, 268, 2, NULL, 1, 254, 0),
(271, 268, 268, 2, NULL, 2, 29, 1),
(272, 268, 268, 2, NULL, 30, 105, 1),
(273, 268, 268, 2, NULL, 106, 111, 1),
(274, 268, 268, 2, NULL, 112, 123, 1),
(275, 268, 268, 2, NULL, 124, 149, 1),
(276, 268, 268, 2, NULL, 150, 163, 1),
(277, 268, 268, 2, NULL, 164, 253, 1),
(278, 276, 268, 2, NULL, 151, 152, 2),
(279, 276, 268, 2, NULL, 153, 154, 2),
(280, 276, 268, 2, NULL, 155, 156, 2),
(281, 276, 268, 2, NULL, 157, 158, 2),
(282, 276, 268, 2, NULL, 159, 160, 2),
(284, 276, 268, 2, NULL, 161, 162, 2),
(285, 275, 268, 2, NULL, 125, 126, 2),
(286, 275, 268, 2, NULL, 127, 128, 2),
(287, 275, 268, 2, NULL, 129, 130, 2),
(288, 275, 268, 2, NULL, 131, 132, 2),
(289, 275, 268, 2, NULL, 133, 134, 2),
(290, 275, 268, 2, NULL, 135, 136, 2),
(291, 275, 268, 2, NULL, 137, 138, 2),
(292, 275, 268, 2, NULL, 139, 140, 2),
(293, 275, 268, 2, NULL, 141, 142, 2),
(294, 275, 268, 2, NULL, 143, 144, 2),
(295, 275, 268, 2, NULL, 145, 146, 2),
(296, 275, 268, 2, NULL, 147, 148, 2),
(297, 274, 268, 2, NULL, 113, 114, 2),
(298, 274, 268, 2, NULL, 115, 116, 2),
(299, 273, 268, 2, NULL, 107, 108, 2),
(300, 273, 268, 2, NULL, 109, 110, 2),
(301, 277, 268, 2, NULL, 165, 166, 2),
(302, 277, 268, 2, NULL, 167, 168, 2),
(303, 277, 268, 2, NULL, 169, 170, 2),
(304, 277, 268, 2, NULL, 171, 172, 2),
(305, 277, 268, 2, NULL, 173, 174, 2),
(306, 277, 268, 2, NULL, 175, 176, 2),
(307, 277, 268, 2, NULL, 177, 178, 2),
(308, 277, 268, 2, NULL, 179, 180, 2),
(309, 277, 268, 2, NULL, 181, 182, 2),
(310, 277, 268, 2, NULL, 183, 184, 2),
(311, 277, 268, 2, NULL, 185, 186, 2),
(312, 277, 268, 2, NULL, 187, 188, 2),
(313, 277, 268, 2, NULL, 189, 190, 2),
(314, 277, 268, 2, NULL, 191, 192, 2),
(315, 277, 268, 2, NULL, 193, 194, 2),
(316, 277, 268, 2, NULL, 195, 196, 2),
(317, 277, 268, 2, NULL, 197, 198, 2),
(318, 277, 268, 2, NULL, 199, 200, 2),
(319, 277, 268, 2, NULL, 201, 202, 2),
(320, 277, 268, 2, NULL, 203, 204, 2),
(321, 277, 268, 2, NULL, 205, 206, 2),
(322, 277, 268, 2, NULL, 207, 208, 2),
(323, 277, 268, 2, NULL, 209, 210, 2),
(324, 277, 268, 2, NULL, 211, 212, 2),
(325, 277, 268, 2, NULL, 213, 214, 2),
(326, 277, 268, 2, NULL, 215, 216, 2),
(327, 277, 268, 2, NULL, 217, 218, 2),
(328, 277, 268, 2, NULL, 219, 220, 2),
(329, 277, 268, 2, NULL, 221, 222, 2),
(330, 277, 268, 2, NULL, 223, 224, 2),
(331, 277, 268, 2, NULL, 225, 226, 2),
(332, 277, 268, 2, NULL, 227, 228, 2),
(333, 277, 268, 2, NULL, 229, 230, 2),
(334, 277, 268, 2, NULL, 231, 232, 2),
(335, 277, 268, 2, NULL, 233, 234, 2),
(336, 277, 268, 2, NULL, 235, 236, 2),
(337, 277, 268, 2, NULL, 237, 238, 2),
(338, 277, 268, 2, NULL, 239, 240, 2),
(339, 277, 268, 2, NULL, 241, 242, 2),
(340, 277, 268, 2, NULL, 243, 244, 2),
(341, 277, 268, 2, NULL, 245, 246, 2),
(342, 277, 268, 2, NULL, 247, 248, 2),
(343, 277, 268, 2, NULL, 249, 250, 2),
(344, 277, 268, 2, NULL, 251, 252, 2),
(345, 272, 268, 2, NULL, 31, 32, 2),
(346, 272, 268, 2, NULL, 33, 34, 2),
(347, 272, 268, 2, NULL, 35, 36, 2),
(348, 272, 268, 2, NULL, 37, 38, 2),
(349, 272, 268, 2, NULL, 39, 40, 2),
(350, 272, 268, 2, NULL, 41, 42, 2),
(351, 272, 268, 2, NULL, 43, 44, 2),
(352, 272, 268, 2, NULL, 45, 46, 2),
(353, 272, 268, 2, NULL, 47, 48, 2),
(354, 272, 268, 2, NULL, 49, 50, 2),
(355, 272, 268, 2, NULL, 51, 52, 2),
(356, 272, 268, 2, NULL, 53, 54, 2),
(357, 272, 268, 2, NULL, 55, 56, 2),
(358, 272, 268, 2, NULL, 57, 58, 2),
(359, 272, 268, 2, NULL, 59, 60, 2),
(360, 272, 268, 2, NULL, 61, 62, 2),
(361, 272, 268, 2, NULL, 63, 64, 2),
(362, 272, 268, 2, NULL, 65, 66, 2),
(363, 272, 268, 2, NULL, 67, 68, 2),
(364, 272, 268, 2, NULL, 69, 70, 2),
(365, 272, 268, 2, NULL, 71, 72, 2),
(366, 272, 268, 2, NULL, 73, 74, 2),
(367, 272, 268, 2, NULL, 75, 76, 2),
(368, 272, 268, 2, NULL, 77, 78, 2),
(369, 272, 268, 2, NULL, 79, 80, 2),
(370, 272, 268, 2, NULL, 81, 82, 2),
(371, 272, 268, 2, NULL, 83, 84, 2),
(372, 272, 268, 2, NULL, 85, 86, 2),
(373, 272, 268, 2, NULL, 87, 88, 2),
(374, 272, 268, 2, NULL, 89, 90, 2),
(375, 272, 268, 2, NULL, 91, 92, 2),
(376, 272, 268, 2, NULL, 93, 94, 2),
(377, 272, 268, 2, NULL, 95, 96, 2),
(378, 272, 268, 2, NULL, 97, 98, 2),
(379, 272, 268, 2, NULL, 99, 100, 2),
(380, 272, 268, 2, NULL, 101, 102, 2),
(381, 272, 268, 2, NULL, 103, 104, 2),
(382, 271, 268, 2, NULL, 3, 4, 2),
(383, 271, 268, 2, NULL, 5, 6, 2),
(384, 271, 268, 2, NULL, 7, 8, 2),
(385, 271, 268, 2, NULL, 9, 10, 2),
(386, 271, 268, 2, NULL, 11, 12, 2),
(387, 271, 268, 2, NULL, 13, 14, 2),
(388, 271, 268, 2, NULL, 15, 16, 2),
(389, 271, 268, 2, NULL, 17, 18, 2),
(390, 271, 268, 2, NULL, 19, 20, 2),
(391, 271, 268, 2, NULL, 21, 22, 2),
(392, 271, 268, 2, NULL, 23, 24, 2),
(393, 271, 268, 2, NULL, 25, 26, 2),
(394, 271, 268, 2, NULL, 27, 28, 2),
(448, 0, 448, 2, NULL, 1, 38, 0),
(449, 448, 448, 2, NULL, 2, 3, 1),
(450, 448, 448, 2, NULL, 4, 5, 1),
(451, 448, 448, 2, NULL, 6, 7, 1),
(452, 448, 448, 2, NULL, 8, 9, 1),
(453, 448, 448, 2, NULL, 10, 11, 1),
(454, 448, 448, 2, NULL, 12, 13, 1),
(455, 448, 448, 2, NULL, 14, 15, 1),
(456, 448, 448, 2, NULL, 16, 17, 1),
(457, 448, 448, 2, NULL, 18, 19, 1),
(458, 448, 448, 2, NULL, 20, 21, 1),
(459, 448, 448, 2, NULL, 22, 23, 1),
(460, 448, 448, 2, NULL, 24, 25, 1),
(461, 448, 448, 2, NULL, 26, 27, 1),
(462, 448, 448, 2, NULL, 28, 29, 1),
(463, 448, 448, 2, NULL, 30, 31, 1),
(464, 448, 448, 2, NULL, 32, 33, 1),
(465, 448, 448, 2, NULL, 34, 35, 1),
(532, 274, 268, 2, NULL, 117, 118, 2),
(533, 274, 268, 2, NULL, 119, 120, 2),
(584, 448, 448, 2, NULL, 36, 37, 1),
(595, 274, 268, 2, NULL, 121, 122, 2),
(596, 0, 596, 2, NULL, 1, 4, 0),
(597, 596, 596, 2, NULL, 2, 3, 1),
(603, 0, 603, 2, NULL, 1, 6, 0),
(604, 603, 603, 2, NULL, 2, 3, 1),
(605, 603, 603, 2, NULL, 4, 5, 1);

-- --------------------------------------------------------

--
-- Tabellenstruktur für Tabelle `categoryCodes`
--

CREATE TABLE IF NOT EXISTS `categoryCodes` (
  `id` bigint(20) unsigned NOT NULL AUTO_INCREMENT,
  `idCategories` bigint(20) unsigned NOT NULL,
  `idLanguages` int(10) unsigned NOT NULL DEFAULT '1',
  `code` varchar(64) DEFAULT NULL,
  `idUsers` bigint(20) unsigned NOT NULL,
  `changed` timestamp NOT NULL DEFAULT CURRENT_TIMESTAMP ON UPDATE CURRENT_TIMESTAMP,
  PRIMARY KEY (`id`),
  KEY `idCategories` (`idCategories`)
) ENGINE=InnoDB  DEFAULT CHARSET=utf8 ROW_FORMAT=COMPACT AUTO_INCREMENT=4564 ;

--
-- Daten für Tabelle `categoryCodes`
--

INSERT INTO `categoryCodes` (`id`, `idCategories`, `idLanguages`, `code`, `idUsers`, `changed`) VALUES
(1, 64, 1, 'SUB_NAV_PAGES', 3, '2010-02-10 17:18:01'),
(2, 48, 1, 'STATUS', 3, '2010-02-10 17:18:16'),
(3, 82, 1, 'MEDIA_DISPLAY_OPTIONS', 3, '2010-02-10 17:19:03'),
(4, 83, 1, 'LEFT_ALIGNED', 3, '2010-02-10 17:20:34'),
(5, 84, 1, 'RIGHT_ALIGNED', 3, '2010-02-10 17:20:39'),
(275, 21, 1, '', 3, '2010-03-15 18:32:41'),
(276, 11, 1, '', 3, '2010-03-15 18:32:46'),
(277, 1, 1, '', 3, '2010-03-15 18:32:50'),
(287, 268, 1, 'countries', 22, '2010-07-29 14:40:37'),
(290, 271, 1, 'africa', 22, '2010-03-30 11:15:54'),
(291, 272, 1, 'asia', 22, '2010-03-30 11:19:43'),
(292, 273, 1, 'australia_oceania', 22, '2010-10-06 16:07:58'),
(293, 274, 1, 'northamerica', 22, '2010-03-30 11:23:24'),
(294, 275, 1, 'southamerica', 22, '2010-03-30 11:24:11'),
(295, 276, 1, 'centralamerica', 22, '2010-03-30 11:25:09'),
(296, 277, 1, 'europe', 22, '2010-03-30 11:22:05'),
(297, 271, 2, 'africa', 22, '2010-03-30 11:16:28'),
(298, 272, 2, 'asia', 22, '2010-03-30 11:16:59'),
(299, 273, 2, 'australia_oceania', 22, '2010-10-06 16:07:52'),
(300, 277, 2, 'europe', 22, '2010-03-30 11:22:42'),
(301, 274, 2, 'northamerica', 22, '2010-05-28 11:33:51'),
(302, 275, 2, 'southamerica', 22, '2010-05-28 11:35:58'),
(303, 276, 2, 'centralamerica', 22, '2010-03-30 11:25:32'),
(304, 278, 1, 'CR', 22, '2010-03-30 11:26:19'),
(305, 278, 2, 'CR', 22, '2010-03-30 11:27:03'),
(306, 279, 1, 'DO', 22, '2010-03-30 11:27:36'),
(307, 279, 2, 'DO', 22, '2010-03-30 11:27:54'),
(308, 280, 1, 'SV', 3, '2010-03-31 11:24:04'),
(309, 280, 2, 'SV', 3, '2010-03-31 11:24:09'),
(310, 281, 1, 'GT', 22, '2010-03-30 11:29:26'),
(311, 281, 2, 'GT', 22, '2010-03-30 11:29:54'),
(312, 282, 1, 'HN', 22, '2010-03-30 11:30:15'),
(313, 282, 2, 'HN', 22, '2010-03-30 11:30:42'),
(316, 284, 1, 'PA', 22, '2010-03-30 11:32:17'),
(317, 284, 2, 'PA', 22, '2010-03-30 11:32:41'),
(318, 285, 1, 'RA', 22, '2010-03-30 11:33:40'),
(319, 285, 2, 'RA', 22, '2010-03-30 11:33:58'),
(320, 286, 1, 'BO', 22, '2010-03-30 11:34:44'),
(321, 286, 2, 'BO', 22, '2010-03-30 11:35:06'),
(322, 287, 1, 'BR', 22, '2010-03-30 11:35:33'),
(323, 287, 2, 'BR', 22, '2010-03-30 11:35:50'),
(324, 288, 1, 'CL', 22, '2010-03-30 11:37:04'),
(325, 288, 2, 'CL', 22, '2010-03-30 11:36:46'),
(326, 289, 1, 'EC', 22, '2010-03-30 11:37:24'),
(327, 289, 2, 'EC', 22, '2010-03-30 11:38:05'),
(328, 290, 1, 'CO', 22, '2010-03-30 11:38:42'),
(329, 290, 2, 'CO', 22, '2010-03-30 11:38:59'),
(330, 291, 1, 'NI', 22, '2010-03-30 11:39:37'),
(331, 291, 2, 'NI', 22, '2010-03-30 11:39:50'),
(332, 292, 1, 'AN', 22, '2010-03-30 11:40:55'),
(333, 292, 2, 'AN', 22, '2010-03-30 11:42:25'),
(334, 293, 1, 'PY', 22, '2010-03-30 11:42:44'),
(335, 293, 2, 'PY', 22, '2010-03-30 11:43:26'),
(336, 294, 1, 'PE', 22, '2010-03-30 11:43:52'),
(337, 294, 2, 'PE', 22, '2010-03-30 11:44:11'),
(338, 295, 1, 'UY', 22, '2010-03-30 11:44:27'),
(339, 295, 2, 'UY', 22, '2010-03-30 11:44:55'),
(340, 296, 1, 'VE', 22, '2010-03-30 11:45:31'),
(341, 296, 2, 'VE', 22, '2010-03-30 11:45:58'),
(342, 297, 1, 'CAN', 22, '2010-03-30 11:46:42'),
(343, 297, 2, 'CAN', 22, '2010-03-30 11:46:59'),
(344, 298, 1, 'USA', 22, '2010-03-30 11:47:19'),
(345, 298, 2, 'USA', 22, '2010-03-30 11:47:30'),
(346, 299, 1, 'AUS', 22, '2010-03-30 11:48:22'),
(347, 299, 2, 'AUS', 22, '2010-03-30 11:48:52'),
(348, 300, 1, 'NZ', 22, '2010-03-30 11:49:09'),
(349, 300, 2, 'NZ', 22, '2010-03-30 11:49:22'),
(350, 301, 1, 'AL', 22, '2010-03-30 11:52:30'),
(351, 301, 2, 'AL', 22, '2010-03-30 11:52:52'),
(352, 302, 1, 'AD', 22, '2010-03-30 11:53:20'),
(353, 302, 2, 'AD', 22, '2010-03-30 11:53:46'),
(354, 303, 1, 'B', 22, '2010-03-30 13:02:55'),
(355, 303, 2, 'B', 22, '2010-03-30 11:54:14'),
(356, 304, 1, 'BA', 22, '2010-03-30 13:03:17'),
(357, 304, 2, 'BA', 22, '2010-03-30 13:03:30'),
(358, 305, 1, 'BG', 22, '2010-03-30 13:03:47'),
(359, 305, 2, 'BG', 22, '2010-03-30 13:04:04'),
(360, 306, 1, 'DK', 22, '2010-03-30 13:04:19'),
(361, 306, 2, 'DK', 22, '2010-03-30 13:04:31'),
(362, 307, 1, 'D', 22, '2010-03-30 13:04:50'),
(363, 307, 2, 'D', 22, '2010-03-30 13:05:04'),
(364, 308, 1, 'est', 22, '2010-03-30 13:05:19'),
(365, 308, 2, 'est', 22, '2010-03-30 13:05:36'),
(366, 309, 1, 'FI', 22, '2010-03-30 13:05:58'),
(367, 309, 2, 'FI', 22, '2010-03-30 13:06:15'),
(368, 310, 1, 'F', 22, '2010-03-30 13:06:29'),
(369, 310, 2, 'F', 22, '2010-03-30 13:06:42'),
(370, 311, 1, 'GR', 22, '2010-03-30 13:06:59'),
(371, 311, 2, 'GR', 22, '2010-08-18 12:01:27'),
(372, 312, 1, 'GB', 22, '2010-03-30 13:07:27'),
(373, 312, 2, 'GB', 22, '2010-03-30 13:07:38'),
(374, 313, 1, 'IE', 22, '2010-03-30 13:08:18'),
(375, 313, 2, 'IE', 22, '2010-03-30 13:08:28'),
(376, 314, 1, 'IS', 22, '2010-03-30 13:08:56'),
(377, 314, 2, 'IS', 22, '2010-03-30 13:09:09'),
(378, 315, 1, 'I', 22, '2010-03-30 13:09:25'),
(379, 315, 2, 'I', 22, '2010-03-30 13:09:39'),
(380, 316, 1, 'XK', 22, '2010-03-30 13:09:59'),
(381, 316, 2, 'XK', 22, '2010-03-30 13:10:14'),
(382, 317, 1, 'HR', 22, '2010-03-30 13:10:26'),
(383, 317, 2, 'HR', 22, '2010-03-30 13:10:37'),
(384, 318, 1, 'let', 22, '2010-03-30 13:10:53'),
(385, 318, 2, 'let', 22, '2010-03-30 13:11:06'),
(386, 319, 1, 'FL', 22, '2010-03-30 13:11:24'),
(387, 319, 2, 'FL', 22, '2010-03-30 13:11:37'),
(388, 320, 1, 'lit', 22, '2010-03-30 13:11:51'),
(389, 320, 2, 'lit', 22, '2010-03-30 13:12:05'),
(390, 321, 1, 'L', 22, '2010-03-30 13:12:24'),
(391, 321, 2, 'L', 22, '2010-03-30 13:12:43'),
(392, 322, 1, 'MT', 22, '2010-03-30 13:12:57'),
(393, 322, 2, 'MT', 22, '2010-03-30 13:13:15'),
(394, 323, 1, 'MK', 22, '2010-03-30 13:13:30'),
(395, 323, 2, 'MK', 22, '2010-03-30 13:13:41'),
(396, 324, 1, 'mol', 22, '2010-03-30 13:14:05'),
(397, 324, 2, 'mol', 22, '2010-03-30 13:14:29'),
(398, 325, 1, 'XM', 22, '2010-03-30 13:14:40'),
(399, 325, 2, 'XM', 22, '2010-03-30 13:14:54'),
(400, 326, 1, 'NL', 22, '2010-03-30 13:15:12'),
(401, 326, 2, 'NL', 22, '2010-03-30 13:15:23'),
(402, 327, 1, 'NO', 22, '2010-04-19 10:51:12'),
(403, 327, 2, 'NO', 22, '2010-03-30 13:15:51'),
(404, 328, 1, 'A', 22, '2010-03-30 13:16:22'),
(405, 328, 2, 'A', 22, '2010-03-30 13:16:37'),
(406, 329, 1, 'PL', 22, '2010-03-30 13:16:54'),
(407, 329, 2, 'PL', 22, '2010-03-30 13:17:06'),
(408, 330, 1, 'PT', 22, '2010-03-30 13:17:20'),
(409, 330, 2, 'PT', 22, '2010-03-30 13:17:36'),
(410, 331, 1, 'RO', 22, '2010-03-30 13:17:49'),
(411, 331, 2, 'RO', 22, '2010-03-30 13:18:03'),
(412, 332, 1, 'RUS', 38, '2010-07-13 09:02:47'),
(413, 332, 2, 'RUS', 38, '2010-07-13 09:02:41'),
(414, 333, 1, 'S', 22, '2010-03-30 13:19:14'),
(415, 333, 2, 'S', 22, '2010-03-30 13:19:28'),
(416, 334, 1, 'CH', 22, '2010-03-30 13:19:43'),
(417, 334, 2, 'CH', 22, '2010-03-30 13:19:58'),
(418, 335, 1, 'XS', 22, '2010-03-30 13:20:13'),
(419, 335, 2, 'XS', 22, '2010-03-30 13:20:25'),
(420, 336, 1, 'SK', 22, '2010-03-30 13:20:43'),
(421, 336, 2, 'SK', 22, '2010-03-30 13:20:59'),
(422, 337, 1, 'SLO', 22, '2010-03-30 13:21:16'),
(423, 337, 2, 'SLO', 22, '2010-03-30 13:21:47'),
(424, 338, 1, 'ES', 22, '2010-03-30 13:22:06'),
(425, 338, 2, 'ES', 22, '2010-03-30 13:22:35'),
(426, 339, 1, 'CZ', 22, '2010-08-18 14:40:56'),
(427, 339, 2, 'CZ', 22, '2010-03-30 13:23:13'),
(428, 340, 1, 'TR', 22, '2010-03-30 13:23:32'),
(429, 340, 2, 'TR', 22, '2010-03-30 13:23:47'),
(430, 341, 1, 'UA', 38, '2010-07-13 08:59:56'),
(431, 341, 2, 'UA', 38, '2010-07-13 08:59:47'),
(432, 342, 1, 'HU', 22, '2010-03-30 13:24:53'),
(433, 342, 2, 'HU', 22, '2010-03-30 13:25:07'),
(434, 343, 1, 'BY', 38, '2010-07-13 08:57:03'),
(435, 343, 2, 'BY', 38, '2010-07-13 08:57:10'),
(436, 344, 1, 'CY', 22, '2010-03-30 13:25:58'),
(437, 344, 2, 'CY', 22, '2010-03-30 13:26:14'),
(438, 345, 1, 'AF', 22, '2010-08-05 14:22:17'),
(439, 345, 2, 'AF', 22, '2010-08-05 14:21:39'),
(440, 346, 1, 'arm', 22, '2010-03-30 13:27:16'),
(441, 346, 2, 'arm', 22, '2010-03-30 13:27:35'),
(442, 347, 1, 'asb', 22, '2010-03-30 13:28:00'),
(443, 347, 2, 'asb', 22, '2010-03-30 13:28:10'),
(444, 348, 1, 'BH', 22, '2010-03-30 13:28:34'),
(445, 348, 2, 'BH', 22, '2010-03-30 13:28:40'),
(446, 349, 1, 'BD', 22, '2010-03-30 13:29:02'),
(447, 349, 2, 'BD', 22, '2010-03-30 13:29:14'),
(448, 350, 1, 'CN', 22, '2010-03-30 13:29:26'),
(449, 350, 2, 'CN', 22, '2010-03-30 13:29:44'),
(450, 351, 1, 'geo', 22, '2010-03-30 13:30:05'),
(451, 351, 2, 'geo', 22, '2010-03-30 13:30:17'),
(452, 352, 1, 'hon', 22, '2010-08-05 16:46:31'),
(453, 352, 2, 'hon', 22, '2010-03-30 13:30:47'),
(454, 353, 1, 'IN', 22, '2010-03-30 13:31:07'),
(455, 353, 2, 'IN', 22, '2010-03-30 13:31:21'),
(456, 354, 1, 'ID', 22, '2010-03-30 13:31:34'),
(457, 354, 2, 'ID', 22, '2010-03-30 13:31:45'),
(458, 355, 1, 'IQ', 22, '2010-03-30 13:32:04'),
(459, 355, 2, 'IQ', 22, '2010-03-30 13:32:16'),
(460, 356, 1, 'IR', 22, '2010-03-30 13:32:30'),
(461, 356, 2, 'IR', 22, '2010-03-30 13:32:44'),
(462, 357, 1, 'IL', 22, '2010-03-30 13:33:05'),
(463, 357, 2, 'IL', 22, '2010-03-30 13:33:17'),
(464, 358, 1, 'JP', 22, '2010-03-30 13:33:31'),
(465, 358, 2, 'JP', 22, '2010-03-30 13:33:42'),
(466, 359, 1, 'YE', 22, '2010-03-30 13:33:58'),
(467, 359, 2, 'YE', 21, '2010-07-08 13:46:39'),
(468, 360, 1, 'JO', 22, '2010-03-30 13:34:33'),
(469, 360, 2, 'JO', 22, '2010-03-30 13:34:46'),
(470, 361, 1, 'KH', 22, '2010-03-30 13:35:06'),
(471, 361, 2, 'KH', 22, '2010-03-30 13:35:19'),
(472, 362, 1, 'kas', 22, '2010-03-30 13:35:47'),
(473, 362, 2, 'kas', 22, '2010-03-30 13:36:01'),
(474, 363, 1, 'Qa', 22, '2010-03-30 13:36:19'),
(475, 363, 2, 'Qa', 22, '2010-03-30 13:36:34'),
(476, 364, 1, 'KW', 22, '2010-03-30 13:36:52'),
(477, 364, 2, 'KW', 22, '2010-03-30 13:37:46'),
(478, 365, 1, 'LB', 22, '2010-03-30 13:37:58'),
(479, 365, 2, 'LB', 22, '2010-03-30 13:38:22'),
(480, 366, 1, 'MY', 22, '2010-03-30 13:38:36'),
(481, 366, 2, 'MY', 22, '2010-03-30 13:38:52'),
(482, 367, 1, 'MN', 22, '2010-03-30 13:39:07'),
(483, 367, 2, 'MN', 22, '2010-03-30 13:39:30'),
(484, 368, 1, 'NP', 22, '2010-04-19 10:47:02'),
(485, 368, 2, 'NP', 22, '2010-03-30 13:39:59'),
(486, 369, 1, 'OM', 22, '2010-03-30 13:40:12'),
(487, 369, 2, 'OM', 22, '2010-03-30 13:40:27'),
(488, 370, 1, 'PK', 22, '2010-03-30 13:40:46'),
(489, 370, 2, 'PK', 22, '2010-03-30 13:40:58'),
(490, 371, 1, 'PH', 22, '2010-03-30 13:41:13'),
(491, 371, 2, 'PH', 22, '2010-03-30 13:41:36'),
(492, 372, 1, 'SAR', 22, '2010-03-30 13:41:47'),
(493, 372, 2, 'SAR', 22, '2010-03-30 13:42:08'),
(494, 373, 1, 'SG', 22, '2010-03-30 13:42:18'),
(495, 373, 2, 'SG', 22, '2010-03-30 13:42:32'),
(496, 374, 1, 'LK', 22, '2010-03-30 13:42:52'),
(497, 374, 2, 'LK', 22, '2010-03-30 13:43:08'),
(498, 375, 1, 'KR', 22, '2010-03-30 13:43:25'),
(499, 375, 2, 'KR', 22, '2010-03-30 13:43:38'),
(500, 376, 1, 'SY', 22, '2010-03-30 13:43:55'),
(501, 376, 2, 'SY', 22, '2010-03-30 13:44:59'),
(502, 377, 1, 'TW', 22, '2010-03-30 13:45:20'),
(503, 377, 2, 'TW', 22, '2010-03-30 13:45:37'),
(504, 378, 1, 'TH', 22, '2010-03-30 13:45:58'),
(505, 378, 2, 'TH', 22, '2010-03-30 13:46:08'),
(506, 379, 1, 'usz', 22, '2010-03-30 13:46:27'),
(507, 379, 2, 'usz', 22, '2010-03-30 13:46:48'),
(508, 380, 1, 'AE', 22, '2010-03-30 13:47:07'),
(509, 380, 2, 'AE', 22, '2010-03-30 13:47:33'),
(510, 381, 1, 'VN', 22, '2010-03-30 13:47:45'),
(511, 381, 2, 'VN', 22, '2010-03-30 13:48:02'),
(512, 382, 1, 'EG', 22, '2010-03-30 13:48:33'),
(513, 382, 2, 'EG', 22, '2010-03-30 13:48:43'),
(514, 383, 1, 'DZ', 22, '2010-03-30 13:48:58'),
(515, 383, 2, 'DZ', 22, '2010-03-30 13:49:13'),
(516, 384, 1, 'KO', 22, '2010-03-30 13:49:25'),
(517, 384, 2, 'KO', 22, '2010-07-29 15:07:04'),
(518, 385, 1, 'GH', 22, '2010-03-30 13:49:51'),
(519, 385, 2, 'GH', 22, '2010-03-30 13:50:09'),
(520, 386, 1, 'KN', 22, '2010-03-30 13:50:23'),
(521, 386, 2, 'KN', 22, '2010-07-22 10:34:19'),
(522, 387, 1, 'LY', 22, '2010-03-30 13:50:48'),
(523, 387, 2, 'LY', 22, '2010-07-26 12:55:43'),
(524, 388, 1, 'MA', 22, '2010-03-30 13:51:20'),
(525, 388, 2, 'MA', 22, '2010-03-30 13:51:30'),
(526, 389, 1, 'MU', 22, '2010-07-29 15:56:39'),
(527, 389, 2, 'MU', 22, '2010-07-29 15:56:33'),
(528, 390, 1, 'NG', 22, '2010-03-30 13:52:38'),
(529, 390, 2, 'NG', 22, '2010-03-30 13:52:51'),
(530, 391, 1, 'SE', 22, '2010-03-30 13:53:15'),
(531, 391, 2, 'SE', 22, '2010-03-30 13:53:44'),
(532, 392, 1, 'SA', 22, '2010-03-30 13:53:50'),
(533, 392, 2, 'SA', 22, '2010-07-29 16:18:42'),
(534, 393, 1, 'SU', 22, '2010-03-30 13:54:22'),
(535, 393, 2, 'SU', 22, '2010-03-30 13:54:35'),
(536, 394, 1, 'TN', 22, '2010-03-30 13:54:50'),
(537, 394, 2, 'TN', 22, '2010-03-30 13:55:05'),
(644, 448, 1, '', 2, '2010-04-02 14:22:17'),
(645, 449, 1, 'salutation', 2, '2010-04-02 14:22:35'),
(646, 450, 1, 'title', 2, '2010-04-02 14:22:44'),
(647, 451, 1, 'fname', 2, '2010-04-02 14:22:55'),
(648, 452, 1, 'sname', 2, '2010-04-02 14:23:04'),
(649, 453, 1, 'company', 2, '2010-04-02 14:23:24'),
(650, 454, 1, 'email', 2, '2010-04-02 14:23:39'),
(651, 455, 1, 'phone', 2, '2010-04-02 14:23:56'),
(652, 456, 1, 'fax', 2, '2010-04-02 14:24:04'),
(653, 457, 1, 'function', 2, '2010-04-02 14:24:16'),
(654, 458, 1, 'type', 2, '2010-04-02 14:24:44'),
(655, 459, 1, 'street', 2, '2010-04-02 14:24:54'),
(656, 460, 1, 'zip', 2, '2010-04-02 14:25:05'),
(657, 461, 1, 'city', 2, '2010-04-02 14:25:14'),
(658, 462, 1, 'state', 2, '2010-04-02 14:25:23'),
(659, 463, 1, 'country', 2, '2010-04-02 14:25:36'),
(660, 465, 1, 'message', 2, '2010-04-06 17:35:31'),
(661, 464, 1, 'attachment', 2, '2010-04-06 17:35:31'),
(662, 464, 2, 'attachment', 2, '2010-04-06 17:35:31'),
(669, 451, 2, 'fname', 3, '2010-04-12 16:35:05'),
(670, 449, 2, 'salutation', 2, '2010-04-12 16:36:34'),
(671, 465, 2, 'message', 2, '2010-04-12 16:36:45'),
(672, 462, 2, 'state', 2, '2010-04-12 16:37:04'),
(673, 454, 2, 'email', 2, '2010-04-12 16:37:28'),
(674, 456, 2, 'fax', 2, '2010-04-12 16:37:38'),
(675, 453, 2, 'company', 2, '2010-04-12 16:37:49'),
(676, 457, 2, 'function', 22, '2010-11-09 14:25:51'),
(677, 463, 2, 'country', 2, '2010-04-12 16:38:12'),
(678, 452, 2, 'sname', 2, '2010-04-12 16:38:24'),
(679, 461, 2, 'city', 2, '2010-04-12 16:38:37'),
(680, 460, 2, 'zip', 2, '2010-04-12 16:38:50'),
(681, 459, 2, 'street', 2, '2010-04-12 16:39:02'),
(682, 455, 2, 'phone', 2, '2010-04-12 16:39:13'),
(683, 450, 2, 'title', 2, '2010-04-12 16:39:24'),
(684, 458, 2, 'type', 2, '2010-04-12 16:40:12'),
(691, 275, 3, 'southamerica', 3, '2010-04-16 16:21:28'),
(692, 274, 3, 'northamerica', 3, '2010-04-16 16:22:26'),
(693, 276, 3, 'centralamerica', 3, '2010-04-16 16:23:19'),
(694, 277, 3, 'europe', 3, '2010-04-16 16:23:37'),
(695, 273, 3, 'australia_oceania', 22, '2010-10-06 16:08:05'),
(696, 272, 3, 'asia', 3, '2010-04-16 16:24:24'),
(697, 271, 3, 'africa', 3, '2010-04-16 16:24:51'),
(698, 301, 3, 'AL', 22, '2010-04-19 09:49:31'),
(699, 338, 3, 'ES', 22, '2010-04-19 11:05:45'),
(700, 303, 3, 'B', 22, '2010-04-19 09:57:33'),
(701, 334, 3, 'CH', 22, '2010-04-19 11:07:24'),
(702, 302, 3, 'AD', 22, '2010-04-19 09:50:34'),
(703, 383, 3, 'DZ', 22, '2010-04-19 09:48:05'),
(704, 345, 3, 'AF', 22, '2010-08-05 14:22:35'),
(705, 285, 3, 'RA', 22, '2010-04-19 10:00:38'),
(706, 346, 3, 'arm', 22, '2010-04-19 09:52:45'),
(707, 347, 3, 'asb', 22, '2010-04-19 09:53:38'),
(708, 299, 3, 'AUS', 22, '2010-04-19 09:54:26'),
(709, 328, 3, 'A', 22, '2010-04-19 09:55:14'),
(710, 348, 3, 'BH', 22, '2010-04-19 09:56:20'),
(711, 349, 3, 'BD', 22, '2010-08-05 14:42:17'),
(712, 304, 3, 'BA', 22, '2010-08-18 11:24:17'),
(713, 287, 3, 'BR', 22, '2010-04-19 09:59:30'),
(714, 286, 3, 'BO', 22, '2010-04-19 10:00:14'),
(715, 305, 3, 'BG', 22, '2010-04-19 10:01:05'),
(716, 297, 3, 'CAN', 22, '2010-04-19 10:02:08'),
(717, 288, 3, 'CL', 22, '2010-04-19 10:02:51'),
(718, 350, 3, 'CN', 22, '2010-04-19 10:03:50'),
(719, 350, 6, 'CN', 22, '2010-04-19 10:04:22'),
(720, 278, 3, 'CR', 22, '2010-04-19 10:06:08'),
(721, 306, 3, 'DK', 22, '2010-04-19 10:06:54'),
(722, 384, 3, 'KO', 22, '2010-07-29 15:07:30'),
(723, 384, 6, 'KO', 22, '2010-07-29 15:09:23'),
(724, 307, 3, 'D', 22, '2010-04-19 10:08:28'),
(725, 279, 3, 'DO', 22, '2010-04-19 10:09:19'),
(726, 280, 3, 'SV', 22, '2010-04-19 10:10:41'),
(727, 308, 3, 'est', 22, '2010-04-19 10:11:48'),
(728, 309, 3, 'FI', 22, '2010-04-19 10:12:04'),
(729, 310, 3, 'F', 22, '2010-04-19 10:12:39'),
(730, 351, 3, 'geo', 22, '2010-04-19 10:13:11'),
(731, 311, 3, 'GR', 22, '2010-04-19 10:13:53'),
(732, 281, 3, 'GT', 22, '2010-04-19 10:14:35'),
(733, 282, 3, 'HN', 22, '2010-04-19 10:15:12'),
(734, 352, 3, 'hon', 22, '2010-04-19 11:22:44'),
(735, 353, 3, 'IN', 22, '2010-04-19 10:16:52'),
(736, 354, 3, 'ID', 22, '2010-04-19 10:17:12'),
(737, 355, 3, 'IQ', 22, '2010-08-06 14:56:45'),
(738, 356, 3, 'IR', 22, '2010-04-19 10:18:29'),
(739, 357, 3, 'IL', 22, '2010-04-19 10:19:09'),
(740, 313, 3, 'IE', 22, '2010-04-19 10:19:57'),
(741, 314, 3, 'IS', 22, '2010-08-18 12:53:43'),
(742, 315, 3, 'I', 22, '2010-04-19 10:22:12'),
(743, 358, 3, 'JP', 22, '2010-04-19 10:22:58'),
(744, 359, 3, 'YE', 22, '2010-04-19 10:23:33'),
(745, 360, 3, 'JO', 22, '2010-04-19 10:24:16'),
(746, 361, 3, 'KH', 22, '2010-04-19 10:25:04'),
(747, 362, 3, 'kas', 22, '2010-04-19 10:25:20'),
(748, 363, 3, 'Qa', 22, '2010-04-19 10:26:06'),
(749, 386, 3, 'KN', 22, '2010-04-19 11:24:40'),
(750, 290, 3, 'CO', 22, '2010-04-19 10:28:19'),
(751, 316, 3, 'XK', 22, '2010-04-19 10:28:58'),
(752, 317, 3, 'HR', 22, '2010-04-19 10:29:30'),
(753, 364, 3, 'KW', 22, '2010-04-19 10:30:39'),
(754, 318, 3, 'let', 22, '2010-04-19 10:31:15'),
(755, 319, 3, 'FL', 22, '2010-04-19 10:31:34'),
(756, 320, 3, 'lit', 22, '2010-04-19 10:32:08'),
(757, 365, 3, 'LB', 22, '2010-04-19 10:33:16'),
(758, 290, 6, 'CO', 22, '2010-04-19 10:33:30'),
(759, 321, 3, 'L', 22, '2010-04-19 10:37:35'),
(760, 387, 3, 'LY', 22, '2010-04-19 10:38:16'),
(761, 366, 3, 'MY', 22, '2010-04-19 10:39:09'),
(762, 322, 3, 'MT', 22, '2010-04-19 10:39:50'),
(763, 388, 3, 'MA', 22, '2010-04-19 10:40:22'),
(764, 389, 3, 'MU', 22, '2010-07-29 15:58:26'),
(766, 323, 3, 'MK', 22, '2010-04-19 10:43:30'),
(767, 323, 6, 'MK', 22, '2010-04-19 10:43:07'),
(768, 324, 3, 'mol', 22, '2010-04-19 10:44:51'),
(769, 325, 3, 'XM', 22, '2010-04-19 10:45:34'),
(770, 367, 3, 'MN', 22, '2010-04-19 10:46:33'),
(771, 368, 3, 'NP', 22, '2010-04-19 10:46:55'),
(772, 326, 3, 'NL', 22, '2010-04-19 10:47:59'),
(773, 300, 3, 'NZ', 22, '2010-04-19 10:48:23'),
(774, 292, 3, 'AN', 22, '2010-04-19 10:49:49'),
(775, 292, 6, 'AN', 22, '2010-08-18 10:22:51'),
(776, 327, 3, 'NO', 22, '2010-04-19 10:50:56'),
(777, 369, 3, 'OM', 22, '2010-04-19 10:51:59'),
(778, 370, 3, 'PK', 22, '2010-04-19 10:52:23'),
(779, 284, 3, 'PA', 22, '2010-04-19 10:53:33'),
(780, 293, 3, 'PY', 22, '2010-04-19 10:54:15'),
(781, 294, 3, 'PE', 22, '2010-04-19 10:54:45'),
(782, 371, 3, 'PH', 22, '2010-04-19 10:56:37'),
(783, 329, 3, 'PL', 22, '2010-04-19 10:57:19'),
(784, 330, 3, 'PT', 22, '2010-04-19 10:57:37'),
(785, 331, 3, 'RO', 22, '2010-04-19 10:58:08'),
(786, 392, 3, 'SA', 22, '2010-07-29 16:18:19'),
(787, 391, 3, 'SE', 22, '2010-07-29 16:07:52'),
(788, 372, 3, 'SAR', 22, '2010-04-19 11:01:14'),
(789, 335, 3, 'XS', 22, '2010-04-19 11:12:36'),
(790, 373, 3, 'SG', 22, '2010-04-19 11:02:38'),
(791, 374, 3, 'LK', 22, '2010-04-19 11:08:43'),
(792, 337, 3, 'SLO', 22, '2010-04-19 11:03:50'),
(793, 336, 3, 'SK', 22, '2010-04-19 11:04:56'),
(794, 333, 3, 'S', 22, '2010-04-19 11:06:46'),
(795, 376, 3, 'SY', 22, '2010-04-19 11:08:02'),
(796, 375, 3, 'KR', 22, '2010-04-19 11:08:13'),
(797, 377, 3, 'TW', 22, '2010-04-19 11:09:14'),
(798, 378, 3, 'TH', 22, '2010-04-19 11:09:55'),
(799, 394, 3, 'TN', 22, '2010-04-19 11:10:35'),
(800, 339, 3, 'CZ', 22, '2010-04-19 11:11:11'),
(801, 340, 3, 'TR', 22, '2010-04-19 11:11:50'),
(802, 341, 3, 'UA', 38, '2010-07-13 09:00:05'),
(803, 342, 3, 'HU', 22, '2010-04-19 11:13:37'),
(804, 312, 3, 'GB', 22, '2010-04-19 11:14:04'),
(805, 295, 3, 'UY', 22, '2010-04-19 11:14:39'),
(806, 298, 3, 'USA', 22, '2010-04-19 11:15:14'),
(807, 379, 3, 'usz', 22, '2010-04-19 11:16:02'),
(808, 296, 3, 'VE', 22, '2010-04-19 11:16:40'),
(809, 380, 3, 'AE', 22, '2010-04-19 11:17:10'),
(810, 381, 3, 'VN', 22, '2010-04-19 11:18:00'),
(811, 343, 3, 'BY', 38, '2010-07-13 08:57:19'),
(812, 344, 3, 'CY', 22, '2010-04-19 11:19:22'),
(813, 312, 6, 'GB', 22, '2010-04-19 11:20:24'),
(814, 382, 3, 'EG', 22, '2010-04-19 11:21:58'),
(815, 464, 3, 'attachment', 2, '2010-04-19 16:27:16'),
(816, 449, 3, 'salutation', 2, '2010-04-19 16:27:32'),
(817, 465, 3, 'message', 2, '2010-04-19 16:27:45'),
(818, 462, 3, 'state', 2, '2010-04-19 16:27:59'),
(819, 454, 3, 'email', 2, '2010-04-19 16:28:19'),
(820, 456, 3, 'fax', 2, '2010-04-19 16:28:26'),
(821, 453, 3, 'company', 2, '2010-04-19 16:28:39'),
(822, 457, 3, 'function', 2, '2010-04-19 16:28:53'),
(823, 463, 3, 'country', 2, '2010-04-19 16:29:06'),
(824, 452, 3, 'sname', 2, '2010-04-19 16:29:20'),
(825, 461, 3, 'city', 2, '2010-04-19 16:29:33'),
(826, 460, 3, 'zip', 2, '2010-04-19 16:29:49'),
(827, 459, 3, 'street', 2, '2010-04-19 16:30:01'),
(828, 455, 3, 'phone', 2, '2010-04-19 16:30:12'),
(829, 450, 3, 'title', 2, '2010-04-19 16:30:24'),
(830, 458, 3, 'type', 2, '2010-04-19 16:30:40'),
(831, 451, 3, 'fname', 2, '2010-04-19 16:30:54'),
(906, 29, 2, '', 3, '2010-07-12 11:38:37'),
(907, 28, 2, '', 3, '2010-07-12 11:38:52'),
(908, 31, 2, '', 3, '2010-07-12 11:38:58'),
(909, 30, 2, '', 3, '2010-07-12 11:39:07'),
(910, 36, 2, '', 3, '2010-07-12 11:39:23'),
(911, 35, 2, '', 3, '2010-07-12 11:39:38'),
(912, 43, 2, '', 3, '2010-07-12 11:39:57'),
(913, 83, 2, 'LEFT_ALIGNED', 3, '2010-07-12 11:40:15'),
(914, 84, 2, 'RIGHT_ALIGNED', 3, '2010-07-12 11:40:27'),
(915, 13, 2, '', 3, '2010-07-12 11:40:40'),
(916, 14, 2, '', 3, '2010-07-12 11:44:08'),
(917, 15, 2, '', 3, '2010-07-12 11:41:42'),
(918, 16, 2, '', 3, '2010-07-12 11:45:06'),
(919, 19, 2, '', 38, '2010-07-13 09:33:41'),
(920, 18, 2, '', 3, '2010-07-12 11:45:33'),
(921, 17, 2, '', 3, '2010-07-12 11:45:58'),
(922, 40, 2, '', 3, '2010-07-12 11:46:13'),
(923, 49, 2, '', 3, '2010-07-12 11:46:23'),
(924, 66, 2, '', 3, '2010-07-12 11:46:39'),
(925, 65, 2, '', 3, '2010-07-12 11:46:49'),
(928, 268, 8, '', 38, '2010-07-13 07:53:59'),
(929, 271, 8, 'africa', 38, '2010-07-13 07:56:46'),
(930, 272, 8, 'asia', 38, '2010-07-13 07:56:33'),
(931, 273, 8, 'australia_oceania', 22, '2010-10-06 16:10:12'),
(932, 299, 8, 'AUS', 38, '2010-07-13 07:55:31'),
(933, 300, 8, 'NZ', 38, '2010-07-13 07:55:52'),
(934, 277, 8, 'europe', 38, '2010-07-13 07:56:17'),
(935, 274, 8, 'northamerica', 38, '2010-07-13 07:57:07'),
(936, 275, 8, 'southamerica', 38, '2010-07-13 07:57:40'),
(937, 276, 8, 'centralamerica', 38, '2010-07-13 07:58:05'),
(938, 301, 8, 'AL', 38, '2010-07-13 07:58:51'),
(939, 302, 8, 'AD', 38, '2010-07-13 07:59:08'),
(940, 303, 8, 'B', 38, '2010-07-13 07:59:25'),
(941, 304, 8, 'BA', 38, '2010-07-13 07:59:46'),
(942, 305, 8, 'BG', 38, '2010-07-13 08:00:02'),
(943, 306, 8, 'DK', 38, '2010-07-13 08:00:24'),
(944, 307, 8, 'D', 38, '2010-07-13 08:00:43'),
(945, 308, 8, 'est', 38, '2010-07-13 08:01:04'),
(946, 309, 8, 'FI', 38, '2010-07-13 08:01:52'),
(947, 310, 8, 'F', 38, '2010-07-13 08:02:44'),
(948, 311, 8, 'GR', 38, '2010-07-13 08:03:06'),
(949, 312, 8, 'GB', 38, '2010-07-13 08:03:51'),
(950, 313, 8, 'IE', 38, '2010-07-13 08:04:25'),
(951, 314, 8, 'IS', 38, '2010-07-13 08:05:07'),
(952, 315, 8, 'I', 38, '2010-07-13 08:05:28'),
(953, 316, 8, 'XK', 38, '2010-07-13 08:06:26'),
(954, 317, 8, 'HR', 38, '2010-07-13 08:09:45'),
(955, 318, 8, 'let', 38, '2010-07-13 08:10:10'),
(956, 319, 8, 'FL', 38, '2010-07-13 08:10:59'),
(957, 320, 8, 'lit', 38, '2010-07-13 08:12:26'),
(958, 321, 8, 'L', 38, '2010-07-13 08:13:11'),
(959, 322, 8, 'MT', 38, '2010-07-13 08:13:48'),
(960, 323, 8, 'MK', 38, '2010-07-13 08:14:15'),
(961, 324, 8, 'mol', 38, '2010-07-13 08:14:45'),
(962, 325, 8, 'XM', 38, '2010-07-13 08:15:13'),
(963, 326, 8, 'NL', 38, '2010-07-13 08:16:22'),
(964, 327, 8, 'NO', 38, '2010-07-13 08:25:19'),
(965, 328, 8, 'A', 38, '2010-07-13 08:25:44'),
(966, 329, 8, 'PL', 38, '2010-07-13 08:26:33'),
(967, 330, 8, 'PT', 38, '2010-07-13 08:26:55'),
(968, 331, 8, 'RO', 38, '2010-07-13 08:50:33'),
(969, 332, 8, 'RUS', 38, '2010-07-13 09:03:07'),
(970, 333, 8, 'S', 38, '2010-07-13 08:53:34'),
(971, 334, 8, 'CH', 38, '2010-07-13 08:54:04'),
(972, 344, 8, 'CY', 38, '2010-07-13 08:54:59'),
(973, 343, 8, 'BY', 38, '2010-07-13 08:56:53'),
(974, 342, 8, 'HU', 38, '2010-07-13 08:55:48'),
(975, 341, 8, 'UA', 38, '2010-07-13 09:00:18'),
(976, 340, 8, 'TR', 38, '2010-07-13 09:00:51'),
(977, 339, 8, 'CZ', 38, '2010-07-13 09:01:11'),
(978, 338, 8, 'ES', 38, '2010-07-13 09:01:27'),
(979, 337, 8, 'SLO', 38, '2010-07-13 09:01:44'),
(980, 336, 8, 'SK', 38, '2010-07-13 09:02:07'),
(981, 335, 8, 'XS', 38, '2010-07-13 09:02:30'),
(982, 345, 8, 'AF', 38, '2010-07-13 09:04:19'),
(983, 346, 8, 'arm', 38, '2010-07-13 09:04:37'),
(984, 347, 8, 'asb', 38, '2010-07-13 09:04:54'),
(985, 348, 8, 'BH', 38, '2010-07-13 09:05:09'),
(986, 349, 8, 'BD', 38, '2010-07-13 09:05:24'),
(987, 350, 8, 'CN', 38, '2010-07-13 09:05:38'),
(988, 351, 8, 'geo', 38, '2010-07-13 09:05:53'),
(989, 352, 8, 'hon', 38, '2010-07-13 09:06:36'),
(990, 353, 8, 'IN', 38, '2010-07-13 09:06:56'),
(991, 354, 8, 'ID', 38, '2010-07-13 09:07:11'),
(992, 355, 8, 'IQ', 38, '2010-07-13 09:07:28'),
(993, 356, 8, 'IR', 38, '2010-07-13 09:07:41'),
(994, 357, 8, 'IL', 38, '2010-07-13 09:07:56'),
(995, 358, 8, 'JP', 38, '2010-07-13 09:08:10'),
(996, 359, 8, 'YE', 38, '2010-07-13 09:08:27'),
(997, 360, 8, 'JO', 38, '2010-07-13 09:08:44'),
(998, 361, 8, 'KH', 38, '2010-07-13 09:09:10'),
(999, 362, 8, 'kas', 38, '2010-07-13 09:09:28'),
(1000, 363, 8, 'Qa', 38, '2010-07-13 09:09:42'),
(1001, 364, 8, 'KW', 38, '2010-07-13 09:10:07'),
(1002, 365, 8, 'LB', 38, '2010-07-13 09:10:26'),
(1003, 366, 8, 'MY', 38, '2010-07-13 09:10:42'),
(1004, 367, 8, 'MN', 38, '2010-07-13 09:11:14'),
(1005, 381, 8, 'VN', 38, '2010-07-13 09:11:34'),
(1006, 380, 8, 'AE', 38, '2010-07-13 09:11:57'),
(1007, 379, 8, 'usz', 38, '2010-07-13 09:12:26'),
(1008, 378, 8, 'TH', 38, '2010-07-13 09:12:42'),
(1009, 377, 8, 'TW', 38, '2010-07-13 09:12:58'),
(1010, 376, 8, 'SY', 38, '2010-07-13 09:13:16'),
(1011, 375, 8, 'KR', 38, '2010-07-13 09:13:31'),
(1012, 374, 8, 'LK', 38, '2010-07-13 09:13:55'),
(1013, 373, 8, 'SG', 38, '2010-07-13 09:14:14'),
(1014, 372, 8, 'SAR', 38, '2010-07-13 09:15:02'),
(1015, 371, 8, 'PH', 38, '2010-07-13 09:17:19'),
(1016, 370, 8, 'PK', 38, '2010-07-13 09:17:34'),
(1017, 369, 8, 'OM', 38, '2010-07-13 09:17:53'),
(1018, 368, 8, 'NP', 38, '2010-07-13 09:18:11'),
(1019, 382, 8, 'EG', 38, '2010-07-13 09:18:47'),
(1020, 394, 8, 'TN', 38, '2010-07-13 09:19:04'),
(1021, 393, 8, 'SU', 38, '2010-07-13 09:19:32'),
(1022, 392, 8, 'SA', 38, '2010-07-13 09:20:14'),
(1023, 391, 8, 'SE', 38, '2010-07-13 09:20:31'),
(1024, 390, 8, 'NG', 22, '2010-07-29 16:06:11'),
(1025, 389, 8, 'MU', 22, '2010-07-29 16:01:16'),
(1026, 388, 8, 'MA', 38, '2010-07-13 09:21:25'),
(1027, 387, 8, 'LY', 38, '2010-07-13 09:22:00'),
(1028, 386, 8, 'KN', 38, '2010-07-13 09:22:12'),
(1029, 385, 8, 'GH', 38, '2010-07-13 09:22:25'),
(1030, 384, 8, 'KO', 22, '2010-07-29 15:11:58'),
(1031, 383, 8, 'DZ', 38, '2010-07-13 09:23:39'),
(1032, 297, 8, 'CAN', 38, '2010-07-13 09:24:09'),
(1033, 298, 8, 'USA', 38, '2010-07-13 09:24:25'),
(1034, 296, 8, 'VE', 38, '2010-07-13 09:24:47'),
(1035, 295, 8, 'UY', 38, '2010-07-13 09:25:02'),
(1036, 294, 8, 'PE', 38, '2010-07-13 09:25:22'),
(1037, 293, 8, 'PY', 38, '2010-07-13 09:25:37'),
(1038, 292, 8, 'AN', 38, '2010-07-13 09:26:03'),
(1039, 291, 8, 'NI', 38, '2010-07-13 09:26:18'),
(1040, 290, 8, 'CO', 38, '2010-07-13 09:26:33'),
(1041, 289, 8, 'EC', 38, '2010-07-13 09:26:46'),
(1042, 288, 8, 'CL', 38, '2010-07-13 09:26:59'),
(1043, 287, 8, 'BR', 38, '2010-07-13 09:27:12'),
(1044, 286, 8, 'BO', 38, '2010-07-13 09:27:27'),
(1045, 285, 8, 'RA', 38, '2010-07-13 09:27:40'),
(1046, 278, 8, 'CR', 38, '2010-07-13 09:28:18'),
(1047, 279, 8, 'DO', 38, '2010-07-13 09:29:27'),
(1048, 280, 8, 'SV', 38, '2010-07-13 09:29:42'),
(1049, 281, 8, 'GT', 38, '2010-07-13 09:29:56'),
(1050, 282, 8, 'HN', 38, '2010-07-13 09:30:10'),
(1052, 284, 8, 'PA', 38, '2010-07-13 09:30:43'),
(1053, 11, 8, '', 38, '2010-07-13 09:32:12'),
(1054, 13, 8, '', 38, '2010-07-13 09:32:35'),
(1055, 40, 8, '', 38, '2010-07-13 09:33:05'),
(1056, 17, 8, '', 38, '2010-07-13 09:33:16'),
(1057, 18, 8, '', 38, '2010-07-13 09:33:33'),
(1058, 19, 8, '', 38, '2010-07-13 09:33:53'),
(1059, 16, 8, '', 38, '2010-07-13 09:34:06'),
(1060, 14, 8, '', 38, '2010-07-13 09:34:33'),
(1061, 15, 8, '', 38, '2010-07-13 09:34:46'),
(1062, 49, 8, '', 38, '2010-07-13 09:35:08'),
(1063, 65, 8, '', 38, '2010-07-13 09:35:51'),
(1064, 66, 8, '', 38, '2010-07-13 09:36:11'),
(1065, 464, 8, 'attachment', 38, '2010-07-13 09:37:06'),
(1066, 449, 8, 'salutation', 38, '2010-07-13 09:37:23'),
(1067, 465, 8, 'message', 38, '2010-07-13 09:37:40'),
(1068, 462, 8, 'state', 38, '2010-07-13 09:50:03'),
(1069, 454, 8, 'email', 38, '2010-07-13 09:47:24'),
(1070, 456, 8, 'fax', 38, '2010-07-13 09:47:42'),
(1071, 453, 8, 'company', 38, '2010-07-13 09:47:55'),
(1072, 457, 8, 'function', 38, '2010-07-13 09:48:10'),
(1073, 463, 8, 'country', 38, '2010-07-13 09:48:25'),
(1074, 452, 8, 'sname', 38, '2010-07-13 09:48:47'),
(1075, 461, 8, 'city', 38, '2010-07-13 09:49:02'),
(1076, 460, 8, 'zip', 38, '2010-07-13 09:49:17'),
(1077, 459, 8, 'street', 38, '2010-07-13 09:49:31'),
(1078, 451, 8, 'fname', 38, '2010-07-13 09:50:22'),
(1079, 458, 8, 'type', 38, '2010-07-13 09:50:46'),
(1080, 450, 8, 'title', 38, '2010-07-13 09:51:52'),
(1081, 455, 8, 'phone', 38, '2010-07-13 09:52:06'),
(1082, 43, 8, '', 38, '2010-07-13 09:52:48'),
(1083, 29, 8, '', 38, '2010-07-13 09:54:31'),
(1084, 28, 8, '', 38, '2010-07-13 09:54:16'),
(1085, 31, 8, '', 38, '2010-07-13 09:54:54'),
(1086, 30, 8, '', 38, '2010-07-13 10:01:04'),
(1087, 36, 8, '', 38, '2010-07-13 10:01:22'),
(1088, 35, 8, '', 38, '2010-07-13 10:01:36'),
(1099, 21, 2, '', 22, '2010-07-13 14:30:01'),
(1100, 386, 16, 'KN', 22, '2010-07-29 15:39:45'),
(1102, 386, 21, 'KN', 22, '2010-07-29 15:39:54'),
(1103, 386, 17, 'KN', 22, '2010-07-29 15:39:58'),
(1104, 386, 11, 'KN', 22, '2010-07-29 15:40:05'),
(1105, 386, 25, 'KN', 22, '2010-07-29 15:40:09'),
(1107, 345, 16, 'AF', 22, '2010-08-05 14:22:57'),
(1109, 345, 21, 'AF', 22, '2010-08-05 14:23:06'),
(1110, 345, 17, 'AF', 22, '2010-08-05 14:23:11'),
(1111, 345, 11, 'AF', 22, '2010-08-05 14:23:16'),
(1112, 345, 25, 'AF', 22, '2010-08-05 14:23:22'),
(1114, 345, 6, 'AF', 22, '2010-08-05 14:24:10'),
(1115, 273, 16, 'australia_oceania', 22, '2010-10-06 16:08:17'),
(1117, 273, 21, 'australia_oceania', 22, '2010-10-06 16:08:27'),
(1118, 273, 17, 'australia_oceania', 22, '2010-10-06 16:08:36'),
(1119, 273, 11, 'australia_oceania', 22, '2010-10-06 16:08:42'),
(1120, 273, 25, 'australia_oceania', 22, '2010-10-06 16:08:47'),
(1123, 271, 6, 'africa', 22, '2010-07-29 15:15:10'),
(1124, 272, 6, '', 22, '2010-07-22 10:44:58'),
(1125, 273, 6, 'australia_oceania', 22, '2010-10-06 16:09:19'),
(1126, 277, 6, '', 22, '2010-07-22 10:45:28'),
(1127, 274, 6, '', 22, '2010-07-22 10:45:40'),
(1128, 275, 6, '', 22, '2010-07-22 10:45:51'),
(1129, 276, 6, '', 22, '2010-07-22 10:46:06'),
(1130, 271, 5, 'africa', 22, '2010-07-29 15:15:18'),
(1131, 272, 5, 'asia', 22, '2010-09-21 14:42:41'),
(1132, 273, 5, 'australia_oceania', 22, '2010-10-06 16:09:31'),
(1133, 277, 5, 'europe', 29, '2010-09-21 14:41:17'),
(1134, 274, 5, 'northamerica', 22, '2010-09-21 14:43:11'),
(1135, 275, 5, 'southamerica', 22, '2010-09-21 14:43:20'),
(1136, 276, 5, 'centralamerica', 22, '2010-09-21 14:43:29'),
(1137, 271, 7, 'africa', 22, '2010-07-29 15:15:37'),
(1138, 272, 7, 'asia', 22, '2010-09-14 15:34:27'),
(1139, 273, 7, 'australia_oceania', 22, '2010-10-06 16:09:55'),
(1140, 277, 7, 'europe', 22, '2010-09-14 08:28:58'),
(1141, 274, 7, 'northamerica', 22, '2010-09-14 15:35:25'),
(1142, 275, 7, 'southamerica', 22, '2010-09-14 15:35:38'),
(1143, 276, 7, 'centralamerica', 22, '2010-09-14 15:35:54'),
(1144, 271, 18, 'africa', 22, '2010-07-29 15:15:43'),
(1145, 272, 18, 'asia', 22, '2010-09-02 14:34:23'),
(1146, 273, 18, 'australia_oceania', 22, '2010-10-06 16:10:02'),
(1147, 277, 18, 'europe', 22, '2010-09-02 14:34:52'),
(1148, 274, 18, 'northamerica', 22, '2010-09-02 14:35:03'),
(1149, 275, 18, 'southamerica', 22, '2010-09-02 14:35:14'),
(1150, 276, 18, 'centralamerica', 22, '2010-09-02 14:35:23'),
(1151, 271, 22, 'africa', 22, '2010-07-29 15:15:52'),
(1152, 272, 22, 'asia', 22, '2010-11-30 14:09:37'),
(1153, 273, 22, 'australia_oceania', 22, '2010-10-06 16:10:19'),
(1154, 277, 22, 'europe', 22, '2010-11-30 14:10:04'),
(1155, 274, 22, 'northamerica', 22, '2010-11-30 14:10:19'),
(1156, 275, 22, 'southamerica', 22, '2010-11-30 14:09:18'),
(1157, 276, 22, 'centralamerica', 22, '2010-11-30 14:10:56'),
(1158, 271, 9, 'africa', 22, '2010-07-29 15:15:58'),
(1159, 272, 9, 'asia', 22, '2010-09-02 13:05:51'),
(1160, 273, 9, 'australia_oceania', 22, '2010-10-06 16:10:25'),
(1161, 277, 9, 'europe', 22, '2010-09-02 13:06:14'),
(1162, 274, 9, 'northamerica', 22, '2010-09-02 13:06:24'),
(1163, 275, 9, 'southamerica', 22, '2010-09-02 13:05:24'),
(1164, 276, 9, 'centralamerica', 22, '2010-09-02 13:06:41'),
(1165, 271, 24, 'africa', 22, '2010-07-29 15:16:03'),
(1166, 272, 24, '', 22, '2010-07-22 10:58:19'),
(1167, 273, 24, 'australia_oceania', 22, '2010-10-06 16:10:30'),
(1168, 277, 24, '', 22, '2010-07-22 10:58:46'),
(1169, 274, 24, '', 22, '2010-07-22 10:58:58'),
(1170, 275, 24, '', 22, '2010-07-22 10:59:11'),
(1171, 276, 24, '', 22, '2010-07-22 10:59:23'),
(1172, 271, 26, 'africa', 22, '2010-07-29 15:15:14'),
(1173, 272, 26, 'asia', 22, '2010-10-01 13:41:56'),
(1174, 273, 26, 'australia_oceania', 22, '2010-10-06 16:09:25'),
(1175, 277, 26, 'europe', 22, '2010-10-01 13:42:18'),
(1176, 274, 26, 'northamerica', 22, '2010-10-01 13:42:30'),
(1177, 275, 26, 'southamerica', 22, '2010-10-01 13:42:39'),
(1178, 276, 26, 'centralamerica', 22, '2010-10-01 13:42:51'),
(1179, 271, 13, 'africa', 22, '2010-07-29 15:15:24'),
(1180, 272, 13, 'asia', 22, '2010-10-12 15:11:37'),
(1181, 273, 13, 'australia_oceania', 22, '2010-10-06 16:09:39'),
(1182, 277, 13, 'europe', 22, '2010-10-12 15:11:50'),
(1183, 274, 13, 'northamerica', 22, '2010-10-12 15:12:03'),
(1184, 275, 13, 'southamerica', 22, '2010-10-12 15:12:22'),
(1185, 276, 13, 'centralamerica', 22, '2010-10-12 15:12:37'),
(1186, 271, 20, 'africa', 22, '2010-07-29 15:15:29'),
(1187, 272, 20, '', 22, '2010-07-22 11:03:45'),
(1188, 273, 20, 'australia_oceania', 22, '2010-10-06 16:09:48'),
(1189, 277, 20, '', 22, '2010-07-22 11:04:09'),
(1190, 274, 20, '', 22, '2010-07-22 11:04:20'),
(1191, 275, 20, '', 22, '2010-07-22 11:04:34'),
(1192, 276, 20, '', 22, '2010-07-22 11:04:47'),
(1195, 271, 10, 'africa', 22, '2010-03-30 11:16:28'),
(1196, 272, 10, 'asia', 22, '2010-03-30 11:16:59'),
(1197, 273, 10, 'australia_oceania', 22, '2010-10-06 16:08:54'),
(1198, 277, 10, 'europe', 22, '2010-03-30 11:22:42'),
(1199, 274, 10, 'northamerica', 22, '2010-05-28 11:33:51'),
(1200, 275, 10, 'southamerica', 22, '2010-05-28 11:35:58'),
(1201, 276, 10, 'centralamerica', 22, '2010-03-30 11:25:32'),
(1202, 278, 10, 'CR', 22, '2010-03-30 11:27:03'),
(1203, 279, 10, 'DO', 22, '2010-03-30 11:27:54'),
(1204, 280, 10, 'SV', 3, '2010-03-31 11:24:09'),
(1205, 281, 10, 'GT', 22, '2010-03-30 11:29:54'),
(1206, 282, 10, 'HN', 22, '2010-03-30 11:30:42'),
(1208, 284, 10, 'PA', 22, '2010-03-30 11:32:41'),
(1209, 285, 10, 'RA', 22, '2010-03-30 11:33:58'),
(1210, 286, 10, 'BO', 22, '2010-03-30 11:35:06'),
(1211, 287, 10, 'BR', 22, '2010-03-30 11:35:50'),
(1212, 288, 10, 'CL', 22, '2010-03-30 11:36:46'),
(1213, 289, 10, 'EC', 22, '2010-03-30 11:38:05'),
(1214, 290, 10, 'CO', 22, '2010-03-30 11:38:59'),
(1215, 291, 10, 'NI', 22, '2010-03-30 11:39:50'),
(1216, 292, 10, 'AN', 22, '2010-03-30 11:42:25'),
(1217, 293, 10, 'PY', 22, '2010-03-30 11:43:26'),
(1218, 294, 10, 'PE', 22, '2010-03-30 11:44:11'),
(1219, 295, 10, 'UY', 22, '2010-03-30 11:44:55'),
(1220, 296, 10, 'VE', 22, '2010-03-30 11:45:58'),
(1221, 297, 10, 'CAN', 22, '2010-03-30 11:46:59'),
(1222, 298, 10, 'USA', 22, '2010-03-30 11:47:30'),
(1223, 299, 10, 'AUS', 22, '2010-03-30 11:48:52'),
(1224, 300, 10, 'NZ', 22, '2010-03-30 11:49:22'),
(1225, 301, 10, 'AL', 22, '2010-03-30 11:52:52'),
(1226, 302, 10, 'AD', 22, '2010-03-30 11:53:46'),
(1227, 303, 10, 'B', 22, '2010-03-30 11:54:14'),
(1228, 304, 10, 'BA', 22, '2010-03-30 13:03:30'),
(1229, 305, 10, 'BG', 22, '2010-03-30 13:04:04'),
(1230, 306, 10, 'DK', 22, '2010-08-18 11:33:35'),
(1231, 307, 10, 'D', 22, '2010-03-30 13:05:04'),
(1232, 308, 10, 'est', 22, '2010-03-30 13:05:36'),
(1233, 309, 10, 'FI', 22, '2010-03-30 13:06:15'),
(1234, 310, 10, 'F', 22, '2010-03-30 13:06:42'),
(1235, 311, 10, 'GR', 22, '2010-03-30 13:07:13'),
(1236, 312, 10, 'GB', 22, '2010-03-30 13:07:38'),
(1237, 313, 10, 'IE', 22, '2010-03-30 13:08:28'),
(1238, 314, 10, 'IS', 22, '2010-03-30 13:09:09'),
(1239, 315, 10, 'I', 22, '2010-03-30 13:09:39'),
(1240, 316, 10, 'XK', 22, '2010-03-30 13:10:14'),
(1241, 317, 10, 'HR', 22, '2010-03-30 13:10:37'),
(1242, 318, 10, 'let', 22, '2010-03-30 13:11:06'),
(1243, 319, 10, 'FL', 22, '2010-03-30 13:11:37'),
(1244, 320, 10, 'lit', 22, '2010-03-30 13:12:05'),
(1245, 321, 10, 'L', 22, '2010-03-30 13:12:43'),
(1246, 322, 10, 'MT', 22, '2010-03-30 13:13:15'),
(1247, 323, 10, 'MK', 22, '2010-03-30 13:13:41'),
(1248, 324, 10, 'mol', 22, '2010-03-30 13:14:29'),
(1249, 325, 10, 'XM', 22, '2010-03-30 13:14:54'),
(1250, 326, 10, 'NL', 22, '2010-03-30 13:15:23'),
(1251, 327, 10, 'NO', 22, '2010-03-30 13:15:51'),
(1252, 328, 10, 'A', 22, '2010-03-30 13:16:37'),
(1253, 329, 10, 'PL', 22, '2010-03-30 13:17:06'),
(1254, 330, 10, 'PT', 22, '2010-03-30 13:17:36'),
(1255, 331, 10, 'RO', 22, '2010-03-30 13:18:03'),
(1256, 332, 10, 'RUS', 38, '2010-07-13 09:02:41'),
(1257, 333, 10, 'S', 22, '2010-03-30 13:19:28'),
(1258, 334, 10, 'CH', 22, '2010-03-30 13:19:58'),
(1259, 335, 10, 'XS', 22, '2010-03-30 13:20:25'),
(1260, 336, 10, 'SK', 22, '2010-03-30 13:20:59'),
(1261, 337, 10, 'SLO', 22, '2010-03-30 13:21:47'),
(1262, 338, 10, 'ES', 22, '2010-03-30 13:22:35'),
(1263, 339, 10, 'CZ', 22, '2010-03-30 13:23:13'),
(1264, 340, 10, 'TR', 22, '2010-03-30 13:23:47'),
(1265, 341, 10, 'UA', 38, '2010-07-13 08:59:47'),
(1266, 342, 10, 'HU', 22, '2010-03-30 13:25:07'),
(1267, 343, 10, 'BY', 38, '2010-07-13 08:57:10'),
(1268, 344, 10, 'CY', 22, '2010-08-18 15:03:06'),
(1269, 345, 10, 'AF', 22, '2010-03-30 13:26:59'),
(1270, 346, 10, 'arm', 22, '2010-03-30 13:27:35'),
(1271, 347, 10, 'asb', 22, '2010-03-30 13:28:10'),
(1272, 348, 10, 'BH', 22, '2010-03-30 13:28:40'),
(1273, 349, 10, 'BD', 22, '2010-03-30 13:29:14'),
(1274, 350, 10, 'CN', 22, '2010-03-30 13:29:44'),
(1275, 351, 10, 'geo', 22, '2010-03-30 13:30:17'),
(1276, 352, 10, 'hon', 22, '2010-03-30 13:30:47'),
(1277, 353, 10, 'IN', 22, '2010-03-30 13:31:21'),
(1278, 354, 10, 'ID', 22, '2010-03-30 13:31:45'),
(1279, 355, 10, 'IQ', 22, '2010-03-30 13:32:16'),
(1280, 356, 10, 'IR', 22, '2010-03-30 13:32:44'),
(1281, 357, 10, 'IL', 22, '2010-03-30 13:33:17'),
(1282, 358, 10, 'JP', 22, '2010-03-30 13:33:42'),
(1283, 359, 10, 'YE', 22, '2010-08-06 15:19:05'),
(1284, 360, 10, 'JO', 22, '2010-03-30 13:34:46'),
(1285, 361, 10, 'KH', 22, '2010-03-30 13:35:19'),
(1286, 362, 10, 'kas', 22, '2010-03-30 13:36:01'),
(1287, 363, 10, 'Qa', 22, '2010-03-30 13:36:34'),
(1288, 364, 10, 'KW', 22, '2010-03-30 13:37:46'),
(1289, 365, 10, 'LB', 22, '2010-03-30 13:38:22'),
(1290, 366, 10, 'MY', 22, '2010-03-30 13:38:52'),
(1291, 367, 10, 'MN', 22, '2010-03-30 13:39:30'),
(1292, 368, 10, 'NP', 22, '2010-03-30 13:39:59'),
(1293, 369, 10, 'OM', 22, '2010-03-30 13:40:27'),
(1294, 370, 10, 'PK', 22, '2010-03-30 13:40:58'),
(1295, 371, 10, 'PH', 22, '2010-03-30 13:41:36'),
(1296, 372, 10, 'SAR', 22, '2010-03-30 13:42:08'),
(1297, 373, 10, 'SG', 22, '2010-03-30 13:42:32'),
(1298, 374, 10, 'LK', 22, '2010-03-30 13:43:08'),
(1299, 375, 10, 'KR', 22, '2010-03-30 13:43:38'),
(1300, 376, 10, 'SY', 22, '2010-03-30 13:44:59'),
(1301, 377, 10, 'TW', 22, '2010-03-30 13:45:37'),
(1302, 378, 10, 'TH', 22, '2010-03-30 13:46:08'),
(1303, 379, 10, 'usz', 22, '2010-03-30 13:46:48'),
(1304, 380, 10, 'AE', 22, '2010-03-30 13:47:33'),
(1305, 381, 10, 'VN', 22, '2010-03-30 13:48:02'),
(1306, 382, 10, 'EG', 22, '2010-03-30 13:48:43'),
(1307, 383, 10, 'DZ', 22, '2010-03-30 13:49:13'),
(1308, 384, 10, 'KO', 22, '2010-07-29 15:06:29'),
(1309, 385, 10, 'GH', 22, '2010-03-30 13:50:09'),
(1310, 386, 10, 'KN', 22, '2010-07-29 15:40:21'),
(1311, 387, 10, 'LY', 22, '2010-07-26 12:56:21'),
(1312, 388, 10, 'MA', 22, '2010-03-30 13:51:30'),
(1313, 389, 10, 'MU', 22, '2010-07-29 15:57:22'),
(1314, 390, 10, 'NG', 22, '2010-03-30 13:52:51'),
(1315, 391, 10, 'SE', 22, '2010-03-30 13:53:44'),
(1316, 392, 10, 'SA', 22, '2010-07-29 16:16:43'),
(1317, 393, 10, 'SU', 22, '2010-03-30 13:54:35'),
(1318, 394, 10, 'TN', 22, '2010-03-30 13:55:05'),
(1330, 464, 10, 'attachment', 2, '2010-04-06 17:35:31'),
(1331, 451, 10, 'fname', 3, '2010-04-12 16:35:05'),
(1332, 449, 10, 'salutation', 2, '2010-04-12 16:36:34'),
(1333, 465, 10, 'message', 2, '2010-04-12 16:36:45'),
(1334, 462, 10, 'state', 2, '2010-04-12 16:37:04'),
(1335, 454, 10, 'email', 2, '2010-04-12 16:37:28'),
(1336, 456, 10, 'fax', 2, '2010-04-12 16:37:38'),
(1337, 453, 10, 'company', 2, '2010-04-12 16:37:49'),
(1338, 457, 10, 'function', 2, '2010-04-12 16:38:01'),
(1339, 463, 10, 'country', 2, '2010-04-12 16:38:12'),
(1340, 452, 10, 'sname', 2, '2010-04-12 16:38:24'),
(1341, 461, 10, 'city', 2, '2010-04-12 16:38:37'),
(1342, 460, 10, 'zip', 2, '2010-04-12 16:38:50'),
(1343, 459, 10, 'street', 2, '2010-04-12 16:39:02'),
(1344, 455, 10, 'phone', 2, '2010-04-12 16:39:13'),
(1345, 450, 10, 'title', 2, '2010-04-12 16:39:24'),
(1346, 458, 10, 'type', 2, '2010-04-12 16:40:12'),
(1348, 83, 10, 'LEFT_ALIGNED', 3, '2010-07-12 11:40:15'),
(1349, 84, 10, 'RIGHT_ALIGNED', 3, '2010-07-12 11:40:27'),
(1350, 387, 16, 'LY', 22, '2010-07-29 15:45:03'),
(1352, 387, 21, 'LY', 22, '2010-07-29 15:45:44'),
(1353, 387, 17, 'LY', 22, '2010-07-29 15:45:47'),
(1354, 387, 11, 'LY', 22, '2010-07-29 15:45:51'),
(1355, 387, 25, 'LY', 22, '2010-07-29 15:45:55'),
(1356, 271, 17, 'africa', 22, '2010-07-29 15:14:25'),
(1357, 272, 17, 'asia', 22, '2010-07-29 14:30:49'),
(1358, 277, 17, 'europe', 22, '2010-07-29 14:31:02'),
(1359, 274, 17, 'northamerica', 22, '2010-07-29 14:31:14'),
(1360, 275, 17, 'southamerica', 22, '2010-07-29 14:31:26'),
(1361, 276, 17, 'centralamerica', 22, '2010-08-23 14:50:28'),
(1369, 268, 2, 'countries', 22, '2010-07-29 14:40:15'),
(1371, 299, 17, 'AUS', 22, '2010-07-29 14:48:28'),
(1372, 300, 17, 'NZ', 22, '2010-07-29 14:48:39'),
(1374, 382, 16, 'EG', 22, '2010-07-29 14:52:58'),
(1376, 382, 21, 'EG', 22, '2010-07-29 14:53:07'),
(1377, 382, 17, 'EG', 22, '2010-07-29 14:53:12'),
(1378, 382, 11, 'EG', 22, '2010-07-29 14:53:16'),
(1379, 382, 25, 'EG', 22, '2010-07-29 14:53:21'),
(1380, 382, 14, 'EG', 22, '2010-07-29 14:53:29'),
(1381, 382, 15, 'EG', 22, '2010-07-29 14:53:37'),
(1383, 382, 6, 'EG', 22, '2010-07-29 14:54:40'),
(1384, 382, 26, 'EG', 22, '2010-07-29 14:55:01'),
(1385, 382, 5, 'EG', 22, '2010-07-29 14:55:20'),
(1386, 382, 13, 'EG', 22, '2010-07-29 14:55:44'),
(1387, 382, 20, 'EG', 22, '2010-07-29 14:56:10'),
(1388, 382, 7, 'EG', 22, '2010-07-29 14:56:26'),
(1389, 382, 18, 'EG', 22, '2010-07-29 14:56:44'),
(1390, 382, 22, 'EG', 22, '2010-07-29 14:57:06'),
(1391, 382, 9, 'EG', 22, '2010-07-29 14:57:19'),
(1392, 382, 24, 'EG', 22, '2010-07-29 14:57:36'),
(1394, 383, 16, 'DZ', 22, '2010-07-29 14:59:07'),
(1396, 383, 21, 'DZ', 22, '2010-07-29 14:59:16'),
(1397, 383, 17, 'DZ', 22, '2010-07-29 14:59:21'),
(1398, 383, 11, 'DZ', 22, '2010-07-29 14:59:25'),
(1399, 383, 25, 'DZ', 22, '2010-07-29 14:59:30'),
(1400, 383, 14, 'DZ', 22, '2010-07-29 14:59:39'),
(1402, 383, 15, 'DZ', 22, '2010-07-29 15:00:13'),
(1403, 383, 24, 'DZ', 22, '2010-07-29 15:00:36'),
(1404, 383, 6, 'DZ', 22, '2010-07-29 15:00:56'),
(1405, 383, 26, 'DZ', 22, '2010-07-29 15:01:13'),
(1406, 383, 5, 'DZ', 22, '2010-07-29 15:01:34'),
(1407, 383, 13, 'DZ', 22, '2010-07-29 15:02:02'),
(1408, 383, 20, 'DZ', 22, '2010-07-29 15:02:28'),
(1409, 383, 7, 'DZ', 22, '2010-07-29 15:02:55'),
(1410, 383, 18, 'DZ', 22, '2010-07-29 15:03:18'),
(1411, 383, 22, 'DZ', 22, '2010-07-29 15:03:40'),
(1412, 383, 9, 'DZ', 22, '2010-07-29 15:04:09'),
(1413, 384, 16, 'KO', 22, '2010-07-29 15:08:28'),
(1415, 384, 21, 'KO', 22, '2010-07-29 15:08:42'),
(1416, 384, 17, 'KO', 22, '2010-07-29 15:08:48'),
(1417, 384, 11, 'KO', 22, '2010-07-29 15:08:54'),
(1418, 384, 25, 'KO', 22, '2010-07-29 15:09:01'),
(1419, 384, 14, 'KO', 22, '2010-07-29 15:08:01'),
(1421, 384, 15, 'KO', 22, '2010-07-29 15:07:52'),
(1423, 384, 26, 'KO', 22, '2010-07-29 15:09:43'),
(1424, 384, 5, 'KO', 22, '2010-07-29 15:10:12'),
(1425, 384, 13, 'KO', 22, '2010-07-29 15:10:32'),
(1426, 384, 20, 'KO', 22, '2010-07-29 15:11:01'),
(1427, 384, 7, 'KO', 22, '2010-07-29 15:11:19'),
(1428, 384, 18, 'KO', 22, '2010-07-29 15:11:38'),
(1429, 384, 22, 'KO', 22, '2010-07-29 15:12:22'),
(1430, 384, 9, 'KO', 22, '2010-07-29 15:12:40'),
(1431, 384, 24, 'KO', 22, '2010-07-29 15:13:05'),
(1432, 271, 16, 'africa', 22, '2010-07-29 15:14:00'),
(1434, 271, 21, 'africa', 22, '2010-07-29 15:14:18'),
(1435, 271, 11, 'africa', 22, '2010-07-29 15:14:29'),
(1436, 271, 25, 'africa', 22, '2010-07-29 15:14:33'),
(1437, 271, 14, 'africa', 22, '2010-07-29 15:14:39'),
(1439, 271, 15, 'africa', 22, '2010-10-01 13:55:55'),
(1440, 385, 24, 'GH', 22, '2010-07-29 15:17:20'),
(1441, 385, 3, 'GH', 22, '2010-07-29 15:17:53'),
(1443, 385, 16, 'GH', 22, '2010-07-29 15:18:12'),
(1445, 385, 21, 'GH', 22, '2010-07-29 15:18:21'),
(1446, 385, 17, 'GH', 22, '2010-07-29 15:18:25'),
(1447, 385, 11, 'GH', 22, '2010-07-29 15:18:29'),
(1448, 385, 25, 'GH', 22, '2010-07-29 15:18:34'),
(1449, 385, 14, 'GH', 22, '2010-07-29 15:19:34'),
(1451, 385, 15, 'GH', 22, '2010-07-29 15:19:54'),
(1452, 385, 6, 'GH', 22, '2010-07-29 15:36:24'),
(1453, 385, 26, 'GH', 22, '2010-07-29 15:36:50'),
(1454, 385, 5, 'GH', 22, '2010-07-29 15:37:08'),
(1455, 385, 13, 'GH', 22, '2010-07-29 15:37:26'),
(1456, 385, 20, 'GH', 22, '2010-07-29 15:37:57'),
(1457, 385, 7, 'GH', 22, '2010-07-29 15:38:20'),
(1458, 385, 18, 'GH', 22, '2010-07-29 15:38:39'),
(1459, 385, 22, 'GH', 22, '2010-07-29 15:39:01'),
(1460, 385, 9, 'GH', 22, '2010-07-29 15:39:17'),
(1461, 386, 14, 'KN', 22, '2010-07-29 15:40:28'),
(1462, 386, 15, 'KN', 22, '2010-07-29 15:40:32'),
(1464, 386, 6, 'KN', 22, '2010-07-29 15:41:17'),
(1465, 386, 26, 'KN', 22, '2010-07-29 15:41:34'),
(1466, 386, 5, 'KN', 22, '2010-07-29 15:41:51'),
(1467, 386, 13, 'KN', 22, '2010-07-29 15:42:20'),
(1468, 386, 20, 'KN', 22, '2010-07-29 15:42:40'),
(1469, 386, 7, 'KN', 22, '2010-07-29 15:42:58'),
(1470, 386, 18, 'KN', 22, '2010-07-29 15:43:16'),
(1471, 386, 22, 'KN', 22, '2010-07-29 15:43:36'),
(1472, 386, 9, 'KN', 22, '2010-07-29 15:43:53'),
(1473, 386, 24, 'KN', 22, '2010-07-29 15:44:11'),
(1476, 387, 14, 'LY', 22, '2010-07-29 15:46:04'),
(1478, 387, 15, 'LY', 22, '2010-07-29 15:46:21'),
(1479, 387, 6, 'LY', 22, '2010-07-29 15:46:57'),
(1480, 387, 26, 'LY', 22, '2010-07-29 15:47:18'),
(1481, 387, 5, 'LY', 22, '2010-07-29 15:47:39'),
(1482, 387, 13, 'LY', 22, '2010-07-29 15:48:00'),
(1483, 387, 20, 'LY', 22, '2010-07-29 15:48:18'),
(1484, 387, 7, 'LY', 22, '2010-07-29 15:48:38'),
(1485, 387, 18, 'KY', 22, '2010-07-29 15:48:54'),
(1486, 387, 22, 'LY', 22, '2010-07-29 15:49:16'),
(1487, 387, 9, 'LY', 22, '2010-07-29 15:49:34'),
(1488, 387, 24, 'LY', 22, '2010-07-29 15:49:51'),
(1490, 388, 16, 'MA', 22, '2010-07-29 15:50:27'),
(1492, 388, 21, 'MA', 22, '2010-07-29 15:50:36'),
(1493, 388, 17, 'MA', 22, '2010-07-29 15:50:40'),
(1494, 388, 11, 'MA', 22, '2010-07-29 15:50:44'),
(1495, 388, 25, 'MA', 22, '2010-07-29 15:50:48'),
(1496, 388, 14, 'MA', 22, '2010-07-29 15:51:01'),
(1498, 388, 15, 'MA', 22, '2010-07-29 15:51:19'),
(1499, 388, 6, 'MA', 22, '2010-07-29 15:51:44'),
(1500, 388, 26, 'MA', 22, '2010-07-29 15:52:08'),
(1501, 388, 5, 'MA', 22, '2010-07-29 15:52:24'),
(1502, 388, 13, 'MA', 22, '2010-07-29 15:52:41'),
(1503, 388, 20, 'MA', 22, '2010-07-29 15:53:02'),
(1504, 388, 18, 'MA', 22, '2010-07-29 15:53:19'),
(1505, 388, 22, 'MA', 22, '2010-07-29 15:53:42'),
(1506, 388, 9, 'MA', 22, '2010-07-29 15:54:00'),
(1507, 388, 24, 'MA', 22, '2010-07-29 15:54:21'),
(1509, 389, 16, 'MU', 22, '2010-07-29 15:56:55'),
(1511, 389, 21, 'MU', 22, '2010-07-29 15:57:03'),
(1512, 389, 17, 'MU', 22, '2010-07-29 15:57:09'),
(1513, 389, 11, 'MU', 22, '2010-07-29 15:57:13'),
(1514, 389, 25, 'MU', 22, '2010-07-29 15:57:18'),
(1515, 389, 14, 'MU', 22, '2010-07-29 15:58:20'),
(1517, 389, 15, 'MU', 22, '2010-07-29 15:58:35'),
(1518, 389, 6, 'MU', 22, '2010-07-29 15:59:17'),
(1519, 389, 26, 'MU', 22, '2010-07-29 15:59:33'),
(1520, 389, 5, 'MU', 22, '2010-07-29 15:59:53'),
(1521, 389, 13, 'MU', 22, '2010-07-29 16:00:18'),
(1522, 389, 20, 'MU', 22, '2010-07-29 16:00:36'),
(1523, 389, 7, 'MU', 22, '2010-07-29 16:00:51'),
(1524, 389, 18, 'MU', 22, '2010-07-29 16:01:06'),
(1525, 389, 22, 'MU', 22, '2010-07-29 16:01:31'),
(1526, 389, 9, 'MU', 22, '2010-07-29 16:01:47'),
(1527, 389, 24, 'MU', 22, '2010-07-29 16:02:05'),
(1528, 390, 3, 'NG', 22, '2010-07-29 16:02:45'),
(1529, 390, 14, 'NG', 22, '2010-07-29 16:02:54'),
(1531, 390, 15, 'NG', 22, '2010-07-29 16:03:09'),
(1533, 390, 16, 'NG', 22, '2010-07-29 16:03:36'),
(1535, 390, 21, 'NG', 22, '2010-07-29 16:03:46'),
(1536, 390, 17, 'NG', 22, '2010-07-29 16:03:49'),
(1537, 390, 11, 'NG', 22, '2010-07-29 16:03:52'),
(1538, 390, 25, 'NG', 22, '2010-07-29 16:03:56'),
(1539, 390, 6, 'NG', 22, '2010-07-29 16:04:13'),
(1540, 390, 26, 'NG', 22, '2010-07-29 16:04:27'),
(1541, 390, 5, 'NG', 22, '2010-07-29 16:04:45'),
(1542, 390, 13, 'NG', 22, '2010-07-29 16:05:04'),
(1543, 390, 20, 'NG', 22, '2010-07-29 16:05:22'),
(1544, 390, 7, 'NG', 22, '2010-07-29 16:05:38'),
(1545, 390, 18, 'NG', 22, '2010-07-29 16:05:53'),
(1546, 390, 22, 'NG', 22, '2010-07-29 16:06:29'),
(1547, 390, 9, 'NG', 22, '2010-07-29 16:06:44'),
(1548, 390, 24, 'NG', 22, '2010-07-29 16:07:03'),
(1549, 391, 16, 'SE', 22, '2010-07-29 16:07:28'),
(1552, 391, 21, 'SE', 22, '2010-07-29 16:08:09'),
(1553, 391, 17, 'SE', 22, '2010-07-29 16:08:12'),
(1554, 391, 11, 'SE', 22, '2010-07-29 16:08:16'),
(1555, 391, 25, 'SE', 22, '2010-07-29 16:08:19'),
(1556, 391, 14, 'SE', 22, '2010-07-29 16:08:30'),
(1558, 391, 15, 'SE', 22, '2010-07-29 16:08:43'),
(1559, 391, 6, 'SE', 22, '2010-07-29 16:08:58'),
(1560, 391, 26, 'SE', 22, '2010-07-29 16:09:15'),
(1561, 391, 5, 'SE', 22, '2010-07-29 16:11:11'),
(1562, 391, 13, 'SE', 22, '2010-07-29 16:11:29'),
(1563, 391, 20, 'SE', 22, '2010-07-29 16:11:47'),
(1564, 391, 7, 'SE', 22, '2010-07-29 16:12:00'),
(1565, 391, 18, 'SE', 22, '2010-07-29 16:12:17'),
(1566, 391, 22, 'SE', 22, '2010-07-29 16:12:40'),
(1567, 391, 9, 'SE', 22, '2010-07-29 16:12:58'),
(1568, 391, 24, 'SE', 22, '2010-07-29 16:14:53'),
(1569, 392, 16, 'SA', 22, '2010-07-29 16:15:54'),
(1572, 392, 21, 'SA', 22, '2010-07-29 16:16:08'),
(1573, 392, 17, 'SA', 22, '2010-07-29 16:16:17'),
(1574, 392, 11, 'SA', 22, '2010-07-29 16:16:27'),
(1575, 392, 25, 'SA', 22, '2010-07-29 16:16:37'),
(1576, 392, 14, 'SA', 22, '2010-07-29 16:16:50'),
(1577, 392, 15, 'SA', 22, '2010-07-29 16:18:11'),
(1579, 392, 6, 'SA', 22, '2010-07-29 16:19:08'),
(1580, 392, 26, 'SA', 22, '2010-07-29 16:19:30'),
(1581, 392, 5, 'SA', 22, '2010-07-29 16:19:46'),
(1582, 392, 13, 'SA', 22, '2010-07-29 16:20:04'),
(1583, 392, 20, 'SA', 22, '2010-07-29 16:20:24'),
(1584, 392, 7, 'SA', 22, '2010-07-29 16:20:42'),
(1585, 392, 18, 'SA', 22, '2010-07-29 16:20:56'),
(1586, 392, 22, 'SA', 22, '2010-07-29 16:21:17'),
(1587, 392, 9, 'SA', 22, '2010-07-29 16:21:38'),
(1588, 392, 24, 'SA', 22, '2010-07-29 16:21:59'),
(1590, 393, 16, 'SU', 22, '2010-07-29 16:22:37'),
(1592, 393, 21, 'SU', 22, '2010-07-29 16:22:47'),
(1593, 393, 17, 'SU', 22, '2010-07-29 16:22:51'),
(1594, 393, 11, 'SU', 22, '2010-07-29 16:22:55'),
(1595, 393, 25, 'SU', 22, '2010-07-29 16:22:59'),
(1596, 393, 14, 'SU', 22, '2010-07-29 16:23:25');
INSERT INTO `categoryCodes` (`id`, `idCategories`, `idLanguages`, `code`, `idUsers`, `changed`) VALUES
(1597, 393, 3, 'SU', 22, '2010-07-29 16:23:33'),
(1599, 393, 15, 'SU', 22, '2010-07-29 16:23:52'),
(1600, 393, 6, 'SU', 22, '2010-07-29 16:24:09'),
(1601, 393, 26, 'SU', 22, '2010-07-29 16:24:40'),
(1602, 393, 5, 'SU', 22, '2010-07-29 16:24:56'),
(1603, 393, 13, 'SU', 22, '2010-07-29 16:25:10'),
(1604, 393, 20, 'SU', 22, '2010-07-29 16:25:29'),
(1605, 393, 7, 'SU', 22, '2010-07-29 16:25:47'),
(1606, 393, 18, 'SU', 22, '2010-07-29 16:26:03'),
(1607, 393, 22, 'SU', 22, '2010-07-29 16:26:25'),
(1608, 393, 9, 'SU', 22, '2010-07-29 16:26:43'),
(1609, 393, 24, 'SU', 22, '2010-07-29 16:27:04'),
(1612, 394, 16, 'TN', 22, '2010-07-29 16:27:47'),
(1613, 394, 21, 'TN', 22, '2010-07-29 16:27:51'),
(1614, 394, 17, 'TN', 22, '2010-07-29 16:27:55'),
(1615, 394, 11, 'TN', 22, '2010-07-29 16:27:58'),
(1616, 394, 25, 'TN', 22, '2010-07-29 16:28:03'),
(1617, 394, 14, 'TN', 22, '2010-07-29 16:28:20'),
(1619, 394, 15, 'TN', 22, '2010-07-29 16:28:34'),
(1620, 394, 6, 'TN', 22, '2010-07-29 16:28:58'),
(1621, 394, 26, 'TN', 22, '2010-07-29 16:29:34'),
(1622, 394, 5, 'TN', 22, '2010-07-29 16:29:49'),
(1623, 394, 13, 'TN', 22, '2010-07-29 16:30:04'),
(1624, 394, 20, 'TN', 22, '2010-07-29 16:30:26'),
(1625, 394, 7, 'TN', 22, '2010-07-29 16:30:43'),
(1626, 394, 18, 'TN', 22, '2010-07-29 16:31:00'),
(1627, 394, 22, 'TN', 22, '2010-07-29 16:31:21'),
(1628, 394, 9, 'TN', 22, '2010-07-29 16:31:38'),
(1629, 394, 24, 'TN', 22, '2010-07-29 16:31:55'),
(1631, 299, 16, 'AUS', 22, '2010-07-29 16:32:33'),
(1633, 299, 21, 'AUS', 22, '2010-07-29 16:32:40'),
(1634, 299, 11, 'AUS', 22, '2010-07-29 16:32:46'),
(1635, 299, 25, 'AUS', 22, '2010-07-29 16:32:50'),
(1636, 299, 14, 'AUS', 22, '2010-07-29 16:32:56'),
(1637, 299, 15, 'AUS', 22, '2010-07-29 16:33:00'),
(1639, 299, 6, 'AUS', 22, '2010-07-29 16:33:53'),
(1640, 299, 26, 'AUS', 22, '2010-07-29 16:34:11'),
(1641, 299, 5, 'AUS', 22, '2010-07-29 16:34:35'),
(1642, 299, 13, 'AUS', 22, '2010-07-29 16:34:52'),
(1643, 299, 20, 'AUS', 22, '2010-07-29 16:35:10'),
(1644, 299, 7, 'AUS', 22, '2010-07-29 16:35:26'),
(1645, 299, 18, 'AUS', 22, '2010-07-29 16:35:43'),
(1646, 299, 22, 'AUS', 22, '2010-07-29 16:36:09'),
(1647, 299, 9, 'AUS', 22, '2010-07-29 16:36:27'),
(1648, 299, 24, 'AUS', 22, '2010-07-29 16:36:44'),
(1650, 300, 16, 'NZ', 22, '2010-07-29 16:37:11'),
(1652, 300, 21, 'NZ', 22, '2010-07-29 16:37:20'),
(1653, 300, 11, 'NZ', 22, '2010-07-29 16:37:28'),
(1654, 300, 25, 'NZ', 22, '2010-07-29 16:37:34'),
(1655, 300, 14, 'NZ', 22, '2010-07-29 16:37:42'),
(1656, 300, 15, 'NZ', 22, '2010-07-29 16:37:46'),
(1658, 300, 6, 'NZ', 22, '2010-07-29 16:38:42'),
(1659, 300, 26, 'NZ', 22, '2010-07-29 16:38:58'),
(1660, 300, 5, 'NZ', 22, '2010-07-29 16:39:16'),
(1661, 300, 13, 'NZ', 22, '2010-07-29 16:39:33'),
(1662, 300, 20, 'NZ', 22, '2010-07-29 16:39:54'),
(1663, 300, 7, 'NZ', 22, '2010-07-29 16:40:10'),
(1664, 300, 18, 'NZ', 22, '2010-07-29 16:40:31'),
(1665, 300, 22, 'NZ', 22, '2010-07-29 16:40:52'),
(1666, 300, 9, 'NZ', 22, '2010-07-29 16:41:09'),
(1667, 300, 24, 'NZ', 22, '2010-07-29 16:41:24'),
(1674, 271, 12, 'africa', 22, '2010-03-30 11:16:28'),
(1675, 272, 12, 'asia', 22, '2010-03-30 11:16:59'),
(1676, 273, 12, 'australia_oceania', 22, '2010-10-06 16:08:21'),
(1677, 277, 12, 'europe', 22, '2010-03-30 11:22:42'),
(1678, 274, 12, 'northamerica', 22, '2010-05-28 11:33:51'),
(1679, 275, 12, 'southamerica', 22, '2010-05-28 11:35:58'),
(1680, 276, 12, 'centralamerica', 22, '2010-03-30 11:25:32'),
(1681, 278, 12, 'CR', 22, '2010-03-30 11:27:03'),
(1682, 279, 12, 'DO', 22, '2010-03-30 11:27:54'),
(1683, 280, 12, 'SV', 3, '2010-03-31 11:24:09'),
(1684, 281, 12, 'GT', 22, '2010-03-30 11:29:54'),
(1685, 282, 12, 'HN', 22, '2010-03-30 11:30:42'),
(1687, 284, 12, 'PA', 22, '2010-03-30 11:32:41'),
(1688, 285, 12, 'RA', 22, '2010-03-30 11:33:58'),
(1689, 286, 12, 'BO', 22, '2010-03-30 11:35:06'),
(1690, 287, 12, 'BR', 22, '2010-03-30 11:35:50'),
(1691, 288, 12, 'CL', 22, '2010-03-30 11:36:46'),
(1692, 289, 12, 'EC', 22, '2010-03-30 11:38:05'),
(1693, 290, 12, 'CO', 22, '2010-03-30 11:38:59'),
(1694, 291, 12, 'NI', 22, '2010-03-30 11:39:50'),
(1695, 292, 12, 'AN', 22, '2010-03-30 11:42:25'),
(1696, 293, 12, 'PY', 22, '2010-03-30 11:43:26'),
(1697, 294, 12, 'PE', 22, '2010-03-30 11:44:11'),
(1698, 295, 12, 'UY', 22, '2010-03-30 11:44:55'),
(1699, 296, 12, 'VE', 22, '2010-03-30 11:45:58'),
(1700, 297, 12, 'CAN', 22, '2010-03-30 11:46:59'),
(1701, 298, 12, 'USA', 22, '2010-03-30 11:47:30'),
(1702, 299, 12, 'AUS', 22, '2010-03-30 11:48:52'),
(1703, 300, 12, 'NZ', 22, '2010-03-30 11:49:22'),
(1704, 301, 12, 'AL', 22, '2010-03-30 11:52:52'),
(1705, 302, 12, 'AD', 22, '2010-03-30 11:53:46'),
(1706, 303, 12, 'B', 22, '2010-03-30 11:54:14'),
(1707, 304, 12, 'BA', 22, '2010-03-30 13:03:30'),
(1708, 305, 12, 'BG', 22, '2010-03-30 13:04:04'),
(1709, 306, 12, 'DK', 22, '2010-08-18 11:32:59'),
(1710, 307, 12, 'D', 22, '2010-03-30 13:05:04'),
(1711, 308, 12, 'est', 22, '2010-03-30 13:05:36'),
(1712, 309, 12, 'FI', 22, '2010-03-30 13:06:15'),
(1713, 310, 12, 'F', 22, '2010-03-30 13:06:42'),
(1714, 311, 12, 'GR', 22, '2010-03-30 13:07:13'),
(1715, 312, 12, 'GB', 22, '2010-03-30 13:07:38'),
(1716, 313, 12, 'IE', 22, '2010-03-30 13:08:28'),
(1717, 314, 12, 'IS', 22, '2010-03-30 13:09:09'),
(1718, 315, 12, 'I', 22, '2010-03-30 13:09:39'),
(1719, 316, 12, 'XK', 22, '2010-03-30 13:10:14'),
(1720, 317, 12, 'HR', 22, '2010-03-30 13:10:37'),
(1721, 318, 12, 'let', 22, '2010-03-30 13:11:06'),
(1722, 319, 12, 'FL', 22, '2010-03-30 13:11:37'),
(1723, 320, 12, 'lit', 22, '2010-03-30 13:12:05'),
(1724, 321, 12, 'L', 22, '2010-03-30 13:12:43'),
(1725, 322, 12, 'MT', 22, '2010-03-30 13:13:15'),
(1726, 323, 12, 'MK', 22, '2010-03-30 13:13:41'),
(1727, 324, 12, 'mol', 22, '2010-03-30 13:14:29'),
(1728, 325, 12, 'XM', 22, '2010-03-30 13:14:54'),
(1729, 326, 12, 'NL', 22, '2010-03-30 13:15:23'),
(1730, 327, 12, 'NO', 22, '2010-03-30 13:15:51'),
(1731, 328, 12, 'A', 22, '2010-03-30 13:16:37'),
(1732, 329, 12, 'PL', 22, '2010-03-30 13:17:06'),
(1733, 330, 12, 'PT', 22, '2010-03-30 13:17:36'),
(1734, 331, 12, 'RO', 22, '2010-03-30 13:18:03'),
(1735, 332, 12, 'RUS', 38, '2010-07-13 09:02:41'),
(1736, 333, 12, 'S', 22, '2010-03-30 13:19:28'),
(1737, 334, 12, 'CH', 22, '2010-03-30 13:19:58'),
(1738, 335, 12, 'XS', 22, '2010-03-30 13:20:25'),
(1739, 336, 12, 'SK', 22, '2010-03-30 13:20:59'),
(1740, 337, 12, 'SLO', 22, '2010-03-30 13:21:47'),
(1741, 338, 12, 'ES', 22, '2010-03-30 13:22:35'),
(1742, 339, 12, 'CZ', 22, '2010-03-30 13:23:13'),
(1743, 340, 12, 'TR', 22, '2010-03-30 13:23:47'),
(1744, 341, 12, 'UA', 38, '2010-07-13 08:59:47'),
(1745, 342, 12, 'HU', 22, '2010-03-30 13:25:07'),
(1746, 343, 12, 'BY', 38, '2010-07-13 08:57:10'),
(1747, 344, 12, 'CY', 22, '2010-03-30 13:26:14'),
(1748, 345, 12, 'AF', 22, '2010-03-30 13:26:59'),
(1749, 346, 12, 'arm', 22, '2010-03-30 13:27:35'),
(1750, 347, 12, 'asb', 22, '2010-03-30 13:28:10'),
(1751, 348, 12, 'BH', 22, '2010-03-30 13:28:40'),
(1752, 349, 12, 'BD', 22, '2010-03-30 13:29:14'),
(1753, 350, 12, 'CN', 22, '2010-03-30 13:29:44'),
(1754, 351, 12, 'geo', 22, '2010-03-30 13:30:17'),
(1755, 352, 12, 'hon', 22, '2010-03-30 13:30:47'),
(1756, 353, 12, 'IN', 22, '2010-03-30 13:31:21'),
(1757, 354, 12, 'ID', 22, '2010-03-30 13:31:45'),
(1758, 355, 12, 'IQ', 22, '2010-03-30 13:32:16'),
(1759, 356, 12, 'IR', 22, '2010-03-30 13:32:44'),
(1760, 357, 12, 'IL', 22, '2010-03-30 13:33:17'),
(1761, 358, 12, 'JP', 22, '2010-03-30 13:33:42'),
(1762, 359, 12, 'YE', 22, '2010-08-06 15:18:14'),
(1763, 360, 12, 'JO', 22, '2010-03-30 13:34:46'),
(1764, 361, 12, 'KH', 22, '2010-03-30 13:35:19'),
(1765, 362, 12, 'kas', 22, '2010-03-30 13:36:01'),
(1766, 363, 12, 'Qa', 22, '2010-03-30 13:36:34'),
(1767, 364, 12, 'KW', 22, '2010-03-30 13:37:46'),
(1768, 365, 12, 'LB', 22, '2010-03-30 13:38:22'),
(1769, 366, 12, 'MY', 22, '2010-03-30 13:38:52'),
(1770, 367, 12, 'MN', 22, '2010-03-30 13:39:30'),
(1771, 368, 12, 'NP', 22, '2010-03-30 13:39:59'),
(1772, 369, 12, 'OM', 22, '2010-03-30 13:40:27'),
(1773, 370, 12, 'PK', 22, '2010-03-30 13:40:58'),
(1774, 371, 12, 'PH', 22, '2010-03-30 13:41:36'),
(1775, 372, 12, 'SAR', 22, '2010-03-30 13:42:08'),
(1776, 373, 12, 'SG', 22, '2010-03-30 13:42:32'),
(1777, 374, 12, 'LK', 22, '2010-03-30 13:43:08'),
(1778, 375, 12, 'KR', 22, '2010-03-30 13:43:38'),
(1779, 376, 12, 'SY', 22, '2010-03-30 13:44:59'),
(1780, 377, 12, 'TW', 22, '2010-03-30 13:45:37'),
(1781, 378, 12, 'TH', 22, '2010-03-30 13:46:08'),
(1782, 379, 12, 'usz', 22, '2010-03-30 13:46:48'),
(1783, 380, 12, 'AE', 22, '2010-03-30 13:47:33'),
(1784, 381, 12, 'VN', 22, '2010-03-30 13:48:02'),
(1785, 382, 12, 'EG', 22, '2010-03-30 13:48:43'),
(1786, 383, 12, 'DZ', 22, '2010-03-30 13:49:13'),
(1787, 384, 12, 'KO', 22, '2010-07-29 15:07:04'),
(1788, 385, 12, 'GH', 22, '2010-03-30 13:50:09'),
(1789, 386, 12, 'KN', 22, '2010-07-22 10:34:19'),
(1790, 387, 12, 'LY', 22, '2010-07-26 12:55:43'),
(1791, 388, 12, 'MA', 22, '2010-03-30 13:51:30'),
(1792, 389, 12, 'MU', 22, '2010-07-29 15:56:33'),
(1793, 390, 12, 'NG', 22, '2010-03-30 13:52:51'),
(1794, 391, 12, 'SE', 22, '2010-03-30 13:53:44'),
(1795, 392, 12, 'SA', 22, '2010-07-29 16:18:42'),
(1796, 393, 12, 'SU', 22, '2010-03-30 13:54:35'),
(1797, 394, 12, 'TN', 22, '2010-03-30 13:55:05'),
(1809, 464, 12, 'attachment', 2, '2010-04-06 17:35:31'),
(1810, 451, 12, 'fname', 3, '2010-04-12 16:35:05'),
(1811, 449, 12, 'salutation', 2, '2010-04-12 16:36:34'),
(1812, 465, 12, 'message', 2, '2010-04-12 16:36:45'),
(1813, 462, 12, 'state', 2, '2010-04-12 16:37:04'),
(1814, 454, 12, 'email', 2, '2010-04-12 16:37:28'),
(1815, 456, 12, 'fax', 2, '2010-04-12 16:37:38'),
(1816, 453, 12, 'company', 2, '2010-04-12 16:37:49'),
(1817, 457, 12, 'function', 2, '2010-04-12 16:38:01'),
(1818, 463, 12, 'country', 2, '2010-04-12 16:38:12'),
(1819, 452, 12, 'sname', 2, '2010-04-12 16:38:24'),
(1820, 461, 12, 'city', 2, '2010-04-12 16:38:37'),
(1821, 460, 12, 'zip', 2, '2010-04-12 16:38:50'),
(1822, 459, 12, 'street', 2, '2010-04-12 16:39:02'),
(1823, 455, 12, 'phone', 2, '2010-04-12 16:39:13'),
(1824, 450, 12, 'title', 2, '2010-04-12 16:39:24'),
(1825, 458, 12, 'type', 2, '2010-04-12 16:40:12'),
(1827, 83, 12, 'LEFT_ALIGNED', 3, '2010-07-12 11:40:15'),
(1828, 84, 12, 'RIGHT_ALIGNED', 3, '2010-07-12 11:40:27'),
(1829, 268, 12, 'countries', 22, '2010-08-23 15:42:14'),
(1833, 64, 4, 'SUB_NAV_PAGES', 3, '2010-02-10 17:18:01'),
(1834, 48, 4, 'STATUS', 3, '2010-02-10 17:18:16'),
(1835, 82, 4, 'MEDIA_DISPLAY_OPTIONS', 3, '2010-02-10 17:19:03'),
(1836, 83, 4, 'LEFT_ALIGNED', 3, '2010-02-10 17:20:34'),
(1837, 84, 4, 'RIGHT_ALIGNED', 3, '2010-02-10 17:20:39'),
(1838, 268, 4, 'countries', 22, '2010-07-29 14:40:37'),
(1841, 271, 4, 'africa', 22, '2010-03-30 11:15:54'),
(1842, 272, 4, 'asia', 22, '2010-03-30 11:19:43'),
(1843, 273, 4, 'australia_oceania', 22, '2010-10-06 16:08:12'),
(1844, 274, 4, 'northamerica', 22, '2010-03-30 11:23:24'),
(1845, 275, 4, 'southamerica', 22, '2010-03-30 11:24:11'),
(1846, 276, 4, 'centralamerica', 22, '2010-03-30 11:25:09'),
(1847, 277, 4, 'europe', 22, '2010-03-30 11:22:05'),
(1848, 278, 4, 'CR', 22, '2010-03-30 11:26:19'),
(1849, 279, 4, 'DO', 22, '2010-03-30 11:27:36'),
(1850, 280, 4, 'SV', 3, '2010-03-31 11:24:04'),
(1851, 281, 4, 'GT', 22, '2010-03-30 11:29:26'),
(1852, 282, 4, 'HN', 22, '2010-03-30 11:30:15'),
(1854, 284, 4, 'PA', 22, '2010-03-30 11:32:17'),
(1855, 285, 4, 'RA', 22, '2010-03-30 11:33:40'),
(1856, 286, 4, 'BO', 22, '2010-03-30 11:34:44'),
(1857, 287, 4, 'BR', 22, '2010-03-30 11:35:33'),
(1858, 288, 4, 'CL', 22, '2010-03-30 11:37:04'),
(1859, 289, 4, 'EC', 22, '2010-03-30 11:37:24'),
(1860, 290, 4, 'CO', 22, '2010-03-30 11:38:42'),
(1861, 291, 4, 'NI', 22, '2010-03-30 11:39:37'),
(1862, 292, 4, 'AN', 22, '2010-03-30 11:40:55'),
(1863, 293, 4, 'PY', 22, '2010-03-30 11:42:44'),
(1864, 294, 4, 'PE', 22, '2010-03-30 11:43:52'),
(1865, 295, 4, 'UY', 22, '2010-03-30 11:44:27'),
(1866, 296, 4, 'VE', 22, '2010-03-30 11:45:31'),
(1867, 297, 4, 'CAN', 22, '2010-03-30 11:46:42'),
(1868, 298, 4, 'USA', 22, '2010-03-30 11:47:19'),
(1869, 299, 4, 'AUS', 22, '2010-03-30 11:48:22'),
(1870, 300, 4, 'NZ', 22, '2010-03-30 11:49:09'),
(1871, 301, 4, 'AL', 22, '2010-03-30 11:52:30'),
(1872, 302, 4, 'AD', 22, '2010-03-30 11:53:20'),
(1873, 303, 4, 'B', 22, '2010-03-30 13:02:55'),
(1874, 304, 4, 'BA', 22, '2010-03-30 13:03:17'),
(1875, 305, 4, 'BG', 22, '2010-03-30 13:03:47'),
(1876, 306, 4, 'DK', 22, '2010-03-30 13:04:19'),
(1877, 307, 4, 'D', 22, '2010-03-30 13:04:50'),
(1878, 308, 4, 'est', 22, '2010-03-30 13:05:19'),
(1879, 309, 4, 'FI', 22, '2010-03-30 13:05:58'),
(1880, 310, 4, 'F', 22, '2010-03-30 13:06:29'),
(1881, 311, 4, 'GR', 22, '2010-03-30 13:06:59'),
(1882, 312, 4, 'GB', 22, '2010-03-30 13:07:27'),
(1883, 313, 4, 'IE', 22, '2010-03-30 13:08:18'),
(1884, 314, 4, 'IS', 22, '2010-03-30 13:08:56'),
(1885, 315, 4, 'I', 22, '2010-03-30 13:09:25'),
(1886, 316, 4, 'XK', 22, '2010-03-30 13:09:59'),
(1887, 317, 4, 'HR', 22, '2010-03-30 13:10:26'),
(1888, 318, 4, 'let', 22, '2010-03-30 13:10:53'),
(1889, 319, 4, 'FL', 22, '2010-03-30 13:11:24'),
(1890, 320, 4, 'lit', 22, '2010-03-30 13:11:51'),
(1891, 321, 4, 'L', 22, '2010-03-30 13:12:24'),
(1892, 322, 4, 'MT', 22, '2010-03-30 13:12:57'),
(1893, 323, 4, 'MK', 22, '2010-03-30 13:13:30'),
(1894, 324, 4, 'mol', 22, '2010-03-30 13:14:05'),
(1895, 325, 4, 'XM', 22, '2010-03-30 13:14:40'),
(1896, 326, 4, 'NL', 22, '2010-03-30 13:15:12'),
(1897, 327, 4, 'NO', 22, '2010-04-19 10:51:12'),
(1898, 328, 4, 'A', 22, '2010-03-30 13:16:22'),
(1899, 329, 4, 'PL', 22, '2010-03-30 13:16:54'),
(1900, 330, 4, 'PT', 22, '2010-03-30 13:17:20'),
(1901, 331, 4, 'RO', 22, '2010-03-30 13:17:49'),
(1902, 332, 4, 'RUS', 38, '2010-07-13 09:02:47'),
(1903, 333, 4, 'S', 22, '2010-03-30 13:19:14'),
(1904, 334, 4, 'CH', 22, '2010-03-30 13:19:43'),
(1905, 335, 4, 'XS', 22, '2010-03-30 13:20:13'),
(1906, 336, 4, 'SK', 22, '2010-03-30 13:20:43'),
(1907, 337, 4, 'SLO', 22, '2010-03-30 13:21:16'),
(1908, 338, 4, 'ES', 22, '2010-03-30 13:22:06'),
(1909, 339, 4, 'CZ', 22, '2010-08-18 14:41:01'),
(1910, 340, 4, 'TR', 22, '2010-03-30 13:23:32'),
(1911, 341, 4, 'UA', 38, '2010-07-13 08:59:56'),
(1912, 342, 4, 'HU', 22, '2010-03-30 13:24:53'),
(1913, 343, 4, 'BY', 38, '2010-07-13 08:57:03'),
(1914, 344, 4, 'CY', 22, '2010-03-30 13:25:58'),
(1915, 345, 4, 'AF', 22, '2010-08-05 14:22:46'),
(1916, 346, 4, 'arm', 22, '2010-03-30 13:27:16'),
(1917, 347, 4, 'asb', 22, '2010-03-30 13:28:00'),
(1918, 348, 4, 'BH', 22, '2010-03-30 13:28:34'),
(1919, 349, 4, 'BD', 22, '2010-03-30 13:29:02'),
(1920, 350, 4, 'CN', 22, '2010-03-30 13:29:26'),
(1921, 351, 4, 'geo', 22, '2010-03-30 13:30:05'),
(1922, 352, 4, 'hon', 22, '2010-08-05 16:46:38'),
(1923, 353, 4, 'IN', 22, '2010-03-30 13:31:07'),
(1924, 354, 4, 'ID', 22, '2010-03-30 13:31:34'),
(1925, 355, 4, 'IQ', 22, '2010-03-30 13:32:04'),
(1926, 356, 4, 'IR', 22, '2010-03-30 13:32:30'),
(1927, 357, 4, 'IL', 22, '2010-03-30 13:33:05'),
(1928, 358, 4, 'JP', 22, '2010-03-30 13:33:31'),
(1929, 359, 4, 'YE', 22, '2010-03-30 13:33:58'),
(1930, 360, 4, 'JO', 22, '2010-03-30 13:34:33'),
(1931, 361, 4, 'KH', 22, '2010-03-30 13:35:06'),
(1932, 362, 4, 'kas', 22, '2010-03-30 13:35:47'),
(1933, 363, 4, 'Qa', 22, '2010-03-30 13:36:19'),
(1934, 364, 4, 'KW', 22, '2010-03-30 13:36:52'),
(1935, 365, 4, 'LB', 22, '2010-03-30 13:37:58'),
(1936, 366, 4, 'MY', 22, '2010-03-30 13:38:36'),
(1937, 367, 4, 'MN', 22, '2010-03-30 13:39:07'),
(1938, 368, 4, 'NP', 22, '2010-04-19 10:47:02'),
(1939, 369, 4, 'OM', 22, '2010-03-30 13:40:12'),
(1940, 370, 4, 'PK', 22, '2010-03-30 13:40:46'),
(1941, 371, 4, 'PH', 22, '2010-03-30 13:41:13'),
(1942, 372, 4, 'SAR', 22, '2010-03-30 13:41:47'),
(1943, 373, 4, 'SG', 22, '2010-03-30 13:42:18'),
(1944, 374, 4, 'LK', 22, '2010-03-30 13:42:52'),
(1945, 375, 4, 'KR', 22, '2010-03-30 13:43:25'),
(1946, 376, 4, 'SY', 22, '2010-03-30 13:43:55'),
(1947, 377, 4, 'TW', 22, '2010-03-30 13:45:20'),
(1948, 378, 4, 'TH', 22, '2010-03-30 13:45:58'),
(1949, 379, 4, 'usz', 22, '2010-03-30 13:46:27'),
(1950, 380, 4, 'AE', 22, '2010-03-30 13:47:07'),
(1951, 381, 4, 'VN', 22, '2010-03-30 13:47:45'),
(1952, 382, 4, 'EG', 22, '2010-03-30 13:48:33'),
(1953, 383, 4, 'DZ', 22, '2010-03-30 13:48:58'),
(1954, 384, 4, 'KO', 22, '2010-03-30 13:49:25'),
(1955, 385, 4, 'GH', 22, '2010-03-30 13:49:51'),
(1956, 386, 4, 'KN', 22, '2010-03-30 13:50:23'),
(1957, 387, 4, 'LY', 22, '2010-03-30 13:50:48'),
(1958, 388, 4, 'MA', 22, '2010-03-30 13:51:20'),
(1959, 389, 4, 'MU', 22, '2010-07-29 15:56:39'),
(1960, 390, 4, 'NG', 22, '2010-03-30 13:52:38'),
(1961, 391, 4, 'SE', 22, '2010-03-30 13:53:15'),
(1962, 392, 4, 'SA', 22, '2010-03-30 13:53:50'),
(1963, 393, 4, 'SU', 22, '2010-03-30 13:54:22'),
(1964, 394, 4, 'TN', 22, '2010-03-30 13:54:50'),
(1976, 449, 4, 'salutation', 2, '2010-04-02 14:22:35'),
(1977, 450, 4, 'title', 2, '2010-04-02 14:22:44'),
(1978, 451, 4, 'fname', 2, '2010-04-02 14:22:55'),
(1979, 452, 4, 'sname', 2, '2010-04-02 14:23:04'),
(1980, 453, 4, 'company', 2, '2010-04-02 14:23:24'),
(1981, 454, 4, 'email', 2, '2010-04-02 14:23:39'),
(1982, 455, 4, 'phone', 2, '2010-04-02 14:23:56'),
(1983, 456, 4, 'fax', 2, '2010-04-02 14:24:04'),
(1984, 457, 4, 'function', 2, '2010-04-02 14:24:16'),
(1985, 458, 4, 'type', 2, '2010-04-02 14:24:44'),
(1986, 459, 4, 'street', 2, '2010-04-02 14:24:54'),
(1987, 460, 4, 'zip', 2, '2010-04-02 14:25:05'),
(1988, 461, 4, 'city', 2, '2010-04-02 14:25:14'),
(1989, 462, 4, 'state', 2, '2010-04-02 14:25:23'),
(1990, 463, 4, 'country', 2, '2010-04-02 14:25:36'),
(1991, 465, 4, 'message', 2, '2010-04-06 17:35:31'),
(1992, 464, 4, 'attachment', 2, '2010-04-06 17:35:31'),
(2185, 275, 27, 'southamerica', 3, '2010-04-16 16:21:28'),
(2186, 274, 27, 'northamerica', 3, '2010-04-16 16:22:26'),
(2187, 276, 27, 'centralamerica', 3, '2010-04-16 16:23:19'),
(2188, 277, 27, 'europe', 3, '2010-04-16 16:23:37'),
(2189, 273, 27, 'australia_oceania', 22, '2010-10-06 16:09:08'),
(2190, 272, 27, 'asia', 3, '2010-04-16 16:24:24'),
(2191, 271, 27, 'africa', 3, '2010-04-16 16:24:51'),
(2192, 301, 27, 'AL', 22, '2010-04-19 09:49:31'),
(2193, 338, 27, 'ES', 22, '2010-04-19 11:05:45'),
(2194, 303, 27, 'B', 22, '2010-04-19 09:57:33'),
(2195, 334, 27, 'CH', 22, '2010-04-19 11:07:24'),
(2196, 302, 27, 'AD', 22, '2010-04-19 09:50:34'),
(2197, 383, 27, 'DZ', 22, '2010-04-19 09:48:05'),
(2198, 345, 27, 'AF', 22, '2010-08-05 14:23:45'),
(2199, 285, 27, 'RA', 22, '2010-04-19 10:00:38'),
(2200, 346, 27, 'arm', 22, '2010-04-19 09:52:45'),
(2201, 347, 27, 'asb', 22, '2010-04-19 09:53:38'),
(2202, 299, 27, 'AUS', 22, '2010-04-19 09:54:26'),
(2203, 328, 27, 'A', 22, '2010-04-19 09:55:14'),
(2204, 348, 27, 'BH', 22, '2010-04-19 09:56:20'),
(2205, 349, 27, 'BD', 22, '2010-08-05 14:43:15'),
(2206, 304, 27, 'BA', 22, '2010-08-18 11:24:32'),
(2207, 287, 27, 'BR', 22, '2010-04-19 09:59:30'),
(2208, 286, 27, 'BO', 22, '2010-04-19 10:00:14'),
(2209, 305, 27, 'BG', 22, '2010-04-19 10:01:05'),
(2210, 297, 27, 'CAN', 22, '2010-04-19 10:02:08'),
(2211, 288, 27, 'CL', 22, '2010-04-19 10:02:51'),
(2212, 350, 27, 'CN', 22, '2010-04-19 10:03:50'),
(2213, 278, 27, 'CR', 22, '2010-04-19 10:06:08'),
(2214, 306, 27, 'DK', 22, '2010-04-19 10:06:54'),
(2215, 384, 27, 'KO', 22, '2010-07-29 15:07:30'),
(2216, 307, 27, 'D', 22, '2010-04-19 10:08:28'),
(2217, 279, 27, 'DO', 22, '2010-04-19 10:09:19'),
(2218, 280, 27, 'SV', 22, '2010-04-19 10:10:41'),
(2219, 308, 27, 'est', 22, '2010-04-19 10:11:48'),
(2220, 309, 27, 'FI', 22, '2010-04-19 10:12:04'),
(2221, 310, 27, 'F', 22, '2010-04-19 10:12:39'),
(2222, 351, 27, 'geo', 22, '2010-04-19 10:13:11'),
(2223, 311, 27, 'GR', 22, '2010-04-19 10:13:53'),
(2224, 281, 27, 'GT', 22, '2010-04-19 10:14:35'),
(2225, 282, 27, 'HN', 22, '2010-04-19 10:15:12'),
(2226, 352, 27, 'hon', 22, '2010-04-19 11:22:44'),
(2227, 353, 27, 'IN', 22, '2010-04-19 10:16:52'),
(2228, 354, 27, 'ID', 22, '2010-04-19 10:17:12'),
(2229, 355, 27, 'IQ', 22, '2010-08-06 14:57:03'),
(2230, 356, 27, 'IR', 22, '2010-04-19 10:18:29'),
(2231, 357, 27, 'IL', 22, '2010-04-19 10:19:09'),
(2232, 313, 27, 'IE', 22, '2010-04-19 10:19:57'),
(2233, 314, 27, 'IS', 22, '2010-08-18 12:54:10'),
(2234, 315, 27, 'I', 22, '2010-04-19 10:22:12'),
(2235, 358, 27, 'JP', 22, '2010-04-19 10:22:58'),
(2236, 359, 27, 'YE', 22, '2010-04-19 10:23:33'),
(2237, 360, 27, 'JO', 22, '2010-04-19 10:24:16'),
(2238, 361, 27, 'KH', 22, '2010-04-19 10:25:04'),
(2239, 362, 27, 'kas', 22, '2010-04-19 10:25:20'),
(2240, 363, 27, 'Qa', 22, '2010-04-19 10:26:06'),
(2241, 386, 27, 'KN', 22, '2010-04-19 11:24:40'),
(2242, 290, 27, 'CO', 22, '2010-04-19 10:28:19'),
(2243, 316, 27, 'XK', 22, '2010-04-19 10:28:58'),
(2244, 317, 27, 'HR', 22, '2010-04-19 10:29:30'),
(2245, 364, 27, 'KW', 22, '2010-04-19 10:30:39'),
(2246, 318, 27, 'let', 22, '2010-04-19 10:31:15'),
(2247, 319, 27, 'FL', 22, '2010-04-19 10:31:34'),
(2248, 320, 27, 'lit', 22, '2010-04-19 10:32:08'),
(2249, 365, 27, 'LB', 22, '2010-04-19 10:33:16'),
(2250, 321, 27, 'L', 22, '2010-04-19 10:37:35'),
(2251, 387, 27, 'LY', 22, '2010-04-19 10:38:16'),
(2252, 366, 27, 'MY', 22, '2010-04-19 10:39:09'),
(2253, 322, 27, 'MT', 22, '2010-04-19 10:39:50'),
(2254, 388, 27, 'MA', 22, '2010-04-19 10:40:22'),
(2255, 389, 27, 'MU', 22, '2010-07-29 15:58:26'),
(2257, 323, 27, 'MK', 22, '2010-04-19 10:43:30'),
(2258, 324, 27, 'mol', 22, '2010-04-19 10:44:51'),
(2259, 325, 27, 'XM', 22, '2010-04-19 10:45:34'),
(2260, 367, 27, 'MN', 22, '2010-04-19 10:46:33'),
(2261, 368, 27, 'NP', 22, '2010-08-18 08:20:05'),
(2262, 326, 27, 'NL', 22, '2010-04-19 10:47:59'),
(2263, 300, 27, 'NZ', 22, '2010-04-19 10:48:23'),
(2264, 292, 27, 'AN', 22, '2010-04-19 10:49:49'),
(2265, 327, 27, 'NO', 22, '2010-04-19 10:50:56'),
(2266, 369, 27, 'OM', 22, '2010-04-19 10:51:59'),
(2267, 370, 27, 'PK', 22, '2010-04-19 10:52:23'),
(2268, 284, 27, 'PA', 22, '2010-04-19 10:53:33'),
(2269, 293, 27, 'PY', 22, '2010-04-19 10:54:15'),
(2270, 294, 27, 'PE', 22, '2010-04-19 10:54:45'),
(2271, 371, 27, 'PH', 22, '2010-04-19 10:56:37'),
(2272, 329, 27, 'PL', 22, '2010-04-19 10:57:19'),
(2273, 330, 27, 'PT', 22, '2010-04-19 10:57:37'),
(2274, 331, 27, 'RO', 22, '2010-04-19 10:58:08'),
(2275, 392, 27, 'SA', 22, '2010-07-29 16:18:19'),
(2276, 391, 27, 'SE', 22, '2010-07-29 16:07:52'),
(2277, 372, 27, 'SAR', 22, '2010-04-19 11:01:14'),
(2278, 335, 27, 'XS', 22, '2010-04-19 11:12:36'),
(2279, 373, 27, 'SG', 22, '2010-04-19 11:02:38'),
(2280, 374, 27, 'LK', 22, '2010-04-19 11:08:43'),
(2281, 337, 27, 'SLO', 22, '2010-04-19 11:03:50'),
(2282, 336, 27, 'SK', 22, '2010-04-19 11:04:56'),
(2283, 333, 27, 'S', 22, '2010-04-19 11:06:46'),
(2284, 376, 27, 'SY', 22, '2010-04-19 11:08:02'),
(2285, 375, 27, 'KR', 22, '2010-04-19 11:08:13'),
(2286, 377, 27, 'TW', 22, '2010-04-19 11:09:14'),
(2287, 378, 27, 'TH', 22, '2010-08-18 09:25:13'),
(2288, 394, 27, 'TN', 22, '2010-04-19 11:10:35'),
(2289, 339, 27, 'CZ', 22, '2010-04-19 11:11:11'),
(2290, 340, 27, 'TR', 22, '2010-04-19 11:11:50'),
(2291, 341, 27, 'UA', 38, '2010-07-13 09:00:05'),
(2292, 342, 27, 'HU', 22, '2010-04-19 11:13:37'),
(2293, 312, 27, 'GB', 22, '2010-04-19 11:14:04'),
(2294, 295, 27, 'UY', 22, '2010-04-19 11:14:39'),
(2295, 298, 27, 'USA', 22, '2010-04-19 11:15:14'),
(2296, 379, 27, 'usz', 22, '2010-04-19 11:16:02'),
(2297, 296, 27, 'VE', 22, '2010-04-19 11:16:40'),
(2298, 380, 27, 'AE', 22, '2010-04-19 11:17:10'),
(2299, 381, 27, 'VN', 22, '2010-04-19 11:18:00'),
(2300, 343, 27, 'BY', 38, '2010-07-13 08:57:19'),
(2301, 344, 27, 'CY', 22, '2010-04-19 11:19:22'),
(2302, 382, 27, 'EG', 22, '2010-04-19 11:21:58'),
(2303, 464, 27, 'attachment', 2, '2010-04-19 16:27:16'),
(2304, 449, 27, 'salutation', 2, '2010-04-19 16:27:32'),
(2305, 465, 27, 'message', 2, '2010-04-19 16:27:45'),
(2306, 462, 27, 'state', 2, '2010-04-19 16:27:59'),
(2307, 454, 27, 'email', 2, '2010-04-19 16:28:19'),
(2308, 456, 27, 'fax', 2, '2010-04-19 16:28:26'),
(2309, 453, 27, 'company', 2, '2010-04-19 16:28:39'),
(2310, 457, 27, 'function', 2, '2010-04-19 16:28:53'),
(2311, 463, 27, 'country', 2, '2010-04-19 16:29:06'),
(2312, 452, 27, 'sname', 2, '2010-04-19 16:29:20'),
(2313, 461, 27, 'city', 2, '2010-04-19 16:29:33'),
(2314, 460, 27, 'zip', 2, '2010-04-19 16:29:49'),
(2315, 459, 27, 'street', 2, '2010-04-19 16:30:01'),
(2316, 455, 27, 'phone', 2, '2010-04-19 16:30:12'),
(2317, 450, 27, 'title', 2, '2010-04-19 16:30:24'),
(2318, 458, 27, 'type', 2, '2010-04-19 16:30:40'),
(2319, 451, 27, 'fname', 2, '2010-04-19 16:30:54'),
(2320, 385, 27, 'GH', 22, '2010-07-29 15:17:53'),
(2321, 390, 27, 'NG', 22, '2010-07-29 16:02:45'),
(2322, 393, 27, 'SU', 22, '2010-07-29 16:23:33'),
(2323, 345, 14, 'AF', 22, '2010-08-05 14:23:40'),
(2324, 345, 15, 'AF', 22, '2010-08-05 14:23:53'),
(2325, 345, 26, 'AF', 22, '2010-08-05 14:24:26'),
(2326, 345, 5, 'AF', 22, '2010-08-05 14:24:48'),
(2327, 345, 13, 'AF', 22, '2010-08-05 14:25:08'),
(2328, 345, 20, 'AF', 22, '2010-08-05 14:25:25'),
(2329, 345, 7, 'AF', 22, '2010-08-05 14:25:39'),
(2330, 345, 18, 'AF', 22, '2010-08-05 14:25:59'),
(2331, 345, 22, 'AF', 22, '2010-08-05 14:26:20'),
(2332, 345, 9, 'AF', 22, '2010-08-05 14:26:34'),
(2333, 345, 24, 'AF', 22, '2010-08-05 14:26:51'),
(2334, 346, 24, 'arm', 22, '2010-08-05 14:27:28'),
(2335, 346, 16, 'arm', 22, '2010-08-05 14:27:43'),
(2336, 346, 21, 'arm', 22, '2010-08-05 14:27:52'),
(2337, 346, 17, 'arm', 22, '2010-08-05 14:27:59'),
(2338, 346, 11, 'arm', 22, '2010-08-05 14:28:05'),
(2339, 346, 25, 'arm', 22, '2010-08-05 14:28:11'),
(2340, 346, 14, 'arm', 22, '2010-08-05 14:28:28'),
(2341, 346, 15, 'arm', 22, '2010-08-05 14:28:39'),
(2342, 346, 6, 'arm', 22, '2010-08-05 14:28:56'),
(2343, 346, 26, 'arm', 22, '2010-08-05 14:29:14'),
(2344, 346, 5, 'arm', 22, '2010-08-05 14:29:30'),
(2345, 346, 13, 'arm', 22, '2010-08-05 14:29:49'),
(2346, 346, 20, 'arm', 22, '2010-08-05 14:30:06'),
(2347, 346, 7, 'arm', 22, '2010-08-05 14:30:22'),
(2348, 346, 18, 'arm', 22, '2010-08-05 14:30:40'),
(2349, 346, 22, 'arm', 22, '2010-08-05 14:30:59'),
(2350, 346, 9, 'arm', 22, '2010-08-05 14:31:16'),
(2351, 347, 9, 'asb', 22, '2010-08-05 14:32:31'),
(2352, 347, 16, 'asb', 22, '2010-08-05 14:33:00'),
(2353, 347, 21, 'asb', 22, '2010-08-05 14:33:08'),
(2354, 347, 17, 'asb', 22, '2010-08-05 14:33:13'),
(2355, 347, 11, 'asb', 22, '2010-08-05 14:33:19'),
(2356, 347, 25, 'asb', 22, '2010-08-05 14:33:24'),
(2357, 347, 14, 'asb', 22, '2010-08-05 14:33:34'),
(2358, 347, 15, 'asb', 22, '2010-08-05 14:33:41'),
(2359, 347, 6, 'asb', 22, '2010-08-05 14:34:04'),
(2360, 347, 26, 'asb', 22, '2010-08-05 14:34:17'),
(2361, 347, 5, 'asb', 22, '2010-08-05 14:34:34'),
(2362, 347, 13, 'asb', 22, '2010-08-05 14:34:53'),
(2363, 347, 20, 'asb', 22, '2010-08-05 14:35:10'),
(2364, 347, 7, 'asb', 22, '2010-08-05 14:35:28'),
(2365, 347, 18, 'asb', 22, '2010-08-05 14:35:50'),
(2366, 347, 22, 'asb', 22, '2010-08-05 14:36:11'),
(2367, 347, 24, 'asb', 22, '2010-08-05 14:36:36'),
(2368, 348, 24, 'BH', 22, '2010-08-05 14:37:34'),
(2369, 348, 16, 'BH', 22, '2010-08-05 14:37:58'),
(2370, 348, 21, 'BH', 22, '2010-08-05 14:38:08'),
(2371, 348, 17, 'BH', 22, '2010-08-05 14:38:15'),
(2372, 348, 11, 'BH', 22, '2010-08-05 14:38:21'),
(2373, 348, 25, 'BH', 22, '2010-08-05 14:38:29'),
(2374, 348, 14, 'BH', 22, '2010-08-05 14:38:40'),
(2375, 348, 15, 'BH', 22, '2010-08-05 14:38:49'),
(2376, 348, 6, 'BH', 22, '2010-08-05 14:39:07'),
(2377, 348, 26, 'BH', 22, '2010-08-05 14:39:26'),
(2378, 348, 5, 'BH', 22, '2010-08-05 14:39:42'),
(2379, 348, 13, 'BH', 22, '2010-08-05 14:39:58'),
(2380, 348, 20, 'BH', 22, '2010-08-05 14:40:14'),
(2381, 348, 7, 'BH', 22, '2010-08-05 14:40:32'),
(2382, 348, 18, 'BH', 22, '2010-08-05 14:40:51'),
(2383, 348, 22, 'BH', 22, '2010-08-05 14:41:10'),
(2384, 348, 9, 'BH', 22, '2010-08-05 14:41:28'),
(2385, 349, 16, 'BD', 22, '2010-08-05 14:42:30'),
(2386, 349, 21, 'BD', 22, '2010-08-05 14:42:38'),
(2387, 349, 17, 'BD', 22, '2010-08-05 14:42:45'),
(2388, 349, 11, 'BD', 22, '2010-08-05 14:42:51'),
(2389, 349, 25, 'BD', 22, '2010-08-05 14:42:58'),
(2390, 349, 14, 'BD', 22, '2010-08-05 14:43:10'),
(2391, 349, 15, 'BD', 22, '2010-08-05 14:43:25'),
(2392, 349, 6, 'BD', 22, '2010-08-05 14:43:43'),
(2393, 349, 26, 'BD', 22, '2010-08-05 14:43:59'),
(2394, 349, 5, 'BD', 22, '2010-08-05 14:44:16'),
(2395, 349, 13, 'BD', 22, '2010-08-05 14:44:38'),
(2396, 349, 20, 'BD', 22, '2010-08-05 14:44:59'),
(2397, 349, 7, 'BD', 22, '2010-08-05 14:45:15'),
(2398, 349, 18, 'BD', 22, '2010-08-05 14:45:32'),
(2399, 349, 22, 'BD', 22, '2010-08-05 14:45:51'),
(2400, 349, 9, 'BD', 22, '2010-08-05 14:46:07'),
(2401, 349, 24, 'BD', 22, '2010-08-05 14:46:27'),
(2402, 350, 16, 'CN', 22, '2010-08-05 16:30:03'),
(2403, 350, 21, 'CN', 22, '2010-08-05 16:30:11'),
(2404, 350, 17, 'CN', 22, '2010-08-05 16:30:16'),
(2405, 350, 11, 'CN', 22, '2010-08-05 16:30:21'),
(2406, 350, 25, 'CN', 22, '2010-08-05 16:30:29'),
(2407, 350, 14, 'CN', 22, '2010-08-05 16:30:37'),
(2408, 350, 15, 'CN', 22, '2010-08-05 16:37:21'),
(2409, 350, 26, 'CN', 22, '2010-08-05 16:38:02'),
(2410, 350, 5, 'CN', 22, '2010-08-05 16:38:46'),
(2411, 350, 13, 'CN', 22, '2010-08-05 16:39:06'),
(2412, 350, 20, 'CN', 22, '2010-08-05 16:39:35'),
(2413, 350, 7, 'CN', 22, '2010-08-05 16:39:53'),
(2414, 350, 18, 'CN', 22, '2010-08-05 16:40:11'),
(2415, 350, 22, 'CN', 22, '2010-08-05 16:40:37'),
(2416, 350, 9, 'CN', 22, '2010-08-05 16:40:53'),
(2417, 350, 24, 'CN', 22, '2010-08-05 16:41:11'),
(2418, 351, 24, 'geo', 22, '2010-08-05 16:41:41'),
(2419, 351, 16, 'geo', 22, '2010-08-05 16:42:06'),
(2420, 351, 21, 'geo', 22, '2010-08-05 16:42:15'),
(2421, 351, 17, 'geo', 22, '2010-08-05 16:42:21'),
(2422, 351, 11, 'geo', 22, '2010-08-05 16:42:27'),
(2423, 351, 25, 'geo', 22, '2010-08-05 16:42:35'),
(2424, 351, 14, 'geo', 22, '2010-08-05 16:42:44'),
(2425, 351, 15, 'geo', 22, '2010-08-05 16:42:55'),
(2426, 351, 6, 'geo', 22, '2010-08-05 16:43:14'),
(2427, 351, 26, 'geo', 22, '2010-08-05 16:43:32'),
(2428, 351, 5, 'geo', 22, '2010-08-05 16:43:50'),
(2429, 351, 13, 'geo', 22, '2010-08-05 16:44:09'),
(2430, 351, 20, 'geo', 22, '2010-08-05 16:44:26'),
(2431, 351, 7, 'geo', 22, '2010-08-05 16:44:46'),
(2432, 351, 18, 'geo', 22, '2010-08-05 16:45:02'),
(2433, 351, 22, 'geo', 22, '2010-08-05 16:45:27'),
(2434, 351, 9, 'geo', 22, '2010-08-05 16:45:42'),
(2435, 352, 9, 'hon', 22, '2010-08-05 16:46:11'),
(2436, 352, 16, 'hon', 22, '2010-08-05 16:46:59'),
(2437, 352, 21, 'hon', 22, '2010-08-05 16:47:06'),
(2438, 352, 17, 'hon', 22, '2010-08-05 16:47:12'),
(2439, 352, 11, 'hon', 22, '2010-08-05 16:47:18'),
(2440, 352, 25, 'hon', 22, '2010-08-05 16:47:23'),
(2441, 352, 14, 'hon', 22, '2010-08-05 16:47:32'),
(2442, 352, 15, 'hon', 22, '2010-08-05 16:47:40'),
(2443, 352, 6, 'hon', 22, '2010-08-05 16:47:56'),
(2444, 352, 26, 'hon', 22, '2010-08-05 16:48:18'),
(2445, 352, 5, 'hon', 22, '2010-08-05 16:48:32'),
(2446, 352, 13, 'hon', 22, '2010-08-05 16:48:49'),
(2447, 352, 20, 'hon', 22, '2010-08-05 16:49:07'),
(2448, 352, 7, 'hon', 22, '2010-08-05 16:49:27'),
(2449, 352, 18, 'hon', 22, '2010-08-05 16:49:48'),
(2450, 352, 22, 'hon', 22, '2010-08-05 16:50:14'),
(2451, 352, 24, 'hon', 22, '2010-08-05 16:50:31'),
(2452, 353, 24, 'IN', 22, '2010-08-05 16:52:07'),
(2453, 353, 14, 'IN', 22, '2010-08-05 16:52:27'),
(2454, 353, 15, 'IN', 22, '2010-08-05 16:52:35'),
(2455, 353, 16, 'IN', 22, '2010-08-05 16:52:42'),
(2456, 353, 21, 'IN', 22, '2010-08-05 16:52:49'),
(2457, 353, 17, 'IN', 22, '2010-08-05 16:52:54'),
(2458, 353, 11, 'IN', 22, '2010-08-05 16:52:59'),
(2459, 353, 25, 'IN', 22, '2010-08-05 16:53:06'),
(2460, 353, 6, 'IN', 22, '2010-08-05 16:53:29'),
(2461, 353, 26, 'IN', 22, '2010-08-05 16:53:45'),
(2462, 353, 5, 'IN', 22, '2010-08-05 16:54:04'),
(2463, 353, 13, 'IN', 22, '2010-08-05 16:54:22'),
(2464, 353, 20, 'IN', 22, '2010-08-05 16:54:46'),
(2465, 353, 7, 'IN', 22, '2010-08-05 16:55:03'),
(2466, 353, 18, 'IN', 22, '2010-08-05 16:55:22'),
(2467, 353, 22, 'IN', 22, '2010-08-05 16:55:43'),
(2468, 353, 9, 'IN', 22, '2010-08-05 16:55:57'),
(2469, 354, 16, 'ID', 22, '2010-08-05 16:57:00'),
(2470, 354, 21, 'ID', 22, '2010-08-05 16:57:08'),
(2471, 354, 17, 'ID', 22, '2010-08-05 16:57:38'),
(2472, 354, 11, 'ID', 22, '2010-08-05 16:57:45'),
(2473, 354, 25, 'ID', 22, '2010-08-05 16:57:50'),
(2474, 354, 14, 'ID', 22, '2010-08-05 16:57:57'),
(2475, 354, 15, 'ID', 22, '2010-08-05 16:58:05'),
(2476, 354, 6, 'ID', 22, '2010-08-05 16:58:19'),
(2477, 354, 26, 'ID', 22, '2010-08-05 16:58:33'),
(2478, 354, 5, 'ID', 22, '2010-08-05 16:58:54'),
(2479, 354, 13, 'ID', 22, '2010-08-05 16:59:08'),
(2480, 354, 20, 'ID', 22, '2010-08-05 16:59:24'),
(2481, 354, 7, 'ID', 22, '2010-08-05 16:59:38'),
(2482, 354, 18, 'ID', 22, '2010-08-05 16:59:54'),
(2483, 354, 22, 'ID', 22, '2010-08-05 17:00:13'),
(2484, 354, 9, 'ID', 22, '2010-08-05 17:00:30'),
(2485, 354, 24, 'ID', 22, '2010-08-05 17:00:52'),
(2486, 355, 14, 'IQ', 22, '2010-08-06 14:56:56'),
(2487, 355, 15, 'IQ', 22, '2010-08-06 14:57:11'),
(2488, 355, 16, 'IQ', 22, '2010-08-06 14:57:23'),
(2489, 355, 21, 'IQ', 22, '2010-08-06 14:57:32'),
(2490, 355, 17, 'IQ', 22, '2010-08-06 14:57:37'),
(2491, 355, 11, 'IQ', 22, '2010-08-06 14:57:42'),
(2492, 355, 25, 'IQ', 22, '2010-08-06 14:57:47'),
(2493, 355, 6, 'IQ', 22, '2010-08-06 14:58:06'),
(2494, 355, 26, 'IQ', 22, '2010-08-06 14:58:18'),
(2495, 355, 5, 'IQ', 22, '2010-08-06 14:58:40'),
(2496, 355, 13, 'IQ', 22, '2010-08-06 14:58:59'),
(2497, 355, 20, 'IQ', 22, '2010-08-06 14:59:17'),
(2498, 355, 7, 'IQ', 22, '2010-08-06 14:59:35'),
(2499, 355, 18, 'IQ', 22, '2010-08-06 14:59:50'),
(2500, 355, 22, 'IQ', 22, '2010-08-06 15:00:07'),
(2501, 355, 9, 'IQ', 22, '2010-08-06 15:00:24'),
(2502, 355, 24, 'IQ', 22, '2010-08-06 15:00:39'),
(2503, 356, 24, 'IR', 22, '2010-08-06 15:01:15'),
(2504, 356, 15, 'IR', 22, '2010-08-06 15:01:40'),
(2505, 356, 14, 'IR', 22, '2010-08-06 15:01:45'),
(2506, 356, 16, 'IR', 22, '2010-08-06 15:01:55'),
(2507, 356, 17, 'IR', 22, '2010-08-06 15:02:03'),
(2508, 356, 11, 'IR', 22, '2010-08-06 15:02:10'),
(2509, 356, 25, 'IR', 22, '2010-08-06 15:02:15'),
(2510, 356, 6, 'IR', 22, '2010-08-06 15:02:40'),
(2511, 356, 26, 'IR', 22, '2010-08-06 15:02:53'),
(2512, 356, 5, 'IR', 22, '2010-08-06 15:03:09'),
(2513, 356, 13, 'IR', 22, '2010-08-06 15:03:33'),
(2514, 356, 20, 'IR', 22, '2010-08-06 15:03:48'),
(2515, 356, 7, 'IR', 22, '2010-08-06 15:04:05'),
(2516, 356, 18, 'IR', 22, '2010-08-06 15:04:27'),
(2517, 356, 22, 'IR', 22, '2010-08-06 15:04:52'),
(2518, 356, 9, 'IR', 22, '2010-08-06 15:05:09'),
(2519, 357, 9, 'IL', 22, '2010-08-06 15:06:19'),
(2520, 357, 16, 'IL', 22, '2010-08-06 15:06:33'),
(2521, 357, 21, 'IL', 22, '2010-08-06 15:06:39'),
(2522, 357, 17, 'IL', 22, '2010-08-06 15:06:43'),
(2523, 357, 11, 'IL', 22, '2010-08-06 15:06:48'),
(2524, 357, 25, 'IL', 22, '2010-08-06 15:06:52'),
(2525, 357, 14, 'IL', 22, '2010-08-06 15:06:58'),
(2526, 357, 15, 'IL', 22, '2010-08-06 15:07:05'),
(2527, 357, 6, 'IL', 22, '2010-08-06 15:07:32'),
(2528, 357, 26, 'IL', 22, '2010-08-06 15:07:51'),
(2529, 357, 5, 'IL', 22, '2010-08-06 15:08:07'),
(2530, 357, 13, 'IL', 22, '2010-08-06 15:08:23'),
(2531, 357, 20, 'IL', 22, '2010-08-06 15:08:40'),
(2532, 357, 7, 'IL', 22, '2010-08-06 15:08:57'),
(2533, 357, 18, 'IL', 22, '2010-08-06 15:09:17'),
(2534, 357, 22, 'IL', 22, '2010-08-06 15:09:36'),
(2535, 357, 24, 'IL', 22, '2010-08-06 15:09:53'),
(2536, 358, 16, 'JP', 22, '2010-08-06 15:10:30'),
(2537, 358, 21, 'JP', 22, '2010-08-06 15:10:37'),
(2538, 358, 17, 'JP', 22, '2010-08-06 15:10:41'),
(2539, 358, 11, 'JP', 22, '2010-08-06 15:10:45'),
(2540, 358, 25, 'JP', 22, '2010-08-06 15:10:49'),
(2541, 358, 14, 'JP', 22, '2010-08-06 15:10:55'),
(2542, 358, 15, 'JP', 22, '2010-08-06 15:11:04'),
(2543, 358, 6, 'JP', 22, '2010-08-06 15:11:39'),
(2544, 358, 26, 'JP', 22, '2010-08-06 15:11:52'),
(2545, 358, 5, 'JP', 22, '2010-08-06 15:12:09'),
(2546, 358, 13, 'JP', 22, '2010-08-06 15:12:35'),
(2547, 358, 20, 'JP', 22, '2010-08-06 15:12:50'),
(2548, 358, 7, 'JP', 22, '2010-08-06 15:13:12'),
(2549, 358, 18, 'JP', 22, '2010-08-06 15:13:52'),
(2550, 358, 22, 'JP', 22, '2010-08-06 15:14:18'),
(2551, 358, 9, 'JP', 22, '2010-08-06 15:14:48'),
(2552, 358, 24, 'JP', 22, '2010-08-06 15:15:11'),
(2553, 359, 16, 'YE', 22, '2010-08-06 15:18:08'),
(2554, 359, 21, 'YE', 22, '2010-08-06 15:18:28'),
(2555, 359, 17, 'YE', 22, '2010-08-06 15:18:37'),
(2556, 359, 11, 'YE', 22, '2010-08-06 15:18:45'),
(2557, 359, 25, 'YE', 22, '2010-08-06 15:18:58'),
(2558, 359, 14, 'YE', 22, '2010-08-06 15:19:11'),
(2559, 359, 15, 'YE', 22, '2010-08-06 15:19:19'),
(2560, 359, 6, 'YE', 22, '2010-08-06 15:19:42'),
(2561, 359, 26, 'YE', 22, '2010-08-06 15:20:19'),
(2562, 359, 5, 'YE', 22, '2010-08-06 15:20:35'),
(2563, 359, 13, 'YE', 22, '2010-08-06 15:20:52'),
(2564, 359, 20, 'YE', 22, '2010-08-06 15:21:12'),
(2565, 359, 7, 'YE', 22, '2010-08-06 15:21:34'),
(2566, 359, 18, 'YE', 22, '2010-08-06 15:21:51'),
(2567, 359, 22, 'YE', 22, '2010-08-06 15:22:12'),
(2568, 359, 9, 'YE', 22, '2010-08-06 15:22:29'),
(2569, 359, 24, 'YE', 22, '2010-08-06 15:22:50'),
(2570, 360, 24, 'JO', 22, '2010-08-06 15:31:53'),
(2571, 360, 16, 'JO', 22, '2010-08-06 15:33:07'),
(2572, 360, 21, 'JO', 22, '2010-08-06 15:33:15'),
(2573, 360, 17, 'JO', 22, '2010-08-06 15:33:20'),
(2574, 360, 11, 'JO', 22, '2010-08-06 15:33:30'),
(2575, 360, 25, 'JO', 22, '2010-08-06 15:33:35'),
(2576, 360, 14, 'JO', 22, '2010-08-06 15:33:43'),
(2577, 360, 15, 'JO', 22, '2010-08-06 15:33:52'),
(2578, 360, 6, 'JO', 22, '2010-08-06 15:34:09'),
(2579, 360, 26, 'JO', 22, '2010-08-06 15:34:28'),
(2580, 360, 5, 'JO', 22, '2010-08-06 15:34:47'),
(2581, 360, 13, 'JO', 22, '2010-08-06 15:35:00'),
(2582, 360, 20, 'JO', 22, '2010-08-06 15:35:20'),
(2583, 360, 7, 'JO', 22, '2010-08-06 15:35:35'),
(2584, 360, 18, 'JO', 22, '2010-08-06 15:35:50'),
(2585, 360, 22, 'JO', 22, '2010-08-06 15:36:15'),
(2586, 360, 9, 'JO', 22, '2010-08-06 15:36:32'),
(2587, 361, 14, 'KH', 22, '2010-08-06 15:37:01'),
(2588, 361, 15, 'KH', 22, '2010-08-06 15:37:06'),
(2589, 361, 16, 'KH', 22, '2010-08-06 15:37:16'),
(2590, 361, 21, 'KH', 22, '2010-08-06 15:37:22'),
(2591, 361, 17, 'KH', 22, '2010-08-06 15:37:28'),
(2592, 361, 11, 'KH', 22, '2010-08-06 15:37:32'),
(2593, 361, 25, 'KH', 22, '2010-08-06 15:37:36'),
(2594, 361, 6, 'KH', 22, '2010-08-06 15:38:12'),
(2595, 361, 26, 'KH', 22, '2010-08-06 15:38:30'),
(2596, 361, 5, 'KH', 22, '2010-08-06 15:38:45'),
(2597, 361, 13, 'KH', 22, '2010-08-06 15:39:04'),
(2598, 361, 20, 'KH', 22, '2010-08-06 15:39:24'),
(2599, 361, 7, 'KH', 22, '2010-08-06 15:39:43'),
(2600, 361, 18, 'KH', 22, '2010-08-06 15:40:02'),
(2601, 361, 22, 'KH', 22, '2010-08-06 15:40:26'),
(2602, 361, 9, 'KH', 22, '2010-08-06 15:40:46'),
(2603, 361, 24, 'KH', 22, '2010-08-06 15:41:03'),
(2612, 276, 15, 'centralamerica', 21, '2010-08-12 15:08:37'),
(2613, 272, 15, 'asia', 21, '2010-08-12 15:07:17'),
(2614, 273, 15, 'australia_oceania', 22, '2010-10-06 16:09:13'),
(2615, 277, 15, 'europe', 21, '2010-08-12 15:08:06'),
(2616, 274, 15, 'northamerica', 21, '2010-08-12 15:08:15'),
(2617, 275, 15, 'southamerica', 21, '2010-08-12 15:08:25'),
(2618, 362, 16, 'kas', 22, '2010-08-18 07:48:30'),
(2619, 362, 21, 'kas', 22, '2010-08-18 07:48:39'),
(2620, 362, 17, 'kas', 22, '2010-08-18 07:48:45'),
(2621, 362, 11, 'kas', 22, '2010-08-18 07:48:51'),
(2622, 362, 25, 'kas', 22, '2010-08-18 07:48:57'),
(2623, 362, 14, 'kas', 22, '2010-08-18 07:49:08'),
(2624, 362, 15, 'kas', 22, '2010-08-18 07:49:16'),
(2625, 362, 6, 'kas', 22, '2010-08-18 07:49:50'),
(2626, 362, 26, 'kas', 22, '2010-08-18 07:50:55'),
(2627, 362, 5, 'kas', 22, '2010-08-18 07:51:13'),
(2628, 362, 13, 'kas', 22, '2010-08-18 07:51:33'),
(2629, 362, 20, 'kas', 22, '2010-08-18 07:51:52'),
(2630, 362, 7, 'kas', 22, '2010-08-18 07:52:07'),
(2631, 362, 18, 'kas', 22, '2010-08-18 07:52:26'),
(2632, 362, 22, 'kas', 22, '2010-08-18 07:52:48'),
(2633, 362, 9, 'kas', 22, '2010-08-18 07:53:09'),
(2634, 362, 24, 'kas', 22, '2010-08-18 07:53:25'),
(2635, 363, 16, 'Qa', 22, '2010-08-18 07:53:54'),
(2636, 363, 21, 'Qa', 22, '2010-08-18 07:54:00'),
(2637, 363, 17, 'Qa', 22, '2010-08-18 07:54:03'),
(2638, 363, 11, 'Qa', 22, '2010-08-18 07:54:08'),
(2639, 363, 25, 'Qa', 22, '2010-08-18 07:54:13'),
(2640, 363, 14, 'Qa', 22, '2010-08-18 07:54:21'),
(2641, 363, 15, 'Qa', 22, '2010-08-18 07:54:30'),
(2642, 363, 24, 'Qa', 22, '2010-08-18 07:54:48'),
(2643, 363, 6, 'Qa', 22, '2010-08-18 07:55:15'),
(2644, 363, 26, 'Qa', 22, '2010-08-18 07:55:32'),
(2645, 363, 5, 'Qa', 22, '2010-08-18 07:55:50'),
(2646, 363, 13, 'Qa', 22, '2010-08-18 07:56:06'),
(2647, 363, 20, 'Qa', 22, '2010-08-18 07:56:28'),
(2648, 363, 7, 'Qa', 22, '2010-08-18 07:56:46'),
(2649, 363, 18, 'Qa', 22, '2010-08-18 07:57:03'),
(2650, 363, 22, 'Qa', 22, '2010-08-18 07:57:23'),
(2651, 363, 9, 'Qa', 22, '2010-08-18 07:57:39'),
(2652, 364, 16, 'KW', 22, '2010-08-18 07:58:04'),
(2653, 364, 21, 'KW', 22, '2010-08-18 07:58:11'),
(2654, 364, 17, 'KW', 22, '2010-08-18 07:58:14'),
(2655, 364, 11, 'KW', 22, '2010-08-18 07:58:18'),
(2656, 364, 25, 'KW', 22, '2010-08-18 07:58:22'),
(2657, 364, 14, 'KW', 22, '2010-08-18 07:58:29'),
(2658, 364, 15, 'KW', 22, '2010-08-18 07:58:35'),
(2659, 364, 6, 'KW', 22, '2010-08-18 07:58:58'),
(2660, 364, 26, 'KW', 22, '2010-08-18 07:59:17'),
(2661, 364, 5, 'KW', 22, '2010-08-18 07:59:36'),
(2662, 364, 13, 'KW', 22, '2010-08-18 08:00:05'),
(2663, 364, 20, 'KW', 22, '2010-08-18 08:00:28'),
(2664, 364, 7, 'KW', 22, '2010-08-18 08:00:45'),
(2665, 364, 18, 'KW', 22, '2010-08-18 08:01:08'),
(2666, 364, 22, 'KW', 22, '2010-08-18 08:01:33'),
(2667, 364, 9, 'KW', 22, '2010-08-18 08:01:48'),
(2668, 364, 24, 'KW', 22, '2010-08-18 08:02:04'),
(2669, 365, 16, 'LB', 22, '2010-08-18 08:04:23'),
(2670, 365, 21, 'LB', 22, '2010-08-18 08:04:29'),
(2671, 365, 17, 'LB', 22, '2010-08-18 08:04:33'),
(2672, 365, 11, 'LB', 22, '2010-08-18 08:04:37'),
(2673, 365, 25, 'LB', 22, '2010-08-18 08:04:40'),
(2674, 365, 14, 'LB', 22, '2010-08-18 08:04:47'),
(2675, 365, 15, 'LB', 22, '2010-08-18 08:04:55'),
(2676, 365, 6, 'LB', 22, '2010-08-18 08:05:15'),
(2677, 365, 26, 'LB', 22, '2010-08-18 08:05:32'),
(2678, 365, 5, 'LB', 22, '2010-08-18 08:05:51'),
(2679, 365, 13, 'LB', 22, '2010-08-18 08:06:09'),
(2680, 365, 20, 'LB', 22, '2010-08-18 08:06:28'),
(2681, 365, 7, 'LB', 22, '2010-08-18 08:06:48'),
(2682, 365, 18, 'LB', 22, '2010-08-18 08:07:05'),
(2683, 365, 22, 'LB', 22, '2010-08-18 08:07:28'),
(2684, 365, 9, 'LB', 22, '2010-08-18 08:07:46'),
(2685, 365, 24, 'LB', 22, '2010-08-18 08:08:06'),
(2686, 366, 16, 'MY', 22, '2010-08-18 08:08:33'),
(2687, 366, 21, 'MY', 22, '2010-08-18 08:08:39'),
(2688, 366, 17, 'MY', 22, '2010-08-18 08:08:43'),
(2689, 366, 11, 'MY', 22, '2010-08-18 08:08:47'),
(2690, 366, 25, 'MY', 22, '2010-08-18 08:08:50'),
(2691, 366, 14, 'MY', 22, '2010-08-18 08:08:59'),
(2692, 366, 15, 'MY', 22, '2010-08-18 08:09:06'),
(2693, 366, 6, 'MY', 22, '2010-08-18 08:09:20'),
(2694, 366, 26, 'MY', 22, '2010-08-18 08:09:36'),
(2695, 366, 5, 'MY', 22, '2010-08-18 08:09:53'),
(2696, 366, 13, 'MY', 22, '2010-08-18 08:10:10'),
(2697, 366, 20, 'MY', 22, '2010-08-18 08:10:39'),
(2698, 366, 7, 'MY', 22, '2010-08-18 08:10:58'),
(2699, 366, 18, 'MY', 22, '2010-08-18 08:11:15'),
(2700, 366, 22, 'MY', 22, '2010-08-18 08:11:37'),
(2701, 366, 9, 'MY', 22, '2010-08-18 08:11:53'),
(2702, 366, 24, 'MY', 22, '2010-08-18 08:12:14'),
(2703, 367, 16, 'MN', 22, '2010-08-18 08:12:46'),
(2704, 367, 21, 'MN', 22, '2010-08-18 08:12:49'),
(2705, 367, 17, 'MN', 22, '2010-08-18 08:12:53'),
(2706, 367, 11, 'MN', 22, '2010-08-18 08:12:56'),
(2707, 367, 25, 'MN', 22, '2010-08-18 08:13:00'),
(2708, 367, 14, 'MN', 22, '2010-08-18 08:13:07'),
(2709, 367, 15, 'MN', 22, '2010-08-18 08:13:13'),
(2710, 367, 6, 'MN', 22, '2010-08-18 08:13:49'),
(2711, 367, 26, 'MN', 22, '2010-08-18 08:14:03'),
(2712, 367, 5, 'MN', 22, '2010-08-18 08:14:26'),
(2713, 367, 13, 'MN', 22, '2010-08-18 08:14:44'),
(2714, 367, 20, 'MN', 22, '2010-08-18 08:15:15'),
(2715, 367, 7, 'MN', 22, '2010-08-18 08:15:36'),
(2716, 367, 18, 'MN', 22, '2010-08-18 08:16:01'),
(2717, 367, 22, 'MN', 22, '2010-08-18 08:16:20'),
(2718, 367, 9, 'MN', 22, '2010-08-18 08:16:59'),
(2719, 367, 24, 'MN', 22, '2010-08-18 08:17:40'),
(2720, 368, 16, 'NP', 22, '2010-08-18 08:19:35'),
(2721, 368, 21, 'NP', 22, '2010-08-18 08:19:41'),
(2722, 368, 17, 'NP', 22, '2010-08-18 08:19:45'),
(2723, 368, 25, 'NP', 22, '2010-08-18 08:19:49'),
(2724, 368, 11, 'NP', 22, '2010-08-18 08:19:53'),
(2725, 368, 14, 'NP', 22, '2010-08-18 08:19:59'),
(2726, 368, 15, 'NP', 22, '2010-08-18 08:20:09'),
(2727, 368, 6, 'NP', 22, '2010-08-18 08:20:30'),
(2728, 368, 26, 'NP', 22, '2010-08-18 08:20:44'),
(2729, 368, 5, 'NP', 22, '2010-08-18 08:20:58'),
(2730, 368, 13, 'NP', 22, '2010-08-18 08:21:17'),
(2731, 368, 20, 'NP', 22, '2010-08-18 08:21:36'),
(2732, 368, 7, 'NP', 22, '2010-08-18 08:21:53'),
(2733, 368, 18, 'NP', 22, '2010-08-18 08:22:08'),
(2734, 368, 22, 'NP', 22, '2010-08-18 08:22:26'),
(2735, 368, 9, 'NP', 22, '2010-08-18 08:22:41'),
(2736, 368, 24, 'NP', 22, '2010-08-18 08:22:54'),
(2737, 369, 16, 'OM', 22, '2010-08-18 08:23:16'),
(2738, 369, 21, 'OM', 22, '2010-08-18 08:23:28'),
(2739, 369, 17, 'OM', 22, '2010-08-18 08:23:33'),
(2740, 369, 11, 'OM', 22, '2010-08-18 08:23:37'),
(2741, 369, 25, 'OM', 22, '2010-08-18 08:23:41'),
(2742, 369, 14, 'OM', 22, '2010-08-18 08:23:52'),
(2743, 369, 15, 'OM', 22, '2010-08-18 08:23:58'),
(2744, 369, 6, 'OM', 22, '2010-08-18 08:24:20'),
(2745, 369, 26, 'OM', 22, '2010-08-18 08:24:35'),
(2746, 369, 5, 'OM', 22, '2010-08-18 08:24:55'),
(2747, 369, 13, 'OM', 22, '2010-08-18 08:25:12'),
(2748, 369, 20, 'OM', 22, '2010-08-18 08:25:30'),
(2749, 369, 7, 'OM', 22, '2010-08-18 08:25:46'),
(2750, 369, 18, 'OM', 22, '2010-08-18 08:26:02'),
(2751, 369, 22, 'OM', 22, '2010-08-18 08:26:22'),
(2752, 369, 9, 'OM', 22, '2010-08-18 08:26:37'),
(2753, 369, 24, 'OM', 22, '2010-08-18 08:26:53'),
(2754, 370, 16, 'PK', 22, '2010-08-18 08:27:34'),
(2755, 370, 21, 'PK', 22, '2010-08-18 08:27:40'),
(2756, 370, 17, 'PK', 22, '2010-08-18 08:27:44'),
(2757, 370, 11, 'PK', 22, '2010-08-18 08:27:48'),
(2758, 370, 25, 'PK', 22, '2010-08-18 08:27:53'),
(2759, 370, 14, 'PK', 22, '2010-08-18 08:28:00'),
(2760, 370, 15, 'PK', 22, '2010-08-18 08:28:06'),
(2761, 370, 6, 'PK', 22, '2010-08-18 08:28:28'),
(2762, 370, 26, 'PK', 22, '2010-08-18 08:28:40'),
(2763, 370, 5, 'PK', 22, '2010-08-18 08:28:57'),
(2764, 370, 13, 'PK', 22, '2010-08-18 08:29:16'),
(2765, 370, 20, 'PK', 22, '2010-08-18 08:31:08'),
(2766, 370, 7, 'PK', 22, '2010-08-18 08:31:24'),
(2767, 370, 18, 'PK', 22, '2010-08-18 08:31:47'),
(2768, 370, 22, 'PK', 22, '2010-08-18 08:32:04'),
(2769, 370, 9, 'PK', 22, '2010-08-18 08:32:23'),
(2770, 370, 24, 'PK', 22, '2010-08-18 08:32:30'),
(2771, 371, 16, 'PH', 22, '2010-08-18 08:32:52'),
(2772, 371, 21, 'PH', 22, '2010-08-18 08:32:58'),
(2773, 371, 17, 'PH', 22, '2010-08-18 08:33:01'),
(2774, 371, 11, 'PH', 22, '2010-08-18 08:33:06'),
(2775, 371, 25, 'PH', 22, '2010-08-18 08:33:10'),
(2776, 371, 14, 'PH', 22, '2010-08-18 08:33:16'),
(2777, 371, 15, 'PH', 22, '2010-08-18 08:33:22'),
(2778, 371, 6, 'PH', 22, '2010-08-18 08:34:28'),
(2779, 371, 26, 'PH', 22, '2010-08-18 08:34:43'),
(2780, 371, 5, 'PH', 22, '2010-08-18 08:34:59'),
(2781, 371, 13, 'PH', 22, '2010-08-18 08:35:13'),
(2782, 371, 20, 'PH', 22, '2010-08-18 08:35:31'),
(2783, 371, 7, 'PH', 22, '2010-08-18 08:35:47'),
(2784, 371, 18, 'PH', 22, '2010-08-18 08:36:03'),
(2785, 371, 22, 'PH', 22, '2010-08-18 08:36:27'),
(2786, 371, 9, 'PH', 22, '2010-08-18 08:36:41'),
(2787, 371, 24, 'PH', 22, '2010-08-18 08:37:03'),
(2788, 372, 16, 'SAR', 22, '2010-08-18 08:37:23'),
(2789, 372, 21, 'SAR', 22, '2010-08-18 08:37:30'),
(2790, 372, 17, 'SAR', 22, '2010-08-18 08:37:34'),
(2791, 372, 11, 'SAR', 22, '2010-08-18 08:37:38'),
(2792, 372, 25, 'SAR', 22, '2010-08-18 08:37:42'),
(2793, 372, 14, 'SAR', 22, '2010-08-18 08:37:50'),
(2794, 372, 15, 'SAR', 22, '2010-08-18 08:37:57'),
(2795, 372, 6, 'SAR', 22, '2010-08-18 08:38:30'),
(2796, 372, 26, 'SAR', 22, '2010-08-18 08:38:48'),
(2797, 372, 5, 'SAR', 22, '2010-08-18 08:39:06'),
(2798, 372, 13, 'SAR', 22, '2010-08-18 08:39:23'),
(2799, 372, 20, 'SAR', 22, '2010-08-18 08:39:42'),
(2800, 372, 7, 'SAR', 22, '2010-08-18 08:40:00'),
(2801, 372, 18, 'SAR', 22, '2010-08-18 08:40:16'),
(2802, 372, 22, 'SAR', 22, '2010-08-18 08:40:41'),
(2803, 372, 9, 'SAR', 22, '2010-08-18 08:41:08'),
(2804, 372, 24, 'SAR', 22, '2010-08-18 08:41:24'),
(2805, 373, 16, 'SG', 22, '2010-08-18 08:41:46'),
(2806, 373, 21, 'SG', 22, '2010-08-18 08:41:53'),
(2807, 373, 17, 'SG', 22, '2010-08-18 08:41:57'),
(2808, 373, 11, 'SG', 22, '2010-08-18 08:42:02'),
(2809, 373, 25, 'SG', 22, '2010-08-18 08:42:06'),
(2810, 373, 14, 'SG', 22, '2010-08-18 08:42:13'),
(2811, 373, 15, 'SG', 22, '2010-08-18 08:42:22'),
(2812, 373, 6, 'SG', 22, '2010-08-18 08:42:43'),
(2813, 373, 26, 'SG', 22, '2010-08-18 08:43:16'),
(2814, 373, 5, 'SG', 22, '2010-08-18 08:43:46'),
(2815, 373, 13, 'SG', 22, '2010-08-18 08:44:02'),
(2816, 373, 20, 'SG', 22, '2010-08-18 08:44:18'),
(2817, 373, 7, 'SG', 22, '2010-08-18 08:44:37'),
(2818, 373, 18, 'SG', 22, '2010-08-18 08:44:51'),
(2819, 373, 22, 'SG', 22, '2010-08-18 08:45:11'),
(2820, 373, 9, 'SG', 22, '2010-08-18 08:45:29'),
(2821, 373, 24, 'SG', 22, '2010-08-18 08:45:45'),
(2822, 374, 16, 'LK', 22, '2010-08-18 08:46:12'),
(2823, 374, 21, 'LK', 22, '2010-08-18 08:46:18'),
(2824, 374, 17, 'LK', 22, '2010-08-18 08:46:21'),
(2825, 374, 11, 'LK', 22, '2010-08-18 08:46:25'),
(2826, 374, 25, 'LK', 22, '2010-08-18 08:46:30'),
(2827, 374, 14, 'LK', 22, '2010-08-18 08:46:36'),
(2828, 374, 15, 'LK', 22, '2010-08-18 08:46:56'),
(2829, 374, 6, 'LK', 22, '2010-08-18 08:47:18'),
(2830, 374, 26, 'LK', 22, '2010-08-18 08:47:34'),
(2831, 374, 5, 'LK', 22, '2010-08-18 08:47:49'),
(2832, 374, 13, 'LK', 22, '2010-08-18 08:48:04'),
(2833, 374, 20, 'LK', 22, '2010-08-18 08:48:26'),
(2834, 374, 7, 'LK', 22, '2010-08-18 08:48:46'),
(2835, 374, 18, 'LK', 22, '2010-08-18 08:49:16'),
(2836, 374, 22, 'LK', 22, '2010-08-18 08:49:37'),
(2837, 374, 9, 'LK', 22, '2010-08-18 08:49:50'),
(2838, 374, 24, 'LK', 22, '2010-08-18 08:50:02'),
(2839, 375, 16, 'KR', 22, '2010-08-18 08:50:22'),
(2840, 375, 21, 'KR', 22, '2010-08-18 08:50:28'),
(2841, 375, 17, 'KR', 22, '2010-08-18 08:50:34'),
(2842, 375, 11, 'KR', 22, '2010-08-18 08:50:41'),
(2843, 375, 25, 'KR', 22, '2010-08-18 08:50:45'),
(2844, 375, 14, 'KR', 22, '2010-08-18 08:50:54'),
(2845, 375, 15, 'KR', 22, '2010-08-18 08:51:01'),
(2846, 375, 6, 'KR', 22, '2010-08-18 08:51:22'),
(2847, 375, 26, 'KR', 22, '2010-08-18 08:51:49'),
(2848, 375, 5, 'KR', 22, '2010-08-18 08:52:13'),
(2849, 375, 13, 'KR', 22, '2010-08-18 08:52:32'),
(2850, 375, 20, 'KR', 22, '2010-08-18 08:52:49'),
(2851, 375, 7, 'KR', 22, '2010-08-18 08:53:06'),
(2852, 375, 18, 'KR', 22, '2010-08-18 08:53:21'),
(2853, 375, 22, 'KR', 22, '2010-08-18 08:53:49'),
(2854, 375, 9, 'KR', 22, '2010-08-18 08:54:07'),
(2855, 375, 24, 'KR', 22, '2010-08-18 08:54:28'),
(2856, 376, 16, 'SY', 22, '2010-08-18 09:14:34'),
(2857, 376, 21, 'SY', 22, '2010-08-18 09:14:39'),
(2858, 376, 17, 'SY', 22, '2010-08-18 09:14:46'),
(2859, 376, 11, 'SY', 22, '2010-08-18 09:14:51'),
(2860, 376, 25, 'SY', 22, '2010-08-18 09:14:55'),
(2861, 376, 14, 'SY', 22, '2010-08-18 09:15:02'),
(2862, 376, 15, 'SY', 22, '2010-08-18 09:15:09'),
(2863, 376, 6, 'SY', 22, '2010-08-18 09:16:16'),
(2864, 376, 26, 'SY', 22, '2010-08-18 09:16:29'),
(2865, 376, 5, 'SY', 22, '2010-08-18 09:16:44'),
(2866, 376, 13, 'SY', 22, '2010-08-18 09:17:00'),
(2867, 376, 20, 'SY', 22, '2010-08-18 09:17:17'),
(2868, 376, 7, 'SY', 22, '2010-08-18 09:17:31'),
(2869, 376, 18, 'SY', 22, '2010-08-18 09:17:48'),
(2870, 376, 22, 'SY', 22, '2010-08-18 09:18:12'),
(2871, 376, 9, 'SY', 22, '2010-08-18 09:18:30'),
(2872, 376, 24, 'SY', 22, '2010-08-18 09:18:45'),
(2873, 377, 16, 'TW', 22, '2010-08-18 09:18:58'),
(2874, 377, 21, 'TW', 22, '2010-08-18 09:19:09'),
(2875, 377, 17, 'TW', 22, '2010-08-18 09:19:13'),
(2876, 377, 11, 'TW', 22, '2010-08-18 09:19:16');
INSERT INTO `categoryCodes` (`id`, `idCategories`, `idLanguages`, `code`, `idUsers`, `changed`) VALUES
(2877, 377, 25, 'TW', 22, '2010-08-18 09:19:20'),
(2878, 377, 14, 'TW', 22, '2010-08-18 09:19:27'),
(2879, 377, 15, 'TW', 22, '2010-08-18 09:19:34'),
(2880, 377, 6, 'TW', 22, '2010-08-18 09:19:54'),
(2881, 377, 26, 'TW', 22, '2010-08-18 09:20:09'),
(2882, 377, 5, 'TW', 22, '2010-08-18 09:20:36'),
(2883, 377, 13, 'TW', 22, '2010-08-18 09:20:49'),
(2884, 377, 20, 'TW', 22, '2010-08-18 09:21:03'),
(2885, 377, 7, 'TW', 22, '2010-08-18 09:21:21'),
(2886, 377, 18, 'TW', 22, '2010-08-18 09:21:39'),
(2887, 377, 22, 'TW', 22, '2010-08-18 09:21:58'),
(2888, 377, 9, 'TW', 22, '2010-08-18 09:22:16'),
(2889, 377, 24, 'TW', 22, '2010-08-18 09:22:29'),
(2890, 378, 16, 'TH', 22, '2010-08-18 09:24:45'),
(2891, 378, 21, 'TH', 22, '2010-08-18 09:24:50'),
(2892, 378, 17, 'TH', 22, '2010-08-18 09:24:53'),
(2893, 378, 11, 'TH', 22, '2010-08-18 09:24:57'),
(2894, 378, 25, 'TH', 22, '2010-08-18 09:25:01'),
(2895, 378, 14, 'TH', 22, '2010-08-18 09:25:07'),
(2896, 378, 15, 'TH', 22, '2010-08-18 09:25:16'),
(2897, 378, 6, 'TH', 22, '2010-08-18 09:25:31'),
(2898, 378, 26, 'TH', 22, '2010-08-18 09:25:49'),
(2899, 378, 5, 'TH', 22, '2010-08-18 09:26:14'),
(2900, 378, 13, 'TH', 22, '2010-08-18 09:26:37'),
(2901, 378, 20, 'TH', 22, '2010-08-18 09:26:51'),
(2902, 378, 7, 'TH', 22, '2010-08-18 09:27:08'),
(2903, 378, 18, 'TH', 22, '2010-08-18 09:27:24'),
(2904, 378, 22, 'TH', 22, '2010-08-18 09:27:43'),
(2905, 378, 9, 'TH', 22, '2010-08-18 09:27:59'),
(2906, 378, 24, 'TH', 22, '2010-08-18 09:28:15'),
(2907, 379, 16, 'usz', 22, '2010-08-18 09:28:35'),
(2908, 379, 21, 'usz', 22, '2010-08-18 09:28:40'),
(2909, 379, 17, 'usz', 22, '2010-08-18 09:28:44'),
(2910, 379, 11, 'usz', 22, '2010-08-18 09:28:47'),
(2911, 379, 25, 'usz', 22, '2010-08-18 09:28:51'),
(2912, 379, 14, 'usz', 22, '2010-08-18 09:28:58'),
(2913, 379, 15, 'usz', 22, '2010-08-18 09:29:03'),
(2914, 379, 24, 'usz', 22, '2010-08-18 09:29:59'),
(2915, 379, 6, 'usz', 22, '2010-08-18 09:30:18'),
(2916, 379, 26, 'usz', 22, '2010-08-18 09:30:43'),
(2917, 379, 5, 'usz', 22, '2010-08-18 09:31:05'),
(2918, 379, 13, 'usz', 22, '2010-08-18 09:31:23'),
(2919, 379, 20, 'usz', 22, '2010-08-18 09:31:42'),
(2920, 379, 7, 'usz', 22, '2010-08-18 09:31:59'),
(2921, 379, 18, 'usz', 22, '2010-08-18 09:32:15'),
(2922, 379, 22, 'usz', 22, '2010-08-18 09:32:42'),
(2923, 379, 9, 'usz', 22, '2010-08-18 09:33:02'),
(2924, 380, 9, 'AE', 22, '2010-08-18 09:33:38'),
(2925, 380, 16, 'AE', 22, '2010-08-18 09:33:55'),
(2926, 380, 21, 'AE', 22, '2010-08-18 09:34:02'),
(2927, 380, 17, 'AE', 22, '2010-08-18 09:34:06'),
(2928, 380, 11, 'AE', 22, '2010-08-18 09:34:10'),
(2929, 380, 25, 'AE', 22, '2010-08-18 09:34:13'),
(2930, 380, 14, 'AE', 22, '2010-08-18 09:34:19'),
(2931, 380, 15, 'AE', 22, '2010-08-18 09:34:25'),
(2932, 380, 6, 'AE', 22, '2010-08-18 09:34:40'),
(2933, 380, 26, 'AE', 22, '2010-08-18 09:35:00'),
(2934, 380, 5, 'AE', 22, '2010-08-18 09:35:13'),
(2935, 380, 13, 'AE', 22, '2010-08-18 09:35:32'),
(2936, 380, 20, 'AE', 22, '2010-08-18 09:35:45'),
(2937, 380, 7, 'AE', 22, '2010-08-18 09:36:01'),
(2938, 380, 18, 'AE', 22, '2010-08-18 09:36:15'),
(2939, 380, 22, 'AE', 22, '2010-08-18 09:36:35'),
(2940, 380, 24, 'AE', 22, '2010-08-18 09:36:52'),
(2941, 381, 16, 'VN', 22, '2010-08-18 09:38:01'),
(2942, 381, 21, 'VN', 22, '2010-08-18 09:38:05'),
(2943, 381, 17, 'VN', 22, '2010-08-18 09:38:11'),
(2944, 381, 11, 'VN', 22, '2010-08-18 09:38:14'),
(2945, 381, 25, 'VN', 22, '2010-08-18 09:38:18'),
(2946, 381, 14, 'VN', 22, '2010-08-18 09:38:25'),
(2947, 381, 15, 'VN', 22, '2010-08-18 09:38:31'),
(2948, 381, 6, 'VN', 22, '2010-08-18 09:38:51'),
(2949, 381, 26, 'VN', 22, '2010-08-18 09:39:07'),
(2950, 381, 5, 'VN', 22, '2010-08-18 09:39:25'),
(2951, 381, 13, 'VN', 22, '2010-08-18 09:39:43'),
(2952, 381, 20, 'VN', 22, '2010-08-18 09:39:58'),
(2953, 381, 7, 'VN', 22, '2010-08-18 09:40:14'),
(2954, 381, 18, 'VN', 22, '2010-08-18 09:40:36'),
(2955, 381, 22, 'VN', 22, '2010-08-18 09:40:55'),
(2956, 381, 9, 'VN', 22, '2010-08-18 09:41:10'),
(2957, 381, 24, 'VN', 22, '2010-08-18 09:41:28'),
(2958, 297, 16, 'CAN', 22, '2010-08-18 09:42:25'),
(2959, 297, 21, 'CAN', 22, '2010-08-18 09:42:30'),
(2960, 297, 17, 'CAN', 22, '2010-08-18 09:42:33'),
(2961, 297, 11, 'CAN', 22, '2010-08-18 09:42:36'),
(2962, 297, 25, 'CAN', 22, '2010-08-18 09:42:40'),
(2963, 297, 14, 'CAN', 22, '2010-08-18 09:42:46'),
(2964, 297, 15, 'CAN', 22, '2010-08-18 09:42:52'),
(2965, 297, 6, 'CAN', 22, '2010-08-18 09:43:10'),
(2966, 297, 26, 'CAN', 22, '2010-08-18 09:43:28'),
(2967, 297, 5, 'CAN', 22, '2010-08-18 09:43:46'),
(2968, 297, 13, 'CAN', 22, '2010-08-18 09:44:00'),
(2969, 297, 20, 'CAN', 22, '2010-08-18 09:44:16'),
(2970, 297, 7, 'CAN', 22, '2010-08-18 09:44:31'),
(2971, 297, 18, 'CAN', 22, '2010-08-18 09:44:49'),
(2972, 297, 22, 'CAN', 22, '2010-08-18 09:45:06'),
(2973, 297, 9, 'CAN', 22, '2010-08-18 09:45:19'),
(2974, 297, 24, 'CAN', 22, '2010-08-18 09:45:33'),
(2975, 298, 16, 'USA', 22, '2010-08-18 09:46:17'),
(2976, 298, 21, 'USA', 22, '2010-08-18 09:46:21'),
(2977, 298, 17, 'USA', 22, '2010-08-18 09:46:27'),
(2978, 298, 11, 'USA', 22, '2010-08-18 09:46:30'),
(2979, 298, 25, 'USA', 22, '2010-08-18 09:46:39'),
(2980, 298, 14, 'USA', 22, '2010-08-18 09:46:47'),
(2981, 298, 15, 'USA', 22, '2010-08-18 09:46:54'),
(2982, 298, 24, 'USA', 22, '2010-08-18 09:47:33'),
(2983, 298, 6, 'USA', 22, '2010-08-18 09:47:51'),
(2984, 298, 26, 'USA', 22, '2010-08-18 09:48:07'),
(2985, 298, 5, 'USA', 22, '2010-08-18 09:48:30'),
(2986, 298, 13, 'USA', 22, '2010-08-18 09:48:46'),
(2987, 298, 20, 'USA', 22, '2010-08-18 09:49:07'),
(2988, 298, 7, 'USA', 22, '2010-08-18 09:49:48'),
(2989, 298, 18, 'USA', 22, '2010-08-18 09:50:35'),
(2990, 298, 22, 'USA', 22, '2010-08-18 09:50:55'),
(2991, 298, 9, 'USA', 22, '2010-08-18 09:51:12'),
(2992, 285, 9, 'RA', 22, '2010-08-18 09:52:40'),
(2993, 285, 16, 'RA', 22, '2010-08-18 09:52:53'),
(2994, 285, 21, 'RA', 22, '2010-08-18 09:52:58'),
(2995, 285, 17, 'RA', 22, '2010-08-18 09:53:02'),
(2996, 285, 11, 'RA', 22, '2010-08-18 09:53:06'),
(2997, 285, 25, 'RA', 22, '2010-08-18 09:53:10'),
(2998, 285, 14, 'RA', 22, '2010-08-18 09:53:16'),
(2999, 285, 15, 'RA', 22, '2010-08-18 09:53:22'),
(3000, 285, 6, 'RA', 22, '2010-08-18 09:53:41'),
(3001, 285, 26, 'RA', 22, '2010-08-18 09:53:59'),
(3002, 285, 5, 'RA', 22, '2010-08-18 09:54:13'),
(3003, 285, 13, 'RA', 22, '2010-08-18 09:54:27'),
(3004, 285, 20, 'RA', 22, '2010-08-18 09:54:43'),
(3005, 285, 7, 'RA', 22, '2010-08-18 09:54:58'),
(3006, 285, 18, 'RA', 22, '2010-08-18 09:55:15'),
(3007, 285, 22, 'RA', 22, '2010-08-18 09:55:32'),
(3008, 285, 24, 'RA', 22, '2010-08-18 09:55:54'),
(3009, 286, 16, 'BO', 22, '2010-08-18 09:56:13'),
(3010, 286, 21, 'BO', 22, '2010-08-18 09:56:19'),
(3011, 286, 17, 'BO', 22, '2010-08-18 09:56:23'),
(3012, 286, 11, 'BO', 22, '2010-08-18 09:56:27'),
(3013, 286, 25, 'BO', 22, '2010-08-18 09:56:31'),
(3014, 286, 14, 'BO', 22, '2010-08-18 09:56:38'),
(3015, 286, 15, 'BO', 22, '2010-08-18 09:56:45'),
(3016, 286, 6, 'BO', 22, '2010-08-18 09:57:16'),
(3017, 286, 26, 'BO', 22, '2010-08-18 09:57:34'),
(3018, 286, 5, 'BO', 22, '2010-08-18 09:57:48'),
(3019, 286, 13, 'BO', 22, '2010-08-18 09:58:00'),
(3020, 286, 20, 'BO', 22, '2010-08-18 09:58:14'),
(3021, 286, 7, 'BO', 22, '2010-08-18 09:58:28'),
(3022, 286, 18, 'BO', 22, '2010-08-18 09:58:43'),
(3023, 286, 22, 'BO', 22, '2010-08-18 09:59:00'),
(3024, 286, 9, 'BO', 22, '2010-08-18 09:59:18'),
(3025, 286, 24, 'BO', 22, '2010-08-18 09:59:42'),
(3026, 287, 16, 'BR', 22, '2010-08-18 09:59:56'),
(3027, 287, 21, 'BR', 22, '2010-08-18 10:00:01'),
(3028, 287, 17, 'BR', 22, '2010-08-18 10:00:05'),
(3029, 287, 11, 'BR', 22, '2010-08-18 10:00:09'),
(3030, 287, 25, 'BR', 22, '2010-08-18 10:00:13'),
(3031, 287, 14, 'BR', 22, '2010-08-18 10:00:18'),
(3032, 287, 15, 'BR', 22, '2010-08-18 10:00:24'),
(3033, 287, 6, 'BR', 22, '2010-08-18 10:00:49'),
(3034, 287, 26, 'BR', 22, '2010-08-18 10:01:03'),
(3035, 287, 5, 'BR', 22, '2010-08-18 10:01:17'),
(3036, 287, 13, 'BR', 22, '2010-08-18 10:01:35'),
(3037, 287, 20, 'BR', 22, '2010-08-18 10:01:54'),
(3038, 287, 7, 'BR', 22, '2010-08-18 10:02:08'),
(3039, 287, 18, 'BR', 22, '2010-08-18 10:02:26'),
(3040, 287, 22, 'BR', 22, '2010-08-18 10:03:01'),
(3041, 287, 9, 'BR', 22, '2010-08-18 10:03:16'),
(3042, 287, 24, 'BR', 22, '2010-08-18 10:03:31'),
(3043, 288, 16, 'CL', 22, '2010-08-18 10:03:48'),
(3044, 288, 21, 'CL', 22, '2010-08-18 10:03:53'),
(3045, 288, 17, 'CL', 22, '2010-08-18 10:03:57'),
(3046, 288, 11, 'CL', 22, '2010-08-18 10:04:03'),
(3047, 288, 25, 'CL', 22, '2010-08-18 10:04:08'),
(3048, 288, 14, 'CL', 22, '2010-08-18 10:04:14'),
(3049, 288, 15, 'CL', 22, '2010-08-18 10:04:20'),
(3050, 288, 6, 'CL', 22, '2010-08-18 10:04:40'),
(3051, 288, 26, 'CL', 22, '2010-08-18 10:04:55'),
(3052, 288, 5, 'CL', 22, '2010-08-18 10:05:18'),
(3053, 288, 13, 'CL', 22, '2010-08-18 10:05:34'),
(3054, 288, 20, 'CL', 22, '2010-08-18 10:05:53'),
(3055, 288, 7, 'CL', 22, '2010-08-18 10:06:06'),
(3056, 288, 18, 'CL', 22, '2010-08-18 10:06:27'),
(3057, 288, 22, 'CL', 22, '2010-08-18 10:06:44'),
(3058, 288, 9, 'SL', 22, '2010-08-18 10:07:01'),
(3059, 288, 24, 'SL', 22, '2010-08-18 10:07:16'),
(3060, 289, 16, 'EC', 22, '2010-08-18 10:08:27'),
(3061, 289, 21, 'EC', 22, '2010-08-18 10:08:32'),
(3062, 289, 17, 'EC', 22, '2010-08-18 10:08:35'),
(3063, 289, 11, 'EC', 22, '2010-08-18 10:08:38'),
(3064, 289, 25, 'EC', 22, '2010-08-18 10:08:42'),
(3065, 289, 14, 'EC', 22, '2010-08-18 10:09:12'),
(3066, 289, 27, 'EC', 22, '2010-08-18 10:09:19'),
(3067, 289, 15, 'EC', 22, '2010-08-18 10:09:26'),
(3068, 289, 6, 'EC', 22, '2010-08-18 10:09:42'),
(3069, 289, 26, 'EC', 22, '2010-08-18 10:09:55'),
(3070, 289, 5, 'EC', 22, '2010-08-18 10:10:09'),
(3071, 289, 13, 'EC', 22, '2010-08-18 10:10:23'),
(3072, 289, 20, 'EC', 22, '2010-08-18 10:10:42'),
(3073, 289, 7, 'EC', 22, '2010-08-18 10:10:56'),
(3074, 289, 18, 'EC', 22, '2010-08-18 10:11:18'),
(3075, 289, 22, 'EC', 22, '2010-08-18 10:11:36'),
(3076, 289, 9, 'EC', 22, '2010-08-18 10:11:54'),
(3077, 289, 24, 'EC', 22, '2010-08-18 10:12:09'),
(3078, 290, 16, 'CO', 22, '2010-08-18 10:12:41'),
(3079, 290, 21, 'CO', 22, '2010-08-18 10:12:47'),
(3080, 290, 17, 'CO', 22, '2010-08-18 10:12:50'),
(3081, 290, 11, 'CO', 22, '2010-08-18 10:12:54'),
(3082, 290, 25, 'CO', 22, '2010-08-18 10:12:57'),
(3083, 290, 14, 'CO', 22, '2010-08-18 10:13:03'),
(3084, 290, 15, 'CO', 22, '2010-08-18 10:13:10'),
(3085, 290, 26, 'CO', 22, '2010-08-18 10:13:40'),
(3086, 290, 5, 'CO', 22, '2010-08-18 10:13:55'),
(3087, 290, 13, 'CO', 22, '2010-08-18 10:14:12'),
(3088, 290, 20, 'CO', 22, '2010-08-18 10:14:28'),
(3089, 290, 7, 'CO', 22, '2010-08-18 10:14:45'),
(3090, 290, 18, 'CO', 22, '2010-08-18 10:14:59'),
(3091, 290, 22, 'CO', 22, '2010-08-18 10:15:14'),
(3092, 290, 9, 'CO', 22, '2010-08-18 10:15:29'),
(3093, 290, 24, 'CO', 22, '2010-08-18 10:15:45'),
(3094, 291, 16, 'NI', 22, '2010-08-18 10:16:01'),
(3095, 291, 21, 'NI', 22, '2010-08-18 10:16:08'),
(3096, 291, 17, 'NI', 22, '2010-08-18 10:16:11'),
(3097, 291, 11, 'NI', 22, '2010-08-18 10:16:15'),
(3098, 291, 25, 'NI', 22, '2010-08-18 10:16:18'),
(3099, 291, 14, 'NI', 22, '2010-08-18 10:16:50'),
(3100, 291, 27, 'NI', 22, '2010-08-18 10:17:00'),
(3101, 291, 15, 'NI', 22, '2010-08-18 10:17:07'),
(3102, 291, 6, 'NI', 22, '2010-08-18 10:17:19'),
(3103, 291, 26, 'NI', 22, '2010-08-18 10:17:31'),
(3104, 291, 5, 'NI', 22, '2010-08-18 10:18:44'),
(3105, 291, 13, 'NI', 22, '2010-08-18 10:18:59'),
(3106, 291, 20, 'NI', 22, '2010-08-18 10:19:16'),
(3107, 291, 7, 'NI', 22, '2010-08-18 10:19:31'),
(3108, 291, 18, 'NI', 22, '2010-08-18 10:19:46'),
(3109, 291, 22, 'NI', 22, '2010-08-18 10:20:04'),
(3110, 291, 9, 'NI', 22, '2010-08-18 10:20:24'),
(3111, 291, 24, 'NI', 22, '2010-08-18 10:20:39'),
(3112, 292, 16, 'AN', 22, '2010-08-18 10:21:58'),
(3113, 292, 21, 'AN', 22, '2010-08-18 10:22:05'),
(3114, 292, 17, 'AN', 22, '2010-08-18 10:22:09'),
(3115, 292, 11, 'AN', 22, '2010-08-18 10:22:13'),
(3116, 292, 25, 'AN', 22, '2010-08-18 10:22:17'),
(3117, 292, 14, 'AN', 22, '2010-08-18 10:22:25'),
(3118, 292, 15, 'AN', 22, '2010-08-18 10:22:33'),
(3119, 292, 26, 'AN', 22, '2010-08-18 10:23:06'),
(3120, 292, 5, 'AN', 22, '2010-08-18 10:23:21'),
(3121, 292, 13, 'AN', 22, '2010-08-18 10:23:41'),
(3122, 292, 20, 'AN', 22, '2010-08-18 10:23:59'),
(3123, 292, 7, 'AN', 22, '2010-08-18 10:24:20'),
(3124, 292, 18, 'AN', 22, '2010-08-18 10:24:41'),
(3125, 292, 22, 'AN', 22, '2010-08-18 10:25:02'),
(3126, 292, 9, 'AN', 22, '2010-08-18 10:25:18'),
(3127, 292, 24, 'AN', 22, '2010-08-18 10:25:34'),
(3128, 293, 16, 'PY', 22, '2010-08-18 10:26:02'),
(3129, 293, 21, 'PY', 22, '2010-08-18 10:26:07'),
(3130, 293, 17, 'PY', 22, '2010-08-18 10:26:10'),
(3131, 293, 11, 'PY', 22, '2010-08-18 10:26:14'),
(3132, 293, 25, 'PY', 22, '2010-08-18 10:26:18'),
(3133, 293, 14, 'PY', 22, '2010-08-18 10:26:24'),
(3134, 293, 15, 'PY', 22, '2010-08-18 10:26:31'),
(3135, 293, 6, 'PY', 22, '2010-08-18 10:27:14'),
(3136, 293, 26, 'PY', 22, '2010-08-18 10:27:29'),
(3137, 293, 5, 'PY', 22, '2010-08-18 10:27:45'),
(3138, 293, 13, 'PY', 22, '2010-08-18 10:27:59'),
(3139, 293, 20, 'PY', 22, '2010-08-18 10:28:15'),
(3140, 293, 7, 'PY', 22, '2010-08-18 10:28:32'),
(3141, 293, 18, 'PY', 22, '2010-08-18 10:28:54'),
(3142, 293, 22, 'PY', 22, '2010-08-18 10:29:15'),
(3143, 293, 9, 'PY', 22, '2010-08-18 10:29:38'),
(3144, 293, 24, 'PY', 22, '2010-08-18 10:29:55'),
(3145, 294, 16, 'PE', 22, '2010-08-18 10:30:37'),
(3146, 294, 21, 'PE', 22, '2010-08-18 10:30:43'),
(3147, 294, 17, 'PE', 22, '2010-08-18 10:30:47'),
(3148, 294, 11, 'PE', 22, '2010-08-18 10:30:51'),
(3149, 294, 25, 'PE', 22, '2010-08-18 10:30:55'),
(3150, 294, 14, 'PE', 22, '2010-08-18 10:31:02'),
(3151, 294, 15, 'PE', 22, '2010-08-18 10:31:08'),
(3152, 294, 6, 'PE', 22, '2010-08-18 10:31:25'),
(3153, 294, 26, 'PE', 22, '2010-08-18 10:31:38'),
(3154, 294, 5, 'PE', 22, '2010-08-18 10:31:52'),
(3155, 294, 13, 'PE', 22, '2010-08-18 10:32:12'),
(3156, 294, 20, 'PE', 22, '2010-08-18 10:32:28'),
(3157, 294, 7, 'PE', 22, '2010-08-18 10:32:45'),
(3158, 294, 18, 'PE', 22, '2010-08-18 10:33:03'),
(3159, 294, 22, 'PE', 22, '2010-08-18 10:33:21'),
(3160, 294, 9, 'PE', 22, '2010-08-18 10:33:34'),
(3161, 294, 24, 'PE', 22, '2010-08-18 10:33:49'),
(3162, 295, 16, 'UY', 22, '2010-08-18 10:34:12'),
(3163, 295, 21, 'UY', 22, '2010-08-18 10:34:18'),
(3164, 295, 17, 'UY', 22, '2010-08-18 10:34:21'),
(3165, 295, 11, 'UY', 22, '2010-08-18 10:34:25'),
(3166, 295, 25, 'UY', 22, '2010-08-18 10:34:29'),
(3167, 295, 14, 'UY', 22, '2010-08-18 10:34:35'),
(3168, 295, 15, 'UY', 22, '2010-08-18 10:34:41'),
(3169, 295, 6, 'UY', 22, '2010-08-18 10:34:55'),
(3170, 295, 26, 'UY', 22, '2010-08-18 10:35:09'),
(3171, 295, 5, 'UY', 22, '2010-08-18 10:35:24'),
(3172, 295, 13, 'UY', 22, '2010-08-18 10:35:36'),
(3173, 295, 20, 'UY', 22, '2010-08-18 10:35:50'),
(3174, 295, 7, 'UY', 22, '2010-08-18 10:36:22'),
(3175, 295, 18, 'UY', 22, '2010-08-18 10:36:37'),
(3176, 295, 22, 'UY', 22, '2010-08-18 10:36:58'),
(3177, 295, 9, 'UY', 22, '2010-08-18 10:37:14'),
(3178, 295, 24, 'UY', 22, '2010-08-18 10:37:44'),
(3179, 296, 16, 'VE', 22, '2010-08-18 10:38:08'),
(3180, 296, 21, 'VE', 22, '2010-08-18 10:38:14'),
(3181, 296, 17, 'VE', 22, '2010-08-18 10:38:18'),
(3182, 296, 11, 'VE', 22, '2010-08-18 10:38:21'),
(3183, 296, 25, 'VE', 22, '2010-08-18 10:38:24'),
(3184, 296, 14, 'VE', 22, '2010-08-18 10:38:30'),
(3185, 296, 15, 'VE', 22, '2010-08-18 10:38:35'),
(3186, 296, 6, 'VE', 22, '2010-08-18 10:38:50'),
(3187, 296, 26, 'VE', 22, '2010-08-18 10:39:04'),
(3188, 296, 5, 'VE', 22, '2010-08-18 10:39:17'),
(3189, 296, 13, 'VE', 22, '2010-08-18 10:39:30'),
(3190, 296, 20, 'VE', 22, '2010-08-18 10:39:52'),
(3191, 296, 7, 'VE', 22, '2010-08-18 10:40:06'),
(3192, 296, 18, 'VE', 22, '2010-08-18 10:40:22'),
(3193, 296, 22, 'VE', 22, '2010-08-18 10:40:37'),
(3194, 296, 9, 'VE', 22, '2010-08-18 10:40:51'),
(3195, 296, 24, 'VE', 22, '2010-08-18 10:41:05'),
(3196, 278, 16, 'CR', 22, '2010-08-18 10:42:36'),
(3197, 278, 21, 'CR', 22, '2010-08-18 10:42:41'),
(3198, 278, 17, 'CR', 22, '2010-08-18 10:42:45'),
(3199, 278, 11, 'CR', 22, '2010-08-18 10:42:48'),
(3200, 278, 25, 'CR', 22, '2010-08-18 10:42:54'),
(3201, 278, 14, 'CR', 22, '2010-08-18 10:43:02'),
(3202, 278, 15, 'CR', 22, '2010-08-18 10:43:08'),
(3203, 278, 6, 'CR', 22, '2010-08-18 10:43:22'),
(3204, 278, 26, 'CR', 22, '2010-08-18 10:43:38'),
(3205, 278, 5, 'CR', 22, '2010-08-18 10:43:52'),
(3206, 278, 13, 'CR', 22, '2010-08-18 10:44:06'),
(3207, 278, 20, 'CR', 22, '2010-08-18 10:44:19'),
(3208, 278, 7, 'CR', 22, '2010-08-18 10:44:36'),
(3209, 278, 18, 'CR', 22, '2010-08-18 10:44:55'),
(3210, 278, 22, 'CR', 22, '2010-08-18 10:45:13'),
(3211, 278, 9, 'CR', 22, '2010-08-18 10:45:27'),
(3212, 278, 24, 'CR', 22, '2010-08-18 10:45:46'),
(3213, 279, 16, 'DO', 22, '2010-08-18 10:46:16'),
(3214, 279, 21, 'DO', 22, '2010-08-18 10:46:21'),
(3215, 279, 17, 'DO', 22, '2010-08-18 10:46:25'),
(3216, 279, 11, 'DO', 22, '2010-08-18 10:46:28'),
(3217, 279, 25, 'DO', 22, '2010-08-18 10:46:32'),
(3218, 279, 14, 'DO', 22, '2010-08-18 10:46:39'),
(3219, 279, 15, 'DO', 22, '2010-08-18 10:46:45'),
(3220, 279, 6, 'DO', 22, '2010-08-18 10:46:59'),
(3221, 279, 26, 'DO', 22, '2010-08-18 10:47:14'),
(3222, 279, 5, 'DO', 22, '2010-08-18 10:47:28'),
(3223, 279, 13, 'DO', 22, '2010-08-18 10:47:42'),
(3224, 279, 20, 'DO', 22, '2010-08-18 10:48:01'),
(3225, 279, 7, 'DO', 22, '2010-08-18 10:48:16'),
(3226, 279, 18, 'DO', 22, '2010-08-18 10:48:32'),
(3227, 279, 22, 'DO', 22, '2010-08-18 10:48:54'),
(3228, 279, 9, 'DO', 22, '2010-08-18 10:49:08'),
(3229, 279, 24, 'DO', 22, '2010-08-18 10:49:22'),
(3230, 280, 16, 'SV', 22, '2010-08-18 10:50:15'),
(3231, 280, 21, 'SV', 22, '2010-08-18 10:50:22'),
(3232, 280, 17, 'SV', 22, '2010-08-18 10:50:25'),
(3233, 280, 11, 'SV', 22, '2010-08-18 10:50:29'),
(3234, 280, 25, 'SV', 22, '2010-08-18 10:50:32'),
(3235, 280, 14, 'SV', 22, '2010-08-18 10:50:38'),
(3236, 280, 15, 'SV', 22, '2010-08-18 10:50:45'),
(3237, 280, 6, 'SV', 22, '2010-08-18 10:51:02'),
(3238, 280, 26, 'SV', 22, '2010-08-18 10:51:15'),
(3239, 280, 5, 'SV', 22, '2010-08-18 10:51:29'),
(3240, 280, 13, 'SV', 22, '2010-08-18 10:51:43'),
(3241, 280, 20, 'SV', 22, '2010-08-18 10:52:00'),
(3242, 280, 7, 'SV', 22, '2010-08-18 10:52:21'),
(3243, 280, 18, 'SV', 22, '2010-08-18 10:52:37'),
(3244, 280, 22, 'SV', 22, '2010-08-18 10:52:58'),
(3245, 280, 9, 'SV', 22, '2010-08-18 10:53:13'),
(3246, 280, 24, 'SV', 22, '2010-08-18 10:53:27'),
(3247, 281, 16, 'GT', 22, '2010-08-18 10:53:58'),
(3248, 281, 21, 'GT', 22, '2010-08-18 10:54:04'),
(3249, 281, 17, 'GT', 22, '2010-08-18 10:54:07'),
(3250, 281, 11, 'GT', 22, '2010-08-18 10:54:11'),
(3251, 281, 25, 'GT', 22, '2010-08-18 10:54:16'),
(3252, 281, 14, 'GT', 22, '2010-08-18 10:54:22'),
(3253, 281, 15, 'GT', 22, '2010-08-18 10:54:28'),
(3254, 281, 6, 'GT', 22, '2010-08-18 10:54:46'),
(3255, 281, 26, 'GT', 22, '2010-08-18 10:55:00'),
(3256, 281, 5, 'GT', 22, '2010-08-18 10:55:14'),
(3257, 281, 13, 'GT', 22, '2010-08-18 10:55:27'),
(3258, 281, 20, 'GT', 22, '2010-08-18 10:55:40'),
(3259, 281, 7, 'GT', 22, '2010-08-18 10:55:58'),
(3260, 281, 18, 'GT', 22, '2010-08-18 10:56:14'),
(3261, 281, 22, 'GT', 22, '2010-08-18 10:56:32'),
(3262, 281, 9, 'GT', 22, '2010-08-18 10:56:56'),
(3263, 281, 24, 'GT', 22, '2010-08-18 10:57:20'),
(3264, 282, 16, 'HN', 22, '2010-08-18 10:58:00'),
(3265, 282, 21, 'HN', 22, '2010-08-18 10:58:07'),
(3266, 282, 17, 'HN', 22, '2010-08-18 10:58:10'),
(3267, 282, 11, 'HN', 22, '2010-08-18 10:58:13'),
(3268, 282, 25, 'HN', 22, '2010-08-18 10:58:17'),
(3269, 282, 14, 'HN', 22, '2010-08-18 10:58:23'),
(3270, 282, 15, 'HN', 22, '2010-08-18 10:58:29'),
(3271, 282, 6, 'HN', 22, '2010-08-18 10:58:43'),
(3272, 282, 26, 'HN', 22, '2010-08-18 10:58:55'),
(3273, 282, 5, 'HN', 22, '2010-08-18 10:59:08'),
(3274, 282, 13, 'HN', 22, '2010-08-18 10:59:21'),
(3275, 282, 20, 'HN', 22, '2010-08-18 10:59:36'),
(3276, 282, 7, 'HN', 22, '2010-08-18 10:59:53'),
(3277, 282, 18, 'HN', 22, '2010-08-18 11:00:19'),
(3278, 282, 22, 'HN', 22, '2010-08-18 11:00:39'),
(3279, 282, 9, 'HN', 22, '2010-08-18 11:00:51'),
(3280, 282, 24, 'HN', 22, '2010-08-18 11:01:05'),
(3297, 284, 21, 'PA', 22, '2010-08-18 11:05:12'),
(3298, 284, 16, 'PA', 22, '2010-08-18 11:05:15'),
(3299, 284, 17, 'PA', 22, '2010-08-18 11:05:21'),
(3300, 284, 11, 'PA', 22, '2010-08-18 11:05:24'),
(3301, 284, 25, 'PA', 22, '2010-08-18 11:05:27'),
(3302, 284, 14, 'PA', 22, '2010-08-18 11:05:32'),
(3303, 284, 15, 'PA', 22, '2010-08-18 11:05:38'),
(3304, 284, 6, 'PA', 22, '2010-08-18 11:05:55'),
(3305, 284, 26, 'PA', 22, '2010-08-18 11:06:09'),
(3306, 284, 5, 'PA', 22, '2010-08-18 11:06:22'),
(3307, 284, 13, 'PA', 22, '2010-08-18 11:06:34'),
(3308, 284, 20, 'PA', 22, '2010-08-18 11:06:50'),
(3309, 284, 7, 'PA', 22, '2010-08-18 11:07:07'),
(3310, 284, 18, 'PA', 22, '2010-08-18 11:07:23'),
(3311, 284, 22, 'PA', 22, '2010-08-18 11:07:38'),
(3312, 284, 9, 'PA', 22, '2010-08-18 11:07:55'),
(3313, 284, 24, 'PA', 22, '2010-08-18 11:08:07'),
(3314, 301, 16, 'AL', 22, '2010-08-18 11:12:45'),
(3315, 301, 21, 'AL', 22, '2010-08-18 11:12:51'),
(3316, 301, 17, 'AL', 22, '2010-08-18 11:12:54'),
(3317, 301, 11, 'AL', 22, '2010-08-18 11:12:58'),
(3318, 301, 25, 'AL', 22, '2010-08-18 11:13:02'),
(3319, 301, 14, 'AL', 22, '2010-08-18 11:13:08'),
(3320, 301, 15, 'AL', 22, '2010-08-18 11:13:14'),
(3321, 301, 6, 'AL', 22, '2010-08-18 11:13:32'),
(3322, 301, 26, 'AL', 22, '2010-08-18 11:13:49'),
(3323, 301, 5, 'AL', 22, '2010-08-18 11:14:03'),
(3324, 301, 13, 'AL', 22, '2010-08-18 11:14:17'),
(3325, 301, 20, 'AL', 22, '2010-08-18 11:14:35'),
(3326, 301, 7, 'AL', 22, '2010-08-18 11:14:49'),
(3327, 301, 18, 'AL', 22, '2010-08-18 11:15:11'),
(3328, 301, 22, 'AL', 22, '2010-08-18 11:15:37'),
(3329, 301, 9, 'AL', 22, '2010-08-18 11:15:53'),
(3330, 301, 24, 'AL', 22, '2010-08-18 11:16:07'),
(3331, 302, 16, 'AD', 22, '2010-08-18 11:16:39'),
(3332, 302, 21, 'AD', 22, '2010-08-18 11:16:44'),
(3333, 302, 17, 'AD', 22, '2010-08-18 11:16:47'),
(3334, 302, 11, 'AD', 22, '2010-08-18 11:16:51'),
(3335, 302, 25, 'AD', 22, '2010-08-18 11:16:54'),
(3336, 302, 14, 'AD', 22, '2010-08-18 11:17:00'),
(3337, 302, 15, 'AD', 22, '2010-08-18 11:17:06'),
(3338, 302, 6, 'AD', 22, '2010-08-18 11:17:19'),
(3339, 302, 26, 'AD', 22, '2010-08-18 11:17:35'),
(3340, 302, 5, 'AD', 22, '2010-08-18 11:17:49'),
(3341, 302, 13, 'AD', 22, '2010-08-18 11:18:01'),
(3342, 302, 20, 'AD', 22, '2010-08-18 11:18:23'),
(3343, 302, 7, 'AD', 22, '2010-08-18 11:18:37'),
(3344, 302, 18, 'AD', 22, '2010-08-18 11:18:51'),
(3345, 302, 22, 'AD', 22, '2010-08-18 11:19:07'),
(3346, 302, 9, 'AD', 22, '2010-08-18 11:19:23'),
(3347, 302, 24, 'AD', 22, '2010-08-18 11:19:40'),
(3348, 303, 16, 'B', 22, '2010-08-18 11:20:16'),
(3349, 303, 21, 'B', 22, '2010-08-18 11:20:22'),
(3350, 303, 17, 'B', 22, '2010-08-18 11:20:25'),
(3351, 303, 11, 'B', 22, '2010-08-18 11:20:28'),
(3352, 303, 25, 'B', 22, '2010-08-18 11:20:32'),
(3353, 303, 14, 'B', 22, '2010-08-18 11:20:38'),
(3354, 303, 15, 'B', 22, '2010-08-18 11:20:45'),
(3355, 303, 6, 'B', 22, '2010-08-18 11:21:13'),
(3356, 303, 26, 'B', 22, '2010-08-18 11:21:25'),
(3357, 303, 5, 'B', 22, '2010-08-18 11:21:40'),
(3358, 303, 13, 'B', 22, '2010-08-18 11:22:00'),
(3359, 303, 20, 'B', 22, '2010-08-18 11:22:15'),
(3360, 303, 7, 'B', 22, '2010-08-18 11:22:31'),
(3361, 303, 18, 'B', 22, '2010-08-18 11:22:45'),
(3362, 303, 22, 'B', 22, '2010-08-18 11:23:01'),
(3363, 303, 9, 'B', 22, '2010-08-18 11:23:16'),
(3364, 303, 24, 'B', 22, '2010-08-18 11:23:38'),
(3365, 304, 14, 'BA', 22, '2010-08-18 11:24:26'),
(3366, 304, 15, 'BA', 22, '2010-08-18 11:24:41'),
(3367, 304, 16, 'BA', 22, '2010-08-18 11:24:45'),
(3368, 304, 17, 'BA', 22, '2010-08-18 11:24:51'),
(3369, 304, 11, 'BA', 22, '2010-08-18 11:24:55'),
(3370, 304, 25, 'BA', 22, '2010-08-18 11:24:58'),
(3371, 304, 6, 'BA', 22, '2010-08-18 11:25:16'),
(3372, 304, 26, 'BA', 22, '2010-08-18 11:25:30'),
(3373, 304, 5, 'BA', 22, '2010-08-18 11:25:46'),
(3374, 304, 13, 'BA', 22, '2010-08-18 11:26:12'),
(3375, 304, 20, 'BA', 22, '2010-08-18 11:26:29'),
(3376, 304, 7, 'BA', 22, '2010-08-18 11:26:52'),
(3377, 304, 18, 'BA', 22, '2010-08-18 11:27:06'),
(3378, 304, 22, 'BA', 22, '2010-08-18 11:27:25'),
(3379, 304, 9, 'BA', 22, '2010-08-18 11:27:44'),
(3380, 304, 24, 'BA', 22, '2010-08-18 11:28:02'),
(3381, 305, 24, 'BG', 22, '2010-08-18 11:28:55'),
(3382, 305, 16, 'BG', 22, '2010-08-18 11:29:03'),
(3383, 305, 21, 'BG', 22, '2010-08-18 11:29:14'),
(3384, 305, 17, 'BG', 22, '2010-08-18 11:29:18'),
(3385, 305, 11, 'BG', 22, '2010-08-18 11:29:22'),
(3386, 305, 25, 'BG', 22, '2010-08-18 11:29:26'),
(3387, 305, 14, 'BG', 22, '2010-08-18 11:29:32'),
(3388, 305, 15, 'BG', 22, '2010-08-18 11:29:41'),
(3389, 305, 6, 'BG', 22, '2010-08-18 11:29:55'),
(3390, 305, 26, 'BG', 22, '2010-08-18 11:30:08'),
(3391, 305, 5, 'BG', 22, '2010-08-18 11:30:22'),
(3392, 305, 13, 'BG', 22, '2010-08-18 11:30:34'),
(3393, 305, 20, 'BG', 22, '2010-08-18 11:30:48'),
(3394, 305, 7, 'BG', 22, '2010-08-18 11:31:04'),
(3395, 305, 18, 'BG', 22, '2010-08-18 11:31:20'),
(3396, 305, 22, 'BG', 22, '2010-08-18 11:31:42'),
(3397, 305, 9, 'BG', 22, '2010-08-18 11:32:05'),
(3398, 306, 16, 'DK', 22, '2010-08-18 11:32:53'),
(3399, 306, 21, 'DK', 22, '2010-08-18 11:33:06'),
(3400, 306, 17, 'DK', 22, '2010-08-18 11:33:13'),
(3401, 306, 11, 'DK', 22, '2010-08-18 11:33:20'),
(3402, 306, 25, 'DK', 22, '2010-08-18 11:33:28'),
(3403, 306, 14, 'DK', 22, '2010-08-18 11:33:40'),
(3404, 306, 15, 'DK', 22, '2010-08-18 11:33:49'),
(3405, 306, 6, 'DK', 22, '2010-08-18 11:34:06'),
(3406, 306, 26, 'DK', 22, '2010-08-18 11:34:18'),
(3407, 306, 5, 'DK', 22, '2010-08-18 11:34:39'),
(3408, 306, 13, 'DK', 22, '2010-08-18 11:34:55'),
(3409, 306, 20, 'DK', 22, '2010-08-18 11:35:10'),
(3410, 306, 7, 'DK', 22, '2010-08-18 11:35:27'),
(3411, 306, 18, 'DK', 22, '2010-08-18 11:35:42'),
(3412, 306, 22, 'DK', 22, '2010-08-18 11:35:58'),
(3413, 306, 9, 'DK', 22, '2010-08-18 11:36:13'),
(3414, 306, 24, 'DK', 22, '2010-08-18 11:36:26'),
(3415, 307, 16, 'D', 22, '2010-08-18 11:36:56'),
(3416, 307, 21, 'D', 22, '2010-08-18 11:37:01'),
(3417, 307, 17, 'D', 22, '2010-08-18 11:37:04'),
(3418, 307, 11, 'D', 22, '2010-08-18 11:37:08'),
(3419, 307, 25, 'D', 22, '2010-08-18 11:37:11'),
(3420, 307, 14, 'D', 22, '2010-08-18 11:37:18'),
(3421, 307, 15, 'D', 22, '2010-08-18 11:37:23'),
(3422, 307, 6, 'D', 22, '2010-08-18 11:37:41'),
(3423, 307, 26, 'D', 22, '2010-08-18 11:37:56'),
(3424, 307, 5, 'D', 22, '2010-08-18 11:38:09'),
(3425, 307, 13, 'D', 22, '2010-08-18 11:38:22'),
(3426, 307, 20, 'D', 22, '2010-08-18 11:38:40'),
(3427, 307, 7, 'D', 22, '2010-08-18 11:38:57'),
(3428, 307, 18, 'D', 22, '2010-08-18 11:39:15'),
(3429, 307, 22, 'D', 22, '2010-08-18 11:39:45'),
(3430, 307, 9, 'D', 22, '2010-08-18 11:40:01'),
(3431, 307, 24, 'D', 22, '2010-08-18 11:40:26'),
(3432, 308, 16, 'est', 22, '2010-08-18 11:41:28'),
(3433, 308, 21, 'est', 22, '2010-08-18 11:41:34'),
(3434, 308, 17, 'est', 22, '2010-08-18 11:41:37'),
(3435, 308, 11, 'est', 22, '2010-08-18 11:41:41'),
(3436, 308, 25, 'est', 22, '2010-08-18 11:41:45'),
(3437, 308, 14, 'est', 22, '2010-08-18 11:41:50'),
(3438, 308, 15, 'est', 22, '2010-08-18 11:41:56'),
(3439, 308, 6, 'est', 22, '2010-08-18 11:42:13'),
(3440, 308, 26, 'est', 22, '2010-08-18 11:42:28'),
(3441, 308, 5, 'est', 22, '2010-08-18 11:42:46'),
(3442, 308, 13, 'est', 22, '2010-08-18 11:43:00'),
(3443, 308, 20, 'est', 22, '2010-08-18 11:43:20'),
(3444, 308, 7, 'est', 22, '2010-08-18 11:43:36'),
(3445, 308, 18, 'est', 22, '2010-08-18 11:43:54'),
(3446, 308, 22, 'est', 22, '2010-08-18 11:44:19'),
(3447, 308, 9, 'est', 22, '2010-08-18 11:44:33'),
(3448, 308, 24, 'est', 22, '2010-08-18 11:50:57'),
(3449, 309, 16, 'FI', 22, '2010-08-18 11:51:56'),
(3450, 309, 21, 'FI', 22, '2010-08-18 11:52:02'),
(3451, 309, 17, 'FI', 22, '2010-08-18 11:52:06'),
(3452, 309, 11, 'FI', 22, '2010-08-18 11:52:09'),
(3453, 309, 25, 'FI', 22, '2010-08-18 11:52:13'),
(3454, 309, 14, 'FI', 22, '2010-08-18 11:52:20'),
(3455, 309, 15, 'FI', 22, '2010-08-18 11:52:26'),
(3456, 309, 6, 'FI', 22, '2010-08-18 11:52:54'),
(3457, 309, 26, 'FI', 22, '2010-08-18 11:53:11'),
(3458, 309, 5, 'FI', 22, '2010-08-18 11:53:26'),
(3459, 309, 13, 'FI', 22, '2010-08-18 11:53:44'),
(3460, 309, 20, 'FI', 22, '2010-08-18 11:54:03'),
(3461, 309, 7, 'FI', 22, '2010-08-18 11:54:57'),
(3462, 309, 18, 'FI', 22, '2010-08-18 11:55:41'),
(3463, 309, 22, 'FI', 22, '2010-08-18 11:55:55'),
(3464, 309, 9, 'FI', 22, '2010-08-18 11:56:10'),
(3465, 309, 24, 'FI', 22, '2010-08-18 11:56:27'),
(3466, 310, 16, 'F', 22, '2010-08-18 11:57:13'),
(3467, 310, 21, 'F', 22, '2010-08-18 11:57:19'),
(3468, 310, 17, 'F', 22, '2010-08-18 11:57:23'),
(3469, 310, 11, 'F', 22, '2010-08-18 11:57:26'),
(3470, 310, 25, 'F', 22, '2010-08-18 11:57:30'),
(3471, 310, 14, 'F', 22, '2010-08-18 11:57:36'),
(3472, 310, 15, 'F', 22, '2010-08-18 11:57:42'),
(3473, 310, 6, 'F', 22, '2010-08-18 11:57:56'),
(3474, 310, 26, 'F', 22, '2010-08-18 11:58:09'),
(3475, 310, 5, 'F', 22, '2010-08-18 11:58:22'),
(3476, 310, 13, 'F', 22, '2010-08-18 11:58:36'),
(3477, 310, 20, 'F', 22, '2010-08-18 11:58:50'),
(3478, 310, 7, 'F', 22, '2010-08-18 11:59:05'),
(3479, 310, 18, 'F', 22, '2010-08-18 11:59:22'),
(3480, 310, 22, 'F', 22, '2010-08-18 11:59:38'),
(3481, 310, 9, 'F', 22, '2010-08-18 11:59:50'),
(3482, 310, 24, 'F', 22, '2010-08-18 12:00:26'),
(3483, 311, 24, 'GR', 22, '2010-08-18 12:00:57'),
(3484, 311, 16, 'GR', 22, '2010-08-18 12:01:35'),
(3485, 311, 21, 'GR', 22, '2010-08-18 12:01:41'),
(3486, 311, 17, 'GR', 22, '2010-08-18 12:01:45'),
(3487, 311, 11, 'GR', 22, '2010-08-18 12:01:49'),
(3488, 311, 25, 'GR', 22, '2010-08-18 12:01:53'),
(3489, 311, 14, 'GR', 22, '2010-08-18 12:01:59'),
(3490, 311, 15, 'GR', 22, '2010-08-18 12:02:06'),
(3491, 311, 6, 'GR', 22, '2010-08-18 12:02:18'),
(3492, 311, 26, 'GR', 22, '2010-08-18 12:02:34'),
(3493, 311, 5, 'GR', 22, '2010-08-18 12:02:49'),
(3494, 311, 13, 'GR', 22, '2010-08-18 12:03:05'),
(3495, 311, 20, 'GR', 22, '2010-08-18 12:42:47'),
(3496, 311, 7, 'GR', 22, '2010-08-18 12:43:05'),
(3497, 311, 18, 'GR', 22, '2010-08-18 12:43:19'),
(3498, 311, 22, 'GR', 22, '2010-08-18 12:43:42'),
(3499, 311, 9, 'GR', 22, '2010-08-18 12:43:58'),
(3500, 312, 16, 'GB', 22, '2010-08-18 12:45:25'),
(3501, 312, 21, 'GB', 22, '2010-08-18 12:45:39'),
(3502, 312, 17, 'GB', 22, '2010-08-18 12:45:42'),
(3503, 312, 11, 'GB', 22, '2010-08-18 12:45:46'),
(3504, 312, 25, 'GB', 22, '2010-08-18 12:45:50'),
(3505, 312, 14, 'GB', 22, '2010-08-18 12:45:56'),
(3506, 312, 15, 'GB', 22, '2010-08-18 12:46:02'),
(3507, 312, 26, 'GB', 22, '2010-08-18 12:46:26'),
(3508, 312, 5, 'GB', 22, '2010-08-18 12:46:42'),
(3509, 312, 13, 'GB', 22, '2010-08-18 12:47:01'),
(3510, 312, 20, 'GB', 22, '2010-08-18 12:47:17'),
(3511, 312, 7, 'GB', 22, '2010-08-18 12:47:33'),
(3512, 312, 18, 'GB', 22, '2010-08-18 12:47:48'),
(3513, 312, 22, 'GB', 22, '2010-08-18 12:48:13'),
(3514, 312, 9, 'GB', 22, '2010-08-18 12:48:26'),
(3515, 312, 24, 'GB', 22, '2010-08-18 12:48:51'),
(3516, 313, 24, 'IE', 22, '2010-08-18 12:49:27'),
(3517, 313, 16, 'IE', 22, '2010-08-18 12:49:43'),
(3518, 313, 21, 'IE', 22, '2010-08-18 12:49:50'),
(3519, 313, 17, 'IE', 22, '2010-08-18 12:49:54'),
(3520, 313, 11, 'IE', 22, '2010-08-18 12:49:58'),
(3521, 313, 25, 'IE', 22, '2010-08-18 12:50:02'),
(3522, 313, 14, 'IE', 22, '2010-08-18 12:50:08'),
(3523, 313, 15, 'IE', 22, '2010-08-18 12:50:14'),
(3524, 313, 6, 'IE', 22, '2010-08-18 12:50:31'),
(3525, 313, 26, 'IE', 22, '2010-08-18 12:50:45'),
(3526, 313, 5, 'IE', 22, '2010-08-18 12:51:01'),
(3527, 313, 13, 'IE', 22, '2010-08-18 12:51:17'),
(3528, 313, 20, 'IE', 22, '2010-08-18 12:51:33'),
(3529, 313, 7, 'IE', 22, '2010-08-18 12:51:50'),
(3530, 313, 18, 'IE', 22, '2010-08-18 12:52:05'),
(3531, 313, 22, 'IE', 22, '2010-08-18 12:52:23'),
(3532, 313, 9, 'IE', 22, '2010-08-18 12:52:40'),
(3533, 314, 14, 'IS', 22, '2010-08-18 12:54:05'),
(3534, 314, 15, 'IS', 22, '2010-08-18 12:54:18'),
(3535, 314, 16, 'IS', 22, '2010-08-18 12:54:27'),
(3536, 314, 21, 'IS', 22, '2010-08-18 12:54:33'),
(3537, 314, 17, 'IS', 22, '2010-08-18 12:54:37'),
(3538, 314, 11, 'IS', 22, '2010-08-18 12:54:40'),
(3539, 314, 25, 'IS', 22, '2010-08-18 12:54:44'),
(3540, 314, 6, 'IS', 22, '2010-08-18 12:55:09'),
(3541, 314, 26, 'IS', 22, '2010-08-18 12:55:25'),
(3542, 314, 5, 'IS', 22, '2010-08-18 12:55:39'),
(3543, 314, 13, 'IS', 22, '2010-08-18 12:55:58'),
(3544, 314, 20, 'IS', 22, '2010-08-18 12:56:13'),
(3545, 314, 7, 'IS', 22, '2010-08-18 12:56:27'),
(3546, 314, 18, 'IS', 22, '2010-08-18 12:56:41'),
(3547, 314, 22, 'IS', 22, '2010-08-18 12:56:59'),
(3548, 314, 9, 'IS', 22, '2010-08-18 12:57:13'),
(3549, 314, 24, 'IS', 22, '2010-08-18 12:57:27'),
(3550, 315, 24, 'I', 22, '2010-08-18 12:58:27'),
(3551, 315, 16, 'I', 22, '2010-08-18 12:58:37'),
(3552, 315, 21, 'I', 22, '2010-08-18 12:58:42'),
(3553, 315, 17, 'I', 22, '2010-08-18 12:58:45'),
(3554, 315, 11, 'I', 22, '2010-08-18 12:58:50'),
(3555, 315, 25, 'I', 22, '2010-08-18 12:58:54'),
(3556, 315, 14, 'I', 22, '2010-08-18 12:59:00'),
(3557, 315, 15, 'I', 22, '2010-08-18 12:59:06'),
(3558, 315, 6, 'I', 22, '2010-08-18 12:59:21'),
(3559, 315, 26, 'I', 22, '2010-08-18 12:59:35'),
(3560, 315, 5, 'I', 22, '2010-08-18 12:59:49'),
(3561, 315, 13, 'I', 22, '2010-08-18 13:00:20'),
(3562, 315, 20, 'I', 22, '2010-08-18 13:00:35'),
(3563, 315, 7, 'I', 22, '2010-08-18 13:00:52'),
(3564, 315, 18, 'I', 22, '2010-08-18 13:01:09'),
(3565, 315, 22, 'I', 22, '2010-08-18 13:01:25'),
(3566, 315, 9, 'I', 22, '2010-08-18 13:01:38'),
(3567, 316, 16, 'XK', 22, '2010-08-18 13:02:39'),
(3568, 316, 21, 'XK', 22, '2010-08-18 13:02:44'),
(3569, 316, 17, 'XK', 22, '2010-08-18 13:02:49'),
(3570, 316, 11, 'XK', 22, '2010-08-18 13:02:54'),
(3571, 316, 25, 'XK', 22, '2010-08-18 13:02:58'),
(3572, 316, 14, 'XK', 22, '2010-08-18 13:03:07'),
(3573, 316, 15, 'XK', 22, '2010-08-18 13:03:14'),
(3574, 316, 6, 'XK', 22, '2010-08-18 13:03:28'),
(3575, 316, 26, 'XK', 22, '2010-08-18 13:03:41'),
(3576, 316, 5, 'XK', 22, '2010-08-18 13:03:56'),
(3577, 316, 13, 'XK', 22, '2010-08-18 13:04:12'),
(3578, 316, 20, 'XK', 22, '2010-08-18 13:04:27'),
(3579, 316, 7, 'XK', 22, '2010-08-18 13:04:41'),
(3580, 316, 18, 'XK', 22, '2010-08-18 13:04:58'),
(3581, 316, 22, 'XK', 22, '2010-08-18 13:05:18'),
(3582, 316, 9, 'XK', 22, '2010-08-18 13:05:33'),
(3583, 316, 24, 'XK', 22, '2010-08-18 13:05:48'),
(3584, 317, 24, 'HR', 22, '2010-08-18 13:06:46'),
(3585, 317, 16, 'HR', 22, '2010-08-18 13:07:02'),
(3586, 317, 21, 'HR', 22, '2010-08-18 13:07:08'),
(3587, 317, 17, 'HR', 22, '2010-08-18 13:07:12'),
(3588, 317, 11, 'HR', 22, '2010-08-18 13:07:18'),
(3589, 317, 25, 'HR', 22, '2010-08-18 13:07:23'),
(3590, 317, 14, 'HR', 22, '2010-08-18 13:07:29'),
(3591, 317, 15, 'HR', 22, '2010-08-18 13:07:36'),
(3592, 317, 6, 'HR', 22, '2010-08-18 13:07:50'),
(3593, 317, 26, 'HR', 22, '2010-08-18 13:08:04'),
(3594, 317, 5, 'HR', 22, '2010-08-18 13:08:27'),
(3595, 317, 13, 'HR', 22, '2010-08-18 13:08:40'),
(3596, 317, 20, 'HR', 22, '2010-08-18 13:08:56'),
(3597, 317, 7, 'HR', 22, '2010-08-18 13:09:13'),
(3598, 317, 18, 'HR', 22, '2010-08-18 13:09:29'),
(3599, 317, 22, 'HR', 22, '2010-08-18 13:09:50'),
(3600, 317, 9, 'HR', 22, '2010-08-18 13:10:06'),
(3601, 318, 9, 'let', 22, '2010-08-18 13:10:44'),
(3602, 318, 16, 'let', 22, '2010-08-18 13:11:03'),
(3603, 318, 21, 'let', 22, '2010-08-18 13:11:09'),
(3604, 318, 17, 'let', 22, '2010-08-18 13:11:13'),
(3605, 318, 11, 'let', 22, '2010-08-18 13:11:16'),
(3606, 318, 25, 'let', 22, '2010-08-18 13:11:21'),
(3607, 318, 14, 'let', 22, '2010-08-18 13:11:28'),
(3608, 318, 15, 'let', 22, '2010-08-18 13:11:34'),
(3609, 318, 6, 'let', 22, '2010-08-18 13:11:50'),
(3610, 318, 26, 'let', 22, '2010-08-18 13:12:07'),
(3611, 318, 5, 'let', 22, '2010-08-18 13:12:22'),
(3612, 318, 13, 'let', 22, '2010-08-18 13:12:39'),
(3613, 318, 20, 'let', 22, '2010-08-18 13:12:55'),
(3614, 318, 7, 'let', 22, '2010-08-18 13:13:11'),
(3615, 318, 18, 'let', 22, '2010-08-18 13:13:26'),
(3616, 318, 22, 'let', 22, '2010-08-18 13:13:44'),
(3617, 318, 24, 'let', 22, '2010-08-18 13:14:08'),
(3618, 319, 24, 'FL', 22, '2010-08-18 13:14:35'),
(3619, 319, 16, 'FL', 22, '2010-08-18 13:14:46'),
(3620, 319, 21, 'FL', 22, '2010-08-18 13:14:56'),
(3621, 319, 17, 'FL', 22, '2010-08-18 13:14:59'),
(3622, 319, 11, 'FL', 22, '2010-08-18 13:15:03'),
(3623, 319, 25, 'FL', 22, '2010-08-18 13:15:06'),
(3624, 319, 14, 'FL', 22, '2010-08-18 13:15:13'),
(3625, 319, 15, 'FL', 22, '2010-08-18 13:15:20'),
(3626, 319, 6, 'FL', 22, '2010-08-18 13:15:33'),
(3627, 319, 26, 'FL', 22, '2010-08-18 13:15:46'),
(3628, 319, 5, 'FL', 22, '2010-08-18 13:16:00'),
(3629, 319, 13, 'FL', 22, '2010-08-18 13:16:13'),
(3630, 319, 20, 'FL', 22, '2010-08-18 13:16:27'),
(3631, 319, 7, 'FL', 22, '2010-08-18 13:16:51'),
(3632, 319, 18, 'FL', 22, '2010-08-18 13:17:08'),
(3633, 319, 22, 'FL', 22, '2010-08-18 13:17:26'),
(3634, 319, 9, 'FL', 22, '2010-08-18 13:17:33'),
(3635, 320, 22, 'lit', 22, '2010-08-18 13:18:53'),
(3636, 320, 16, 'lit', 22, '2010-08-18 13:19:04'),
(3637, 320, 21, 'lit', 22, '2010-08-18 13:19:10'),
(3638, 320, 17, 'lit', 22, '2010-08-18 13:19:14'),
(3639, 320, 11, 'lit', 22, '2010-08-18 13:19:18'),
(3640, 320, 25, 'lit', 22, '2010-08-18 13:19:22'),
(3641, 320, 14, 'lit', 22, '2010-08-18 13:19:28'),
(3642, 320, 15, 'lit', 22, '2010-08-18 13:19:34'),
(3643, 320, 6, 'lit', 22, '2010-08-18 13:19:47'),
(3644, 320, 26, 'lit', 22, '2010-08-18 13:20:04'),
(3645, 320, 5, 'lit', 22, '2010-08-18 13:20:23'),
(3646, 320, 13, 'lit', 22, '2010-08-18 13:20:38'),
(3647, 320, 20, 'lit', 22, '2010-08-18 13:20:54'),
(3648, 320, 7, 'lit', 22, '2010-08-18 13:21:13'),
(3649, 320, 18, 'lit', 22, '2010-08-18 13:21:29'),
(3650, 320, 9, 'lit', 22, '2010-08-18 13:21:55'),
(3651, 320, 24, 'lit', 22, '2010-08-18 13:22:13'),
(3652, 321, 24, 'L', 22, '2010-08-18 13:22:40'),
(3653, 321, 16, 'L', 22, '2010-08-18 13:22:51'),
(3654, 321, 21, 'L', 22, '2010-08-18 13:22:57'),
(3655, 321, 17, 'L', 22, '2010-08-18 13:23:01'),
(3656, 321, 11, 'L', 22, '2010-08-18 13:23:04'),
(3657, 321, 25, 'L', 22, '2010-08-18 13:23:10'),
(3658, 321, 14, 'L', 22, '2010-08-18 13:23:17'),
(3659, 321, 15, 'L', 22, '2010-08-18 13:23:30'),
(3660, 321, 6, 'L', 22, '2010-08-18 13:23:44'),
(3661, 321, 26, 'L', 22, '2010-08-18 13:23:59'),
(3662, 321, 5, 'L', 22, '2010-08-18 13:24:16'),
(3663, 321, 13, 'L', 22, '2010-08-18 13:24:28'),
(3664, 321, 20, 'L', 22, '2010-08-18 13:24:44'),
(3665, 321, 7, 'L', 22, '2010-08-18 13:25:01'),
(3666, 321, 18, 'L', 22, '2010-08-18 13:25:17'),
(3667, 321, 22, 'L', 22, '2010-08-18 13:25:35'),
(3668, 321, 9, 'L', 22, '2010-08-18 13:25:49'),
(3669, 322, 9, 'MT', 22, '2010-08-18 13:26:21'),
(3670, 322, 16, 'MT', 22, '2010-08-18 13:26:34'),
(3671, 322, 21, 'MT', 22, '2010-08-18 13:26:40'),
(3672, 322, 17, 'MT', 22, '2010-08-18 13:26:44'),
(3673, 322, 11, 'MT', 22, '2010-08-18 13:26:48'),
(3674, 322, 25, 'MT', 22, '2010-08-18 13:26:52'),
(3675, 322, 14, 'MT', 22, '2010-08-18 13:27:07'),
(3676, 322, 15, 'MT', 22, '2010-08-18 13:27:13'),
(3677, 322, 6, 'MT', 22, '2010-08-18 13:27:29'),
(3678, 322, 26, 'MT', 22, '2010-08-18 13:27:48'),
(3679, 322, 5, 'MT', 22, '2010-08-18 13:28:02'),
(3680, 322, 13, 'MT', 22, '2010-08-18 13:28:17'),
(3681, 322, 20, 'MT', 22, '2010-08-18 13:28:33'),
(3682, 322, 7, 'MT', 22, '2010-08-18 13:28:56'),
(3683, 322, 18, 'MT', 22, '2010-08-18 13:29:10'),
(3684, 322, 22, 'MT', 22, '2010-08-18 13:29:26'),
(3685, 322, 24, 'MT', 22, '2010-08-18 13:29:42'),
(3686, 323, 24, 'MK', 22, '2010-08-18 13:30:12'),
(3687, 323, 16, 'MK', 22, '2010-08-18 13:30:35'),
(3688, 323, 21, 'MK', 22, '2010-08-18 13:30:41'),
(3689, 323, 17, 'MK', 22, '2010-08-18 13:30:45'),
(3690, 323, 11, 'MK', 22, '2010-08-18 13:30:49'),
(3691, 323, 25, 'MK', 22, '2010-08-18 13:30:53'),
(3692, 323, 14, 'MK', 22, '2010-08-18 13:31:01'),
(3693, 323, 15, 'MK', 22, '2010-08-18 13:31:07'),
(3694, 323, 26, 'MK', 22, '2010-08-18 13:31:23'),
(3695, 323, 5, 'MK', 22, '2010-08-18 13:31:36'),
(3696, 323, 13, 'MK', 22, '2010-08-18 13:31:52'),
(3697, 323, 20, 'MK', 22, '2010-08-18 13:32:13'),
(3698, 323, 7, 'MK', 22, '2010-08-18 13:32:26'),
(3699, 323, 18, 'MK', 22, '2010-08-18 13:32:40'),
(3700, 323, 22, 'MK', 22, '2010-08-18 13:32:58'),
(3701, 323, 9, 'MK', 22, '2010-08-18 13:33:12'),
(3702, 324, 9, 'mol', 22, '2010-08-18 13:33:45'),
(3703, 324, 16, 'mol', 22, '2010-08-18 13:34:06'),
(3704, 324, 21, 'mol', 22, '2010-08-18 13:34:12'),
(3705, 324, 17, 'mol', 22, '2010-08-18 13:34:16'),
(3706, 324, 11, 'mol', 22, '2010-08-18 13:34:20'),
(3707, 324, 25, 'mol', 22, '2010-08-18 13:34:24'),
(3708, 324, 14, 'mol', 22, '2010-08-18 13:34:29'),
(3709, 324, 15, 'mol', 22, '2010-08-18 13:34:35'),
(3710, 324, 6, 'mol', 22, '2010-08-18 13:34:54'),
(3711, 324, 26, 'mol', 22, '2010-08-18 13:35:08'),
(3712, 324, 5, 'mol', 22, '2010-08-18 13:35:22'),
(3713, 324, 13, 'mol', 22, '2010-08-18 13:35:34'),
(3714, 324, 20, 'mol', 22, '2010-08-18 13:35:52'),
(3715, 324, 7, 'mol', 22, '2010-08-18 13:36:06'),
(3716, 324, 18, 'mol', 22, '2010-08-18 13:36:23'),
(3717, 324, 22, 'mol', 22, '2010-08-18 13:36:44'),
(3718, 324, 24, 'mol', 22, '2010-08-18 13:37:02'),
(3719, 325, 24, 'XM', 22, '2010-08-18 13:37:33'),
(3720, 325, 16, 'XM', 22, '2010-08-18 13:37:44'),
(3721, 325, 21, 'XM', 22, '2010-08-18 13:37:52'),
(3722, 325, 17, 'XM', 22, '2010-08-18 13:37:56'),
(3723, 325, 11, 'XM', 22, '2010-08-18 13:38:00'),
(3724, 325, 25, 'XM', 22, '2010-08-18 13:38:04'),
(3725, 325, 14, 'XM', 22, '2010-08-18 13:38:14'),
(3726, 325, 15, 'XM', 22, '2010-08-18 13:38:18'),
(3727, 325, 6, 'XM', 22, '2010-08-18 13:38:38'),
(3728, 325, 26, 'XM', 22, '2010-08-18 13:38:58'),
(3729, 325, 5, 'XM', 22, '2010-08-18 13:39:14'),
(3730, 325, 13, 'XM', 22, '2010-08-18 13:39:31'),
(3731, 325, 20, 'XM', 22, '2010-08-18 13:39:47'),
(3732, 325, 7, 'XM', 22, '2010-08-18 13:40:09'),
(3733, 325, 18, 'XM', 22, '2010-08-18 13:40:27'),
(3734, 325, 22, 'XM', 22, '2010-08-18 13:40:44'),
(3735, 325, 9, 'XM', 22, '2010-08-18 13:40:58'),
(3736, 326, 9, 'NL', 22, '2010-08-18 13:41:25'),
(3737, 326, 16, 'NL', 22, '2010-08-18 13:41:41'),
(3738, 326, 21, 'NL', 22, '2010-08-18 13:41:48'),
(3739, 326, 11, 'NL', 22, '2010-08-18 13:41:54'),
(3740, 326, 25, 'NL', 22, '2010-08-18 13:42:00'),
(3741, 326, 14, 'NL', 22, '2010-08-18 13:42:07'),
(3742, 326, 15, 'NL', 22, '2010-08-18 13:42:14'),
(3743, 326, 6, 'NL', 22, '2010-08-18 13:42:29'),
(3744, 326, 26, 'NL', 22, '2010-08-18 13:42:43'),
(3745, 326, 5, 'NL', 22, '2010-08-18 13:42:58'),
(3746, 326, 13, 'NL', 22, '2010-08-18 13:43:13'),
(3747, 326, 20, 'NL', 22, '2010-08-18 13:43:29'),
(3748, 326, 7, 'NL', 22, '2010-08-18 13:43:41'),
(3749, 326, 18, 'NL', 22, '2010-08-18 13:43:57'),
(3750, 326, 22, 'NL', 22, '2010-08-18 13:44:11'),
(3751, 326, 24, 'NL', 22, '2010-08-18 13:44:27'),
(3752, 327, 24, 'NO', 22, '2010-08-18 13:44:49'),
(3753, 327, 16, 'NO', 22, '2010-08-18 13:45:01'),
(3754, 327, 21, 'NO', 22, '2010-08-18 13:45:07'),
(3755, 327, 17, 'NO', 22, '2010-08-18 13:45:16'),
(3756, 327, 11, 'NO', 22, '2010-08-18 13:45:21'),
(3757, 327, 25, 'NO', 22, '2010-08-18 13:45:26'),
(3758, 327, 14, 'NO', 22, '2010-08-18 13:45:33'),
(3759, 327, 15, 'NO', 22, '2010-08-18 13:45:40'),
(3760, 327, 6, 'NO', 22, '2010-08-18 13:45:55'),
(3761, 327, 26, 'NO', 22, '2010-08-18 13:46:07'),
(3762, 327, 5, 'NO', 22, '2010-08-18 13:46:22'),
(3763, 327, 13, 'NO', 22, '2010-08-18 13:46:35'),
(3764, 327, 20, 'NO', 22, '2010-08-18 13:46:49'),
(3765, 327, 7, 'NO', 22, '2010-08-18 13:47:11'),
(3766, 327, 18, 'NO', 22, '2010-08-18 13:47:25'),
(3767, 327, 22, 'NO', 22, '2010-08-18 13:47:43'),
(3768, 327, 9, 'NO', 22, '2010-08-18 13:47:57'),
(3769, 328, 9, 'A', 22, '2010-08-18 13:48:31'),
(3770, 328, 16, 'A', 22, '2010-08-18 13:48:49'),
(3771, 328, 21, 'A', 22, '2010-08-18 13:48:55'),
(3772, 328, 17, 'A', 22, '2010-08-18 13:48:58'),
(3773, 328, 11, 'A', 22, '2010-08-18 13:49:02'),
(3774, 328, 25, 'A', 22, '2010-08-18 13:49:05'),
(3775, 328, 14, 'A', 22, '2010-08-18 13:49:11'),
(3776, 328, 15, 'A', 22, '2010-08-18 13:49:18'),
(3777, 328, 6, 'A', 22, '2010-08-18 13:49:32'),
(3778, 328, 26, 'A', 22, '2010-08-18 13:49:44'),
(3779, 328, 5, 'A', 22, '2010-08-18 13:49:56'),
(3780, 328, 13, 'A', 22, '2010-08-18 13:55:03'),
(3781, 328, 20, 'A', 22, '2010-08-18 13:55:19'),
(3782, 328, 7, 'A', 22, '2010-08-18 13:55:40'),
(3783, 328, 18, 'A', 22, '2010-08-18 13:55:55'),
(3784, 328, 22, 'A', 22, '2010-08-18 13:56:19'),
(3785, 328, 24, 'A', 22, '2010-08-18 13:56:38'),
(3786, 329, 16, 'PL', 22, '2010-08-18 13:57:14'),
(3787, 329, 21, 'PL', 22, '2010-08-18 13:57:21'),
(3788, 329, 17, 'PL', 22, '2010-08-18 13:57:26'),
(3789, 329, 11, 'PL', 22, '2010-08-18 13:57:30'),
(3790, 329, 25, 'PL', 22, '2010-08-18 13:57:34'),
(3791, 329, 14, 'PL', 22, '2010-08-18 13:57:42'),
(3792, 329, 15, 'PL', 22, '2010-08-18 13:58:31'),
(3793, 329, 26, 'PL', 22, '2010-08-18 13:59:01'),
(3794, 329, 5, 'PL', 22, '2010-08-18 13:59:14'),
(3795, 329, 13, 'PL', 22, '2010-08-18 13:59:29'),
(3796, 329, 20, 'PL', 22, '2010-08-18 13:59:46'),
(3797, 329, 7, 'PL', 22, '2010-08-18 14:00:04'),
(3798, 329, 18, 'PL', 22, '2010-08-18 14:00:19'),
(3799, 329, 22, 'PL', 22, '2010-08-18 14:00:49'),
(3800, 329, 9, 'PL', 22, '2010-08-18 14:01:05'),
(3801, 329, 24, 'PL', 22, '2010-08-18 14:01:19'),
(3802, 330, 24, 'PT', 22, '2010-08-18 14:01:42'),
(3803, 330, 16, 'PT', 22, '2010-08-18 14:02:12'),
(3804, 330, 21, 'PT', 22, '2010-08-18 14:02:19'),
(3805, 330, 17, 'PT', 22, '2010-08-18 14:02:22'),
(3806, 330, 11, 'PT', 22, '2010-08-18 14:02:27'),
(3807, 330, 25, 'PT', 22, '2010-08-18 14:02:31'),
(3808, 330, 14, 'PT', 22, '2010-08-18 14:02:40'),
(3809, 330, 15, 'PT', 22, '2010-08-18 14:02:47'),
(3810, 330, 6, 'PT', 22, '2010-08-18 14:03:03'),
(3811, 330, 26, 'PT', 22, '2010-08-18 14:03:15'),
(3812, 330, 5, 'PT', 22, '2010-08-18 14:03:28'),
(3813, 330, 13, 'PT', 22, '2010-08-18 14:03:46'),
(3814, 330, 20, 'PT', 22, '2010-08-18 14:03:59'),
(3815, 330, 7, 'PT', 22, '2010-08-18 14:04:17'),
(3816, 330, 18, 'PT', 22, '2010-08-18 14:04:31'),
(3817, 330, 22, 'PT', 22, '2010-08-18 14:04:52'),
(3818, 330, 9, 'PT', 22, '2010-08-18 14:05:04'),
(3819, 331, 9, 'RO', 22, '2010-08-18 14:05:30'),
(3820, 331, 16, 'RO', 22, '2010-08-18 14:05:44'),
(3821, 331, 21, 'RO', 22, '2010-08-18 14:05:52'),
(3822, 331, 17, 'RO', 22, '2010-08-18 14:05:57'),
(3823, 331, 11, 'RO', 22, '2010-08-18 14:06:02'),
(3824, 331, 25, 'RO', 22, '2010-08-18 14:06:08'),
(3825, 331, 14, 'RO', 22, '2010-08-18 14:06:16'),
(3826, 331, 15, 'RO', 22, '2010-08-18 14:06:24'),
(3827, 331, 6, 'RO', 22, '2010-08-18 14:06:38'),
(3828, 331, 26, 'RO', 22, '2010-08-18 14:06:52'),
(3829, 331, 5, 'RO', 22, '2010-08-18 14:07:10'),
(3830, 331, 13, 'RO', 22, '2010-08-18 14:07:28'),
(3831, 331, 20, 'RO', 22, '2010-08-18 14:07:47'),
(3832, 331, 7, 'RO', 22, '2010-08-18 14:08:03'),
(3833, 331, 18, 'RO', 22, '2010-08-18 14:08:18'),
(3834, 331, 22, 'RO', 22, '2010-08-18 14:08:39'),
(3835, 331, 24, 'RO', 22, '2010-08-18 14:08:58'),
(3836, 332, 24, 'RUS', 22, '2010-08-18 14:09:47'),
(3837, 332, 3, 'RUS', 22, '2010-08-18 14:10:07'),
(3838, 332, 16, 'RUS', 22, '2010-08-18 14:10:15'),
(3839, 332, 21, 'RUS', 22, '2010-08-18 14:10:22'),
(3840, 332, 17, 'RUS', 22, '2010-08-18 14:10:29'),
(3841, 332, 11, 'RUS', 22, '2010-08-18 14:10:35'),
(3842, 332, 25, 'RUS', 22, '2010-08-18 14:10:41'),
(3843, 332, 14, 'RUS', 22, '2010-08-18 14:10:56'),
(3844, 332, 27, 'RUS', 22, '2010-08-18 14:11:10'),
(3845, 332, 15, 'RUS', 22, '2010-08-18 14:11:21'),
(3846, 332, 6, 'RUS', 22, '2010-08-18 14:11:37'),
(3847, 332, 26, 'RUS', 22, '2010-08-18 14:11:52'),
(3848, 332, 5, 'RUS', 22, '2010-08-18 14:12:09'),
(3849, 332, 13, 'RUS', 22, '2010-08-18 14:12:23'),
(3850, 332, 20, 'RUS', 22, '2010-08-18 14:12:38'),
(3851, 332, 7, 'RUS', 22, '2010-08-18 14:12:57'),
(3852, 332, 18, 'RUS', 22, '2010-08-18 14:13:21'),
(3853, 332, 22, 'RUS', 22, '2010-08-18 14:13:47'),
(3854, 332, 9, 'RUS', 22, '2010-08-18 14:16:13'),
(3855, 333, 9, 'S', 22, '2010-08-18 14:16:43'),
(3856, 333, 16, 'S', 22, '2010-08-18 14:17:01'),
(3857, 333, 21, 'S', 22, '2010-08-18 14:17:08'),
(3858, 333, 17, 'S', 22, '2010-08-18 14:17:12'),
(3859, 333, 11, 'S', 22, '2010-08-18 14:17:15'),
(3860, 333, 25, 'S', 22, '2010-08-18 14:17:20'),
(3861, 333, 14, 'S', 22, '2010-08-18 14:17:28'),
(3862, 333, 15, 'S', 22, '2010-08-18 14:17:34'),
(3863, 333, 6, 'S', 22, '2010-08-18 14:17:57'),
(3864, 333, 26, 'S', 22, '2010-08-18 14:18:09'),
(3865, 333, 5, 'S', 22, '2010-08-18 14:18:33'),
(3866, 333, 13, 'S', 22, '2010-08-18 14:18:50'),
(3867, 333, 20, 'S', 22, '2010-08-18 14:19:04'),
(3868, 333, 7, 'S', 22, '2010-08-18 14:19:18'),
(3869, 333, 18, 'S', 22, '2010-08-18 14:19:33'),
(3870, 333, 22, 'S', 22, '2010-08-18 14:19:53'),
(3871, 333, 24, 'S', 22, '2010-08-18 14:20:11'),
(3872, 334, 24, 'CH', 22, '2010-08-18 14:20:33'),
(3873, 334, 16, 'CH', 22, '2010-08-18 14:20:45'),
(3874, 334, 21, 'CH', 22, '2010-08-18 14:20:52'),
(3875, 334, 17, 'CH', 22, '2010-08-18 14:20:57'),
(3876, 334, 11, 'CH', 22, '2010-08-18 14:21:02'),
(3877, 334, 25, 'CH', 22, '2010-08-18 14:21:07'),
(3878, 334, 14, 'CH', 22, '2010-08-18 14:21:14'),
(3879, 334, 15, 'CH', 22, '2010-08-18 14:21:21'),
(3880, 334, 6, 'CH', 22, '2010-08-18 14:21:40'),
(3881, 334, 26, 'CH', 22, '2010-08-18 14:21:55'),
(3882, 334, 5, 'CH', 22, '2010-08-18 14:22:10'),
(3883, 334, 13, 'CH', 22, '2010-08-18 14:22:24'),
(3884, 334, 20, 'CH', 22, '2010-08-18 14:22:37'),
(3885, 334, 7, 'CH', 22, '2010-08-18 14:23:25'),
(3886, 334, 18, 'CH', 22, '2010-08-18 14:23:39'),
(3887, 334, 22, 'CH', 22, '2010-08-18 14:23:55'),
(3888, 334, 9, 'CH', 22, '2010-08-18 14:24:15'),
(3889, 335, 9, 'XS', 22, '2010-08-18 14:24:42'),
(3890, 335, 16, 'XS', 22, '2010-08-18 14:25:08'),
(3891, 335, 21, 'XS', 22, '2010-08-18 14:25:13'),
(3892, 335, 17, 'XS', 22, '2010-08-18 14:25:17'),
(3893, 335, 11, 'XS', 22, '2010-08-18 14:25:22'),
(3894, 335, 25, 'XS', 22, '2010-08-18 14:25:25'),
(3895, 335, 14, 'XS', 22, '2010-08-18 14:25:34'),
(3896, 335, 15, 'XS', 22, '2010-08-18 14:25:40'),
(3897, 335, 6, 'XS', 22, '2010-08-18 14:25:56'),
(3898, 335, 26, 'XS', 22, '2010-08-18 14:26:11'),
(3899, 335, 5, 'XS', 22, '2010-08-18 14:26:28'),
(3900, 335, 13, 'XS', 22, '2010-08-18 14:26:46'),
(3901, 335, 20, 'XS', 22, '2010-08-18 14:26:59'),
(3902, 335, 7, 'XS', 22, '2010-08-18 14:27:14'),
(3903, 335, 18, 'XS', 22, '2010-08-18 14:27:29'),
(3904, 335, 22, 'XS', 22, '2010-08-18 14:27:49'),
(3905, 335, 24, 'XS', 22, '2010-08-18 14:28:08'),
(3906, 336, 24, 'SK', 22, '2010-08-18 14:28:40'),
(3907, 336, 16, 'SK', 22, '2010-08-18 14:29:01'),
(3908, 336, 11, 'SK', 22, '2010-08-18 14:29:10'),
(3909, 336, 21, 'SK', 22, '2010-08-18 14:29:14'),
(3910, 336, 17, 'SK', 22, '2010-08-18 14:29:22'),
(3911, 336, 25, 'SK', 22, '2010-08-18 14:29:28'),
(3912, 336, 14, 'SK', 22, '2010-08-18 14:29:34'),
(3913, 336, 15, 'SK', 22, '2010-08-18 14:29:42'),
(3914, 336, 6, 'SK', 22, '2010-08-18 14:29:56'),
(3915, 336, 26, 'SK', 22, '2010-08-18 14:30:08'),
(3916, 336, 5, 'SK', 22, '2010-08-18 14:30:22'),
(3917, 336, 13, 'SK', 22, '2010-08-18 14:30:46'),
(3918, 336, 20, 'SK', 22, '2010-08-18 14:31:07'),
(3919, 336, 7, 'SK', 22, '2010-08-18 14:31:25'),
(3920, 336, 18, 'SK', 22, '2010-08-18 14:31:39'),
(3921, 336, 22, 'SK', 22, '2010-08-18 14:31:59'),
(3922, 336, 9, 'SK', 22, '2010-08-18 14:32:14'),
(3923, 337, 9, 'SLO', 22, '2010-08-18 14:32:55'),
(3924, 337, 16, 'SLO', 22, '2010-08-18 14:33:05'),
(3925, 337, 21, 'SLO', 22, '2010-08-18 14:33:13'),
(3926, 337, 17, 'SLO', 22, '2010-08-18 14:33:18'),
(3927, 337, 11, 'SLO', 22, '2010-08-18 14:33:23'),
(3928, 337, 25, 'SLO', 22, '2010-08-18 14:33:29'),
(3929, 337, 14, 'SLO', 22, '2010-08-18 14:33:39'),
(3930, 337, 15, 'SLO', 22, '2010-08-18 14:33:47'),
(3931, 337, 6, 'SLO', 22, '2010-08-18 14:34:03'),
(3932, 337, 26, 'SLO', 22, '2010-08-18 14:34:16'),
(3933, 337, 5, 'SLO', 22, '2010-08-18 14:34:30'),
(3934, 337, 13, 'SLO', 22, '2010-08-18 14:34:46'),
(3935, 337, 20, 'SLO', 22, '2010-08-18 14:35:00');
INSERT INTO `categoryCodes` (`id`, `idCategories`, `idLanguages`, `code`, `idUsers`, `changed`) VALUES
(3936, 337, 7, 'SLO', 22, '2010-08-18 14:35:14'),
(3937, 337, 18, 'SLO', 22, '2010-08-18 14:35:31'),
(3938, 337, 22, 'SLO', 22, '2010-08-18 14:35:49'),
(3939, 337, 24, 'SLO', 22, '2010-08-18 14:36:13'),
(3940, 338, 24, 'ES', 22, '2010-08-18 14:36:38'),
(3941, 338, 16, 'ES', 22, '2010-08-18 14:36:56'),
(3942, 338, 21, 'ES', 22, '2010-08-18 14:37:03'),
(3943, 338, 17, 'ES', 22, '2010-08-18 14:37:08'),
(3944, 338, 11, 'ES', 22, '2010-08-18 14:37:13'),
(3945, 338, 25, 'ES', 22, '2010-08-18 14:37:18'),
(3946, 338, 14, 'ES', 22, '2010-08-18 14:37:26'),
(3947, 338, 15, 'ES', 22, '2010-08-18 14:37:33'),
(3948, 338, 6, 'ES', 22, '2010-08-18 14:37:53'),
(3949, 338, 26, 'ES', 22, '2010-08-18 14:38:09'),
(3950, 338, 5, 'ES', 22, '2010-08-18 14:38:22'),
(3951, 338, 13, 'ES', 22, '2010-08-18 14:38:37'),
(3952, 338, 20, 'ES', 22, '2010-08-18 14:38:56'),
(3953, 338, 7, 'ES', 22, '2010-08-18 14:39:10'),
(3954, 338, 18, 'ES', 22, '2010-08-18 14:39:25'),
(3955, 338, 22, 'ES', 22, '2010-08-18 14:39:40'),
(3956, 338, 9, 'ES', 22, '2010-08-18 14:39:58'),
(3957, 339, 9, 'CZ', 22, '2010-08-18 14:40:31'),
(3958, 339, 16, 'CZ', 22, '2010-08-18 14:41:20'),
(3959, 339, 21, 'CZ', 22, '2010-08-18 14:41:27'),
(3960, 339, 17, 'CZ', 22, '2010-08-18 14:41:31'),
(3961, 339, 11, 'CZ', 22, '2010-08-18 14:41:40'),
(3962, 339, 25, 'CZ', 22, '2010-08-18 14:41:45'),
(3963, 339, 14, 'CZ', 22, '2010-08-18 14:41:52'),
(3964, 339, 15, 'CZ', 22, '2010-08-18 14:42:00'),
(3965, 339, 6, 'CZ', 22, '2010-08-18 14:42:16'),
(3966, 339, 26, 'CZ', 22, '2010-08-18 14:42:29'),
(3967, 339, 5, 'CZ', 22, '2010-08-18 14:42:46'),
(3968, 339, 13, 'CZ', 22, '2010-08-18 14:43:03'),
(3969, 339, 20, 'CZ', 22, '2010-08-18 14:43:19'),
(3970, 339, 7, 'CZ', 22, '2010-08-18 14:43:37'),
(3971, 339, 18, 'CZ', 22, '2010-08-18 14:43:56'),
(3972, 339, 22, 'CZ', 22, '2010-08-18 14:44:17'),
(3973, 339, 24, 'CZ', 22, '2010-08-18 14:44:35'),
(3974, 340, 24, 'TR', 22, '2010-08-18 14:44:58'),
(3975, 340, 16, 'TR', 22, '2010-08-18 14:45:09'),
(3976, 340, 21, 'TR', 22, '2010-08-18 14:45:15'),
(3977, 340, 17, 'TR', 22, '2010-08-18 14:45:19'),
(3978, 340, 11, 'TR', 22, '2010-08-18 14:45:24'),
(3979, 340, 25, 'TR', 22, '2010-08-18 14:45:29'),
(3980, 340, 14, 'TR', 22, '2010-08-18 14:45:36'),
(3981, 340, 15, 'TR', 22, '2010-08-18 14:45:42'),
(3982, 340, 6, 'TR', 22, '2010-08-18 14:45:57'),
(3983, 340, 26, 'TR', 22, '2010-08-18 14:46:11'),
(3984, 340, 5, 'TR', 22, '2010-08-18 14:46:26'),
(3985, 340, 13, 'TR', 22, '2010-08-18 14:47:49'),
(3986, 340, 20, 'TR', 22, '2010-08-18 14:48:29'),
(3987, 340, 7, 'TR', 22, '2010-08-18 14:48:58'),
(3988, 340, 18, 'TR', 22, '2010-08-18 14:49:12'),
(3989, 340, 22, 'TR', 22, '2010-08-18 14:49:30'),
(3990, 340, 9, 'TR', 22, '2010-08-18 14:50:05'),
(3991, 341, 9, 'UA', 22, '2010-08-18 14:50:28'),
(3992, 341, 16, 'UA', 22, '2010-08-18 14:50:42'),
(3993, 341, 21, 'UA', 22, '2010-08-18 14:50:48'),
(3994, 341, 17, 'UA', 22, '2010-08-18 14:50:53'),
(3995, 341, 11, 'UA', 22, '2010-08-18 14:50:57'),
(3996, 341, 25, 'UA', 22, '2010-08-18 14:51:02'),
(3997, 341, 14, 'UA', 22, '2010-08-18 14:51:11'),
(3998, 341, 15, 'UA', 22, '2010-08-18 14:51:16'),
(3999, 341, 6, 'UA', 22, '2010-08-18 14:51:35'),
(4000, 341, 26, 'UA', 22, '2010-08-18 14:51:52'),
(4001, 341, 5, 'UA', 22, '2010-08-18 14:52:06'),
(4002, 341, 13, 'UA', 22, '2010-08-18 14:52:28'),
(4003, 341, 20, 'UA', 22, '2010-08-18 14:52:44'),
(4004, 341, 7, 'UA', 22, '2010-08-18 14:53:01'),
(4005, 341, 18, 'UA', 22, '2010-08-18 14:53:14'),
(4006, 341, 22, 'UA', 22, '2010-08-18 14:53:30'),
(4007, 341, 24, 'UA', 22, '2010-08-18 14:53:49'),
(4008, 342, 24, 'HU', 22, '2010-08-18 14:54:11'),
(4009, 342, 16, 'HU', 22, '2010-08-18 14:54:24'),
(4010, 342, 21, 'HU', 22, '2010-08-18 14:54:30'),
(4011, 342, 17, 'HU', 22, '2010-08-18 14:54:34'),
(4012, 342, 11, 'HU', 22, '2010-08-18 14:54:39'),
(4013, 342, 25, 'HU', 22, '2010-08-18 14:54:43'),
(4014, 342, 14, 'HU', 22, '2010-08-18 14:54:50'),
(4015, 342, 15, 'HU', 22, '2010-08-18 14:54:58'),
(4016, 342, 6, 'HU', 22, '2010-08-18 14:55:14'),
(4017, 342, 26, 'HU', 22, '2010-08-18 14:55:29'),
(4018, 342, 5, 'HU', 22, '2010-08-18 14:55:44'),
(4019, 342, 13, 'HU', 22, '2010-08-18 14:55:59'),
(4020, 342, 20, 'HU', 22, '2010-08-18 14:56:23'),
(4021, 342, 7, 'HU', 22, '2010-08-18 14:56:46'),
(4022, 342, 18, 'HU', 22, '2010-08-18 14:57:00'),
(4023, 342, 22, 'HU', 22, '2010-08-18 14:57:16'),
(4024, 342, 9, 'HU', 22, '2010-08-18 14:57:31'),
(4025, 343, 9, 'BY', 22, '2010-08-18 14:57:58'),
(4026, 343, 16, 'BY', 22, '2010-08-18 14:58:14'),
(4027, 343, 21, 'BY', 22, '2010-08-18 14:58:22'),
(4028, 343, 17, 'BY', 22, '2010-08-18 14:58:26'),
(4029, 343, 11, 'BY', 22, '2010-08-18 14:58:30'),
(4030, 343, 25, 'BY', 22, '2010-08-18 14:58:33'),
(4031, 343, 14, 'BY', 22, '2010-08-18 14:58:40'),
(4032, 343, 15, 'BY', 22, '2010-08-18 14:58:47'),
(4033, 343, 6, 'BY', 22, '2010-08-18 14:59:03'),
(4034, 343, 26, 'BY', 22, '2010-08-18 14:59:20'),
(4035, 343, 5, 'BY', 22, '2010-08-18 14:59:37'),
(4036, 343, 13, 'BY', 22, '2010-08-18 14:59:49'),
(4037, 343, 20, 'BY', 22, '2010-08-18 15:00:11'),
(4038, 343, 7, 'BY', 22, '2010-08-18 15:00:25'),
(4039, 343, 18, 'BY', 22, '2010-08-18 15:00:55'),
(4040, 343, 22, 'BY', 22, '2010-08-18 15:01:16'),
(4041, 343, 24, 'BY', 22, '2010-08-18 15:01:33'),
(4042, 344, 24, 'CY', 22, '2010-08-18 15:02:08'),
(4043, 344, 16, 'CY', 22, '2010-08-18 15:02:25'),
(4044, 344, 21, 'CY', 22, '2010-08-18 15:02:32'),
(4045, 344, 17, 'CY', 22, '2010-08-18 15:02:35'),
(4046, 344, 11, 'CY', 22, '2010-08-18 15:02:39'),
(4047, 344, 25, 'CY', 22, '2010-08-18 15:02:43'),
(4048, 344, 14, 'CY', 22, '2010-08-18 15:03:12'),
(4049, 344, 15, 'CY', 22, '2010-08-18 15:03:19'),
(4050, 344, 6, 'CY', 22, '2010-08-18 15:03:35'),
(4051, 344, 26, 'CY', 22, '2010-08-18 15:06:47'),
(4052, 344, 5, 'CY', 22, '2010-08-18 15:04:27'),
(4053, 344, 13, 'CY', 22, '2010-08-18 15:04:40'),
(4054, 344, 20, 'CY', 22, '2010-08-18 15:05:02'),
(4055, 344, 7, 'CY', 22, '2010-08-18 15:05:20'),
(4056, 344, 18, 'CY', 22, '2010-08-18 15:05:34'),
(4057, 344, 22, 'CY', 22, '2010-08-18 15:05:54'),
(4058, 344, 9, 'CY', 22, '2010-08-18 15:06:11'),
(4063, 464, 16, 'attachment', 22, '2010-08-20 14:53:07'),
(4064, 464, 21, 'attachment', 22, '2010-08-20 14:53:16'),
(4065, 464, 17, 'attachment', 22, '2010-08-20 14:53:20'),
(4066, 464, 11, 'attachment', 22, '2010-08-20 14:53:24'),
(4067, 464, 25, 'attachment', 22, '2010-08-20 14:53:29'),
(4068, 464, 14, 'attachment', 22, '2010-08-20 14:53:36'),
(4069, 449, 16, 'salutation', 22, '2010-08-20 15:02:03'),
(4070, 449, 17, 'salutation', 22, '2010-08-20 15:02:08'),
(4071, 465, 16, 'message', 22, '2010-08-20 15:02:33'),
(4072, 465, 17, 'message', 22, '2010-08-20 15:02:36'),
(4073, 462, 16, 'state', 22, '2010-08-20 15:03:07'),
(4074, 462, 17, 'state', 22, '2010-08-20 15:03:12'),
(4075, 454, 16, 'email', 22, '2010-08-20 15:03:29'),
(4076, 454, 17, 'email', 22, '2010-08-20 15:03:33'),
(4077, 456, 16, 'fax', 22, '2010-08-20 15:03:43'),
(4078, 456, 17, 'fax', 22, '2010-08-20 15:03:48'),
(4079, 453, 16, 'company', 22, '2010-08-20 15:03:58'),
(4080, 453, 17, 'company', 22, '2010-08-20 15:04:04'),
(4081, 457, 16, 'function', 22, '2010-08-20 15:04:14'),
(4082, 457, 17, 'function', 22, '2010-08-20 15:04:18'),
(4083, 463, 16, 'country', 22, '2010-08-20 15:04:27'),
(4084, 463, 17, 'country', 22, '2010-08-20 15:04:31'),
(4085, 452, 16, 'sname', 22, '2010-08-20 15:04:40'),
(4086, 452, 17, 'sname', 22, '2010-08-20 15:04:44'),
(4087, 461, 16, 'city', 22, '2010-08-20 15:04:53'),
(4088, 461, 17, 'city', 22, '2010-08-20 15:04:57'),
(4089, 460, 16, 'zip', 22, '2010-08-20 15:05:07'),
(4090, 460, 17, 'zip', 22, '2010-08-20 15:05:11'),
(4091, 459, 16, 'street', 22, '2010-08-20 15:05:22'),
(4092, 459, 17, 'street', 22, '2010-08-20 15:05:26'),
(4093, 455, 16, 'phone', 22, '2010-08-20 15:05:35'),
(4094, 455, 17, 'phone', 22, '2010-08-20 15:05:38'),
(4095, 450, 16, 'title', 22, '2010-08-20 15:05:48'),
(4096, 450, 17, 'title', 22, '2010-08-20 15:05:52'),
(4097, 458, 16, 'type', 22, '2010-08-20 15:06:02'),
(4098, 458, 17, 'type', 22, '2010-08-20 15:06:06'),
(4099, 451, 16, 'fname', 22, '2010-08-20 15:06:18'),
(4100, 451, 17, 'fname', 22, '2010-08-20 15:07:00'),
(4103, 464, 7, 'attachment', 22, '2010-08-23 13:54:10'),
(4104, 449, 7, 'salutation', 22, '2010-09-23 08:19:01'),
(4105, 465, 7, 'message', 22, '2010-09-23 08:19:13'),
(4106, 462, 7, 'state', 22, '2010-09-23 08:19:33'),
(4107, 454, 7, 'email', 22, '2010-09-23 08:19:44'),
(4108, 456, 7, 'fax', 22, '2010-09-23 08:20:00'),
(4109, 453, 7, 'company', 22, '2010-09-23 08:20:18'),
(4110, 457, 7, 'function', 22, '2010-09-23 08:20:32'),
(4111, 463, 7, 'country', 22, '2010-09-23 08:20:48'),
(4112, 452, 7, 'sname', 22, '2010-09-23 08:21:04'),
(4113, 461, 7, 'city', 22, '2010-09-23 08:21:17'),
(4114, 460, 7, 'zip', 22, '2010-09-23 08:21:29'),
(4115, 459, 7, 'street', 22, '2010-09-23 08:21:39'),
(4116, 455, 7, 'phone', 22, '2010-08-23 14:03:24'),
(4117, 450, 7, 'title', 22, '2010-09-23 08:22:36'),
(4118, 458, 7, 'type', 22, '2010-09-23 08:22:53'),
(4119, 451, 7, 'fname', 22, '2010-09-23 08:23:08'),
(4120, 277, 16, 'europe', 22, '2010-08-23 14:49:23'),
(4121, 272, 16, 'asia', 22, '2010-08-23 14:49:37'),
(4122, 274, 16, 'northamerica', 22, '2010-08-23 14:49:55'),
(4123, 275, 16, 'southamerica', 22, '2010-08-23 14:50:05'),
(4124, 276, 16, 'centralamerica', 22, '2010-08-23 14:50:24'),
(4125, 532, 2, '', 22, '2010-08-23 14:51:26'),
(4126, 533, 2, '', 22, '2010-08-23 14:51:54'),
(4127, 42, 2, 'view_options', 22, '2010-08-23 15:33:21'),
(4128, 448, 2, '', 22, '2010-08-23 15:28:39'),
(4129, 11, 2, '', 22, '2010-08-23 15:30:05'),
(4130, 48, 2, 'STATUS', 22, '2010-08-23 15:31:26'),
(4131, 64, 2, 'SUB_NAV_PAGES', 22, '2010-11-29 14:35:01'),
(4133, 82, 2, 'MEDIA_DISPLAY_OPTIONS', 22, '2010-08-23 15:32:42'),
(4134, 42, 1, 'view_options', 22, '2010-08-23 15:33:15'),
(4135, 268, 16, 'countries', 22, '2010-08-23 15:42:09'),
(4136, 268, 17, 'countries', 22, '2010-08-23 15:41:39'),
(4137, 268, 21, 'countries', 22, '2010-08-23 15:41:35'),
(4138, 268, 25, 'countries', 22, '2010-08-23 15:42:39'),
(4139, 268, 10, 'countries', 22, '2010-08-23 15:42:43'),
(4140, 268, 11, 'countries', 22, '2010-08-23 15:42:35'),
(4141, 272, 21, 'asia', 22, '2010-08-23 15:43:35'),
(4142, 272, 11, 'asia', 22, '2010-08-23 15:43:43'),
(4143, 272, 25, 'asia', 22, '2010-08-23 15:43:49'),
(4144, 277, 21, 'europe', 22, '2010-08-23 15:44:53'),
(4145, 277, 11, 'europe', 22, '2010-08-23 15:45:01'),
(4146, 277, 25, 'europe', 22, '2010-08-23 15:45:08'),
(4147, 274, 21, 'northamerica', 22, '2010-08-23 15:45:27'),
(4148, 274, 11, 'northamerica', 22, '2010-08-23 15:45:33'),
(4149, 274, 25, 'northamerica', 22, '2010-08-23 15:45:37'),
(4150, 275, 21, 'southamerica', 22, '2010-08-23 15:45:58'),
(4151, 275, 11, 'southamerica', 22, '2010-08-23 15:46:03'),
(4152, 275, 25, 'southamerica', 22, '2010-08-23 15:46:07'),
(4153, 276, 21, 'centralamerica', 22, '2010-08-23 15:46:25'),
(4154, 276, 11, 'centralamerica', 22, '2010-08-23 15:46:30'),
(4155, 276, 25, 'centralamerica', 22, '2010-08-23 15:46:38'),
(4207, 449, 18, 'salutation', 22, '2010-08-25 11:06:24'),
(4208, 462, 18, 'state', 22, '2010-08-25 11:07:23'),
(4209, 454, 18, 'email', 22, '2010-08-25 11:07:44'),
(4210, 456, 18, 'fax', 22, '2010-08-25 11:07:58'),
(4211, 453, 18, 'company', 22, '2010-08-25 16:15:01'),
(4212, 457, 18, 'function', 22, '2010-08-25 11:09:06'),
(4213, 463, 18, 'country', 22, '2010-08-25 11:09:26'),
(4214, 452, 18, 'sname', 22, '2010-08-25 11:09:44'),
(4215, 461, 18, 'city', 22, '2010-08-25 11:10:00'),
(4216, 460, 18, 'zip', 22, '2010-08-25 11:10:17'),
(4217, 459, 18, 'street', 22, '2010-08-25 11:10:43'),
(4218, 455, 18, 'phone', 22, '2010-09-23 08:21:57'),
(4219, 450, 18, 'title', 22, '2010-08-25 11:11:24'),
(4220, 458, 18, 'type', 22, '2010-08-25 11:11:47'),
(4221, 451, 18, 'fname', 22, '2010-08-25 11:12:03'),
(4222, 464, 18, 'attachment', 22, '2010-08-25 16:14:10'),
(4223, 465, 18, 'message', 22, '2010-08-25 16:14:26'),
(4224, 453, 11, 'company', 22, '2010-08-27 09:45:08'),
(4225, 449, 11, 'salutation', 22, '2010-08-27 09:45:25'),
(4226, 465, 11, 'message', 22, '2010-08-27 09:45:36'),
(4227, 462, 11, 'state', 22, '2010-08-27 09:45:45'),
(4228, 454, 11, 'email', 22, '2010-08-27 09:45:54'),
(4229, 456, 11, 'fax', 22, '2010-08-27 09:46:03'),
(4230, 457, 11, 'function', 22, '2010-08-27 09:46:20'),
(4231, 463, 11, 'country', 22, '2010-08-27 09:46:33'),
(4232, 452, 11, 'sname', 22, '2010-08-27 09:46:42'),
(4233, 461, 11, 'city', 22, '2010-08-27 09:46:54'),
(4234, 460, 11, 'zip', 22, '2010-08-27 09:47:07'),
(4235, 459, 11, 'street', 22, '2010-08-27 09:47:28'),
(4236, 455, 11, 'phone', 22, '2010-08-27 09:47:45'),
(4237, 450, 11, 'title', 22, '2010-08-27 09:47:57'),
(4238, 458, 11, 'type', 22, '2010-08-27 09:48:11'),
(4239, 451, 11, 'fname', 22, '2010-08-27 09:48:22'),
(4240, 464, 22, 'attachment', 22, '2010-11-09 14:23:52'),
(4241, 449, 22, 'salutation', 22, '2010-11-09 14:24:16'),
(4242, 465, 22, 'message', 22, '2010-11-09 14:24:29'),
(4243, 462, 22, 'state', 22, '2010-11-09 14:24:49'),
(4244, 454, 22, 'email', 22, '2010-11-09 14:25:01'),
(4245, 456, 22, 'fax', 22, '2010-11-09 14:25:12'),
(4246, 453, 22, 'company', 22, '2010-11-09 14:25:26'),
(4247, 457, 22, 'function', 22, '2010-11-09 14:26:02'),
(4248, 463, 22, 'country', 22, '2010-11-09 14:26:17'),
(4249, 452, 22, 'sname', 22, '2010-11-09 14:26:32'),
(4250, 461, 22, 'city', 22, '2010-11-09 14:26:48'),
(4251, 460, 22, 'zip', 22, '2010-11-09 14:27:04'),
(4252, 459, 22, 'street', 22, '2010-11-09 14:27:22'),
(4253, 455, 22, 'phone', 22, '2010-11-09 14:27:34'),
(4254, 450, 22, 'title', 22, '2010-11-09 14:27:45'),
(4255, 458, 22, 'type', 22, '2010-11-09 14:27:55'),
(4256, 451, 22, 'fname', 22, '2010-11-09 14:28:17'),
(4292, 272, 14, 'asia', 22, '2010-09-14 08:32:44'),
(4293, 273, 14, 'australia_oceania', 22, '2010-10-06 16:09:01'),
(4294, 277, 14, 'europe', 22, '2010-09-14 08:33:06'),
(4295, 274, 14, 'northamerica', 22, '2010-09-14 08:33:15'),
(4296, 275, 14, 'southamerica', 22, '2010-09-14 08:33:25'),
(4297, 276, 14, 'centralamerica', 22, '2010-09-14 08:33:35'),
(4298, 448, 6, '', 22, '2010-09-15 11:05:21'),
(4299, 464, 6, 'attachment', 22, '2010-09-15 11:06:30'),
(4300, 449, 6, 'salutation', 22, '2010-09-15 11:06:50'),
(4301, 465, 6, 'message', 22, '2010-09-15 11:07:24'),
(4302, 462, 6, 'state', 22, '2010-09-15 11:09:45'),
(4303, 454, 6, 'email', 22, '2010-09-15 11:10:11'),
(4304, 456, 6, 'fax', 22, '2010-09-15 11:10:32'),
(4305, 453, 6, 'company', 22, '2010-09-15 11:10:50'),
(4306, 457, 6, 'function', 22, '2010-09-15 11:11:08'),
(4307, 463, 6, 'country', 22, '2010-09-15 11:11:25'),
(4308, 452, 6, 'sname', 22, '2010-09-15 11:11:46'),
(4309, 461, 6, 'city', 22, '2010-09-15 11:12:08'),
(4310, 460, 6, 'zip', 22, '2010-09-15 11:12:26'),
(4311, 459, 6, 'street', 22, '2010-09-15 11:12:46'),
(4312, 455, 6, 'phone', 22, '2010-09-15 11:13:02'),
(4313, 450, 6, 'title', 22, '2010-09-15 11:13:18'),
(4314, 458, 6, 'type', 22, '2010-09-15 11:13:37'),
(4315, 451, 6, 'fname', 22, '2010-09-15 11:13:59'),
(4316, 449, 21, 'salutation', 21, '2010-09-20 13:59:59'),
(4317, 465, 21, 'message', 21, '2010-09-20 14:00:11'),
(4318, 462, 21, 'state', 21, '2010-09-20 14:00:19'),
(4319, 454, 21, 'email', 21, '2010-09-20 14:00:30'),
(4320, 456, 21, 'fax', 21, '2010-09-20 14:00:38'),
(4321, 453, 21, 'company', 21, '2010-09-20 14:00:46'),
(4322, 457, 21, 'function', 21, '2010-09-20 14:00:54'),
(4323, 463, 21, 'country', 21, '2010-09-20 14:01:02'),
(4324, 452, 21, 'sname', 21, '2010-09-20 14:01:10'),
(4325, 461, 21, 'city', 21, '2010-09-20 14:01:23'),
(4326, 460, 21, 'zip', 21, '2010-09-20 14:01:34'),
(4327, 459, 21, 'street', 21, '2010-09-20 14:01:44'),
(4328, 455, 21, 'phone', 21, '2010-09-20 14:01:55'),
(4329, 450, 21, 'title', 21, '2010-09-20 14:02:07'),
(4330, 458, 21, 'type', 21, '2010-09-20 14:02:18'),
(4331, 451, 21, 'fname', 21, '2010-09-20 14:02:29'),
(4392, 452, 25, 'sname', 3, '2010-09-22 08:42:40'),
(4393, 457, 25, 'function', 3, '2010-09-22 08:43:08'),
(4394, 449, 25, 'salutation', 3, '2010-09-22 08:43:26'),
(4395, 462, 25, 'state', 3, '2010-09-22 08:43:40'),
(4396, 454, 25, 'email', 3, '2010-09-22 08:43:47'),
(4397, 456, 25, 'fax', 3, '2010-09-22 08:43:56'),
(4398, 453, 25, 'company', 3, '2010-09-22 08:44:03'),
(4399, 463, 25, 'country', 3, '2010-09-22 08:44:16'),
(4400, 461, 25, 'city', 3, '2010-09-22 08:44:31'),
(4401, 460, 25, 'zip', 3, '2010-09-22 08:44:40'),
(4402, 459, 25, 'street', 3, '2010-09-22 08:44:49'),
(4403, 455, 25, 'phone', 3, '2010-09-22 08:44:57'),
(4404, 450, 25, 'title', 3, '2010-09-22 08:45:05'),
(4405, 458, 25, 'type', 3, '2010-09-22 08:45:14'),
(4406, 451, 25, 'fname', 3, '2010-09-22 08:45:36'),
(4407, 464, 9, 'attachment', 22, '2010-09-24 08:13:08'),
(4408, 465, 9, 'message', 22, '2010-09-24 08:13:37'),
(4409, 454, 9, 'email', 22, '2010-09-24 08:14:15'),
(4410, 456, 9, 'fax', 22, '2010-09-24 08:14:33'),
(4411, 453, 9, 'company', 22, '2010-09-24 08:14:54'),
(4412, 457, 9, 'function', 22, '2010-09-24 08:15:12'),
(4413, 463, 9, 'country', 22, '2010-09-24 08:15:31'),
(4414, 452, 9, 'sname', 22, '2010-09-24 08:15:50'),
(4415, 461, 9, 'city', 22, '2010-09-24 08:16:08'),
(4416, 460, 9, 'zip', 22, '2010-09-24 08:16:24'),
(4417, 459, 9, 'street', 22, '2010-09-24 08:16:41'),
(4418, 455, 9, 'phone', 22, '2010-09-24 08:16:59'),
(4419, 450, 9, 'title', 22, '2010-09-24 08:17:19'),
(4420, 458, 9, 'type', 22, '2010-12-03 09:18:50'),
(4421, 451, 9, 'fname', 22, '2010-09-24 08:17:59'),
(4424, 584, 2, 'stuff', 37, '2010-09-24 15:16:28'),
(4444, 595, 1, 'MX', 22, '2010-10-01 13:44:21'),
(4445, 595, 2, 'MX', 22, '2010-10-01 13:44:48'),
(4446, 595, 3, 'MX', 22, '2010-10-01 13:45:26'),
(4447, 595, 19, 'MX', 22, '2010-10-01 13:45:59'),
(4448, 595, 4, 'MX', 22, '2010-10-01 13:46:10'),
(4449, 595, 23, 'MX', 22, '2010-10-01 13:46:31'),
(4450, 595, 16, 'MX', 22, '2010-10-01 13:46:44'),
(4451, 595, 12, 'MX', 22, '2010-10-01 13:46:50'),
(4452, 595, 21, 'MX', 22, '2010-10-01 13:46:57'),
(4453, 595, 17, 'MX', 22, '2010-10-01 13:47:05'),
(4454, 595, 11, 'MX', 22, '2010-10-01 13:47:14'),
(4455, 595, 25, 'MX', 22, '2010-10-01 13:47:21'),
(4456, 595, 10, 'MX', 22, '2010-10-01 13:47:29'),
(4457, 595, 14, 'MX', 22, '2010-10-01 13:47:49'),
(4458, 595, 27, 'MX', 22, '2010-10-01 13:47:55'),
(4459, 595, 15, 'MX', 22, '2010-11-10 07:58:13'),
(4460, 595, 6, 'MX', 22, '2010-10-01 13:48:23'),
(4461, 595, 26, 'MX', 22, '2010-10-01 13:48:41'),
(4462, 595, 5, 'MX', 22, '2010-10-01 13:48:58'),
(4463, 595, 13, 'MX', 22, '2010-10-01 13:49:16'),
(4464, 595, 20, 'MX', 22, '2010-10-01 13:49:34'),
(4465, 595, 7, 'MX', 22, '2010-10-01 13:49:50'),
(4466, 595, 18, 'MX', 22, '2010-10-01 13:50:09'),
(4467, 595, 8, 'MX', 22, '2010-10-01 13:50:29'),
(4468, 595, 22, 'MX', 22, '2010-10-01 13:50:44'),
(4469, 595, 9, 'MX', 22, '2010-10-01 13:51:06'),
(4470, 595, 24, 'MX', 22, '2010-10-01 13:51:21'),
(4472, 1, 2, '', 3, '2010-10-04 10:22:47'),
(4495, 464, 13, 'attachment', 22, '2010-10-06 14:08:27'),
(4496, 449, 13, 'salutation', 22, '2010-10-06 14:08:55'),
(4497, 465, 13, 'message', 22, '2010-10-06 14:09:46'),
(4498, 462, 13, 'state', 22, '2010-10-06 14:10:54'),
(4499, 454, 13, 'email', 22, '2010-10-06 14:11:15'),
(4500, 456, 13, 'fax', 22, '2010-10-06 14:11:29'),
(4501, 453, 13, 'company', 22, '2010-10-06 14:11:49'),
(4502, 457, 13, 'function', 22, '2010-10-06 14:12:06'),
(4503, 463, 13, 'country', 22, '2010-10-06 14:12:29'),
(4504, 452, 13, 'sname', 22, '2010-10-06 14:13:16'),
(4505, 461, 13, 'city', 22, '2010-10-06 14:13:33'),
(4506, 460, 13, 'zip', 22, '2010-10-06 14:13:50'),
(4507, 459, 13, 'street', 22, '2010-10-06 14:14:07'),
(4508, 455, 13, 'phone', 22, '2010-10-06 14:14:27'),
(4509, 450, 13, 'title', 22, '2010-10-06 14:14:47'),
(4510, 458, 13, 'type', 22, '2010-10-06 14:15:08'),
(4511, 451, 13, 'fname', 22, '2010-10-06 14:15:35'),
(4512, 464, 5, 'attachment', 29, '2010-10-11 15:50:18'),
(4513, 449, 5, 'salutation', 29, '2010-10-11 15:42:29'),
(4514, 465, 5, 'message', 22, '2010-10-20 13:18:02'),
(4515, 462, 5, 'state', 29, '2010-10-11 15:43:35'),
(4516, 454, 5, 'email', 22, '2010-10-20 14:52:56'),
(4517, 456, 5, 'fax', 29, '2010-10-11 15:44:06'),
(4518, 453, 5, 'company', 22, '2010-10-20 13:18:54'),
(4519, 457, 5, 'function', 22, '2010-10-20 13:19:45'),
(4520, 463, 5, 'country', 22, '2010-10-20 13:20:01'),
(4521, 452, 5, 'sname', 29, '2010-10-11 15:45:42'),
(4522, 461, 5, 'city', 22, '2010-10-20 13:20:27'),
(4523, 460, 5, 'zip', 29, '2010-10-11 15:46:15'),
(4524, 459, 5, 'street', 22, '2010-10-20 13:20:51'),
(4525, 455, 5, 'phone', 29, '2010-10-11 15:46:49'),
(4526, 450, 5, 'title', 29, '2010-10-11 15:47:07'),
(4527, 458, 5, 'type', 29, '2010-10-11 15:48:59'),
(4528, 451, 5, 'fname', 22, '2010-10-20 13:21:32'),
(4529, 464, 26, 'attachment', 22, '2010-10-20 11:19:15'),
(4530, 449, 26, 'salutation', 22, '2010-10-20 11:19:57'),
(4531, 465, 26, 'message', 22, '2010-10-20 11:20:20'),
(4532, 462, 26, 'state', 22, '2010-10-20 11:20:49'),
(4533, 454, 26, 'email', 22, '2010-10-20 11:21:08'),
(4534, 456, 26, 'fax', 22, '2010-10-20 11:21:26'),
(4535, 453, 26, 'company', 22, '2010-10-20 11:21:43'),
(4536, 457, 26, 'function', 22, '2010-10-20 11:22:01'),
(4537, 463, 26, 'country', 22, '2010-10-20 11:22:18'),
(4538, 452, 26, 'sname', 22, '2010-10-20 11:22:37'),
(4539, 461, 26, 'city', 22, '2010-10-20 11:22:55'),
(4540, 460, 26, 'zip', 22, '2010-10-20 11:23:16'),
(4541, 459, 26, 'street', 22, '2010-10-20 11:23:45'),
(4542, 455, 26, 'phone', 22, '2010-10-20 11:24:02'),
(4543, 450, 26, 'title', 22, '2010-10-20 11:24:25'),
(4544, 458, 26, 'type', 22, '2010-10-20 11:24:49'),
(4545, 451, 26, 'fname', 22, '2010-10-20 11:25:08'),
(4546, 596, 2, 'special_forms', 3, '2010-10-29 11:34:29'),
(4547, 596, 1, 'special_forms', 3, '2010-10-29 11:34:21'),
(4548, 597, 2, 'italy_course_form', 3, '2010-10-29 11:35:54'),
(4549, 597, 1, 'italy_course_form', 3, '2010-10-29 11:35:41'),
(4553, 64, 9, 'SUB_NAV_PAGES', 22, '2010-11-29 14:34:54'),
(4554, 268, 22, 'countries', 22, '2010-11-30 14:21:04'),
(4555, 268, 26, 'countries', 22, '2010-11-30 14:32:21'),
(4559, 603, 1, '', 2, '2011-01-04 17:13:24'),
(4560, 604, 1, '_self', 2, '2011-01-04 17:22:34'),
(4561, 605, 1, '_blank', 2, '2011-01-04 17:23:06'),
(4562, 605, 2, '_blank', 2, '2011-01-04 17:23:23'),
(4563, 604, 2, '_self', 2, '2011-01-04 17:23:41');

-- --------------------------------------------------------

--
-- Tabellenstruktur für Tabelle `categoryTitles`
--

CREATE TABLE IF NOT EXISTS `categoryTitles` (
  `id` bigint(20) unsigned NOT NULL AUTO_INCREMENT,
  `idCategories` bigint(20) unsigned NOT NULL,
  `idLanguages` int(10) unsigned NOT NULL DEFAULT '1',
  `title` varchar(500) DEFAULT NULL,
  `idUsers` bigint(20) unsigned NOT NULL,
  `changed` timestamp NOT NULL DEFAULT CURRENT_TIMESTAMP ON UPDATE CURRENT_TIMESTAMP,
  PRIMARY KEY (`id`),
  KEY `idCategories` (`idCategories`)
) ENGINE=InnoDB  DEFAULT CHARSET=utf8 ROW_FORMAT=COMPACT AUTO_INCREMENT=5105 ;

--
-- Daten für Tabelle `categoryTitles`
--

INSERT INTO `categoryTitles` (`id`, `idCategories`, `idLanguages`, `title`, `idUsers`, `changed`) VALUES
(1, 1, 1, 'Seiten Kategorien', 3, '2010-03-15 18:32:50'),
(11, 11, 1, 'Sortierung', 3, '2010-03-15 18:32:46'),
(12, 12, 1, 'Sortierarten', 0, '0000-00-00 00:00:00'),
(13, 13, 1, 'Reihenfolge', 0, '0000-00-00 00:00:00'),
(14, 14, 1, 'absteigend', 0, '0000-00-00 00:00:00'),
(15, 15, 1, 'aufsteigend', 0, '0000-00-00 00:00:00'),
(16, 16, 1, 'Alphabet', 0, '0000-00-00 00:00:00'),
(17, 17, 1, 'Sortierung', 0, '0000-00-00 00:00:00'),
(18, 18, 1, 'Erstelldatum', 0, '0000-00-00 00:00:00'),
(19, 19, 1, 'Änderungsdatum', 0, '0000-00-00 00:00:00'),
(21, 21, 1, 'Seiten Etiketten', 3, '2010-03-15 18:32:41'),
(27, 27, 1, 'Darstellungsformen', 0, '0000-00-00 00:00:00'),
(28, 28, 1, '1-spaltig ohne Bilder', 0, '0000-00-00 00:00:00'),
(29, 29, 1, '1-spaltig mit Bilder', 0, '0000-00-00 00:00:00'),
(30, 30, 1, '2-spaltig ohne Bilder', 0, '0000-00-00 00:00:00'),
(31, 31, 1, '2-spaltig mit Bilder', 0, '0000-00-00 00:00:00'),
(35, 35, 1, 'Liste ohne Bilder', 0, '0000-00-00 00:00:00'),
(36, 36, 1, 'Liste mit Bilder', 0, '0000-00-00 00:00:00'),
(40, 40, 1, 'Veröffentlichungsdatum', 0, '0000-00-00 00:00:00'),
(42, 42, 1, 'Darstellungsoptionen', 22, '2010-08-23 15:33:15'),
(43, 43, 1, 'Ähnliche Seiten anzeigen', 0, '0000-00-00 00:00:00'),
(48, 48, 1, 'Status', 3, '2010-02-10 17:18:16'),
(49, 49, 1, 'Veranstaltung', 0, '0000-00-00 00:00:00'),
(50, 50, 1, 'Anmeldung offen', 0, '0000-00-00 00:00:00'),
(51, 51, 1, 'Wenige Restplätze', 0, '0000-00-00 00:00:00'),
(52, 52, 1, 'Ausgebucht', 0, '0000-00-00 00:00:00'),
(79, 64, 1, 'Sub-Navigations-Seiten', 3, '2010-02-10 17:18:01'),
(80, 65, 1, 'nicht miteinbeziehen', 3, '2009-06-23 10:28:09'),
(81, 66, 1, 'miteinbeziehen', 3, '2009-06-23 10:28:34'),
(100, 82, 1, 'Medien-Darstellungsformen', 3, '2010-02-10 17:19:03'),
(101, 83, 1, 'linksbündig', 3, '2010-02-10 17:20:34'),
(102, 84, 1, 'rechtsbündig', 3, '2010-02-10 17:20:39'),
(454, 268, 1, 'Länder / Kontinente', 22, '2010-07-29 14:40:37'),
(457, 271, 1, 'Afrika', 22, '2010-03-30 11:15:54'),
(458, 272, 1, 'Asien', 22, '2010-03-30 11:19:43'),
(459, 273, 1, 'Ozeanien', 22, '2010-10-06 16:07:58'),
(460, 274, 1, 'Nordamerika', 22, '2010-03-30 11:23:24'),
(461, 275, 1, 'Südamerika', 22, '2010-03-30 11:24:11'),
(462, 276, 1, 'Zentralamerika', 22, '2010-03-30 11:25:09'),
(463, 277, 1, 'Europa', 22, '2010-03-30 11:22:05'),
(464, 271, 2, 'Africa', 22, '2010-03-30 11:16:28'),
(465, 272, 2, 'Asia', 22, '2010-03-30 11:16:59'),
(466, 273, 2, 'Oceania', 22, '2010-10-06 16:07:51'),
(467, 277, 2, 'Europe', 22, '2010-03-30 11:22:42'),
(468, 274, 2, 'North America', 22, '2010-05-28 11:33:51'),
(469, 275, 2, 'South America', 22, '2010-05-28 11:35:58'),
(470, 276, 2, 'Central America', 22, '2010-03-30 11:25:32'),
(471, 278, 1, 'Costa Rica', 22, '2010-03-30 11:26:19'),
(472, 278, 2, 'Costa Rica', 22, '2010-03-30 11:27:03'),
(473, 279, 1, 'Dominikanische Republik', 22, '2010-03-30 11:27:36'),
(474, 279, 2, 'Dominican Republic', 22, '2010-03-30 11:27:54'),
(475, 280, 1, 'El Salvador', 3, '2010-03-31 11:24:04'),
(476, 280, 2, 'El Salvador', 3, '2010-03-31 11:24:09'),
(477, 281, 1, 'Guatemala', 22, '2010-03-30 11:29:26'),
(478, 281, 2, 'Guatemala', 22, '2010-03-30 11:29:54'),
(479, 282, 1, 'Honduras', 22, '2010-03-30 11:30:15'),
(480, 282, 2, 'Honduras', 22, '2010-03-30 11:30:42'),
(483, 284, 1, 'Panama', 22, '2010-03-30 11:32:17'),
(484, 284, 2, 'Panama', 22, '2010-03-30 11:32:41'),
(485, 285, 1, 'Argentinien', 22, '2010-03-30 11:33:40'),
(486, 285, 2, 'Argentina', 22, '2010-03-30 11:33:58'),
(487, 286, 1, 'Bolivien', 22, '2010-03-30 11:34:44'),
(488, 286, 2, 'Bolivia', 22, '2010-03-30 11:35:06'),
(489, 287, 1, 'Brasilien', 22, '2010-03-30 11:35:33'),
(490, 287, 2, 'Brazil', 22, '2010-03-30 11:35:50'),
(491, 288, 1, 'Chile', 22, '2010-03-30 11:37:04'),
(492, 288, 2, 'Chile', 22, '2010-03-30 11:36:46'),
(493, 289, 1, 'Ecuador', 22, '2010-03-30 11:37:24'),
(494, 289, 2, 'Ecuador', 22, '2010-03-30 11:38:05'),
(495, 290, 1, 'Kolumbien', 22, '2010-03-30 11:38:42'),
(496, 290, 2, 'Colombia', 22, '2010-03-30 11:38:59'),
(497, 291, 1, 'Nicaragua', 22, '2010-03-30 11:39:37'),
(498, 291, 2, 'Nicaragua', 22, '2010-03-30 11:39:50'),
(499, 292, 1, 'Niederländische Antillen', 22, '2010-03-30 11:40:55'),
(500, 292, 2, 'Netherland Antilles', 22, '2010-03-30 11:42:25'),
(501, 293, 1, 'Paraguay', 22, '2010-03-30 11:42:44'),
(502, 293, 2, 'Paraguay', 22, '2010-03-30 11:43:26'),
(503, 294, 1, 'Peru', 22, '2010-03-30 11:43:52'),
(504, 294, 2, 'Peru', 22, '2010-03-30 11:44:11'),
(505, 295, 1, 'Uruguay', 22, '2010-03-30 11:44:27'),
(506, 295, 2, 'Uruguay', 22, '2010-03-30 11:44:55'),
(507, 296, 1, 'Venezuela', 22, '2010-03-30 11:45:31'),
(508, 296, 2, 'Venezuela', 22, '2010-03-30 11:45:58'),
(509, 297, 1, 'Kanada', 22, '2010-03-30 11:46:42'),
(510, 297, 2, 'Canada', 22, '2010-03-30 11:46:59'),
(511, 298, 1, 'USA', 22, '2010-03-30 11:47:19'),
(512, 298, 2, 'USA', 22, '2010-03-30 11:47:30'),
(513, 299, 1, 'Australien', 22, '2010-03-30 11:48:22'),
(514, 299, 2, 'Australia', 22, '2010-03-30 11:48:52'),
(515, 300, 1, 'Neuseeland', 22, '2010-03-30 11:49:09'),
(516, 300, 2, 'New Zealand', 22, '2010-03-30 11:49:22'),
(517, 301, 1, 'Albanien', 22, '2010-03-30 11:52:30'),
(518, 301, 2, 'Albania', 22, '2010-03-30 11:52:52'),
(519, 302, 1, 'Andorra', 22, '2010-03-30 11:53:20'),
(520, 302, 2, 'Andorra', 22, '2010-03-30 11:53:46'),
(521, 303, 1, 'Belgien', 22, '2010-03-30 13:02:55'),
(522, 303, 2, 'Belgium', 22, '2010-03-30 11:54:14'),
(523, 304, 1, 'Bosnien-Herzegowina', 22, '2010-03-30 13:03:17'),
(524, 304, 2, 'Bosnia-Herzegovina', 22, '2010-03-30 13:03:30'),
(525, 305, 1, 'Bulgarien', 22, '2010-03-30 13:03:47'),
(526, 305, 2, 'Bulgaria', 22, '2010-03-30 13:04:04'),
(527, 306, 1, 'Dänemark', 22, '2010-03-30 13:04:19'),
(528, 306, 2, 'Danmark', 22, '2010-03-30 13:04:31'),
(529, 307, 1, 'Deutschland', 22, '2010-03-30 13:04:50'),
(530, 307, 2, 'Germany', 22, '2010-03-30 13:05:04'),
(531, 308, 1, 'Estland', 22, '2010-03-30 13:05:19'),
(532, 308, 2, 'Estonia', 22, '2010-03-30 13:05:36'),
(533, 309, 1, 'Finnland', 22, '2010-03-30 13:05:58'),
(534, 309, 2, 'Finland', 22, '2010-03-30 13:06:15'),
(535, 310, 1, 'Frankreich', 22, '2010-03-30 13:06:29'),
(536, 310, 2, 'France', 22, '2010-03-30 13:06:42'),
(537, 311, 1, 'Griechenland', 22, '2010-03-30 13:06:59'),
(538, 311, 2, 'Greece', 22, '2010-08-18 12:01:27'),
(539, 312, 1, 'Grossbritannien', 22, '2010-03-30 13:07:27'),
(540, 312, 2, 'United Kingdom', 22, '2010-03-30 13:07:38'),
(541, 313, 1, 'Irland', 22, '2010-03-30 13:08:18'),
(542, 313, 2, 'Ireland', 22, '2010-03-30 13:08:28'),
(543, 314, 1, 'Island', 22, '2010-03-30 13:08:56'),
(544, 314, 2, 'Iceland', 22, '2010-03-30 13:09:09'),
(545, 315, 1, 'Italien', 22, '2010-03-30 13:09:25'),
(546, 315, 2, 'Italy', 22, '2010-03-30 13:09:39'),
(547, 316, 1, 'Kosovo', 22, '2010-03-30 13:09:59'),
(548, 316, 2, 'Kosovo', 22, '2010-03-30 13:10:14'),
(549, 317, 1, 'Kroatien', 22, '2010-03-30 13:10:26'),
(550, 317, 2, 'Croatia', 22, '2010-03-30 13:10:37'),
(551, 318, 1, 'Lettland', 22, '2010-03-30 13:10:53'),
(552, 318, 2, 'Latvia', 22, '2010-03-30 13:11:06'),
(553, 319, 1, 'Liechtenstein', 22, '2010-03-30 13:11:24'),
(554, 319, 2, 'Liechtenstein', 22, '2010-03-30 13:11:37'),
(555, 320, 1, 'Litauen', 22, '2010-03-30 13:11:51'),
(556, 320, 2, 'Lithuania', 22, '2010-03-30 13:12:05'),
(557, 321, 1, 'Luxemburg', 22, '2010-03-30 13:12:24'),
(558, 321, 2, 'Luxembourg', 22, '2010-03-30 13:12:43'),
(559, 322, 1, 'Malta', 22, '2010-03-30 13:12:57'),
(560, 322, 2, 'Malta', 22, '2010-03-30 13:13:15'),
(561, 323, 1, 'Mazedonien', 22, '2010-03-30 13:13:30'),
(562, 323, 2, 'Macedonia', 22, '2010-03-30 13:13:41'),
(563, 324, 1, 'Moldawien', 22, '2010-03-30 13:14:05'),
(564, 324, 2, 'Moldavia', 22, '2010-03-30 13:14:29'),
(565, 325, 1, 'Montenegro', 22, '2010-03-30 13:14:40'),
(566, 325, 2, 'Montenegro', 22, '2010-03-30 13:14:54'),
(567, 326, 1, 'Niederlande', 22, '2010-03-30 13:15:12'),
(568, 326, 2, 'Netherlands', 22, '2010-03-30 13:15:23'),
(569, 327, 1, 'Norwegen', 22, '2010-04-19 10:51:12'),
(570, 327, 2, 'Norway', 22, '2010-03-30 13:15:51'),
(571, 328, 1, 'Österreich', 22, '2010-03-30 13:16:22'),
(572, 328, 2, 'Austria', 22, '2010-03-30 13:16:37'),
(573, 329, 1, 'Polen', 22, '2010-03-30 13:16:54'),
(574, 329, 2, 'Poland', 22, '2010-03-30 13:17:06'),
(575, 330, 1, 'Portugal', 22, '2010-03-30 13:17:20'),
(576, 330, 2, 'Portugal', 22, '2010-03-30 13:17:36'),
(577, 331, 1, 'Rumänien', 22, '2010-03-30 13:17:49'),
(578, 331, 2, 'Romania', 22, '2010-03-30 13:18:03'),
(579, 332, 1, 'Russland', 38, '2010-07-13 09:02:47'),
(580, 332, 2, 'Russia', 38, '2010-07-13 09:02:41'),
(581, 333, 1, 'Schweden', 22, '2010-03-30 13:19:14'),
(582, 333, 2, 'Sweden', 22, '2010-03-30 13:19:28'),
(583, 334, 1, 'Schweiz', 22, '2010-03-30 13:19:43'),
(584, 334, 2, 'Switzerland', 22, '2010-03-30 13:19:58'),
(585, 335, 1, 'Serbien', 22, '2010-03-30 13:20:13'),
(586, 335, 2, 'Serbia', 22, '2010-03-30 13:20:25'),
(587, 336, 1, 'Slowakei', 22, '2010-03-30 13:20:43'),
(588, 336, 2, 'Slovakia', 22, '2010-03-30 13:20:59'),
(589, 337, 1, 'Slowenien', 22, '2010-03-30 13:21:16'),
(590, 337, 2, 'Slovenia', 22, '2010-03-30 13:21:47'),
(591, 338, 1, 'Spanien', 22, '2010-03-30 13:22:06'),
(592, 338, 2, 'Spain', 22, '2010-03-30 13:22:35'),
(593, 339, 1, 'Tschechische Republik', 22, '2010-08-18 14:40:56'),
(594, 339, 2, 'Czech Republic', 22, '2010-03-30 13:23:13'),
(595, 340, 1, 'Türkei', 22, '2010-03-30 13:23:32'),
(596, 340, 2, 'Turkey', 22, '2010-03-30 13:23:47'),
(597, 341, 1, 'Ukraine', 38, '2010-07-13 08:59:56'),
(598, 341, 2, 'Ukraine', 38, '2010-07-13 08:59:47'),
(599, 342, 1, 'Ungarn', 22, '2010-03-30 13:24:53'),
(600, 342, 2, 'Hungary', 22, '2010-03-30 13:25:07'),
(601, 343, 1, 'Weissrussland', 38, '2010-07-13 08:57:02'),
(602, 343, 2, 'Belarus', 38, '2010-07-13 08:57:10'),
(603, 344, 1, 'Zypern', 22, '2010-03-30 13:25:58'),
(604, 344, 2, 'Cyprus', 22, '2010-03-30 13:26:14'),
(605, 345, 1, 'Afghanistan', 22, '2010-08-05 14:22:17'),
(606, 345, 2, 'Afghanistan', 22, '2010-08-05 14:21:39'),
(607, 346, 1, 'Armenien', 22, '2010-03-30 13:27:16'),
(608, 346, 2, 'Armenia', 22, '2010-03-30 13:27:35'),
(609, 347, 1, 'Aserbaidschan', 22, '2010-03-30 13:28:00'),
(610, 347, 2, 'Azerbaidijan', 22, '2010-03-30 13:28:10'),
(611, 348, 1, 'Bahrain', 22, '2010-03-30 13:28:34'),
(612, 348, 2, 'Bahrain', 22, '2010-03-30 13:28:40'),
(613, 349, 1, 'Bangladesch', 22, '2010-03-30 13:29:02'),
(614, 349, 2, 'Bangladesh', 22, '2010-03-30 13:29:14'),
(615, 350, 1, 'China', 22, '2010-03-30 13:29:26'),
(616, 350, 2, 'China', 22, '2010-03-30 13:29:44'),
(617, 351, 1, 'Georgien', 22, '2010-03-30 13:30:05'),
(618, 351, 2, 'Georgia', 22, '2010-03-30 13:30:17'),
(619, 352, 1, 'Hongkong', 22, '2010-08-05 16:46:31'),
(620, 352, 2, 'Hong Kong', 22, '2010-03-30 13:30:47'),
(621, 353, 1, 'Indien', 22, '2010-03-30 13:31:07'),
(622, 353, 2, 'India', 22, '2010-03-30 13:31:21'),
(623, 354, 1, 'Indonesien', 22, '2010-03-30 13:31:34'),
(624, 354, 2, 'Indonesia', 22, '2010-03-30 13:31:45'),
(625, 355, 1, 'Irak', 22, '2010-03-30 13:32:04'),
(626, 355, 2, 'Iraq', 22, '2010-03-30 13:32:16'),
(627, 356, 1, 'Iran', 22, '2010-03-30 13:32:30'),
(628, 356, 2, 'Iran', 22, '2010-03-30 13:32:44'),
(629, 357, 1, 'Israel', 22, '2010-03-30 13:33:05'),
(630, 357, 2, 'Israel', 22, '2010-03-30 13:33:17'),
(631, 358, 1, 'Japan', 22, '2010-03-30 13:33:31'),
(632, 358, 2, 'Japan', 22, '2010-03-30 13:33:42'),
(633, 359, 1, 'Jemen', 22, '2010-03-30 13:33:58'),
(634, 359, 2, 'Yemen', 21, '2010-07-08 13:46:39'),
(635, 360, 1, 'Jordanien', 22, '2010-03-30 13:34:33'),
(636, 360, 2, 'Jordan', 22, '2010-03-30 13:34:46'),
(637, 361, 1, 'Kambodscha', 22, '2010-03-30 13:35:06'),
(638, 361, 2, 'Cambodia', 22, '2010-03-30 13:35:19'),
(639, 362, 1, 'Kasachstan', 22, '2010-03-30 13:35:47'),
(640, 362, 2, 'Kazakhstan', 22, '2010-03-30 13:36:01'),
(641, 363, 1, 'Katar', 22, '2010-03-30 13:36:19'),
(642, 363, 2, 'Qatar', 22, '2010-03-30 13:36:34'),
(643, 364, 1, 'Kuwait', 22, '2010-03-30 13:36:52'),
(644, 364, 2, 'Kuwait', 22, '2010-03-30 13:37:46'),
(645, 365, 1, 'Libanon', 22, '2010-03-30 13:37:58'),
(646, 365, 2, 'Lebanon', 22, '2010-03-30 13:38:22'),
(647, 366, 1, 'Malaysien', 22, '2010-03-30 13:38:36'),
(648, 366, 2, 'Malaysia', 22, '2010-03-30 13:38:52'),
(649, 367, 1, 'Myanmar', 22, '2010-03-30 13:39:07'),
(650, 367, 2, 'Myanmar', 22, '2010-03-30 13:39:30'),
(651, 368, 1, 'Nepal', 22, '2010-04-19 10:47:02'),
(652, 368, 2, 'Nepal', 22, '2010-03-30 13:39:59'),
(653, 369, 1, 'Oman', 22, '2010-03-30 13:40:12'),
(654, 369, 2, 'Oman', 22, '2010-03-30 13:40:27'),
(655, 370, 1, 'Pakistan', 22, '2010-03-30 13:40:46'),
(656, 370, 2, 'Pakistan', 22, '2010-03-30 13:40:58'),
(657, 371, 1, 'Philippinen', 22, '2010-03-30 13:41:13'),
(658, 371, 2, 'Philippines', 22, '2010-03-30 13:41:36'),
(659, 372, 1, 'Saudi Arabien', 22, '2010-03-30 13:41:47'),
(660, 372, 2, 'Saudi Arabia', 22, '2010-03-30 13:42:08'),
(661, 373, 1, 'Singapur', 22, '2010-03-30 13:42:18'),
(662, 373, 2, 'Singapore', 22, '2010-03-30 13:42:32'),
(663, 374, 1, 'Sri Lanka', 22, '2010-03-30 13:42:52'),
(664, 374, 2, 'Sri Lanka', 22, '2010-03-30 13:43:08'),
(665, 375, 1, 'Süd Korea', 22, '2010-03-30 13:43:25'),
(666, 375, 2, 'South Korea', 22, '2010-03-30 13:43:38'),
(667, 376, 1, 'Syrien', 22, '2010-03-30 13:43:55'),
(668, 376, 2, 'Syria', 22, '2010-03-30 13:44:59'),
(669, 377, 1, 'Taiwan', 22, '2010-03-30 13:45:20'),
(670, 377, 2, 'Taiwan', 22, '2010-03-30 13:45:37'),
(671, 378, 1, 'Thailand', 22, '2010-03-30 13:45:58'),
(672, 378, 2, 'Thailand', 22, '2010-03-30 13:46:08'),
(673, 379, 1, 'Usbekistan', 22, '2010-03-30 13:46:27'),
(674, 379, 2, 'Uzbekistan', 22, '2010-03-30 13:46:48'),
(675, 380, 1, 'Vereinigte Arabische Emirate', 22, '2010-03-30 13:47:07'),
(676, 380, 2, 'United Arab Emirates', 22, '2010-03-30 13:47:33'),
(677, 381, 1, 'Vietnam', 22, '2010-03-30 13:47:45'),
(678, 381, 2, 'Vietnam', 22, '2010-03-30 13:48:02'),
(679, 382, 1, 'Ägypten', 22, '2010-03-30 13:48:33'),
(680, 382, 2, 'Egypt', 22, '2010-03-30 13:48:43'),
(681, 383, 1, 'Algerien', 22, '2010-03-30 13:48:58'),
(682, 383, 2, 'Algeria', 22, '2010-03-30 13:49:13'),
(683, 384, 1, 'Demokratische Republik Kongo', 22, '2010-03-30 13:49:25'),
(684, 384, 2, 'Democratic Republic of the Congo', 22, '2010-07-29 15:07:04'),
(685, 385, 1, 'Ghana', 22, '2010-03-30 13:49:51'),
(686, 385, 2, 'Ghana', 22, '2010-03-30 13:50:09'),
(687, 386, 1, 'Kenia', 22, '2010-03-30 13:50:23'),
(688, 386, 2, 'Kenya', 22, '2010-07-22 10:34:19'),
(689, 387, 1, 'Lybien', 22, '2010-03-30 13:50:48'),
(690, 387, 2, 'Libya', 22, '2010-07-26 12:55:43'),
(691, 388, 1, 'Marokko', 22, '2010-03-30 13:51:20'),
(692, 388, 2, 'Marocco', 22, '2010-03-30 13:51:30'),
(693, 389, 1, 'Mauritius', 22, '2010-07-29 15:56:39'),
(694, 389, 2, 'Mauritius', 22, '2010-07-29 15:56:33'),
(695, 390, 1, 'Nigeria', 22, '2010-03-30 13:52:38'),
(696, 390, 2, 'Nigeria', 22, '2010-03-30 13:52:51'),
(697, 391, 1, 'Senegal', 22, '2010-03-30 13:53:15'),
(698, 391, 2, 'Senegal', 22, '2010-03-30 13:53:44'),
(699, 392, 1, 'Südafrika', 22, '2010-03-30 13:53:50'),
(700, 392, 2, 'South Africa', 22, '2010-07-29 16:18:42'),
(701, 393, 1, 'Sudan', 22, '2010-03-30 13:54:22'),
(702, 393, 2, 'Sudan', 22, '2010-03-30 13:54:35'),
(703, 394, 1, 'Tunesien', 22, '2010-03-30 13:54:50'),
(704, 394, 2, 'Tunisia', 22, '2010-03-30 13:55:05'),
(810, 448, 1, 'Formularfelder', 2, '2010-04-02 14:22:17'),
(811, 449, 1, 'Anrede', 2, '2010-04-02 14:22:35'),
(812, 450, 1, 'Titel', 2, '2010-04-02 14:22:44'),
(813, 451, 1, 'Vorname', 2, '2010-04-02 14:22:55'),
(814, 452, 1, 'Nachname', 2, '2010-04-02 14:23:04'),
(815, 453, 1, 'Firma', 2, '2010-04-02 14:23:24'),
(816, 454, 1, 'E-Mail', 2, '2010-04-02 14:23:39'),
(817, 455, 1, 'Telefon', 2, '2010-04-02 14:23:56'),
(818, 456, 1, 'Fax', 2, '2010-04-02 14:24:04'),
(819, 457, 1, 'Funktion', 2, '2010-04-02 14:24:16'),
(820, 458, 1, 'Typ des Unternehmens', 2, '2010-04-02 14:24:44'),
(821, 459, 1, 'Straße', 2, '2010-04-02 14:24:54'),
(822, 460, 1, 'PLZ', 2, '2010-04-02 14:25:05'),
(823, 461, 1, 'Ort', 2, '2010-04-02 14:25:14'),
(824, 462, 1, 'Bundesland', 2, '2010-04-02 14:25:23'),
(825, 463, 1, 'Land', 2, '2010-04-02 14:25:36'),
(826, 465, 1, 'Bemerkungen', 2, '2010-04-06 17:33:57'),
(827, 464, 1, 'Anhang/Beilage', 2, '2010-04-06 17:33:57'),
(828, 464, 2, 'CV/Resume', 2, '2010-04-06 17:33:57'),
(835, 451, 2, 'First name', 3, '2010-04-12 16:35:05'),
(836, 449, 2, 'Salutation', 2, '2010-04-12 16:36:34'),
(837, 465, 2, 'Message', 2, '2010-04-12 16:36:45'),
(838, 462, 2, 'State', 2, '2010-04-12 16:37:04'),
(839, 454, 2, 'E-mail', 2, '2010-04-12 16:37:22'),
(840, 456, 2, 'Fax', 2, '2010-04-12 16:37:38'),
(841, 453, 2, 'Company', 2, '2010-04-12 16:37:49'),
(842, 457, 2, 'Function', 22, '2010-11-09 14:25:51'),
(843, 463, 2, 'Country', 2, '2010-04-12 16:38:12'),
(844, 452, 2, 'Last name', 2, '2010-04-12 16:38:24'),
(845, 461, 2, 'City', 2, '2010-04-12 16:38:36'),
(846, 460, 2, 'ZIP', 2, '2010-04-12 16:38:50'),
(847, 459, 2, 'Street', 2, '2010-04-12 16:39:02'),
(848, 455, 2, 'Phone', 2, '2010-04-12 16:39:13'),
(849, 450, 2, 'Title', 2, '2010-04-12 16:39:23'),
(850, 458, 2, 'Company type', 2, '2010-04-12 16:40:12'),
(857, 275, 3, 'Sudamérica', 3, '2010-04-16 16:21:28'),
(858, 274, 3, 'Norteamérica', 3, '2010-04-16 16:22:26'),
(859, 276, 3, 'América Central', 3, '2010-04-16 16:23:03'),
(860, 277, 3, 'Europa', 3, '2010-04-16 16:23:37'),
(861, 273, 3, 'Oceanía', 22, '2010-10-06 16:08:03'),
(862, 272, 3, 'Asia', 3, '2010-04-16 16:24:24'),
(863, 271, 3, 'África', 3, '2010-04-16 16:24:51'),
(864, 301, 3, 'Albania', 22, '2010-04-19 09:49:31'),
(865, 338, 3, 'España', 22, '2010-04-19 11:05:45'),
(866, 303, 3, 'Bélgica', 22, '2010-04-19 09:57:33'),
(867, 334, 3, 'Suiza', 22, '2010-04-19 11:07:24'),
(868, 302, 3, 'Andorra', 22, '2010-04-19 09:50:34'),
(869, 383, 3, 'Argelia', 22, '2010-04-19 09:48:05'),
(870, 345, 3, 'Afganistán', 22, '2010-08-05 14:22:35'),
(871, 285, 3, 'Argentina', 22, '2010-04-19 10:00:38'),
(872, 346, 3, 'Armenia', 22, '2010-04-19 09:52:45'),
(873, 347, 3, 'Azerbaiyán', 22, '2010-04-19 09:53:38'),
(874, 299, 3, 'Australia', 22, '2010-04-19 09:54:26'),
(875, 328, 3, 'Austria', 22, '2010-04-19 09:55:14'),
(876, 348, 3, 'Bahrein', 22, '2010-04-19 09:56:20'),
(877, 349, 3, 'Bangladesh', 22, '2010-08-05 14:42:17'),
(878, 304, 3, 'Bosnia-Herzegovina', 22, '2010-08-18 11:24:17'),
(879, 287, 3, 'Brasil', 22, '2010-04-19 09:59:30'),
(880, 286, 3, 'Bolivia', 22, '2010-04-19 10:00:14'),
(881, 305, 3, 'Bulgaria', 22, '2010-04-19 10:01:05'),
(882, 297, 3, 'Canadá', 22, '2010-04-19 10:02:08'),
(883, 288, 3, 'Chile', 22, '2010-04-19 10:02:51'),
(884, 350, 3, 'China', 22, '2010-04-19 10:03:50'),
(885, 350, 6, 'Chine', 22, '2010-04-19 10:04:22'),
(886, 278, 3, 'Costa Rica', 22, '2010-04-19 10:06:08'),
(887, 306, 3, 'Dinamarca', 22, '2010-04-19 10:06:54'),
(888, 384, 3, 'República Democrática del Congo', 22, '2010-07-29 15:07:30'),
(889, 384, 6, 'République démocratique du Congo', 22, '2010-07-29 15:09:23'),
(890, 307, 3, 'Alemania', 22, '2010-04-19 10:08:28'),
(891, 279, 3, 'República Dominicana', 22, '2010-04-19 10:09:19'),
(892, 280, 3, 'El Salvador', 22, '2010-04-19 10:10:41'),
(893, 308, 3, 'Estonia', 22, '2010-04-19 10:11:48'),
(894, 309, 3, 'Finlandia', 22, '2010-04-19 10:12:04'),
(895, 310, 3, 'Francia', 22, '2010-04-19 10:12:39'),
(896, 351, 3, 'Georgia', 22, '2010-04-19 10:13:11'),
(897, 311, 3, 'Grecia', 22, '2010-04-19 10:13:53'),
(898, 281, 3, 'Guatemala', 22, '2010-04-19 10:14:35'),
(899, 282, 3, 'Honduras', 22, '2010-04-19 10:15:12'),
(900, 352, 3, 'Hong Kong', 22, '2010-04-19 11:22:44'),
(901, 353, 3, 'India', 22, '2010-04-19 10:16:52'),
(902, 354, 3, 'Indonesia', 22, '2010-04-19 10:17:12'),
(903, 355, 3, 'Irak', 22, '2010-08-06 14:56:45'),
(904, 356, 3, 'Irán', 22, '2010-04-19 10:18:29'),
(905, 357, 3, 'Israel', 22, '2010-04-19 10:19:09'),
(906, 313, 3, 'Irlanda', 22, '2010-04-19 10:19:57'),
(907, 314, 3, 'Islandia', 22, '2010-08-18 12:53:43'),
(908, 315, 3, 'Italia', 22, '2010-04-19 10:22:12'),
(909, 358, 3, 'Japón', 22, '2010-04-19 10:22:58'),
(910, 359, 3, 'Yemen', 22, '2010-04-19 10:23:33'),
(911, 360, 3, 'Jordania', 22, '2010-04-19 10:24:16'),
(912, 361, 3, 'Camboya', 22, '2010-04-19 10:25:04'),
(913, 362, 3, 'Kazajistán', 22, '2010-04-19 10:25:20'),
(914, 363, 3, 'Qatar', 22, '2010-04-19 10:26:06'),
(915, 386, 3, 'Kenia', 22, '2010-04-19 11:24:40'),
(916, 290, 3, 'Colombia', 22, '2010-04-19 10:28:19'),
(917, 316, 3, 'Kosovo', 22, '2010-04-19 10:28:58'),
(918, 317, 3, 'Croacia', 22, '2010-04-19 10:29:30'),
(919, 364, 3, 'Kuwait', 22, '2010-04-19 10:30:39'),
(920, 318, 3, 'Letonia', 22, '2010-04-19 10:31:15'),
(921, 319, 3, 'Liechtenstein', 22, '2010-04-19 10:31:34'),
(922, 320, 3, 'Lituania', 22, '2010-04-19 10:32:08'),
(923, 365, 3, 'Líbano', 22, '2010-04-19 10:33:16'),
(924, 290, 6, 'Colombia', 22, '2010-04-19 10:33:30'),
(925, 321, 3, 'Luxemburgo', 22, '2010-04-19 10:37:35'),
(926, 387, 3, 'Libia', 22, '2010-04-19 10:38:16'),
(927, 366, 3, 'Malasia', 22, '2010-04-19 10:39:09'),
(928, 322, 3, 'Malta', 22, '2010-04-19 10:39:50'),
(929, 388, 3, 'Marruecos', 22, '2010-04-19 10:40:22'),
(930, 389, 3, 'Mauricio', 22, '2010-07-29 15:58:26'),
(932, 323, 3, 'Macedonia', 22, '2010-04-19 10:43:30'),
(933, 323, 6, 'Macedonia', 22, '2010-04-19 10:43:07'),
(934, 324, 3, 'Moldavia', 22, '2010-04-19 10:44:51'),
(935, 325, 3, 'Montenegro', 22, '2010-04-19 10:45:34'),
(936, 367, 3, 'Myanmar', 22, '2010-04-19 10:46:33'),
(937, 368, 3, 'Nepal', 22, '2010-04-19 10:46:55'),
(938, 326, 3, 'Países Bajos (Holanda)', 22, '2010-04-19 10:47:59'),
(939, 300, 3, 'Nueva Zelanda', 22, '2010-04-19 10:48:23'),
(940, 292, 3, 'Antillas Holandesas', 22, '2010-04-19 10:49:49'),
(941, 292, 6, 'Antilles néerlandaises', 22, '2010-08-18 10:22:51'),
(942, 327, 3, 'Noruega', 22, '2010-04-19 10:50:56'),
(943, 369, 3, 'Omán', 22, '2010-04-19 10:51:59'),
(944, 370, 3, 'Pakistán', 22, '2010-04-19 10:52:23'),
(945, 284, 3, 'Panamá', 22, '2010-04-19 10:53:33'),
(946, 293, 3, 'Paraguay', 22, '2010-04-19 10:54:15'),
(947, 294, 3, 'Perú', 22, '2010-04-19 10:54:45'),
(948, 371, 3, 'Filipinas', 22, '2010-04-19 10:56:37'),
(949, 329, 3, 'Polonia', 22, '2010-04-19 10:57:19'),
(950, 330, 3, 'Portugal', 22, '2010-04-19 10:57:37'),
(951, 331, 3, 'Rumania', 22, '2010-04-19 10:58:08'),
(952, 392, 3, 'Sudáfrica', 22, '2010-07-29 16:18:19'),
(953, 391, 3, 'Senegal', 22, '2010-07-29 16:07:52'),
(954, 372, 3, 'Arabia Saudita', 22, '2010-04-19 11:01:14'),
(955, 335, 3, 'Serbia', 22, '2010-04-19 11:12:36'),
(956, 373, 3, 'Singapur', 22, '2010-04-19 11:02:38'),
(957, 374, 3, 'Sri Lanka', 22, '2010-04-19 11:08:43'),
(958, 337, 3, 'Eslovenia', 22, '2010-04-19 11:03:50'),
(959, 336, 3, 'Eslovaquia', 22, '2010-04-19 11:04:56'),
(960, 333, 3, 'Suecia', 22, '2010-04-19 11:06:46'),
(961, 376, 3, 'Siria', 22, '2010-04-19 11:08:02'),
(962, 375, 3, 'Corea del Sur', 22, '2010-04-19 11:08:13'),
(963, 377, 3, 'Taiwán', 22, '2010-04-19 11:09:14'),
(964, 378, 3, 'Tailandia', 22, '2010-04-19 11:09:55'),
(965, 394, 3, 'Túnez', 22, '2010-04-19 11:10:35'),
(966, 339, 3, 'República Checa', 22, '2010-04-19 11:11:11'),
(967, 340, 3, 'Turquía', 22, '2010-04-19 11:11:50'),
(968, 341, 3, 'Ucrania', 38, '2010-07-13 09:00:04'),
(969, 342, 3, 'Hungría', 22, '2010-04-19 11:13:37'),
(970, 312, 3, 'Reino Unido', 22, '2010-04-19 11:14:04'),
(971, 295, 3, 'Uruguay', 22, '2010-04-19 11:14:39'),
(972, 298, 3, 'Estados Unidos', 22, '2010-04-19 11:15:14'),
(973, 379, 3, 'Uzbekistán', 22, '2010-04-19 11:16:02'),
(974, 296, 3, 'Venezuela', 22, '2010-04-19 11:16:40'),
(975, 380, 3, 'Emiratos Árabes Unidos', 22, '2010-04-19 11:17:10'),
(976, 381, 3, 'Vietnam', 22, '2010-04-19 11:18:00'),
(977, 343, 3, 'Bielorrousia', 38, '2010-07-13 08:57:19'),
(978, 344, 3, 'Chipre', 22, '2010-04-19 11:19:22'),
(979, 312, 6, 'Grande Bretagne', 22, '2010-04-19 11:20:24'),
(980, 382, 3, 'Egipto', 22, '2010-04-19 11:21:58'),
(981, 464, 3, 'CV/Resume', 2, '2010-04-19 16:27:16'),
(982, 449, 3, 'Salutation', 2, '2010-04-19 16:27:32'),
(983, 465, 3, 'Message', 2, '2010-04-19 16:27:45'),
(984, 462, 3, 'State', 2, '2010-04-19 16:27:59'),
(985, 454, 3, 'E-mail', 2, '2010-04-19 16:28:19'),
(986, 456, 3, 'Fax', 2, '2010-04-19 16:28:26'),
(987, 453, 3, 'Company', 2, '2010-04-19 16:28:39'),
(988, 457, 3, 'Function', 2, '2010-04-19 16:28:53'),
(989, 463, 3, 'Country', 2, '2010-04-19 16:29:06'),
(990, 452, 3, 'Last name', 2, '2010-04-19 16:29:20'),
(991, 461, 3, 'City', 2, '2010-04-19 16:29:33'),
(992, 460, 3, 'ZIP', 2, '2010-04-19 16:29:49'),
(993, 459, 3, 'Street', 2, '2010-04-19 16:30:01'),
(994, 455, 3, 'Phone', 2, '2010-04-19 16:30:12'),
(995, 450, 3, 'Title', 2, '2010-04-19 16:30:24'),
(996, 458, 3, 'Company type', 2, '2010-04-19 16:30:40'),
(997, 451, 3, 'First name', 2, '2010-04-19 16:30:54'),
(1056, 271, 10, 'Africa', 22, '2010-07-22 10:41:37'),
(1057, 272, 10, 'Asia', 22, '2010-03-30 11:16:59'),
(1058, 273, 10, 'Oceania', 22, '2010-10-06 16:08:54'),
(1059, 277, 10, 'Europe', 22, '2010-03-30 11:22:42'),
(1060, 274, 10, 'North America', 22, '2010-05-28 11:33:51'),
(1061, 275, 10, 'South America', 22, '2010-05-28 11:35:58'),
(1062, 276, 10, 'Central America', 22, '2010-03-30 11:25:32'),
(1063, 278, 10, 'Costa Rica', 22, '2010-03-30 11:27:03'),
(1064, 279, 10, 'Dominican Republic', 22, '2010-03-30 11:27:54'),
(1065, 280, 10, 'El Salvador', 3, '2010-03-31 11:24:09'),
(1066, 281, 10, 'Guatemala', 22, '2010-03-30 11:29:54'),
(1067, 282, 10, 'Honduras', 22, '2010-03-30 11:30:42'),
(1069, 284, 10, 'Panama', 22, '2010-03-30 11:32:41'),
(1070, 285, 10, 'Argentina', 22, '2010-03-30 11:33:58'),
(1071, 286, 10, 'Bolivia', 22, '2010-03-30 11:35:06'),
(1072, 287, 10, 'Brazil', 22, '2010-03-30 11:35:50'),
(1073, 288, 10, 'Chile', 22, '2010-03-30 11:36:46'),
(1074, 289, 10, 'Ecuador', 22, '2010-03-30 11:38:05'),
(1075, 290, 10, 'Colombia', 22, '2010-03-30 11:38:59'),
(1076, 291, 10, 'Nicaragua', 22, '2010-03-30 11:39:50'),
(1077, 292, 10, 'Netherland Antilles', 22, '2010-03-30 11:42:25'),
(1078, 293, 10, 'Paraguay', 22, '2010-03-30 11:43:26'),
(1079, 294, 10, 'Peru', 22, '2010-03-30 11:44:11'),
(1080, 295, 10, 'Uruguay', 22, '2010-03-30 11:44:55'),
(1081, 296, 10, 'Venezuela', 22, '2010-03-30 11:45:58'),
(1082, 297, 10, 'Canada', 22, '2010-03-30 11:46:59'),
(1083, 298, 10, 'USA', 22, '2010-03-30 11:47:30'),
(1084, 299, 10, 'Australia', 22, '2010-03-30 11:48:52'),
(1085, 300, 10, 'New Zealand', 22, '2010-03-30 11:49:22'),
(1086, 301, 10, 'Albania', 22, '2010-03-30 11:52:52'),
(1087, 302, 10, 'Andorra', 22, '2010-03-30 11:53:46'),
(1088, 303, 10, 'Belgium', 22, '2010-03-30 11:54:14'),
(1089, 304, 10, 'Bosnia-Herzegovina', 22, '2010-03-30 13:03:30'),
(1090, 305, 10, 'Bulgaria', 22, '2010-03-30 13:04:04'),
(1091, 306, 10, 'Denmark', 22, '2010-08-18 11:33:35'),
(1092, 307, 10, 'Germany', 22, '2010-03-30 13:05:04'),
(1093, 308, 10, 'Estonia', 22, '2010-03-30 13:05:36'),
(1094, 309, 10, 'Finland', 22, '2010-03-30 13:06:15'),
(1095, 310, 10, 'France', 22, '2010-03-30 13:06:42'),
(1096, 311, 10, 'Greece', 22, '2010-03-30 13:07:13'),
(1097, 312, 10, 'United Kingdom', 22, '2010-03-30 13:07:38'),
(1098, 313, 10, 'Ireland', 22, '2010-03-30 13:08:28'),
(1099, 314, 10, 'Iceland', 22, '2010-03-30 13:09:09'),
(1100, 315, 10, 'Italy', 22, '2010-03-30 13:09:39'),
(1101, 316, 10, 'Kosovo', 22, '2010-03-30 13:10:14'),
(1102, 317, 10, 'Croatia', 22, '2010-03-30 13:10:37'),
(1103, 318, 10, 'Latvia', 22, '2010-03-30 13:11:06'),
(1104, 319, 10, 'Liechtenstein', 22, '2010-03-30 13:11:37'),
(1105, 320, 10, 'Lithuania', 22, '2010-03-30 13:12:05'),
(1106, 321, 10, 'Luxembourg', 22, '2010-03-30 13:12:43'),
(1107, 322, 10, 'Malta', 22, '2010-03-30 13:13:15'),
(1108, 323, 10, 'Macedonia', 22, '2010-03-30 13:13:41'),
(1109, 324, 10, 'Moldavia', 22, '2010-03-30 13:14:29'),
(1110, 325, 10, 'Montenegro', 22, '2010-03-30 13:14:54'),
(1111, 326, 10, 'Netherlands', 22, '2010-03-30 13:15:23'),
(1112, 327, 10, 'Norway', 22, '2010-03-30 13:15:51'),
(1113, 328, 10, 'Austria', 22, '2010-03-30 13:16:37'),
(1114, 329, 10, 'Poland', 22, '2010-03-30 13:17:06'),
(1115, 330, 10, 'Portugal', 22, '2010-03-30 13:17:36'),
(1116, 331, 10, 'Romania', 22, '2010-03-30 13:18:03'),
(1117, 332, 10, 'Russia', 22, '2010-03-30 13:18:51'),
(1118, 333, 10, 'Sweden', 22, '2010-03-30 13:19:28'),
(1119, 334, 10, 'Switzerland', 22, '2010-03-30 13:19:58'),
(1120, 335, 10, 'Serbia', 22, '2010-03-30 13:20:25'),
(1121, 336, 10, 'Slovakia', 22, '2010-03-30 13:20:59'),
(1122, 337, 10, 'Slovenia', 22, '2010-03-30 13:21:47'),
(1123, 338, 10, 'Spain', 22, '2010-03-30 13:22:35'),
(1124, 339, 10, 'Czech Republic', 22, '2010-03-30 13:23:13'),
(1125, 340, 10, 'Turkey', 22, '2010-03-30 13:23:47'),
(1126, 341, 10, 'Ukraine', 22, '2010-03-30 13:24:34'),
(1127, 342, 10, 'Hungary', 22, '2010-03-30 13:25:07'),
(1128, 343, 10, 'Belarus', 22, '2010-03-30 13:25:38'),
(1129, 344, 10, 'Cyprus', 22, '2010-08-18 15:03:06'),
(1130, 345, 10, 'Afghanistan', 22, '2010-07-22 10:36:28'),
(1131, 346, 10, 'Armenia', 22, '2010-03-30 13:27:35'),
(1132, 347, 10, 'Azerbaidijan', 22, '2010-03-30 13:28:10'),
(1133, 348, 10, 'Bahrain', 22, '2010-03-30 13:28:40'),
(1134, 349, 10, 'Bangladesh', 22, '2010-03-30 13:29:14'),
(1135, 350, 10, 'China', 22, '2010-03-30 13:29:44'),
(1136, 351, 10, 'Georgia', 22, '2010-03-30 13:30:17'),
(1137, 352, 10, 'Hong Kong', 22, '2010-03-30 13:30:47'),
(1138, 353, 10, 'India', 22, '2010-03-30 13:31:21'),
(1139, 354, 10, 'Indonesia', 22, '2010-03-30 13:31:45'),
(1140, 355, 10, 'Iraq', 22, '2010-03-30 13:32:16'),
(1141, 356, 10, 'Iran', 22, '2010-03-30 13:32:44'),
(1142, 357, 10, 'Israel', 22, '2010-03-30 13:33:17'),
(1143, 358, 10, 'Japan', 22, '2010-03-30 13:33:42'),
(1144, 359, 10, 'Yemen', 22, '2010-08-06 15:19:05'),
(1145, 360, 10, 'Jordan', 22, '2010-03-30 13:34:46'),
(1146, 361, 10, 'Cambodia', 22, '2010-03-30 13:35:19'),
(1147, 362, 10, 'Kazakhstan', 22, '2010-03-30 13:36:01'),
(1148, 363, 10, 'Qatar', 22, '2010-03-30 13:36:34'),
(1149, 364, 10, 'Kuwait', 22, '2010-03-30 13:37:46'),
(1150, 365, 10, 'Lebanon', 22, '2010-03-30 13:38:22'),
(1151, 366, 10, 'Malaysia', 22, '2010-03-30 13:38:52'),
(1152, 367, 10, 'Myanmar', 22, '2010-03-30 13:39:30'),
(1153, 368, 10, 'Nepal', 22, '2010-03-30 13:39:59'),
(1154, 369, 10, 'Oman', 22, '2010-03-30 13:40:27'),
(1155, 370, 10, 'Pakistan', 22, '2010-03-30 13:40:58'),
(1156, 371, 10, 'Philippines', 22, '2010-03-30 13:41:36'),
(1157, 372, 10, 'Saudi Arabia', 22, '2010-03-30 13:42:08'),
(1158, 373, 10, 'Singapore', 22, '2010-03-30 13:42:32'),
(1159, 374, 10, 'Sri Lanka', 22, '2010-03-30 13:43:08'),
(1160, 375, 10, 'South Korea', 22, '2010-03-30 13:43:38'),
(1161, 376, 10, 'Syria', 22, '2010-03-30 13:44:59'),
(1162, 377, 10, 'Taiwan', 22, '2010-03-30 13:45:37'),
(1163, 378, 10, 'Thailand', 22, '2010-03-30 13:46:08'),
(1164, 379, 10, 'Uzbekistan', 22, '2010-03-30 13:46:48'),
(1165, 380, 10, 'United Arab Emirates', 22, '2010-03-30 13:47:33'),
(1166, 381, 10, 'Vietnam', 22, '2010-03-30 13:48:02'),
(1167, 382, 10, 'Egypt', 22, '2010-07-22 11:08:24'),
(1168, 383, 10, 'Algeria', 22, '2010-03-30 13:49:13'),
(1169, 384, 10, 'Democratic Republic of the Congo', 22, '2010-07-29 15:06:29'),
(1170, 385, 10, 'Ghana', 22, '2010-03-30 13:50:09'),
(1171, 386, 10, 'Kenya', 22, '2010-07-29 15:40:21'),
(1172, 387, 10, 'Libya', 22, '2010-07-26 12:56:21'),
(1173, 388, 10, 'Marocco', 22, '2010-03-30 13:51:30'),
(1174, 389, 10, 'Mauritius', 22, '2010-07-29 15:57:22'),
(1175, 390, 10, 'Nigeria', 22, '2010-03-30 13:52:51'),
(1176, 391, 10, 'Senegal', 22, '2010-03-30 13:53:44'),
(1177, 392, 10, 'South Africa', 22, '2010-07-29 16:16:43'),
(1178, 393, 10, 'Sudan', 22, '2010-03-30 13:54:35'),
(1179, 394, 10, 'Tunisia', 22, '2010-03-30 13:55:05'),
(1231, 464, 10, 'CV/Resume', 2, '2010-04-06 17:33:57'),
(1235, 451, 10, 'First name', 3, '2010-04-12 16:35:05'),
(1236, 449, 10, 'Salutation', 3, '2010-07-22 17:03:04'),
(1237, 465, 10, 'Message', 2, '2010-04-12 16:36:45'),
(1238, 462, 10, 'State', 2, '2010-04-12 16:37:04'),
(1239, 454, 10, 'E-mail', 2, '2010-04-12 16:37:22'),
(1240, 456, 10, 'Fax', 2, '2010-04-12 16:37:38'),
(1241, 453, 10, 'Company', 2, '2010-04-12 16:37:49'),
(1242, 457, 10, 'Function', 2, '2010-04-12 16:38:01'),
(1243, 463, 10, 'Country', 2, '2010-04-12 16:38:12'),
(1244, 452, 10, 'Last name', 2, '2010-04-12 16:38:24'),
(1245, 461, 10, 'City', 2, '2010-04-12 16:38:36'),
(1246, 460, 10, 'ZIP', 2, '2010-04-12 16:38:50'),
(1247, 459, 10, 'Street', 2, '2010-04-12 16:39:02'),
(1248, 455, 10, 'Phone', 2, '2010-04-12 16:39:13'),
(1249, 450, 10, 'Title', 2, '2010-04-12 16:39:23'),
(1250, 458, 10, 'Company type', 2, '2010-04-12 16:40:12'),
(1252, 1, 4, 'Seiten Kategorien', 3, '2010-03-15 18:32:50'),
(1253, 11, 4, 'Sortierung', 3, '2010-03-15 18:32:46'),
(1254, 12, 4, 'Sortierarten', 0, '0000-00-00 00:00:00'),
(1255, 13, 4, 'Reihenfolge', 0, '0000-00-00 00:00:00'),
(1256, 14, 4, 'absteigend', 0, '0000-00-00 00:00:00'),
(1257, 15, 4, 'aufsteigend', 0, '0000-00-00 00:00:00'),
(1258, 16, 4, 'Alphabet', 0, '0000-00-00 00:00:00'),
(1259, 17, 4, 'Sortierung', 0, '0000-00-00 00:00:00'),
(1260, 18, 4, 'Erstelldatum', 0, '0000-00-00 00:00:00'),
(1261, 19, 4, 'Änderungsdatum', 0, '0000-00-00 00:00:00'),
(1262, 21, 4, 'Seiten Etiketten', 3, '2010-03-15 18:32:41'),
(1263, 27, 4, 'Darstellungsformen', 0, '0000-00-00 00:00:00'),
(1264, 28, 4, '1-spaltig ohne Bilder', 0, '0000-00-00 00:00:00'),
(1265, 29, 4, '1-spaltig mit Bilder', 0, '0000-00-00 00:00:00'),
(1266, 30, 4, '2-spaltig ohne Bilder', 0, '0000-00-00 00:00:00'),
(1267, 31, 4, '2-spaltig mit Bilder', 0, '0000-00-00 00:00:00'),
(1268, 35, 4, 'Liste ohne Bilder', 0, '0000-00-00 00:00:00'),
(1269, 36, 4, 'Liste mit Bilder', 0, '0000-00-00 00:00:00'),
(1270, 40, 4, 'Veröffentlichungsdatum', 0, '0000-00-00 00:00:00'),
(1271, 42, 4, 'Darstellungsoptionen', 0, '0000-00-00 00:00:00'),
(1272, 43, 4, 'Ähnliche Seiten anzeigen', 0, '0000-00-00 00:00:00'),
(1273, 48, 4, 'Status', 3, '2010-02-10 17:18:16'),
(1274, 49, 4, 'Veranstaltung', 0, '0000-00-00 00:00:00'),
(1275, 50, 4, 'Anmeldung offen', 0, '0000-00-00 00:00:00'),
(1276, 51, 4, 'Wenige Restplätze', 0, '0000-00-00 00:00:00'),
(1277, 52, 4, 'Ausgebucht', 0, '0000-00-00 00:00:00'),
(1280, 64, 4, 'Sub-Navigations-Seiten', 3, '2010-02-10 17:18:01'),
(1281, 65, 4, 'nicht miteinbeziehen', 3, '2009-06-23 10:28:09'),
(1282, 66, 4, 'miteinbeziehen', 3, '2009-06-23 10:28:34'),
(1293, 82, 4, 'Medien-Darstellungsformen', 3, '2010-02-10 17:19:03'),
(1294, 83, 4, 'linksbündig', 3, '2010-02-10 17:20:34'),
(1295, 84, 4, 'rechtsbündig', 3, '2010-02-10 17:20:39'),
(1297, 268, 4, 'Länder / Kontinente', 22, '2010-07-29 14:40:44'),
(1300, 271, 4, 'Afrika', 22, '2010-07-29 14:37:42'),
(1301, 272, 4, 'Asien', 22, '2010-07-29 14:37:55'),
(1302, 273, 4, 'Ozeanien', 22, '2010-10-06 16:08:12'),
(1303, 274, 4, 'Nordamerika', 22, '2010-07-29 14:38:47'),
(1304, 275, 4, 'Südamerika', 22, '2010-07-29 14:39:02'),
(1305, 276, 4, 'Zentralamerika', 22, '2010-07-29 14:39:15'),
(1306, 277, 4, 'Europa', 22, '2010-07-29 14:38:29'),
(1307, 278, 4, 'Costa Rica', 22, '2010-03-30 11:26:19'),
(1308, 279, 4, 'Dominikanische Republik', 22, '2010-03-30 11:27:36'),
(1309, 280, 4, 'El Salvador', 3, '2010-03-31 11:24:04'),
(1310, 281, 4, 'Guatemala', 22, '2010-03-30 11:29:26'),
(1311, 282, 4, 'Honduras', 22, '2010-03-30 11:30:15'),
(1313, 284, 4, 'Panama', 22, '2010-03-30 11:32:17'),
(1314, 285, 4, 'Argentinien', 22, '2010-03-30 11:33:40'),
(1315, 286, 4, 'Bolivien', 22, '2010-03-30 11:34:44'),
(1316, 287, 4, 'Brasilien', 22, '2010-03-30 11:35:33'),
(1317, 288, 4, 'Chile', 22, '2010-03-30 11:37:04'),
(1318, 289, 4, 'Ecuador', 22, '2010-03-30 11:37:24'),
(1319, 290, 4, 'Kolumbien', 22, '2010-03-30 11:38:42'),
(1320, 291, 4, 'Nicaragua', 22, '2010-03-30 11:39:37'),
(1321, 292, 4, 'Niederländische Antillen', 22, '2010-03-30 11:40:55'),
(1322, 293, 4, 'Paraguay', 22, '2010-03-30 11:42:44'),
(1323, 294, 4, 'Peru', 22, '2010-03-30 11:43:52'),
(1324, 295, 4, 'Uruguay', 22, '2010-03-30 11:44:27'),
(1325, 296, 4, 'Venezuela', 22, '2010-03-30 11:45:31'),
(1326, 297, 4, 'Kanada', 22, '2010-03-30 11:46:42'),
(1327, 298, 4, 'USA', 22, '2010-03-30 11:47:19'),
(1328, 299, 4, 'Australien', 22, '2010-07-29 16:32:27'),
(1329, 300, 4, 'Neuseeland', 22, '2010-07-29 16:37:07'),
(1330, 301, 4, 'Albanien', 22, '2010-03-30 11:52:30'),
(1331, 302, 4, 'Andorra', 22, '2010-03-30 11:53:20'),
(1332, 303, 4, 'Belgien', 22, '2010-03-30 13:02:55'),
(1333, 304, 4, 'Bosnien-Herzegowina', 22, '2010-03-30 13:03:17'),
(1334, 305, 4, 'Bulgarien', 22, '2010-03-30 13:03:47'),
(1335, 306, 4, 'Dänemark', 22, '2010-03-30 13:04:19'),
(1336, 307, 4, 'Deutschland', 22, '2010-03-30 13:04:50'),
(1337, 308, 4, 'Estland', 22, '2010-03-30 13:05:19'),
(1338, 309, 4, 'Finnland', 22, '2010-03-30 13:05:58'),
(1339, 310, 4, 'Frankreich', 22, '2010-03-30 13:06:29'),
(1340, 311, 4, 'Griechenland', 22, '2010-03-30 13:06:59'),
(1341, 312, 4, 'Grossbritannien', 22, '2010-03-30 13:07:27'),
(1342, 313, 4, 'Irland', 22, '2010-03-30 13:08:18'),
(1343, 314, 4, 'Island', 22, '2010-03-30 13:08:56'),
(1344, 315, 4, 'Italien', 22, '2010-03-30 13:09:25'),
(1345, 316, 4, 'Kosovo', 22, '2010-03-30 13:09:59'),
(1346, 317, 4, 'Kroatien', 22, '2010-03-30 13:10:26'),
(1347, 318, 4, 'Lettland', 22, '2010-03-30 13:10:53'),
(1348, 319, 4, 'Liechtenstein', 22, '2010-03-30 13:11:24'),
(1349, 320, 4, 'Litauen', 22, '2010-03-30 13:11:51'),
(1350, 321, 4, 'Luxemburg', 22, '2010-03-30 13:12:24'),
(1351, 322, 4, 'Malta', 22, '2010-03-30 13:12:57'),
(1352, 323, 4, 'Mazedonien', 22, '2010-03-30 13:13:30'),
(1353, 324, 4, 'Moldawien', 22, '2010-03-30 13:14:05'),
(1354, 325, 4, 'Montenegro', 22, '2010-03-30 13:14:40'),
(1355, 326, 4, 'Niederlande', 22, '2010-03-30 13:15:12'),
(1356, 327, 4, 'Norwegen', 22, '2010-04-19 10:51:12'),
(1357, 328, 4, 'Österreich', 22, '2010-03-30 13:16:22'),
(1358, 329, 4, 'Polen', 22, '2010-03-30 13:16:54'),
(1359, 330, 4, 'Portugal', 22, '2010-03-30 13:17:20'),
(1360, 331, 4, 'Rumänien', 22, '2010-03-30 13:17:49'),
(1361, 332, 4, 'Russland', 22, '2010-03-30 13:18:37'),
(1362, 333, 4, 'Schweden', 22, '2010-03-30 13:19:14'),
(1363, 334, 4, 'Schweiz', 22, '2010-03-30 13:19:43'),
(1364, 335, 4, 'Serbien', 22, '2010-03-30 13:20:13'),
(1365, 336, 4, 'Slowakei', 22, '2010-03-30 13:20:43'),
(1366, 337, 4, 'Slowenien', 22, '2010-03-30 13:21:16'),
(1367, 338, 4, 'Spanien', 22, '2010-03-30 13:22:06'),
(1368, 339, 4, 'Tschechische Republik', 22, '2010-08-18 14:41:01'),
(1369, 340, 4, 'Türkei', 22, '2010-03-30 13:23:32'),
(1370, 341, 4, 'Ukraine', 22, '2010-03-30 13:24:22'),
(1371, 342, 4, 'Ungarn', 22, '2010-03-30 13:24:53'),
(1372, 343, 4, 'Weissrussland', 22, '2010-03-30 13:25:26'),
(1373, 344, 4, 'Zypern', 22, '2010-03-30 13:25:58'),
(1374, 345, 4, 'Afghanistan', 22, '2010-08-05 14:22:46'),
(1375, 346, 4, 'Armenien', 22, '2010-03-30 13:27:16'),
(1376, 347, 4, 'Aserbaidschan', 22, '2010-03-30 13:28:00'),
(1377, 348, 4, 'Bahrain', 22, '2010-03-30 13:28:34'),
(1378, 349, 4, 'Bangladesch', 22, '2010-03-30 13:29:02'),
(1379, 350, 4, 'China', 22, '2010-03-30 13:29:26'),
(1380, 351, 4, 'Georgien', 22, '2010-03-30 13:30:05'),
(1381, 352, 4, 'Hongkong', 22, '2010-08-05 16:46:38'),
(1382, 353, 4, 'Indien', 22, '2010-03-30 13:31:07'),
(1383, 354, 4, 'Indonesien', 22, '2010-03-30 13:31:34'),
(1384, 355, 4, 'Irak', 22, '2010-03-30 13:32:04'),
(1385, 356, 4, 'Iran', 22, '2010-03-30 13:32:30'),
(1386, 357, 4, 'Israel', 22, '2010-03-30 13:33:05'),
(1387, 358, 4, 'Japan', 22, '2010-03-30 13:33:31'),
(1388, 359, 4, 'Jemen', 22, '2010-03-30 13:33:58'),
(1389, 360, 4, 'Jordanien', 22, '2010-03-30 13:34:33'),
(1390, 361, 4, 'Kambodscha', 22, '2010-03-30 13:35:06'),
(1391, 362, 4, 'Kasachstan', 22, '2010-03-30 13:35:47'),
(1392, 363, 4, 'Katar', 22, '2010-03-30 13:36:19'),
(1393, 364, 4, 'Kuwait', 22, '2010-03-30 13:36:52'),
(1394, 365, 4, 'Libanon', 22, '2010-03-30 13:37:58'),
(1395, 366, 4, 'Malaysien', 22, '2010-03-30 13:38:36'),
(1396, 367, 4, 'Myanmar', 22, '2010-03-30 13:39:07'),
(1397, 368, 4, 'Nepal', 22, '2010-04-19 10:47:02'),
(1398, 369, 4, 'Oman', 22, '2010-03-30 13:40:12'),
(1399, 370, 4, 'Pakistan', 22, '2010-03-30 13:40:46'),
(1400, 371, 4, 'Philippinen', 22, '2010-03-30 13:41:13'),
(1401, 372, 4, 'Saudi Arabien', 22, '2010-03-30 13:41:47'),
(1402, 373, 4, 'Singapur', 22, '2010-03-30 13:42:18'),
(1403, 374, 4, 'Sri Lanka', 22, '2010-03-30 13:42:52'),
(1404, 375, 4, 'Süd Korea', 22, '2010-03-30 13:43:25'),
(1405, 376, 4, 'Syrien', 22, '2010-03-30 13:43:55'),
(1406, 377, 4, 'Taiwan', 22, '2010-03-30 13:45:20'),
(1407, 378, 4, 'Thailand', 22, '2010-03-30 13:45:58'),
(1408, 379, 4, 'Usbekistan', 22, '2010-03-30 13:46:27'),
(1409, 380, 4, 'Vereinigte Arabische Emirate', 22, '2010-03-30 13:47:07'),
(1410, 381, 4, 'Vietnam', 22, '2010-03-30 13:47:45'),
(1411, 382, 4, 'Ägypten', 22, '2010-07-29 14:52:52'),
(1412, 383, 4, 'Algerien', 22, '2010-07-29 14:58:56'),
(1413, 384, 4, 'Demokratische Republik Kongo', 22, '2010-07-29 15:08:20'),
(1414, 385, 4, 'Ghana', 22, '2010-07-29 15:18:03'),
(1415, 386, 4, 'Kenia', 22, '2010-07-29 15:45:25'),
(1416, 387, 4, 'Lybien', 22, '2010-07-29 15:45:13'),
(1417, 388, 4, 'Marokko', 22, '2010-07-29 15:50:17'),
(1418, 389, 4, 'Mauritius', 22, '2010-07-29 15:56:50'),
(1419, 390, 4, 'Nigeria', 22, '2010-07-29 16:03:26'),
(1420, 391, 4, 'Senegal', 22, '2010-07-29 16:07:33'),
(1421, 392, 4, 'Südafrika', 22, '2010-07-29 16:15:28'),
(1422, 393, 4, 'Sudan', 22, '2010-07-29 16:22:31'),
(1423, 394, 4, 'Tunesien', 22, '2010-07-29 16:27:31'),
(1476, 448, 4, 'Formularfelder', 2, '2010-04-02 14:22:17'),
(1477, 449, 4, 'Anrede', 2, '2010-04-02 14:22:35'),
(1478, 450, 4, 'Titel', 2, '2010-04-02 14:22:44'),
(1479, 451, 4, 'Vorname', 2, '2010-04-02 14:22:55'),
(1480, 452, 4, 'Nachname', 2, '2010-04-02 14:23:04'),
(1481, 453, 4, 'Firma', 2, '2010-04-02 14:23:24'),
(1482, 454, 4, 'E-Mail', 2, '2010-04-02 14:23:39'),
(1483, 455, 4, 'Telefon', 2, '2010-04-02 14:23:56'),
(1484, 456, 4, 'Fax', 2, '2010-04-02 14:24:04'),
(1485, 457, 4, 'Funktion', 2, '2010-04-02 14:24:16'),
(1486, 458, 4, 'Typ des Unternehmens', 2, '2010-04-02 14:24:44'),
(1487, 459, 4, 'Straße', 2, '2010-04-02 14:24:54'),
(1488, 460, 4, 'PLZ', 2, '2010-04-02 14:25:05'),
(1489, 461, 4, 'Ort', 2, '2010-04-02 14:25:14'),
(1490, 462, 4, 'Bundesland', 2, '2010-04-02 14:25:23'),
(1491, 463, 4, 'Land', 2, '2010-04-02 14:25:36'),
(1492, 465, 4, 'Bemerkungen', 2, '2010-04-06 17:33:57'),
(1493, 464, 4, 'Anhang/Beilage', 2, '2010-04-06 17:33:57'),
(1557, 271, 11, 'Africa', 22, '2010-07-29 15:14:29'),
(1558, 272, 11, 'Asia', 22, '2010-08-23 15:43:43'),
(1559, 273, 11, 'Oceania', 22, '2010-10-06 16:08:42'),
(1560, 277, 11, 'Europe', 22, '2010-08-23 15:45:01'),
(1561, 274, 11, 'North America', 22, '2010-08-23 15:45:33'),
(1562, 275, 11, 'South America', 22, '2010-08-23 15:46:03'),
(1563, 276, 11, 'Central America', 22, '2010-08-23 15:46:30'),
(1564, 278, 11, 'Costa Rica', 22, '2010-08-18 10:42:48'),
(1565, 279, 11, 'Dominican Republic', 22, '2010-08-18 10:46:28'),
(1566, 280, 11, 'El Salvador', 22, '2010-08-18 10:50:29'),
(1567, 281, 11, 'Guatemala', 22, '2010-08-18 10:54:11'),
(1568, 282, 11, 'Honduras', 22, '2010-08-18 10:58:13'),
(1570, 284, 11, 'Panama', 22, '2010-08-18 11:05:24'),
(1571, 285, 11, 'Argentina', 22, '2010-08-18 09:53:06'),
(1572, 286, 11, 'Bolivia', 22, '2010-08-18 09:56:27'),
(1573, 287, 11, 'Brazil', 22, '2010-08-18 10:00:09'),
(1574, 288, 11, 'Chile', 22, '2010-08-18 10:04:03'),
(1575, 289, 11, 'Ecuador', 22, '2010-08-18 10:08:38'),
(1576, 290, 11, 'Colombia', 22, '2010-08-18 10:12:54'),
(1577, 291, 11, 'Nicaragua', 22, '2010-08-18 10:16:15'),
(1578, 292, 11, 'Netherland Antilles', 22, '2010-08-18 10:22:13'),
(1579, 293, 11, 'Paraguay', 22, '2010-08-18 10:26:14'),
(1580, 294, 11, 'Peru', 22, '2010-08-18 10:30:51'),
(1581, 295, 11, 'Uruguay', 22, '2010-08-18 10:34:25'),
(1582, 296, 11, 'Venezuela', 22, '2010-08-18 10:38:21'),
(1583, 297, 11, 'Canada', 22, '2010-08-18 09:42:36'),
(1584, 298, 11, 'USA', 22, '2010-08-18 09:46:30'),
(1585, 299, 11, 'Australia', 22, '2010-07-29 16:32:46'),
(1586, 300, 11, 'New Zealand', 22, '2010-07-29 16:37:28'),
(1587, 301, 11, 'Albania', 22, '2010-08-18 11:12:58'),
(1588, 302, 11, 'Andorra', 22, '2010-08-18 11:16:51'),
(1589, 303, 11, 'Belgium', 22, '2010-08-18 11:20:28'),
(1590, 304, 11, 'Bosnia-Herzegovina', 22, '2010-08-18 11:24:55'),
(1591, 305, 11, 'Bulgaria', 22, '2010-08-18 11:29:22'),
(1592, 306, 11, 'Denmark', 22, '2010-08-18 11:33:20'),
(1593, 307, 11, 'Germany', 22, '2010-08-18 11:37:08'),
(1594, 308, 11, 'Estonia', 22, '2010-08-18 11:41:41'),
(1595, 309, 11, 'Finland', 22, '2010-08-18 11:52:09'),
(1596, 310, 11, 'France', 22, '2010-08-18 11:57:26'),
(1597, 311, 11, 'Greece', 22, '2010-08-18 12:01:49'),
(1598, 312, 11, 'United Kingdom', 22, '2010-08-18 12:45:46'),
(1599, 313, 11, 'Ireland', 22, '2010-08-18 12:49:58'),
(1600, 314, 11, 'Iceland', 22, '2010-08-18 12:54:40'),
(1601, 315, 11, 'Italy', 22, '2010-08-18 12:58:50'),
(1602, 316, 11, 'Kosovo', 22, '2010-08-18 13:02:54'),
(1603, 317, 11, 'Croatia', 22, '2010-08-18 13:07:18'),
(1604, 318, 11, 'Latvia', 22, '2010-08-18 13:11:16'),
(1605, 319, 11, 'Liechtenstein', 22, '2010-08-18 13:15:03'),
(1606, 320, 11, 'Lithuania', 22, '2010-08-18 13:19:18'),
(1607, 321, 11, 'Luxembourg', 22, '2010-08-18 13:23:04'),
(1608, 322, 11, 'Malta', 22, '2010-08-18 13:26:48'),
(1609, 323, 11, 'Macedonia', 22, '2010-08-18 13:30:49'),
(1610, 324, 11, 'Moldavia', 22, '2010-08-18 13:34:20'),
(1611, 325, 11, 'Montenegro', 22, '2010-08-18 13:38:00'),
(1612, 326, 11, 'Netherlands', 22, '2010-08-18 13:41:54'),
(1613, 327, 11, 'Norway', 22, '2010-08-18 13:45:21'),
(1614, 328, 11, 'Austria', 22, '2010-08-18 13:49:02'),
(1615, 329, 11, 'Poland', 22, '2010-08-18 13:57:30'),
(1616, 330, 11, 'Portugal', 22, '2010-08-18 14:02:27'),
(1617, 331, 11, 'Romania', 22, '2010-08-18 14:06:02'),
(1618, 332, 11, 'Russia', 22, '2010-08-18 14:10:35'),
(1619, 333, 11, 'Sweden', 22, '2010-08-18 14:17:15'),
(1620, 334, 11, 'Switzerland', 22, '2010-08-18 14:21:02'),
(1621, 335, 11, 'Serbia', 22, '2010-08-18 14:25:22'),
(1622, 336, 11, 'Slovakia', 22, '2010-08-18 14:29:10'),
(1623, 337, 11, 'Slovenia', 22, '2010-08-18 14:33:23'),
(1624, 338, 11, 'Spain', 22, '2010-08-18 14:37:13'),
(1625, 339, 11, 'Czech Republic', 22, '2010-08-18 14:41:40'),
(1626, 340, 11, 'Turkey', 22, '2010-08-18 14:45:24'),
(1627, 341, 11, 'Ukraine', 22, '2010-08-18 14:50:57'),
(1628, 342, 11, 'Hungary', 22, '2010-08-18 14:54:39'),
(1629, 343, 11, 'Belarus', 22, '2010-08-18 14:58:30'),
(1630, 344, 11, 'Cyprus', 22, '2010-08-18 15:02:39'),
(1631, 345, 11, 'Afghanistan', 22, '2010-08-05 14:23:16'),
(1632, 346, 11, 'Armenia', 22, '2010-08-05 14:28:05'),
(1633, 347, 11, 'Azerbaidijan', 22, '2010-08-05 14:33:19'),
(1634, 348, 11, 'Bahrain', 22, '2010-08-05 14:38:21'),
(1635, 349, 11, 'Bangladesh', 22, '2010-08-05 14:42:51'),
(1636, 350, 11, 'China', 22, '2010-08-05 16:30:21'),
(1637, 351, 11, 'Georgia', 22, '2010-08-05 16:42:27'),
(1638, 352, 11, 'Hong Kong', 22, '2010-08-05 16:47:17'),
(1639, 353, 11, 'India', 22, '2010-08-05 16:52:59'),
(1640, 354, 11, 'Indonesia', 22, '2010-08-05 16:57:45'),
(1641, 355, 11, 'Iraq', 22, '2010-08-06 14:57:42'),
(1642, 356, 11, 'Iran', 22, '2010-08-06 15:02:10'),
(1643, 357, 11, 'Israel', 22, '2010-08-06 15:06:48'),
(1644, 358, 11, 'Japan', 22, '2010-08-06 15:10:45'),
(1645, 359, 11, 'Yemen', 22, '2010-08-06 15:18:45'),
(1646, 360, 11, 'Jordan', 22, '2010-08-06 15:33:30'),
(1647, 361, 11, 'Cambodia', 22, '2010-08-06 15:37:32'),
(1648, 362, 11, 'Kazakhstan', 22, '2010-08-18 07:48:51'),
(1649, 363, 11, 'Qatar', 22, '2010-08-18 07:54:08'),
(1650, 364, 11, 'Kuwait', 22, '2010-08-18 07:58:18'),
(1651, 365, 11, 'Lebanon', 22, '2010-08-18 08:04:37'),
(1652, 366, 11, 'Malaysia', 22, '2010-08-18 08:08:47'),
(1653, 367, 11, 'Myanmar', 22, '2010-08-18 08:12:56'),
(1654, 368, 11, 'Nepal', 22, '2010-08-18 08:19:53'),
(1655, 369, 11, 'Oman', 22, '2010-08-18 08:23:37'),
(1656, 370, 11, 'Pakistan', 22, '2010-08-18 08:27:48'),
(1657, 371, 11, 'Philippines', 22, '2010-08-18 08:33:06'),
(1658, 372, 11, 'Saudi Arabia', 22, '2010-08-18 08:37:38'),
(1659, 373, 11, 'Singapore', 22, '2010-08-18 08:42:01'),
(1660, 374, 11, 'Sri Lanka', 22, '2010-08-18 08:46:25'),
(1661, 375, 11, 'South Korea', 22, '2010-08-18 08:50:40'),
(1662, 376, 11, 'Syria', 22, '2010-08-18 09:14:51'),
(1663, 377, 11, 'Taiwan', 22, '2010-08-18 09:19:16'),
(1664, 378, 11, 'Thailand', 22, '2010-08-18 09:24:57'),
(1665, 379, 11, 'Uzbekistan', 22, '2010-08-18 09:28:47'),
(1666, 380, 11, 'United Arab Emirates', 22, '2010-08-18 09:34:10'),
(1667, 381, 11, 'Vietnam', 22, '2010-08-18 09:38:14'),
(1668, 382, 11, 'Egypt', 22, '2010-07-29 14:53:16'),
(1669, 383, 11, 'Algeria', 22, '2010-07-29 14:59:25'),
(1670, 384, 11, 'Democratic Republic of the Congo', 22, '2010-07-29 15:08:54'),
(1671, 385, 11, 'Ghana', 22, '2010-07-29 15:18:29'),
(1672, 386, 11, 'Kenya', 22, '2010-07-29 15:40:05'),
(1673, 387, 11, 'Libya', 22, '2010-07-29 15:45:51'),
(1674, 388, 11, 'Marocco', 22, '2010-07-29 15:50:44'),
(1675, 389, 11, 'Mauritius', 22, '2010-07-29 15:57:13'),
(1676, 390, 11, 'Nigeria', 22, '2010-07-29 16:03:52'),
(1677, 391, 11, 'Senegal', 22, '2010-07-29 16:08:16'),
(1678, 392, 11, 'South Africa', 22, '2010-07-29 16:16:27'),
(1679, 393, 11, 'Sudan', 22, '2010-07-29 16:22:55'),
(1680, 394, 11, 'Tunisia', 22, '2010-07-29 16:27:58'),
(1732, 464, 11, 'CV/Resume', 22, '2010-08-20 14:53:24'),
(1736, 451, 11, 'First name', 22, '2010-08-27 09:48:22'),
(1737, 449, 11, 'Salutation', 22, '2010-08-27 09:45:25'),
(1738, 465, 11, 'Message', 22, '2010-08-27 09:45:36'),
(1739, 462, 11, 'State', 22, '2010-08-27 09:45:45'),
(1740, 454, 11, 'E-mail', 22, '2010-08-27 09:45:53'),
(1741, 456, 11, 'Fax', 22, '2010-08-27 09:46:03'),
(1742, 453, 11, 'Company', 22, '2010-08-27 09:45:08'),
(1743, 457, 11, 'Function', 22, '2010-08-27 09:46:20'),
(1744, 463, 11, 'Country', 22, '2010-08-27 09:46:33'),
(1745, 452, 11, 'Last name', 22, '2010-08-27 09:46:42'),
(1746, 461, 11, 'City', 22, '2010-08-27 09:46:54'),
(1747, 460, 11, 'ZIP', 22, '2010-08-27 09:47:07'),
(1748, 459, 11, 'Street', 22, '2010-08-27 09:47:28'),
(1749, 455, 11, 'Phone', 22, '2010-08-27 09:47:45'),
(1750, 450, 11, 'Title', 22, '2010-08-27 09:47:57'),
(1751, 458, 11, 'Company type', 22, '2010-08-27 09:48:11'),
(1759, 271, 12, 'Africa', 22, '2010-07-29 15:14:07'),
(1760, 272, 12, 'Asia', 22, '2010-03-30 11:16:59'),
(1761, 273, 12, 'Oceania', 22, '2010-10-06 16:08:21'),
(1762, 277, 12, 'Europe', 22, '2010-03-30 11:22:42'),
(1763, 274, 12, 'North America', 22, '2010-05-28 11:33:51'),
(1764, 275, 12, 'South America', 22, '2010-05-28 11:35:58'),
(1765, 276, 12, 'Central America', 22, '2010-03-30 11:25:32'),
(1766, 278, 12, 'Costa Rica', 22, '2010-03-30 11:27:03'),
(1767, 279, 12, 'Dominican Republic', 22, '2010-03-30 11:27:54'),
(1768, 280, 12, 'El Salvador', 3, '2010-03-31 11:24:09'),
(1769, 281, 12, 'Guatemala', 22, '2010-03-30 11:29:54'),
(1770, 282, 12, 'Honduras', 22, '2010-03-30 11:30:42'),
(1772, 284, 12, 'Panama', 22, '2010-03-30 11:32:41'),
(1773, 285, 12, 'Argentina', 22, '2010-03-30 11:33:58'),
(1774, 286, 12, 'Bolivia', 22, '2010-03-30 11:35:06'),
(1775, 287, 12, 'Brazil', 22, '2010-03-30 11:35:50'),
(1776, 288, 12, 'Chile', 22, '2010-03-30 11:36:46'),
(1777, 289, 12, 'Ecuador', 22, '2010-03-30 11:38:05'),
(1778, 290, 12, 'Colombia', 22, '2010-03-30 11:38:59'),
(1779, 291, 12, 'Nicaragua', 22, '2010-03-30 11:39:50'),
(1780, 292, 12, 'Netherland Antilles', 22, '2010-03-30 11:42:25'),
(1781, 293, 12, 'Paraguay', 22, '2010-03-30 11:43:26'),
(1782, 294, 12, 'Peru', 22, '2010-03-30 11:44:11'),
(1783, 295, 12, 'Uruguay', 22, '2010-03-30 11:44:55'),
(1784, 296, 12, 'Venezuela', 22, '2010-03-30 11:45:58');
INSERT INTO `categoryTitles` (`id`, `idCategories`, `idLanguages`, `title`, `idUsers`, `changed`) VALUES
(1785, 297, 12, 'Canada', 22, '2010-03-30 11:46:59'),
(1786, 298, 12, 'USA', 22, '2010-03-30 11:47:30'),
(1787, 299, 12, 'Australia', 22, '2010-07-29 16:32:37'),
(1788, 300, 12, 'New Zealand', 22, '2010-07-29 16:37:15'),
(1789, 301, 12, 'Albania', 22, '2010-03-30 11:52:52'),
(1790, 302, 12, 'Andorra', 22, '2010-03-30 11:53:46'),
(1791, 303, 12, 'Belgium', 22, '2010-03-30 11:54:14'),
(1792, 304, 12, 'Bosnia-Herzegovina', 22, '2010-03-30 13:03:30'),
(1793, 305, 12, 'Bulgaria', 22, '2010-03-30 13:04:04'),
(1794, 306, 12, 'Denmark', 22, '2010-08-18 11:32:59'),
(1795, 307, 12, 'Germany', 22, '2010-03-30 13:05:04'),
(1796, 308, 12, 'Estonia', 22, '2010-03-30 13:05:36'),
(1797, 309, 12, 'Finland', 22, '2010-03-30 13:06:15'),
(1798, 310, 12, 'France', 22, '2010-03-30 13:06:42'),
(1799, 311, 12, 'Greece', 22, '2010-03-30 13:07:13'),
(1800, 312, 12, 'United Kingdom', 22, '2010-03-30 13:07:38'),
(1801, 313, 12, 'Ireland', 22, '2010-03-30 13:08:28'),
(1802, 314, 12, 'Iceland', 22, '2010-03-30 13:09:09'),
(1803, 315, 12, 'Italy', 22, '2010-03-30 13:09:39'),
(1804, 316, 12, 'Kosovo', 22, '2010-03-30 13:10:14'),
(1805, 317, 12, 'Croatia', 22, '2010-03-30 13:10:37'),
(1806, 318, 12, 'Latvia', 22, '2010-03-30 13:11:06'),
(1807, 319, 12, 'Liechtenstein', 22, '2010-03-30 13:11:37'),
(1808, 320, 12, 'Lithuania', 22, '2010-03-30 13:12:05'),
(1809, 321, 12, 'Luxembourg', 22, '2010-03-30 13:12:43'),
(1810, 322, 12, 'Malta', 22, '2010-03-30 13:13:15'),
(1811, 323, 12, 'Macedonia', 22, '2010-03-30 13:13:41'),
(1812, 324, 12, 'Moldavia', 22, '2010-03-30 13:14:29'),
(1813, 325, 12, 'Montenegro', 22, '2010-03-30 13:14:54'),
(1814, 326, 12, 'Netherlands', 22, '2010-03-30 13:15:23'),
(1815, 327, 12, 'Norway', 22, '2010-03-30 13:15:51'),
(1816, 328, 12, 'Austria', 22, '2010-03-30 13:16:37'),
(1817, 329, 12, 'Poland', 22, '2010-03-30 13:17:06'),
(1818, 330, 12, 'Portugal', 22, '2010-03-30 13:17:36'),
(1819, 331, 12, 'Romania', 22, '2010-03-30 13:18:03'),
(1820, 332, 12, 'Russia', 22, '2010-03-30 13:18:51'),
(1821, 333, 12, 'Sweden', 22, '2010-03-30 13:19:28'),
(1822, 334, 12, 'Switzerland', 22, '2010-03-30 13:19:58'),
(1823, 335, 12, 'Serbia', 22, '2010-03-30 13:20:25'),
(1824, 336, 12, 'Slovakia', 22, '2010-03-30 13:20:59'),
(1825, 337, 12, 'Slovenia', 22, '2010-03-30 13:21:47'),
(1826, 338, 12, 'Spain', 22, '2010-03-30 13:22:35'),
(1827, 339, 12, 'Czech Republic', 22, '2010-03-30 13:23:13'),
(1828, 340, 12, 'Turkey', 22, '2010-03-30 13:23:47'),
(1829, 341, 12, 'Ukraine', 22, '2010-03-30 13:24:34'),
(1830, 342, 12, 'Hungary', 22, '2010-03-30 13:25:07'),
(1831, 343, 12, 'Belarus', 22, '2010-03-30 13:25:38'),
(1832, 344, 12, 'Cyprus', 22, '2010-03-30 13:26:14'),
(1833, 345, 12, 'Afghanistan', 22, '2010-07-22 10:36:02'),
(1834, 346, 12, 'Armenia', 22, '2010-03-30 13:27:35'),
(1835, 347, 12, 'Azerbaidijan', 22, '2010-03-30 13:28:10'),
(1836, 348, 12, 'Bahrain', 22, '2010-03-30 13:28:40'),
(1837, 349, 12, 'Bangladesh', 22, '2010-03-30 13:29:14'),
(1838, 350, 12, 'China', 22, '2010-03-30 13:29:44'),
(1839, 351, 12, 'Georgia', 22, '2010-03-30 13:30:17'),
(1840, 352, 12, 'Hong Kong', 22, '2010-03-30 13:30:47'),
(1841, 353, 12, 'India', 22, '2010-03-30 13:31:21'),
(1842, 354, 12, 'Indonesia', 22, '2010-03-30 13:31:45'),
(1843, 355, 12, 'Iraq', 22, '2010-03-30 13:32:16'),
(1844, 356, 12, 'Iran', 22, '2010-03-30 13:32:44'),
(1845, 357, 12, 'Israel', 22, '2010-03-30 13:33:17'),
(1846, 358, 12, 'Japan', 22, '2010-03-30 13:33:42'),
(1847, 359, 12, 'Yemen', 22, '2010-08-06 15:18:14'),
(1848, 360, 12, 'Jordan', 22, '2010-03-30 13:34:46'),
(1849, 361, 12, 'Cambodia', 22, '2010-03-30 13:35:19'),
(1850, 362, 12, 'Kazakhstan', 22, '2010-03-30 13:36:01'),
(1851, 363, 12, 'Qatar', 22, '2010-03-30 13:36:34'),
(1852, 364, 12, 'Kuwait', 22, '2010-03-30 13:37:46'),
(1853, 365, 12, 'Lebanon', 22, '2010-03-30 13:38:22'),
(1854, 366, 12, 'Malaysia', 22, '2010-03-30 13:38:52'),
(1855, 367, 12, 'Myanmar', 22, '2010-03-30 13:39:30'),
(1856, 368, 12, 'Nepal', 22, '2010-03-30 13:39:59'),
(1857, 369, 12, 'Oman', 22, '2010-03-30 13:40:27'),
(1858, 370, 12, 'Pakistan', 22, '2010-03-30 13:40:58'),
(1859, 371, 12, 'Philippines', 22, '2010-03-30 13:41:36'),
(1860, 372, 12, 'Saudi Arabia', 22, '2010-03-30 13:42:08'),
(1861, 373, 12, 'Singapore', 22, '2010-03-30 13:42:32'),
(1862, 374, 12, 'Sri Lanka', 22, '2010-03-30 13:43:08'),
(1863, 375, 12, 'South Korea', 22, '2010-03-30 13:43:38'),
(1864, 376, 12, 'Syria', 22, '2010-03-30 13:44:59'),
(1865, 377, 12, 'Taiwan', 22, '2010-03-30 13:45:37'),
(1866, 378, 12, 'Thailand', 22, '2010-03-30 13:46:08'),
(1867, 379, 12, 'Uzbekistan', 22, '2010-03-30 13:46:48'),
(1868, 380, 12, 'United Arab Emirates', 22, '2010-03-30 13:47:33'),
(1869, 381, 12, 'Vietnam', 22, '2010-03-30 13:48:02'),
(1870, 382, 12, 'Egypt', 22, '2010-07-29 14:53:03'),
(1871, 383, 12, 'Algeria', 22, '2010-07-29 14:59:12'),
(1872, 384, 12, 'Democratic Republic of the Congo', 22, '2010-07-29 15:08:35'),
(1873, 385, 12, 'Ghana', 22, '2010-07-29 15:18:16'),
(1874, 386, 12, 'Kenya', 22, '2010-07-29 15:39:50'),
(1875, 387, 12, 'Libya', 22, '2010-07-29 15:45:40'),
(1876, 388, 12, 'Marocco', 22, '2010-07-29 15:50:32'),
(1877, 389, 12, 'Mauritius', 22, '2010-07-29 15:56:58'),
(1878, 390, 12, 'Nigeria', 22, '2010-07-29 16:03:42'),
(1879, 391, 12, 'Senegal', 22, '2010-07-29 16:08:05'),
(1880, 392, 12, 'South Africa', 22, '2010-07-29 16:16:01'),
(1881, 393, 12, 'Sudan', 22, '2010-07-29 16:22:41'),
(1882, 394, 12, 'Tunisia', 22, '2010-07-29 16:27:43'),
(1934, 464, 12, 'CV/Resume', 2, '2010-04-06 17:33:57'),
(1938, 451, 12, 'First name', 3, '2010-04-12 16:35:05'),
(1939, 449, 12, 'Salutation', 2, '2010-04-12 16:36:34'),
(1940, 465, 12, 'Message', 2, '2010-04-12 16:36:45'),
(1941, 462, 12, 'State', 2, '2010-04-12 16:37:04'),
(1942, 454, 12, 'E-mail', 2, '2010-04-12 16:37:22'),
(1943, 456, 12, 'Fax', 2, '2010-04-12 16:37:38'),
(1944, 453, 12, 'Company', 2, '2010-04-12 16:37:49'),
(1945, 457, 12, 'Function', 2, '2010-04-12 16:38:01'),
(1946, 463, 12, 'Country', 2, '2010-04-12 16:38:12'),
(1947, 452, 12, 'Last name', 2, '2010-04-12 16:38:24'),
(1948, 461, 12, 'City', 2, '2010-04-12 16:38:36'),
(1949, 460, 12, 'ZIP', 2, '2010-04-12 16:38:50'),
(1950, 459, 12, 'Street', 2, '2010-04-12 16:39:02'),
(1951, 455, 12, 'Phone', 2, '2010-04-12 16:39:13'),
(1952, 450, 12, 'Title', 2, '2010-04-12 16:39:23'),
(1953, 458, 12, 'Company type', 2, '2010-04-12 16:40:12'),
(1961, 271, 21, 'Africa', 22, '2010-07-29 15:14:18'),
(1962, 272, 21, 'Asia', 22, '2010-08-23 15:43:35'),
(1963, 273, 21, 'Oceania', 22, '2010-10-06 16:08:27'),
(1964, 277, 21, 'Europe', 22, '2010-08-23 15:44:53'),
(1965, 274, 21, 'North America', 22, '2010-08-23 15:45:27'),
(1966, 275, 21, 'South America', 22, '2010-08-23 15:45:58'),
(1967, 276, 21, 'Central America', 22, '2010-08-23 15:46:25'),
(1968, 278, 21, 'Costa Rica', 22, '2010-08-18 10:42:41'),
(1969, 279, 21, 'Dominican Republic', 22, '2010-08-18 10:46:21'),
(1970, 280, 21, 'El Salvador', 22, '2010-08-18 10:50:22'),
(1971, 281, 21, 'Guatemala', 22, '2010-08-18 10:54:04'),
(1972, 282, 21, 'Honduras', 22, '2010-08-18 10:58:07'),
(1974, 284, 21, 'Panama', 22, '2010-08-18 11:05:12'),
(1975, 285, 21, 'Argentina', 22, '2010-08-18 09:52:58'),
(1976, 286, 21, 'Bolivia', 22, '2010-08-18 09:56:19'),
(1977, 287, 21, 'Brazil', 22, '2010-08-18 10:00:01'),
(1978, 288, 21, 'Chile', 22, '2010-08-18 10:03:53'),
(1979, 289, 21, 'Ecuador', 22, '2010-08-18 10:08:32'),
(1980, 290, 21, 'Colombia', 22, '2010-08-18 10:12:47'),
(1981, 291, 21, 'Nicaragua', 22, '2010-08-18 10:16:08'),
(1982, 292, 21, 'Netherland Antilles', 22, '2010-08-18 10:22:05'),
(1983, 293, 21, 'Paraguay', 22, '2010-08-18 10:26:07'),
(1984, 294, 21, 'Peru', 22, '2010-08-18 10:30:43'),
(1985, 295, 21, 'Uruguay', 22, '2010-08-18 10:34:18'),
(1986, 296, 21, 'Venezuela', 22, '2010-08-18 10:38:14'),
(1987, 297, 21, 'Canada', 22, '2010-08-18 09:42:30'),
(1988, 298, 21, 'USA', 22, '2010-08-18 09:46:21'),
(1989, 299, 21, 'Australia', 22, '2010-07-29 16:32:40'),
(1990, 300, 21, 'New Zealand', 22, '2010-07-29 16:37:20'),
(1991, 301, 21, 'Albania', 22, '2010-08-18 11:12:51'),
(1992, 302, 21, 'Andorra', 22, '2010-08-18 11:16:44'),
(1993, 303, 21, 'Belgium', 22, '2010-08-18 11:20:22'),
(1994, 304, 21, 'Bosnia-Herzegovina', 22, '2010-03-30 13:03:30'),
(1995, 305, 21, 'Bulgaria', 22, '2010-08-18 11:29:14'),
(1996, 306, 21, 'Denmark', 22, '2010-08-18 11:33:06'),
(1997, 307, 21, 'Germany', 22, '2010-08-18 11:37:01'),
(1998, 308, 21, 'Estonia', 22, '2010-08-18 11:41:34'),
(1999, 309, 21, 'Finland', 22, '2010-08-18 11:52:02'),
(2000, 310, 21, 'France', 22, '2010-08-18 11:57:19'),
(2001, 311, 21, 'Greece', 22, '2010-08-18 12:01:41'),
(2002, 312, 21, 'United Kingdom', 22, '2010-08-18 12:45:39'),
(2003, 313, 21, 'Ireland', 22, '2010-08-18 12:49:49'),
(2004, 314, 21, 'Iceland', 22, '2010-08-18 12:54:33'),
(2005, 315, 21, 'Italy', 22, '2010-08-18 12:58:42'),
(2006, 316, 21, 'Kosovo', 22, '2010-08-18 13:02:44'),
(2007, 317, 21, 'Croatia', 22, '2010-08-18 13:07:08'),
(2008, 318, 21, 'Latvia', 22, '2010-08-18 13:11:09'),
(2009, 319, 21, 'Liechtenstein', 22, '2010-08-18 13:14:56'),
(2010, 320, 21, 'Lithuania', 22, '2010-08-18 13:19:10'),
(2011, 321, 21, 'Luxembourg', 22, '2010-08-18 13:22:57'),
(2012, 322, 21, 'Malta', 22, '2010-08-18 13:26:40'),
(2013, 323, 21, 'Macedonia', 22, '2010-08-18 13:30:41'),
(2014, 324, 21, 'Moldavia', 22, '2010-08-18 13:34:12'),
(2015, 325, 21, 'Montenegro', 22, '2010-08-18 13:37:52'),
(2016, 326, 21, 'Netherlands', 22, '2010-08-18 13:41:48'),
(2017, 327, 21, 'Norway', 22, '2010-08-18 13:45:07'),
(2018, 328, 21, 'Austria', 22, '2010-08-18 13:48:55'),
(2019, 329, 21, 'Poland', 22, '2010-08-18 13:57:21'),
(2020, 330, 21, 'Portugal', 22, '2010-08-18 14:02:19'),
(2021, 331, 21, 'Romania', 22, '2010-08-18 14:05:52'),
(2022, 332, 21, 'Russia', 22, '2010-08-18 14:10:22'),
(2023, 333, 21, 'Sweden', 22, '2010-08-18 14:17:08'),
(2024, 334, 21, 'Switzerland', 22, '2010-08-18 14:20:52'),
(2025, 335, 21, 'Serbia', 22, '2010-08-18 14:25:13'),
(2026, 336, 21, 'Slovakia', 22, '2010-08-18 14:29:14'),
(2027, 337, 21, 'Slovenia', 22, '2010-08-18 14:33:12'),
(2028, 338, 21, 'Spain', 22, '2010-08-18 14:37:03'),
(2029, 339, 21, 'Czech Republic', 22, '2010-08-18 14:41:27'),
(2030, 340, 21, 'Turkey', 22, '2010-08-18 14:45:15'),
(2031, 341, 21, 'Ukraine', 22, '2010-08-18 14:50:48'),
(2032, 342, 21, 'Hungary', 22, '2010-08-18 14:54:30'),
(2033, 343, 21, 'Belarus', 22, '2010-08-18 14:58:22'),
(2034, 344, 21, 'Cyprus', 22, '2010-08-18 15:02:32'),
(2035, 345, 21, 'Afghanistan', 22, '2010-08-05 14:23:06'),
(2036, 346, 21, 'Armenia', 22, '2010-08-05 14:27:52'),
(2037, 347, 21, 'Azerbaidijan', 22, '2010-08-05 14:33:08'),
(2038, 348, 21, 'Bahrain', 22, '2010-08-05 14:38:08'),
(2039, 349, 21, 'Bangladesh', 22, '2010-08-05 14:42:38'),
(2040, 350, 21, 'China', 22, '2010-08-05 16:30:11'),
(2041, 351, 21, 'Georgia', 22, '2010-08-05 16:42:15'),
(2042, 352, 21, 'Hong Kong', 22, '2010-08-05 16:47:06'),
(2043, 353, 21, 'India', 22, '2010-08-05 16:52:49'),
(2044, 354, 21, 'Indonesia', 22, '2010-08-05 16:57:08'),
(2045, 355, 21, 'Iraq', 22, '2010-08-06 14:57:32'),
(2046, 356, 21, 'Iran', 22, '2010-03-30 13:32:44'),
(2047, 357, 21, 'Israel', 22, '2010-08-06 15:06:39'),
(2048, 358, 21, 'Japan', 22, '2010-08-06 15:10:37'),
(2049, 359, 21, 'Yemen', 22, '2010-08-06 15:18:28'),
(2050, 360, 21, 'Jordan', 22, '2010-08-06 15:33:15'),
(2051, 361, 21, 'Cambodia', 22, '2010-08-06 15:37:22'),
(2052, 362, 21, 'Kazakhstan', 22, '2010-08-18 07:48:39'),
(2053, 363, 21, 'Qatar', 22, '2010-08-18 07:54:00'),
(2054, 364, 21, 'Kuwait', 22, '2010-08-18 07:58:11'),
(2055, 365, 21, 'Lebanon', 22, '2010-08-18 08:04:29'),
(2056, 366, 21, 'Malaysia', 22, '2010-08-18 08:08:39'),
(2057, 367, 21, 'Myanmar', 22, '2010-08-18 08:12:49'),
(2058, 368, 21, 'Nepal', 22, '2010-08-18 08:19:41'),
(2059, 369, 21, 'Oman', 22, '2010-08-18 08:23:28'),
(2060, 370, 21, 'Pakistan', 22, '2010-08-18 08:27:40'),
(2061, 371, 21, 'Philippines', 22, '2010-08-18 08:32:58'),
(2062, 372, 21, 'Saudi Arabia', 22, '2010-08-18 08:37:30'),
(2063, 373, 21, 'Singapore', 22, '2010-08-18 08:41:53'),
(2064, 374, 21, 'Sri Lanka', 22, '2010-08-18 08:46:18'),
(2065, 375, 21, 'South Korea', 22, '2010-08-18 08:50:28'),
(2066, 376, 21, 'Syria', 22, '2010-08-18 09:14:39'),
(2067, 377, 21, 'Taiwan', 22, '2010-08-18 09:19:09'),
(2068, 378, 21, 'Thailand', 22, '2010-08-18 09:24:50'),
(2069, 379, 21, 'Uzbekistan', 22, '2010-08-18 09:28:40'),
(2070, 380, 21, 'United Arab Emirates', 22, '2010-08-18 09:34:02'),
(2071, 381, 21, 'Vietnam', 22, '2010-08-18 09:38:05'),
(2072, 382, 21, 'Egypt', 22, '2010-07-29 14:53:07'),
(2073, 383, 21, 'Algeria', 22, '2010-07-29 14:59:16'),
(2074, 384, 21, 'Democratic Republic of the Congo', 22, '2010-07-29 15:08:42'),
(2075, 385, 21, 'Ghana', 22, '2010-07-29 15:18:21'),
(2076, 386, 21, 'Kenya', 22, '2010-07-29 15:39:54'),
(2077, 387, 21, 'Libya', 22, '2010-07-29 15:45:44'),
(2078, 388, 21, 'Marocco', 22, '2010-07-29 15:50:36'),
(2079, 389, 21, 'Mauritius', 22, '2010-07-29 15:57:03'),
(2080, 390, 21, 'Nigeria', 22, '2010-07-29 16:03:46'),
(2081, 391, 21, 'Senegal', 22, '2010-07-29 16:08:09'),
(2082, 392, 21, 'South Africa', 22, '2010-07-29 16:16:08'),
(2083, 393, 21, 'Sudan', 22, '2010-07-29 16:22:47'),
(2084, 394, 21, 'Tunisia', 22, '2010-07-29 16:27:51'),
(2136, 464, 21, 'CV/Resume', 22, '2010-08-20 14:53:16'),
(2140, 451, 21, 'First name', 21, '2010-09-20 14:02:29'),
(2141, 449, 21, 'Salutation', 21, '2010-09-20 13:59:59'),
(2142, 465, 21, 'Message', 21, '2010-09-20 14:00:11'),
(2143, 462, 21, 'State', 21, '2010-09-20 14:00:19'),
(2144, 454, 21, 'E-mail', 21, '2010-09-20 14:00:30'),
(2145, 456, 21, 'Fax', 21, '2010-09-20 14:00:38'),
(2146, 453, 21, 'Company', 21, '2010-09-20 14:00:46'),
(2147, 457, 21, 'Function', 21, '2010-09-20 14:00:54'),
(2148, 463, 21, 'Country', 21, '2010-09-20 14:01:02'),
(2149, 452, 21, 'Last name', 21, '2010-09-20 14:01:10'),
(2150, 461, 21, 'City', 21, '2010-09-20 14:01:23'),
(2151, 460, 21, 'ZIP', 21, '2010-09-20 14:01:34'),
(2152, 459, 21, 'Street', 21, '2010-09-20 14:01:44'),
(2153, 455, 21, 'Phone', 21, '2010-09-20 14:01:55'),
(2154, 450, 21, 'Title', 21, '2010-09-20 14:02:06'),
(2155, 458, 21, 'Company type', 21, '2010-09-20 14:02:17'),
(2163, 271, 25, 'Africa', 22, '2010-07-29 15:14:33'),
(2164, 272, 25, 'Asia', 22, '2010-08-23 15:43:49'),
(2165, 273, 25, 'Oceania', 22, '2010-10-06 16:08:47'),
(2166, 277, 25, 'Europe', 22, '2010-08-23 15:45:08'),
(2167, 274, 25, 'North America', 22, '2010-08-23 15:45:37'),
(2168, 275, 25, 'South America', 22, '2010-08-23 15:46:07'),
(2169, 276, 25, 'Central America', 22, '2010-08-23 15:46:37'),
(2170, 278, 25, 'Costa Rica', 22, '2010-08-18 10:42:54'),
(2171, 279, 25, 'Dominican Republic', 22, '2010-08-18 10:46:32'),
(2172, 280, 25, 'El Salvador', 22, '2010-08-18 10:50:32'),
(2173, 281, 25, 'Guatemala', 22, '2010-08-18 10:54:16'),
(2174, 282, 25, 'Honduras', 22, '2010-08-18 10:58:17'),
(2176, 284, 25, 'Panama', 22, '2010-08-18 11:05:27'),
(2177, 285, 25, 'Argentina', 22, '2010-08-18 09:53:10'),
(2178, 286, 25, 'Bolivia', 22, '2010-08-18 09:56:31'),
(2179, 287, 25, 'Brazil', 22, '2010-08-18 10:00:13'),
(2180, 288, 25, 'Chile', 22, '2010-08-18 10:04:08'),
(2181, 289, 25, 'Ecuador', 22, '2010-08-18 10:08:42'),
(2182, 290, 25, 'Colombia', 22, '2010-08-18 10:12:57'),
(2183, 291, 25, 'Nicaragua', 22, '2010-08-18 10:16:18'),
(2184, 292, 25, 'Netherland Antilles', 22, '2010-08-18 10:22:17'),
(2185, 293, 25, 'Paraguay', 22, '2010-08-18 10:26:18'),
(2186, 294, 25, 'Peru', 22, '2010-08-18 10:30:55'),
(2187, 295, 25, 'Uruguay', 22, '2010-08-18 10:34:29'),
(2188, 296, 25, 'Venezuela', 22, '2010-08-18 10:38:24'),
(2189, 297, 25, 'Canada', 22, '2010-08-18 09:42:40'),
(2190, 298, 25, 'USA', 22, '2010-08-18 09:46:39'),
(2191, 299, 25, 'Australia', 22, '2010-07-29 16:32:50'),
(2192, 300, 25, 'New Zealand', 22, '2010-07-29 16:37:34'),
(2193, 301, 25, 'Albania', 22, '2010-08-18 11:13:02'),
(2194, 302, 25, 'Andorra', 22, '2010-08-18 11:16:54'),
(2195, 303, 25, 'Belgium', 22, '2010-08-18 11:20:32'),
(2196, 304, 25, 'Bosnia-Herzegovina', 22, '2010-08-18 11:24:58'),
(2197, 305, 25, 'Bulgaria', 22, '2010-08-18 11:29:26'),
(2198, 306, 25, 'Denmark', 22, '2010-08-18 11:33:28'),
(2199, 307, 25, 'Germany', 22, '2010-08-18 11:37:11'),
(2200, 308, 25, 'Estonia', 22, '2010-08-18 11:41:45'),
(2201, 309, 25, 'Finland', 22, '2010-08-18 11:52:13'),
(2202, 310, 25, 'France', 22, '2010-08-18 11:57:30'),
(2203, 311, 25, 'Greece', 22, '2010-08-18 12:01:53'),
(2204, 312, 25, 'United Kingdom', 22, '2010-08-18 12:45:50'),
(2205, 313, 25, 'Ireland', 22, '2010-08-18 12:50:02'),
(2206, 314, 25, 'Iceland', 22, '2010-08-18 12:54:44'),
(2207, 315, 25, 'Italy', 22, '2010-08-18 12:58:54'),
(2208, 316, 25, 'Kosovo', 22, '2010-08-18 13:02:58'),
(2209, 317, 25, 'Croatia', 22, '2010-08-18 13:07:23'),
(2210, 318, 25, 'Latvia', 22, '2010-08-18 13:11:21'),
(2211, 319, 25, 'Liechtenstein', 22, '2010-08-18 13:15:06'),
(2212, 320, 25, 'Lithuania', 22, '2010-08-18 13:19:22'),
(2213, 321, 25, 'Luxembourg', 22, '2010-08-18 13:23:10'),
(2214, 322, 25, 'Malta', 22, '2010-08-18 13:26:52'),
(2215, 323, 25, 'Macedonia', 22, '2010-08-18 13:30:53'),
(2216, 324, 25, 'Moldavia', 22, '2010-08-18 13:34:24'),
(2217, 325, 25, 'Montenegro', 22, '2010-08-18 13:38:04'),
(2218, 326, 25, 'Netherlands', 22, '2010-08-18 13:42:00'),
(2219, 327, 25, 'Norway', 22, '2010-08-18 13:45:26'),
(2220, 328, 25, 'Austria', 22, '2010-08-18 13:49:05'),
(2221, 329, 25, 'Poland', 22, '2010-08-18 13:57:34'),
(2222, 330, 25, 'Portugal', 22, '2010-08-18 14:02:31'),
(2223, 331, 25, 'Romania', 22, '2010-08-18 14:06:08'),
(2224, 332, 25, 'Russia', 22, '2010-08-18 14:10:41'),
(2225, 333, 25, 'Sweden', 22, '2010-08-18 14:17:20'),
(2226, 334, 25, 'Switzerland', 22, '2010-08-18 14:21:07'),
(2227, 335, 25, 'Serbia', 22, '2010-08-18 14:25:25'),
(2228, 336, 25, 'Slovakia', 22, '2010-08-18 14:29:28'),
(2229, 337, 25, 'Slovenia', 22, '2010-08-18 14:33:29'),
(2230, 338, 25, 'Spain', 22, '2010-08-18 14:37:18'),
(2231, 339, 25, 'Czech Republic', 22, '2010-08-18 14:41:45'),
(2232, 340, 25, 'Turkey', 22, '2010-08-18 14:45:29'),
(2233, 341, 25, 'Ukraine', 22, '2010-08-18 14:51:02'),
(2234, 342, 25, 'Hungary', 22, '2010-08-18 14:54:43'),
(2235, 343, 25, 'Belarus', 22, '2010-08-18 14:58:33'),
(2236, 344, 25, 'Cyprus', 22, '2010-08-18 15:02:43'),
(2237, 345, 25, 'Afghanistan', 22, '2010-08-05 14:23:22'),
(2238, 346, 25, 'Armenia', 22, '2010-08-05 14:28:11'),
(2239, 347, 25, 'Azerbaidijan', 22, '2010-08-05 14:33:24'),
(2240, 348, 25, 'Bahrain', 22, '2010-08-05 14:38:29'),
(2241, 349, 25, 'Bangladesh', 22, '2010-08-05 14:42:58'),
(2242, 350, 25, 'China', 22, '2010-08-05 16:30:29'),
(2243, 351, 25, 'Georgia', 22, '2010-08-05 16:42:35'),
(2244, 352, 25, 'Hong Kong', 22, '2010-08-05 16:47:23'),
(2245, 353, 25, 'India', 22, '2010-08-05 16:53:06'),
(2246, 354, 25, 'Indonesia', 22, '2010-08-05 16:57:50'),
(2247, 355, 25, 'Iraq', 22, '2010-08-06 14:57:47'),
(2248, 356, 25, 'Iran', 22, '2010-08-06 15:02:15'),
(2249, 357, 25, 'Israel', 22, '2010-08-06 15:06:52'),
(2250, 358, 25, 'Japan', 22, '2010-08-06 15:10:49'),
(2251, 359, 25, 'Yemen', 22, '2010-08-06 15:18:58'),
(2252, 360, 25, 'Jordan', 22, '2010-08-06 15:33:35'),
(2253, 361, 25, 'Cambodia', 22, '2010-08-06 15:37:36'),
(2254, 362, 25, 'Kazakhstan', 22, '2010-08-18 07:48:57'),
(2255, 363, 25, 'Qatar', 22, '2010-08-18 07:54:13'),
(2256, 364, 25, 'Kuwait', 22, '2010-08-18 07:58:22'),
(2257, 365, 25, 'Lebanon', 22, '2010-08-18 08:04:40'),
(2258, 366, 25, 'Malaysia', 22, '2010-08-18 08:08:50'),
(2259, 367, 25, 'Myanmar', 22, '2010-08-18 08:13:00'),
(2260, 368, 25, 'Nepal', 22, '2010-08-18 08:19:49'),
(2261, 369, 25, 'Oman', 22, '2010-08-18 08:23:41'),
(2262, 370, 25, 'Pakistan', 22, '2010-08-18 08:27:53'),
(2263, 371, 25, 'Philippines', 22, '2010-08-18 08:33:10'),
(2264, 372, 25, 'Saudi Arabia', 22, '2010-08-18 08:37:42'),
(2265, 373, 25, 'Singapore', 22, '2010-08-18 08:42:06'),
(2266, 374, 25, 'Sri Lanka', 22, '2010-08-18 08:46:30'),
(2267, 375, 25, 'South Korea', 22, '2010-08-18 08:50:44'),
(2268, 376, 25, 'Syria', 22, '2010-08-18 09:14:55'),
(2269, 377, 25, 'Taiwan', 22, '2010-08-18 09:19:20'),
(2270, 378, 25, 'Thailand', 22, '2010-08-18 09:25:01'),
(2271, 379, 25, 'Uzbekistan', 22, '2010-08-18 09:28:51'),
(2272, 380, 25, 'United Arab Emirates', 22, '2010-08-18 09:34:13'),
(2273, 381, 25, 'Vietnam', 22, '2010-08-18 09:38:18'),
(2274, 382, 25, 'Egypt', 22, '2010-07-29 14:53:21'),
(2275, 383, 25, 'Algeria', 22, '2010-07-29 14:59:29'),
(2276, 384, 25, 'Democratic Republic of the Congo', 22, '2010-07-29 15:09:01'),
(2277, 385, 25, 'Ghana', 22, '2010-07-29 15:18:34'),
(2278, 386, 25, 'Kenya', 22, '2010-07-29 15:40:09'),
(2279, 387, 25, 'Libya', 22, '2010-07-29 15:45:55'),
(2280, 388, 25, 'Marocco', 22, '2010-07-29 15:50:48'),
(2281, 389, 25, 'Mauritius', 22, '2010-07-29 15:57:18'),
(2282, 390, 25, 'Nigeria', 22, '2010-07-29 16:03:56'),
(2283, 391, 25, 'Senegal', 22, '2010-07-29 16:08:19'),
(2284, 392, 25, 'South Africa', 22, '2010-07-29 16:16:37'),
(2285, 393, 25, 'Sudan', 22, '2010-07-29 16:22:59'),
(2286, 394, 25, 'Tunisia', 22, '2010-07-29 16:28:03'),
(2338, 464, 25, 'CV/Resume', 22, '2010-08-20 14:53:29'),
(2342, 451, 25, 'First name', 3, '2010-09-22 08:45:36'),
(2343, 449, 25, 'Salutation', 3, '2010-09-22 08:43:25'),
(2344, 465, 25, 'Message', 2, '2010-04-12 16:36:45'),
(2345, 462, 25, 'State', 3, '2010-09-22 08:43:40'),
(2346, 454, 25, 'E-mail', 3, '2010-09-22 08:43:47'),
(2347, 456, 25, 'Fax', 3, '2010-09-22 08:43:56'),
(2348, 453, 25, 'Company', 3, '2010-09-22 08:44:03'),
(2349, 457, 25, 'Function', 3, '2010-09-22 08:43:08'),
(2350, 463, 25, 'Country', 3, '2010-09-22 08:44:16'),
(2351, 452, 25, 'Last name', 3, '2010-09-22 08:42:39'),
(2352, 461, 25, 'City', 3, '2010-09-22 08:44:31'),
(2353, 460, 25, 'ZIP', 3, '2010-09-22 08:44:40'),
(2354, 459, 25, 'Street', 3, '2010-09-22 08:44:49'),
(2355, 455, 25, 'Phone', 3, '2010-09-22 08:44:57'),
(2356, 450, 25, 'Title', 3, '2010-09-22 08:45:04'),
(2357, 458, 25, 'Company type', 3, '2010-09-22 08:45:14'),
(2365, 271, 16, 'Africa', 22, '2010-07-29 15:14:00'),
(2366, 272, 16, 'Asia', 22, '2010-08-23 14:49:37'),
(2367, 273, 16, 'Oceania', 22, '2010-10-06 16:08:17'),
(2368, 277, 16, 'Europe', 22, '2010-08-23 14:49:23'),
(2369, 274, 16, 'North America', 22, '2010-08-23 14:49:55'),
(2370, 275, 16, 'South America', 22, '2010-08-23 14:50:05'),
(2371, 276, 16, 'Central America', 22, '2010-08-23 14:50:24'),
(2372, 278, 16, 'Costa Rica', 22, '2010-08-18 10:42:36'),
(2373, 279, 16, 'Dominican Republic', 22, '2010-08-18 10:46:16'),
(2374, 280, 16, 'El Salvador', 22, '2010-08-18 10:50:15'),
(2375, 281, 16, 'Guatemala', 22, '2010-08-18 10:53:58'),
(2376, 282, 16, 'Honduras', 22, '2010-08-18 10:58:00'),
(2378, 284, 16, 'Panama', 22, '2010-08-18 11:05:15'),
(2379, 285, 16, 'Argentina', 22, '2010-08-18 09:52:53'),
(2380, 286, 16, 'Bolivia', 22, '2010-08-18 09:56:13'),
(2381, 287, 16, 'Brazil', 22, '2010-08-18 09:59:55'),
(2382, 288, 16, 'Chile', 22, '2010-08-18 10:03:48'),
(2383, 289, 16, 'Ecuador', 22, '2010-08-18 10:08:27'),
(2384, 290, 16, 'Colombia', 22, '2010-08-18 10:12:41'),
(2385, 291, 16, 'Nicaragua', 22, '2010-08-18 10:16:01'),
(2386, 292, 16, 'Netherland Antilles', 22, '2010-08-18 10:21:58'),
(2387, 293, 16, 'Paraguay', 22, '2010-08-18 10:26:02'),
(2388, 294, 16, 'Peru', 22, '2010-08-18 10:30:37'),
(2389, 295, 16, 'Uruguay', 22, '2010-08-18 10:34:12'),
(2390, 296, 16, 'Venezuela', 22, '2010-08-18 10:38:08'),
(2391, 297, 16, 'Canada', 22, '2010-08-18 09:42:25'),
(2392, 298, 16, 'USA', 22, '2010-08-18 09:46:17'),
(2393, 299, 16, 'Australia', 22, '2010-07-29 16:32:33'),
(2394, 300, 16, 'New Zealand', 22, '2010-07-29 16:37:11'),
(2395, 301, 16, 'Albania', 22, '2010-08-18 11:12:45'),
(2396, 302, 16, 'Andorra', 22, '2010-08-18 11:16:39'),
(2397, 303, 16, 'Belgium', 22, '2010-08-18 11:20:16'),
(2398, 304, 16, 'Bosnia-Herzegovina', 22, '2010-08-18 11:24:45'),
(2399, 305, 16, 'Bulgaria', 22, '2010-08-18 11:29:03'),
(2400, 306, 16, 'Denmark', 22, '2010-08-18 11:32:53'),
(2401, 307, 16, 'Germany', 22, '2010-08-18 11:36:56'),
(2402, 308, 16, 'Estonia', 22, '2010-08-18 11:41:28'),
(2403, 309, 16, 'Finland', 22, '2010-08-18 11:51:56'),
(2404, 310, 16, 'France', 22, '2010-08-18 11:57:13'),
(2405, 311, 16, 'Greece', 22, '2010-08-18 12:01:35'),
(2406, 312, 16, 'United Kingdom', 22, '2010-08-18 12:45:25'),
(2407, 313, 16, 'Ireland', 22, '2010-08-18 12:49:43'),
(2408, 314, 16, 'Iceland', 22, '2010-08-18 12:54:27'),
(2409, 315, 16, 'Italy', 22, '2010-08-18 12:58:37'),
(2410, 316, 16, 'Kosovo', 22, '2010-08-18 13:02:39'),
(2411, 317, 16, 'Croatia', 22, '2010-08-18 13:07:02'),
(2412, 318, 16, 'Latvia', 22, '2010-08-18 13:11:03'),
(2413, 319, 16, 'Liechtenstein', 22, '2010-08-18 13:14:46'),
(2414, 320, 16, 'Lithuania', 22, '2010-08-18 13:19:04'),
(2415, 321, 16, 'Luxembourg', 22, '2010-08-18 13:22:51'),
(2416, 322, 16, 'Malta', 22, '2010-08-18 13:26:34'),
(2417, 323, 16, 'Macedonia', 22, '2010-08-18 13:30:33'),
(2418, 324, 16, 'Moldavia', 22, '2010-08-18 13:34:06'),
(2419, 325, 16, 'Montenegro', 22, '2010-08-18 13:37:44'),
(2420, 326, 16, 'Netherlands', 22, '2010-08-18 13:41:41'),
(2421, 327, 16, 'Norway', 22, '2010-08-18 13:45:01'),
(2422, 328, 16, 'Austria', 22, '2010-08-18 13:48:49'),
(2423, 329, 16, 'Poland', 22, '2010-08-18 13:57:14'),
(2424, 330, 16, 'Portugal', 22, '2010-08-18 14:02:12'),
(2425, 331, 16, 'Romania', 22, '2010-08-18 14:05:44'),
(2426, 332, 16, 'Russia', 22, '2010-08-18 14:10:15'),
(2427, 333, 16, 'Sweden', 22, '2010-08-18 14:17:01'),
(2428, 334, 16, 'Switzerland', 22, '2010-08-18 14:20:45'),
(2429, 335, 16, 'Serbia', 22, '2010-08-18 14:25:08'),
(2430, 336, 16, 'Slovakia', 22, '2010-08-18 14:29:01'),
(2431, 337, 16, 'Slovenia', 22, '2010-08-18 14:33:05'),
(2432, 338, 16, 'Spain', 22, '2010-08-18 14:36:56'),
(2433, 339, 16, 'Czech Republic', 22, '2010-08-18 14:41:20'),
(2434, 340, 16, 'Turkey', 22, '2010-08-18 14:45:09'),
(2435, 341, 16, 'Ukraine', 22, '2010-08-18 14:50:42'),
(2436, 342, 16, 'Hungary', 22, '2010-08-18 14:54:24'),
(2437, 343, 16, 'Belarus', 22, '2010-08-18 14:58:14'),
(2438, 344, 16, 'Cyprus', 22, '2010-08-18 15:02:25'),
(2439, 345, 16, 'Afghanistan', 22, '2010-08-05 14:22:57'),
(2440, 346, 16, 'Armenia', 22, '2010-08-05 14:27:43'),
(2441, 347, 16, 'Azerbaidijan', 22, '2010-08-05 14:33:00'),
(2442, 348, 16, 'Bahrain', 22, '2010-08-05 14:37:58'),
(2443, 349, 16, 'Bangladesh', 22, '2010-08-05 14:42:30'),
(2444, 350, 16, 'China', 22, '2010-08-05 16:30:03'),
(2445, 351, 16, 'Georgia', 22, '2010-08-05 16:42:06'),
(2446, 352, 16, 'Hong Kong', 22, '2010-08-05 16:46:59'),
(2447, 353, 16, 'India', 22, '2010-08-05 16:52:42'),
(2448, 354, 16, 'Indonesia', 22, '2010-08-05 16:57:00'),
(2449, 355, 16, 'Iraq', 22, '2010-08-06 14:57:23'),
(2450, 356, 16, 'Iran', 22, '2010-08-06 15:01:55'),
(2451, 357, 16, 'Israel', 22, '2010-08-06 15:06:33'),
(2452, 358, 16, 'Japan', 22, '2010-08-06 15:10:30'),
(2453, 359, 16, 'Yemen', 22, '2010-08-06 15:18:08'),
(2454, 360, 16, 'Jordan', 22, '2010-08-06 15:33:07'),
(2455, 361, 16, 'Cambodia', 22, '2010-08-06 15:37:16'),
(2456, 362, 16, 'Kazakhstan', 22, '2010-08-18 07:48:30'),
(2457, 363, 16, 'Qatar', 22, '2010-08-18 07:53:54'),
(2458, 364, 16, 'Kuwait', 22, '2010-08-18 07:58:04'),
(2459, 365, 16, 'Lebanon', 22, '2010-08-18 08:04:23'),
(2460, 366, 16, 'Malaysia', 22, '2010-08-18 08:08:33'),
(2461, 367, 16, 'Myanmar', 22, '2010-08-18 08:12:46'),
(2462, 368, 16, 'Nepal', 22, '2010-08-18 08:19:35'),
(2463, 369, 16, 'Oman', 22, '2010-08-18 08:23:16'),
(2464, 370, 16, 'Pakistan', 22, '2010-08-18 08:27:34'),
(2465, 371, 16, 'Philippines', 22, '2010-08-18 08:32:51'),
(2466, 372, 16, 'Saudi Arabia', 22, '2010-08-18 08:37:22'),
(2467, 373, 16, 'Singapore', 22, '2010-08-18 08:41:46'),
(2468, 374, 16, 'Sri Lanka', 22, '2010-08-18 08:46:12'),
(2469, 375, 16, 'South Korea', 22, '2010-08-18 08:50:22'),
(2470, 376, 16, 'Syria', 22, '2010-08-18 09:14:34'),
(2471, 377, 16, 'Taiwan', 22, '2010-08-18 09:18:58'),
(2472, 378, 16, 'Thailand', 22, '2010-08-18 09:24:44'),
(2473, 379, 16, 'Uzbekistan', 22, '2010-08-18 09:28:34'),
(2474, 380, 16, 'United Arab Emirates', 22, '2010-08-18 09:33:55'),
(2475, 381, 16, 'Vietnam', 22, '2010-08-18 09:38:01'),
(2476, 382, 16, 'Egypt', 22, '2010-07-29 14:52:58'),
(2477, 383, 16, 'Algeria', 22, '2010-07-29 14:59:07'),
(2478, 384, 16, 'Democratic Republic of the Congo', 22, '2010-07-29 15:08:28'),
(2479, 385, 16, 'Ghana', 22, '2010-07-29 15:18:12'),
(2480, 386, 16, 'Kenya', 22, '2010-07-29 15:39:45'),
(2481, 387, 16, 'Libya', 22, '2010-07-29 15:45:03'),
(2482, 388, 16, 'Marocco', 22, '2010-07-29 15:50:27'),
(2483, 389, 16, 'Mauritius', 22, '2010-07-29 15:56:55'),
(2484, 390, 16, 'Nigeria', 22, '2010-07-29 16:03:36'),
(2485, 391, 16, 'Senegal', 22, '2010-07-29 16:07:28'),
(2486, 392, 16, 'South Africa', 22, '2010-07-29 16:15:54'),
(2487, 393, 16, 'Sudan', 22, '2010-07-29 16:22:37'),
(2488, 394, 16, 'Tunisia', 22, '2010-07-29 16:27:47'),
(2540, 464, 16, 'CV/Resume', 22, '2010-08-20 14:53:06'),
(2544, 451, 16, 'First name', 22, '2010-08-20 15:06:18'),
(2545, 449, 16, 'Salutation', 22, '2010-08-20 15:02:03'),
(2546, 465, 16, 'Message', 22, '2010-08-20 15:02:33'),
(2547, 462, 16, 'State', 22, '2010-08-20 15:03:07'),
(2548, 454, 16, 'E-mail', 22, '2010-08-20 15:03:29'),
(2549, 456, 16, 'Fax', 22, '2010-08-20 15:03:43'),
(2550, 453, 16, 'Company', 22, '2010-08-20 15:03:58'),
(2551, 457, 16, 'Function', 22, '2010-08-20 15:04:14'),
(2552, 463, 16, 'Country', 22, '2010-08-20 15:04:27'),
(2553, 452, 16, 'Last name', 22, '2010-08-20 15:04:40'),
(2554, 461, 16, 'City', 22, '2010-08-20 15:04:53'),
(2555, 460, 16, 'ZIP', 22, '2010-08-20 15:05:07'),
(2556, 459, 16, 'Street', 22, '2010-08-20 15:05:22'),
(2557, 455, 16, 'Phone', 22, '2010-08-20 15:05:35'),
(2558, 450, 16, 'Title', 22, '2010-08-20 15:05:48'),
(2559, 458, 16, 'Company type', 22, '2010-08-20 15:06:02'),
(2567, 271, 17, 'Africa', 22, '2010-07-29 15:14:25'),
(2568, 272, 17, 'Asia', 22, '2010-07-29 14:30:49'),
(2569, 273, 17, 'Oceania', 22, '2010-10-06 16:08:34'),
(2570, 277, 17, 'Europe', 22, '2010-07-29 14:31:02'),
(2571, 274, 17, 'North America', 22, '2010-07-29 14:31:14'),
(2572, 275, 17, 'South America', 22, '2010-07-29 14:31:26'),
(2573, 276, 17, 'Central America', 22, '2010-08-23 14:50:28'),
(2574, 278, 17, 'Costa Rica', 22, '2010-08-18 10:42:45'),
(2575, 279, 17, 'Dominican Republic', 22, '2010-08-18 10:46:25'),
(2576, 280, 17, 'El Salvador', 22, '2010-08-18 10:50:25'),
(2577, 281, 17, 'Guatemala', 22, '2010-08-18 10:54:07'),
(2578, 282, 17, 'Honduras', 22, '2010-08-18 10:58:10'),
(2580, 284, 17, 'Panama', 22, '2010-08-18 11:05:21'),
(2581, 285, 17, 'Argentina', 22, '2010-08-18 09:53:02'),
(2582, 286, 17, 'Bolivia', 22, '2010-08-18 09:56:23'),
(2583, 287, 17, 'Brazil', 22, '2010-08-18 10:00:05'),
(2584, 288, 17, 'Chile', 22, '2010-08-18 10:03:57'),
(2585, 289, 17, 'Ecuador', 22, '2010-08-18 10:08:35'),
(2586, 290, 17, 'Colombia', 22, '2010-08-18 10:12:50'),
(2587, 291, 17, 'Nicaragua', 22, '2010-08-18 10:16:11'),
(2588, 292, 17, 'Netherland Antilles', 22, '2010-08-18 10:22:09'),
(2589, 293, 17, 'Paraguay', 22, '2010-08-18 10:26:10'),
(2590, 294, 17, 'Peru', 22, '2010-08-18 10:30:47'),
(2591, 295, 17, 'Uruguay', 22, '2010-08-18 10:34:21'),
(2592, 296, 17, 'Venezuela', 22, '2010-08-18 10:38:18'),
(2593, 297, 17, 'Canada', 22, '2010-08-18 09:42:33'),
(2594, 298, 17, 'USA', 22, '2010-08-18 09:46:27'),
(2595, 299, 17, 'Australia', 22, '2010-07-29 14:48:28'),
(2596, 300, 17, 'New Zealand', 22, '2010-07-29 14:48:39'),
(2597, 301, 17, 'Albania', 22, '2010-08-18 11:12:54'),
(2598, 302, 17, 'Andorra', 22, '2010-08-18 11:16:47'),
(2599, 303, 17, 'Belgium', 22, '2010-08-18 11:20:25'),
(2600, 304, 17, 'Bosnia-Herzegovina', 22, '2010-08-18 11:24:51'),
(2601, 305, 17, 'Bulgaria', 22, '2010-08-18 11:29:18'),
(2602, 306, 17, 'Denmark', 22, '2010-08-18 11:33:13'),
(2603, 307, 17, 'Germany', 22, '2010-08-18 11:37:04'),
(2604, 308, 17, 'Estonia', 22, '2010-08-18 11:41:37'),
(2605, 309, 17, 'Finland', 22, '2010-08-18 11:52:06'),
(2606, 310, 17, 'France', 22, '2010-08-18 11:57:23'),
(2607, 311, 17, 'Greece', 22, '2010-08-18 12:01:45'),
(2608, 312, 17, 'United Kingdom', 22, '2010-08-18 12:45:42'),
(2609, 313, 17, 'Ireland', 22, '2010-08-18 12:49:54'),
(2610, 314, 17, 'Iceland', 22, '2010-08-18 12:54:37'),
(2611, 315, 17, 'Italy', 22, '2010-08-18 12:58:45'),
(2612, 316, 17, 'Kosovo', 22, '2010-08-18 13:02:49'),
(2613, 317, 17, 'Croatia', 22, '2010-08-18 13:07:12'),
(2614, 318, 17, 'Latvia', 22, '2010-08-18 13:11:13'),
(2615, 319, 17, 'Liechtenstein', 22, '2010-08-18 13:14:59'),
(2616, 320, 17, 'Lithuania', 22, '2010-08-18 13:19:14'),
(2617, 321, 17, 'Luxembourg', 22, '2010-08-18 13:23:01'),
(2618, 322, 17, 'Malta', 22, '2010-08-18 13:26:44'),
(2619, 323, 17, 'Macedonia', 22, '2010-08-18 13:30:45'),
(2620, 324, 17, 'Moldavia', 22, '2010-08-18 13:34:16'),
(2621, 325, 17, 'Montenegro', 22, '2010-08-18 13:37:56'),
(2622, 326, 17, 'Netherlands', 22, '2010-03-30 13:15:23'),
(2623, 327, 17, 'Norway', 22, '2010-08-18 13:45:16'),
(2624, 328, 17, 'Austria', 22, '2010-08-18 13:48:58'),
(2625, 329, 17, 'Poland', 22, '2010-08-18 13:57:26'),
(2626, 330, 17, 'Portugal', 22, '2010-08-18 14:02:22'),
(2627, 331, 17, 'Romania', 22, '2010-08-18 14:05:57'),
(2628, 332, 17, 'Russia', 22, '2010-08-18 14:10:28'),
(2629, 333, 17, 'Sweden', 22, '2010-08-18 14:17:12'),
(2630, 334, 17, 'Switzerland', 22, '2010-08-18 14:20:57'),
(2631, 335, 17, 'Serbia', 22, '2010-08-18 14:25:17'),
(2632, 336, 17, 'Slovakia', 22, '2010-08-18 14:29:22'),
(2633, 337, 17, 'Slovenia', 22, '2010-08-18 14:33:18'),
(2634, 338, 17, 'Spain', 22, '2010-08-18 14:37:08'),
(2635, 339, 17, 'Czech Republic', 22, '2010-08-18 14:41:31'),
(2636, 340, 17, 'Turkey', 22, '2010-08-18 14:45:19'),
(2637, 341, 17, 'Ukraine', 22, '2010-08-18 14:50:53'),
(2638, 342, 17, 'Hungary', 22, '2010-08-18 14:54:34'),
(2639, 343, 17, 'Belarus', 22, '2010-08-18 14:58:26'),
(2640, 344, 17, 'Cyprus', 22, '2010-08-18 15:02:35'),
(2641, 345, 17, 'Afghanistan', 22, '2010-08-05 14:23:11'),
(2642, 346, 17, 'Armenia', 22, '2010-08-05 14:27:59'),
(2643, 347, 17, 'Azerbaidijan', 22, '2010-08-05 14:33:13'),
(2644, 348, 17, 'Bahrain', 22, '2010-08-05 14:38:15'),
(2645, 349, 17, 'Bangladesh', 22, '2010-08-05 14:42:45'),
(2646, 350, 17, 'China', 22, '2010-08-05 16:30:16'),
(2647, 351, 17, 'Georgia', 22, '2010-08-05 16:42:21'),
(2648, 352, 17, 'Hong Kong', 22, '2010-08-05 16:47:12'),
(2649, 353, 17, 'India', 22, '2010-08-05 16:52:54'),
(2650, 354, 17, 'Indonesia', 22, '2010-08-05 16:57:38'),
(2651, 355, 17, 'Iraq', 22, '2010-08-06 14:57:37'),
(2652, 356, 17, 'Iran', 22, '2010-08-06 15:02:03'),
(2653, 357, 17, 'Israel', 22, '2010-08-06 15:06:43'),
(2654, 358, 17, 'Japan', 22, '2010-08-06 15:10:41'),
(2655, 359, 17, 'Yemen', 22, '2010-08-06 15:18:37'),
(2656, 360, 17, 'Jordan', 22, '2010-08-06 15:33:20'),
(2657, 361, 17, 'Cambodia', 22, '2010-08-06 15:37:28'),
(2658, 362, 17, 'Kazakhstan', 22, '2010-08-18 07:48:45'),
(2659, 363, 17, 'Qatar', 22, '2010-08-18 07:54:03'),
(2660, 364, 17, 'Kuwait', 22, '2010-08-18 07:58:14'),
(2661, 365, 17, 'Lebanon', 22, '2010-08-18 08:04:33'),
(2662, 366, 17, 'Malaysia', 22, '2010-08-18 08:08:43'),
(2663, 367, 17, 'Myanmar', 22, '2010-08-18 08:12:53'),
(2664, 368, 17, 'Nepal', 22, '2010-08-18 08:19:45'),
(2665, 369, 17, 'Oman', 22, '2010-08-18 08:23:33'),
(2666, 370, 17, 'Pakistan', 22, '2010-08-18 08:27:44'),
(2667, 371, 17, 'Philippines', 22, '2010-08-18 08:33:01'),
(2668, 372, 17, 'Saudi Arabia', 22, '2010-08-18 08:37:34'),
(2669, 373, 17, 'Singapore', 22, '2010-08-18 08:41:57'),
(2670, 374, 17, 'Sri Lanka', 22, '2010-08-18 08:46:21'),
(2671, 375, 17, 'South Korea', 22, '2010-08-18 08:50:34'),
(2672, 376, 17, 'Syria', 22, '2010-08-18 09:14:46'),
(2673, 377, 17, 'Taiwan', 22, '2010-08-18 09:19:13'),
(2674, 378, 17, 'Thailand', 22, '2010-08-18 09:24:53'),
(2675, 379, 17, 'Uzbekistan', 22, '2010-08-18 09:28:44'),
(2676, 380, 17, 'United Arab Emirates', 22, '2010-08-18 09:34:06'),
(2677, 381, 17, 'Vietnam', 22, '2010-08-18 09:38:11'),
(2678, 382, 17, 'Egypt', 22, '2010-07-29 14:53:12'),
(2679, 383, 17, 'Algeria', 22, '2010-07-29 14:59:21'),
(2680, 384, 17, 'Democratic Republic of the Congo', 22, '2010-07-29 15:08:47'),
(2681, 385, 17, 'Ghana', 22, '2010-07-29 15:18:25'),
(2682, 386, 17, 'Kenya', 22, '2010-07-29 15:39:58'),
(2683, 387, 17, 'Libya', 22, '2010-07-29 15:45:47'),
(2684, 388, 17, 'Marocco', 22, '2010-07-29 15:50:40'),
(2685, 389, 17, 'Mauritius', 22, '2010-07-29 15:57:09'),
(2686, 390, 17, 'Nigeria', 22, '2010-07-29 16:03:49'),
(2687, 391, 17, 'Senegal', 22, '2010-07-29 16:08:12'),
(2688, 392, 17, 'South Africa', 22, '2010-07-29 16:16:17'),
(2689, 393, 17, 'Sudan', 22, '2010-07-29 16:22:51'),
(2690, 394, 17, 'Tunisia', 22, '2010-07-29 16:27:55'),
(2742, 464, 17, 'CV/Resume', 22, '2010-08-20 14:53:20'),
(2746, 451, 17, 'First name', 22, '2010-08-20 15:07:00'),
(2747, 449, 17, 'Salutation', 22, '2010-08-20 15:02:08'),
(2748, 465, 17, 'Message', 22, '2010-08-20 15:02:36'),
(2749, 462, 17, 'State', 22, '2010-08-20 15:03:12'),
(2750, 454, 17, 'E-mail', 22, '2010-08-20 15:03:33'),
(2751, 456, 17, 'Fax', 22, '2010-08-20 15:03:48'),
(2752, 453, 17, 'Company', 22, '2010-08-20 15:04:04'),
(2753, 457, 17, 'Function', 22, '2010-08-20 15:04:18'),
(2754, 463, 17, 'Country', 22, '2010-08-20 15:04:31'),
(2755, 452, 17, 'Last name', 22, '2010-08-20 15:04:44'),
(2756, 461, 17, 'City', 22, '2010-08-20 15:04:57'),
(2757, 460, 17, 'ZIP', 22, '2010-08-20 15:05:11'),
(2758, 459, 17, 'Street', 22, '2010-08-20 15:05:26'),
(2759, 455, 17, 'Phone', 22, '2010-08-20 15:05:38'),
(2760, 450, 17, 'Title', 22, '2010-08-20 15:05:52'),
(2761, 458, 17, 'Company type', 22, '2010-08-20 15:06:06'),
(2766, 275, 15, 'Sudamérica', 21, '2010-08-12 15:08:25'),
(2767, 274, 15, 'Norteamérica', 21, '2010-08-12 15:08:15'),
(2768, 276, 15, 'América Central', 21, '2010-08-12 15:08:37'),
(2769, 277, 15, 'Europa', 21, '2010-08-12 15:08:05'),
(2770, 273, 15, 'Oceanía', 22, '2010-10-06 16:09:13'),
(2771, 272, 15, 'Asia', 21, '2010-08-12 15:07:16'),
(2772, 271, 15, 'África', 22, '2010-10-01 13:55:55'),
(2773, 301, 15, 'Albania', 22, '2010-08-18 11:13:14'),
(2774, 338, 15, 'España', 22, '2010-08-18 14:37:33'),
(2775, 303, 15, 'Bélgica', 22, '2010-08-18 11:20:45'),
(2776, 334, 15, 'Suiza', 22, '2010-08-18 14:21:21'),
(2777, 302, 15, 'Andorra', 22, '2010-08-18 11:17:06'),
(2778, 383, 15, 'Argelia', 22, '2010-07-29 15:00:13'),
(2779, 345, 15, 'Afganistán', 22, '2010-08-05 14:23:53'),
(2780, 285, 15, 'Argentina', 22, '2010-08-18 09:53:22'),
(2781, 346, 15, 'Armenia', 22, '2010-08-05 14:28:39'),
(2782, 347, 15, 'Azerbaiyán', 22, '2010-08-05 14:33:41'),
(2783, 299, 15, 'Australia', 22, '2010-07-29 16:33:00'),
(2784, 328, 15, 'Austria', 22, '2010-08-18 13:49:18'),
(2785, 348, 15, 'Bahrein', 22, '2010-08-05 14:38:49'),
(2786, 349, 15, 'Bangladesch', 22, '2010-08-05 14:43:25'),
(2787, 304, 15, 'Bosnia-Herzegovina', 22, '2010-08-18 11:24:41'),
(2788, 287, 15, 'Brasil', 22, '2010-08-18 10:00:24'),
(2789, 286, 15, 'Bolivia', 22, '2010-08-18 09:56:45'),
(2790, 305, 15, 'Bulgaria', 22, '2010-08-18 11:29:41'),
(2791, 297, 15, 'Canadá', 22, '2010-08-18 09:42:52'),
(2792, 288, 15, 'Chile', 22, '2010-08-18 10:04:20'),
(2793, 350, 15, 'China', 22, '2010-08-05 16:37:21'),
(2794, 278, 15, 'Costa Rica', 22, '2010-08-18 10:43:08'),
(2795, 306, 15, 'Dinamarca', 22, '2010-08-18 11:33:49'),
(2796, 384, 15, 'República Democrática del Congo', 22, '2010-07-29 15:07:52'),
(2797, 307, 15, 'Alemania', 22, '2010-08-18 11:37:23'),
(2798, 279, 15, 'República Dominicana', 22, '2010-08-18 10:46:45'),
(2799, 280, 15, 'El Salvador', 22, '2010-08-18 10:50:44'),
(2800, 308, 15, 'Estonia', 22, '2010-08-18 11:41:56'),
(2801, 309, 15, 'Finlandia', 22, '2010-08-18 11:52:26'),
(2802, 310, 15, 'Francia', 22, '2010-08-18 11:57:42'),
(2803, 351, 15, 'Georgia', 22, '2010-08-05 16:42:53'),
(2804, 311, 15, 'Grecia', 22, '2010-08-18 12:02:05'),
(2805, 281, 15, 'Guatemala', 22, '2010-08-18 10:54:28'),
(2806, 282, 15, 'Honduras', 22, '2010-08-18 10:58:29'),
(2807, 352, 15, 'Hong Kong', 22, '2010-08-05 16:47:40'),
(2808, 353, 15, 'India', 22, '2010-08-05 16:52:35'),
(2809, 354, 15, 'Indonesia', 22, '2010-08-05 16:58:05'),
(2810, 355, 15, 'Irak', 22, '2010-08-06 14:57:11'),
(2811, 356, 15, 'Irán', 22, '2010-08-06 15:01:40'),
(2812, 357, 15, 'Israel', 22, '2010-08-06 15:07:05'),
(2813, 313, 15, 'Irlanda', 22, '2010-08-18 12:50:14'),
(2814, 314, 15, 'Islandia', 22, '2010-08-18 12:54:18'),
(2815, 315, 15, 'Italia', 22, '2010-08-18 12:59:06'),
(2816, 358, 15, 'Japón', 22, '2010-08-06 15:11:04'),
(2817, 359, 15, 'Yemen', 22, '2010-08-06 15:19:19'),
(2818, 360, 15, 'Jordania', 22, '2010-08-06 15:33:52'),
(2819, 361, 15, 'Camboya', 22, '2010-08-06 15:37:06'),
(2820, 362, 15, 'Kazajistán', 22, '2010-08-18 07:49:16'),
(2821, 363, 15, 'Qatar', 22, '2010-08-18 07:54:30'),
(2822, 386, 15, 'Kenia', 22, '2010-07-29 15:40:32'),
(2823, 290, 15, 'Colombia', 22, '2010-08-18 10:13:10'),
(2824, 316, 15, 'Kosovo', 22, '2010-08-18 13:03:14'),
(2825, 317, 15, 'Croacia', 22, '2010-08-18 13:07:36'),
(2826, 364, 15, 'Kuwait', 22, '2010-08-18 07:58:35'),
(2827, 318, 15, 'Letonia', 22, '2010-08-18 13:11:34'),
(2828, 319, 15, 'Liechtenstein', 22, '2010-08-18 13:15:20'),
(2829, 320, 15, 'Lituania', 22, '2010-08-18 13:19:34'),
(2830, 365, 15, 'Líbano', 22, '2010-08-18 08:04:55'),
(2831, 321, 15, 'Luxemburgo', 22, '2010-08-18 13:23:30'),
(2832, 387, 15, 'Libia', 22, '2010-07-29 15:46:21'),
(2833, 366, 15, 'Malasia', 22, '2010-08-18 08:09:06'),
(2834, 322, 15, 'Malta', 22, '2010-08-18 13:27:13'),
(2835, 388, 15, 'Marruecos', 22, '2010-07-29 15:51:19'),
(2836, 389, 15, 'Mauricio', 22, '2010-07-29 15:58:35'),
(2838, 323, 15, 'Macedonia', 22, '2010-08-18 13:31:07'),
(2839, 324, 15, 'Moldavia', 22, '2010-08-18 13:34:35'),
(2840, 325, 15, 'Montenegro', 22, '2010-08-18 13:38:18'),
(2841, 367, 15, 'Myanmar', 22, '2010-08-18 08:13:13'),
(2842, 368, 15, 'Nepal', 22, '2010-08-18 08:20:09'),
(2843, 326, 15, 'Países Bajos (Holanda)', 22, '2010-08-18 13:42:14'),
(2844, 300, 15, 'Nueva Zelanda', 22, '2010-07-29 16:37:46'),
(2845, 292, 15, 'Antillas Holandesas', 22, '2010-08-18 10:22:33'),
(2846, 327, 15, 'Noruega', 22, '2010-08-18 13:45:40'),
(2847, 369, 15, 'Omán', 22, '2010-08-18 08:23:58'),
(2848, 370, 15, 'Pakistán', 22, '2010-08-18 08:28:06'),
(2849, 284, 15, 'Panamá', 22, '2010-08-18 11:05:38'),
(2850, 293, 15, 'Paraguay', 22, '2010-08-18 10:26:31'),
(2851, 294, 15, 'Perú', 22, '2010-08-18 10:31:08'),
(2852, 371, 15, 'Filipinas', 22, '2010-08-18 08:33:22'),
(2853, 329, 15, 'Polonia', 22, '2010-08-18 13:58:31'),
(2854, 330, 15, 'Portugal', 22, '2010-08-18 14:02:47'),
(2855, 331, 15, 'Rumania', 22, '2010-08-18 14:06:24'),
(2856, 392, 15, 'Sudáfrica', 22, '2010-07-29 16:18:11'),
(2857, 391, 15, 'Senegal', 22, '2010-07-29 16:08:43'),
(2858, 372, 15, 'Arabia Saudita', 22, '2010-08-18 08:37:57'),
(2859, 335, 15, 'Serbia', 22, '2010-08-18 14:25:40'),
(2860, 373, 15, 'Singapur', 22, '2010-08-18 08:42:22'),
(2861, 374, 15, 'Sri Lanka', 22, '2010-08-18 08:46:56'),
(2862, 337, 15, 'Eslovenia', 22, '2010-08-18 14:33:47'),
(2863, 336, 15, 'Eslovaquia', 22, '2010-08-18 14:29:42'),
(2864, 333, 15, 'Suecia', 22, '2010-08-18 14:17:34'),
(2865, 376, 15, 'Siria', 22, '2010-08-18 09:15:09'),
(2866, 375, 15, 'Corea del Sur', 22, '2010-08-18 08:51:01'),
(2867, 377, 15, 'Taiwán', 22, '2010-08-18 09:19:34'),
(2868, 378, 15, 'Tailandia', 22, '2010-08-18 09:25:16'),
(2869, 394, 15, 'Túnez', 22, '2010-07-29 16:28:34'),
(2870, 339, 15, 'República Checa', 22, '2010-08-18 14:42:00'),
(2871, 340, 15, 'Turquía', 22, '2010-08-18 14:45:42'),
(2872, 341, 15, 'Ucrania', 22, '2010-08-18 14:51:16'),
(2873, 342, 15, 'Hungría', 22, '2010-08-18 14:54:57'),
(2874, 312, 15, 'Reino Unido', 22, '2010-08-18 12:46:02'),
(2875, 295, 15, 'Uruguay', 22, '2010-08-18 10:34:41'),
(2876, 298, 15, 'Estados Unidos', 22, '2010-08-18 09:46:54'),
(2877, 379, 15, 'Uzbekistán', 22, '2010-08-18 09:29:03'),
(2878, 296, 15, 'Venezuela', 22, '2010-08-18 10:38:35'),
(2879, 380, 15, 'Emiratos Árabes Unidos', 22, '2010-08-18 09:34:25'),
(2880, 381, 15, 'Vietnam', 22, '2010-08-18 09:38:31'),
(2881, 343, 15, 'Bielorrousia', 22, '2010-08-18 14:58:47'),
(2882, 344, 15, 'Chipre', 22, '2010-08-18 15:03:19'),
(2883, 382, 15, 'Egipto', 22, '2010-07-29 14:53:37'),
(2884, 464, 15, 'CV/Resume', 2, '2010-04-19 16:27:16'),
(2885, 449, 15, 'Salutation', 2, '2010-04-19 16:27:32'),
(2886, 465, 15, 'Message', 2, '2010-04-19 16:27:45'),
(2887, 462, 15, 'State', 2, '2010-04-19 16:27:59'),
(2888, 454, 15, 'E-mail', 2, '2010-04-19 16:28:19'),
(2889, 456, 15, 'Fax', 2, '2010-04-19 16:28:26'),
(2890, 453, 15, 'Company', 2, '2010-04-19 16:28:39'),
(2891, 457, 15, 'Function', 2, '2010-04-19 16:28:53'),
(2892, 463, 15, 'Country', 2, '2010-04-19 16:29:06'),
(2893, 452, 15, 'Last name', 2, '2010-04-19 16:29:20'),
(2894, 461, 15, 'City', 2, '2010-04-19 16:29:33'),
(2895, 460, 15, 'ZIP', 2, '2010-04-19 16:29:49'),
(2896, 459, 15, 'Street', 2, '2010-04-19 16:30:01'),
(2897, 455, 15, 'Phone', 2, '2010-04-19 16:30:12'),
(2898, 450, 15, 'Title', 2, '2010-04-19 16:30:24'),
(2899, 458, 15, 'Company type', 2, '2010-04-19 16:30:40'),
(2900, 451, 15, 'First name', 2, '2010-04-19 16:30:54'),
(2904, 275, 14, 'Sudamérica', 22, '2010-09-14 08:33:25'),
(2905, 274, 14, 'Norteamérica', 22, '2010-09-14 08:33:15'),
(2906, 276, 14, 'América Central', 22, '2010-09-14 08:33:35'),
(2907, 277, 14, 'Europa', 22, '2010-09-14 08:33:06'),
(2908, 273, 14, 'Oceanía', 22, '2010-10-06 16:09:00'),
(2909, 272, 14, 'Asia', 22, '2010-09-14 08:32:44'),
(2910, 271, 14, 'África', 22, '2010-07-29 15:14:39'),
(2911, 301, 14, 'Albania', 22, '2010-08-18 11:13:08'),
(2912, 338, 14, 'España', 22, '2010-08-18 14:37:26'),
(2913, 303, 14, 'Bélgica', 22, '2010-08-18 11:20:38'),
(2914, 334, 14, 'Suiza', 22, '2010-08-18 14:21:14'),
(2915, 302, 14, 'Andorra', 22, '2010-08-18 11:17:00'),
(2916, 383, 14, 'Argelia', 22, '2010-07-29 14:59:39'),
(2917, 345, 14, 'Afganistán', 22, '2010-08-05 14:23:40'),
(2918, 285, 14, 'Argentina', 22, '2010-08-18 09:53:16'),
(2919, 346, 14, 'Armenia', 22, '2010-08-05 14:28:28'),
(2920, 347, 14, 'Azerbaiyán', 22, '2010-08-05 14:33:34'),
(2921, 299, 14, 'Australia', 22, '2010-07-29 16:32:56'),
(2922, 328, 14, 'Austria', 22, '2010-08-18 13:49:11'),
(2923, 348, 14, 'Bahrein', 22, '2010-08-05 14:38:40'),
(2924, 349, 14, 'Bangladesh', 22, '2010-08-05 14:43:10'),
(2925, 304, 14, 'Bosnia-Herzegovina', 22, '2010-08-18 11:24:26'),
(2926, 287, 14, 'Brasil', 22, '2010-08-18 10:00:18'),
(2927, 286, 14, 'Bolivia', 22, '2010-08-18 09:56:37'),
(2928, 305, 14, 'Bulgaria', 22, '2010-08-18 11:29:32'),
(2929, 297, 14, 'Canadá', 22, '2010-08-18 09:42:46'),
(2930, 288, 14, 'Chile', 22, '2010-08-18 10:04:14'),
(2931, 350, 14, 'China', 22, '2010-08-05 16:30:37'),
(2932, 278, 14, 'Costa Rica', 22, '2010-08-18 10:43:02'),
(2933, 306, 14, 'Dinamarca', 22, '2010-08-18 11:33:40'),
(2934, 384, 14, 'República Democrática del Congo', 22, '2010-07-29 15:08:01'),
(2935, 307, 14, 'Alemania', 22, '2010-08-18 11:37:18'),
(2936, 279, 14, 'República Dominicana', 22, '2010-08-18 10:46:39'),
(2937, 280, 14, 'El Salvador', 22, '2010-08-18 10:50:38'),
(2938, 308, 14, 'Estonia', 22, '2010-08-18 11:41:50'),
(2939, 309, 14, 'Finlandia', 22, '2010-08-18 11:52:20'),
(2940, 310, 14, 'Francia', 22, '2010-08-18 11:57:36'),
(2941, 351, 14, 'Georgia', 22, '2010-08-05 16:42:44'),
(2942, 311, 14, 'Grecia', 22, '2010-08-18 12:01:59'),
(2943, 281, 14, 'Guatemala', 22, '2010-08-18 10:54:22'),
(2944, 282, 14, 'Honduras', 22, '2010-08-18 10:58:23'),
(2945, 352, 14, 'Hong Kong', 22, '2010-08-05 16:47:32'),
(2946, 353, 14, 'India', 22, '2010-08-05 16:52:27'),
(2947, 354, 14, 'Indonesia', 22, '2010-08-05 16:57:57'),
(2948, 355, 14, 'Irak', 22, '2010-08-06 14:56:56'),
(2949, 356, 14, 'Irán', 22, '2010-08-06 15:01:45'),
(2950, 357, 14, 'Israel', 22, '2010-08-06 15:06:58'),
(2951, 313, 14, 'Irlanda', 22, '2010-08-18 12:50:08'),
(2952, 314, 14, 'Islandia', 22, '2010-08-18 12:54:05'),
(2953, 315, 14, 'Italia', 22, '2010-08-18 12:59:00'),
(2954, 358, 14, 'Japón', 22, '2010-08-06 15:10:55'),
(2955, 359, 14, 'Yemen', 22, '2010-08-06 15:19:11'),
(2956, 360, 14, 'Jordania', 22, '2010-08-06 15:33:43'),
(2957, 361, 14, 'Camboya', 22, '2010-08-06 15:37:01'),
(2958, 362, 14, 'Kazajistán', 22, '2010-08-18 07:49:08'),
(2959, 363, 14, 'Qatar', 22, '2010-08-18 07:54:20'),
(2960, 386, 14, 'Kenia', 22, '2010-07-29 15:40:28'),
(2961, 290, 14, 'Colombia', 22, '2010-08-18 10:13:03'),
(2962, 316, 14, 'Kosovo', 22, '2010-08-18 13:03:07'),
(2963, 317, 14, 'Croacia', 22, '2010-08-18 13:07:29'),
(2964, 364, 14, 'Kuwait', 22, '2010-08-18 07:58:29'),
(2965, 318, 14, 'Letonia', 22, '2010-08-18 13:11:28'),
(2966, 319, 14, 'Liechtenstein', 22, '2010-08-18 13:15:13'),
(2967, 320, 14, 'Lituania', 22, '2010-08-18 13:19:28'),
(2968, 365, 14, 'Líbano', 22, '2010-08-18 08:04:47'),
(2969, 321, 14, 'Luxemburgo', 22, '2010-08-18 13:23:17'),
(2970, 387, 14, 'Libia', 22, '2010-07-29 15:46:04'),
(2971, 366, 14, 'Malasia', 22, '2010-08-18 08:08:59'),
(2972, 322, 14, 'Malta', 22, '2010-08-18 13:27:07'),
(2973, 388, 14, 'Marruecos', 22, '2010-07-29 15:51:01'),
(2974, 389, 14, 'Mauricio', 22, '2010-07-29 15:58:20'),
(2976, 323, 14, 'Macedonia', 22, '2010-08-18 13:31:01'),
(2977, 324, 14, 'Moldavia', 22, '2010-08-18 13:34:29'),
(2978, 325, 14, 'Montenegro', 22, '2010-08-18 13:38:13'),
(2979, 367, 14, 'Myanmar', 22, '2010-08-18 08:13:07'),
(2980, 368, 14, 'Nepal', 22, '2010-08-18 08:19:59'),
(2981, 326, 14, 'Países Bajos (Holanda)', 22, '2010-08-18 13:42:07'),
(2982, 300, 14, 'Nueva Zelanda', 22, '2010-07-29 16:37:42'),
(2983, 292, 14, 'Antillas Holandesas', 22, '2010-08-18 10:22:25'),
(2984, 327, 14, 'Noruega', 22, '2010-08-18 13:45:33'),
(2985, 369, 14, 'Omán', 22, '2010-08-18 08:23:52'),
(2986, 370, 14, 'Pakistán', 22, '2010-08-18 08:28:00'),
(2987, 284, 14, 'Panamá', 22, '2010-08-18 11:05:32'),
(2988, 293, 14, 'Paraguay', 22, '2010-08-18 10:26:24'),
(2989, 294, 14, 'Perú', 22, '2010-08-18 10:31:02'),
(2990, 371, 14, 'Filipinas', 22, '2010-08-18 08:33:16'),
(2991, 329, 14, 'Polonia', 22, '2010-08-18 13:57:42'),
(2992, 330, 14, 'Portugal', 22, '2010-08-18 14:02:40'),
(2993, 331, 14, 'Rumania', 22, '2010-08-18 14:06:16'),
(2994, 392, 14, 'República de Sudáfrica', 22, '2010-07-29 16:16:50'),
(2995, 391, 14, 'Senegal', 22, '2010-07-29 16:08:30'),
(2996, 372, 14, 'Arabia Saudita', 22, '2010-08-18 08:37:50'),
(2997, 335, 14, 'Serbia', 22, '2010-08-18 14:25:34'),
(2998, 373, 14, 'Singapur', 22, '2010-08-18 08:42:13'),
(2999, 374, 14, 'Sri Lanka', 22, '2010-08-18 08:46:36'),
(3000, 337, 14, 'Eslovenia', 22, '2010-08-18 14:33:38'),
(3001, 336, 14, 'Eslovaquia', 22, '2010-08-18 14:29:34'),
(3002, 333, 14, 'Suecia', 22, '2010-08-18 14:17:28'),
(3003, 376, 14, 'Siria', 22, '2010-08-18 09:15:02'),
(3004, 375, 14, 'Corea del Sur', 22, '2010-08-18 08:50:51'),
(3005, 377, 14, 'Taiwán', 22, '2010-08-18 09:19:27'),
(3006, 378, 14, 'Tailandia', 22, '2010-08-18 09:25:07'),
(3007, 394, 14, 'Túnez', 22, '2010-07-29 16:28:20'),
(3008, 339, 14, 'República Checa', 22, '2010-08-18 14:41:52'),
(3009, 340, 14, 'Turquía', 22, '2010-08-18 14:45:36'),
(3010, 341, 14, 'Ucrania', 22, '2010-08-18 14:51:11'),
(3011, 342, 14, 'Hungría', 22, '2010-08-18 14:54:50'),
(3012, 312, 14, 'Reino Unido', 22, '2010-08-18 12:45:56'),
(3013, 295, 14, 'Uruguay', 22, '2010-08-18 10:34:35'),
(3014, 298, 14, 'Estados Unidos', 22, '2010-08-18 09:46:46'),
(3015, 379, 14, 'Uzbekistán', 22, '2010-08-18 09:28:58'),
(3016, 296, 14, 'Venezuela', 22, '2010-08-18 10:38:30'),
(3017, 380, 14, 'Emiratos Árabes Unidos', 22, '2010-08-18 09:34:19');
INSERT INTO `categoryTitles` (`id`, `idCategories`, `idLanguages`, `title`, `idUsers`, `changed`) VALUES
(3018, 381, 14, 'Vietnam', 22, '2010-08-18 09:38:25'),
(3019, 343, 14, 'Bielorrousia', 22, '2010-08-18 14:58:40'),
(3020, 344, 14, 'Chipre', 22, '2010-08-18 15:03:12'),
(3021, 382, 14, 'Egipto', 22, '2010-07-29 14:53:29'),
(3022, 464, 14, 'CV/Resume', 22, '2010-08-20 14:53:36'),
(3023, 449, 14, 'Salutation', 2, '2010-04-19 16:27:32'),
(3024, 465, 14, 'Message', 2, '2010-04-19 16:27:45'),
(3025, 462, 14, 'State', 2, '2010-04-19 16:27:59'),
(3026, 454, 14, 'E-mail', 2, '2010-04-19 16:28:19'),
(3027, 456, 14, 'Fax', 2, '2010-04-19 16:28:26'),
(3028, 453, 14, 'Company', 2, '2010-04-19 16:28:39'),
(3029, 457, 14, 'Function', 2, '2010-04-19 16:28:53'),
(3030, 463, 14, 'Country', 2, '2010-04-19 16:29:06'),
(3031, 452, 14, 'Last name', 2, '2010-04-19 16:29:20'),
(3032, 461, 14, 'City', 2, '2010-04-19 16:29:33'),
(3033, 460, 14, 'ZIP', 2, '2010-04-19 16:29:49'),
(3034, 459, 14, 'Street', 2, '2010-04-19 16:30:01'),
(3035, 455, 14, 'Phone', 2, '2010-04-19 16:30:12'),
(3036, 450, 14, 'Title', 2, '2010-04-19 16:30:24'),
(3037, 458, 14, 'Company type', 2, '2010-04-19 16:30:40'),
(3038, 451, 14, 'First name', 2, '2010-04-19 16:30:54'),
(3057, 29, 2, '1-column with pictures', 3, '2010-07-12 11:38:37'),
(3058, 28, 2, '1-column without pictures', 3, '2010-07-12 11:38:48'),
(3059, 31, 2, '2-columns with pictures', 3, '2010-07-12 11:38:58'),
(3060, 30, 2, '2-columns without pictures', 3, '2010-07-12 11:39:07'),
(3061, 36, 2, 'List with pictures', 3, '2010-07-12 11:39:23'),
(3062, 35, 2, 'List without pictures', 3, '2010-07-12 11:39:38'),
(3063, 43, 2, 'Show similar pages', 3, '2010-07-12 11:39:57'),
(3064, 83, 2, 'left aligned', 3, '2010-07-12 11:40:15'),
(3065, 84, 2, 'right aligned', 3, '2010-07-12 11:40:27'),
(3066, 13, 2, 'Sortorder', 3, '2010-07-12 11:40:40'),
(3067, 14, 2, 'descending', 3, '2010-07-12 11:44:08'),
(3068, 15, 2, 'ascending', 3, '2010-07-12 11:41:42'),
(3069, 16, 2, 'alphabetic', 3, '2010-07-12 11:45:06'),
(3070, 19, 2, 'date of change', 38, '2010-07-13 09:33:41'),
(3071, 18, 2, 'date of creation', 3, '2010-07-12 11:45:33'),
(3072, 17, 2, 'sort', 3, '2010-07-12 11:45:58'),
(3073, 40, 2, 'publishing date', 3, '2010-07-12 11:46:13'),
(3074, 49, 2, 'Event', 3, '2010-07-12 11:46:23'),
(3075, 66, 2, 'include', 3, '2010-07-12 11:46:39'),
(3076, 65, 2, 'do not include', 3, '2010-07-12 11:46:49'),
(3079, 268, 8, 'Страны/Континенты', 38, '2010-07-13 07:53:59'),
(3080, 271, 8, 'Африка', 38, '2010-07-13 07:56:46'),
(3081, 272, 8, 'Азия', 38, '2010-07-13 07:56:33'),
(3082, 273, 8, 'Океания', 22, '2010-10-06 16:10:11'),
(3083, 299, 8, 'Австралия', 38, '2010-07-13 07:55:31'),
(3084, 300, 8, 'Новая Зеландия', 38, '2010-07-13 07:55:52'),
(3085, 277, 8, 'Европа', 38, '2010-07-13 07:56:17'),
(3086, 274, 8, 'Северная Америка', 38, '2010-07-13 07:57:07'),
(3087, 275, 8, 'Южная Америка', 38, '2010-07-13 07:57:40'),
(3088, 276, 8, 'Центральная Америка', 38, '2010-07-13 07:58:05'),
(3089, 301, 8, 'Албания', 38, '2010-07-13 07:58:51'),
(3090, 302, 8, 'Андорра', 38, '2010-07-13 07:59:08'),
(3091, 303, 8, 'Бельгия', 38, '2010-07-13 07:59:25'),
(3092, 304, 8, 'Босния и Герцеговина', 38, '2010-07-13 07:59:46'),
(3093, 305, 8, 'Болгария', 38, '2010-07-13 08:00:02'),
(3094, 306, 8, 'Дания', 38, '2010-07-13 08:00:23'),
(3095, 307, 8, 'Германия', 38, '2010-07-13 08:00:43'),
(3096, 308, 8, 'Эстония', 38, '2010-07-13 08:01:03'),
(3097, 309, 8, 'Финляндия', 38, '2010-07-13 08:01:52'),
(3098, 310, 8, 'Франция', 38, '2010-07-13 08:02:44'),
(3099, 311, 8, 'Греция', 38, '2010-07-13 08:03:06'),
(3100, 312, 8, 'Великобритания', 38, '2010-07-13 08:03:51'),
(3101, 313, 8, 'Ирландия', 38, '2010-07-13 08:04:23'),
(3102, 314, 8, 'Исландия', 38, '2010-07-13 08:05:07'),
(3103, 315, 8, 'Италия', 38, '2010-07-13 08:05:28'),
(3104, 316, 8, 'Косово', 38, '2010-07-13 08:06:19'),
(3105, 317, 8, 'Хорватия', 38, '2010-07-13 08:09:45'),
(3106, 318, 8, 'Латвия', 38, '2010-07-13 08:10:10'),
(3107, 319, 8, 'Лихтенштейн', 38, '2010-07-13 08:10:59'),
(3108, 320, 8, 'Литва', 38, '2010-07-13 08:12:22'),
(3109, 321, 8, 'Люксембург', 38, '2010-07-13 08:13:11'),
(3110, 322, 8, 'Мальта', 38, '2010-07-13 08:13:48'),
(3111, 323, 8, 'Македония', 38, '2010-07-13 08:14:15'),
(3112, 324, 8, 'Молдавия', 38, '2010-07-13 08:14:45'),
(3113, 325, 8, 'Черногория', 38, '2010-07-13 08:15:12'),
(3114, 326, 8, 'Нидерланды', 38, '2010-07-13 08:16:06'),
(3115, 327, 8, 'Норвегия', 38, '2010-07-13 08:25:19'),
(3116, 328, 8, 'Австрия', 38, '2010-07-13 08:25:40'),
(3117, 329, 8, 'Польша', 38, '2010-07-13 08:26:33'),
(3118, 330, 8, 'Португалия', 38, '2010-07-13 08:26:55'),
(3119, 331, 8, 'Румыния', 38, '2010-07-13 08:50:33'),
(3120, 332, 8, 'Россия', 38, '2010-07-13 09:03:00'),
(3121, 333, 8, 'Швеция', 38, '2010-07-13 08:53:34'),
(3122, 334, 8, 'Швейцария', 38, '2010-07-13 08:54:04'),
(3123, 344, 8, 'Кипр', 38, '2010-07-13 08:54:58'),
(3124, 343, 8, 'Беларусь', 38, '2010-07-13 08:56:53'),
(3125, 342, 8, 'Венгрия', 38, '2010-07-13 08:55:48'),
(3126, 341, 8, 'Украина', 38, '2010-07-13 09:00:18'),
(3127, 340, 8, 'Турция', 38, '2010-07-13 09:00:51'),
(3128, 339, 8, 'Чехия', 38, '2010-07-13 09:01:11'),
(3129, 338, 8, 'Испания', 38, '2010-07-13 09:01:26'),
(3130, 337, 8, 'Словения', 38, '2010-07-13 09:01:44'),
(3131, 336, 8, 'Словакия', 38, '2010-07-13 09:02:07'),
(3132, 335, 8, 'Сербия', 38, '2010-07-13 09:02:29'),
(3133, 345, 8, 'Афганистан', 38, '2010-07-13 09:04:19'),
(3134, 346, 8, 'Армения', 38, '2010-07-13 09:04:37'),
(3135, 347, 8, 'Азербайджан', 38, '2010-07-13 09:04:54'),
(3136, 348, 8, 'Бахрейн', 38, '2010-07-13 09:05:09'),
(3137, 349, 8, 'Бангладеш', 38, '2010-07-13 09:05:24'),
(3138, 350, 8, 'Китай', 38, '2010-07-13 09:05:38'),
(3139, 351, 8, 'Грузия', 38, '2010-07-13 09:05:53'),
(3140, 352, 8, 'Гонконг', 38, '2010-07-13 09:06:36'),
(3141, 353, 8, 'Индия', 38, '2010-07-13 09:06:56'),
(3142, 354, 8, 'Индонезия', 38, '2010-07-13 09:07:11'),
(3143, 355, 8, 'Ирак', 38, '2010-07-13 09:07:28'),
(3144, 356, 8, 'Иран', 38, '2010-07-13 09:07:41'),
(3145, 357, 8, 'Израиль', 38, '2010-07-13 09:07:56'),
(3146, 358, 8, 'Япония', 38, '2010-07-13 09:08:10'),
(3147, 359, 8, 'Йемен', 38, '2010-07-13 09:08:27'),
(3148, 360, 8, 'Иордания', 38, '2010-07-13 09:08:44'),
(3149, 361, 8, 'Камбоджа', 38, '2010-07-13 09:09:10'),
(3150, 362, 8, 'Казахстан', 38, '2010-07-13 09:09:28'),
(3151, 363, 8, 'Катар', 38, '2010-07-13 09:09:42'),
(3152, 364, 8, 'Кувейт', 38, '2010-07-13 09:10:06'),
(3153, 365, 8, 'Ливан', 38, '2010-07-13 09:10:26'),
(3154, 366, 8, 'Малайзия', 38, '2010-07-13 09:10:42'),
(3155, 367, 8, 'Мьянма', 38, '2010-07-13 09:11:07'),
(3156, 381, 8, 'Вьетнам', 38, '2010-07-13 09:11:34'),
(3157, 380, 8, 'Объединенные Арабские Эмираты', 38, '2010-07-13 09:11:57'),
(3158, 379, 8, 'Узбекистан', 38, '2010-07-13 09:12:26'),
(3159, 378, 8, 'Таиланд', 38, '2010-07-13 09:12:42'),
(3160, 377, 8, 'Тайвань', 38, '2010-07-13 09:12:58'),
(3161, 376, 8, 'Сирия', 38, '2010-07-13 09:13:16'),
(3162, 375, 8, 'Южная Корея', 38, '2010-07-13 09:13:31'),
(3163, 374, 8, 'Шри-Ланка', 38, '2010-07-13 09:13:55'),
(3164, 373, 8, 'Сингапур', 38, '2010-07-13 09:14:12'),
(3165, 372, 8, 'Саудовская Аравия', 38, '2010-07-13 09:15:02'),
(3166, 371, 8, 'Филиппины', 38, '2010-07-13 09:17:19'),
(3167, 370, 8, 'Пакистан', 38, '2010-07-13 09:17:34'),
(3168, 369, 8, 'Оман', 38, '2010-07-13 09:17:53'),
(3169, 368, 8, 'Непал', 38, '2010-07-13 09:18:11'),
(3170, 382, 8, 'Египет', 38, '2010-07-13 09:18:47'),
(3171, 394, 8, 'Тунис', 38, '2010-07-13 09:19:04'),
(3172, 393, 8, 'Судан', 38, '2010-07-13 09:19:32'),
(3173, 392, 8, 'Южно-Африканская Республика', 38, '2010-07-13 09:20:14'),
(3174, 391, 8, 'Сенегал', 38, '2010-07-13 09:20:31'),
(3175, 390, 8, 'Нигерия', 22, '2010-07-29 16:06:11'),
(3176, 389, 8, 'Маврикий', 22, '2010-07-29 16:01:16'),
(3177, 388, 8, 'Марокко', 38, '2010-07-13 09:21:22'),
(3178, 387, 8, 'Ливия', 38, '2010-07-13 09:22:00'),
(3179, 386, 8, 'Кения', 38, '2010-07-13 09:22:12'),
(3180, 385, 8, 'Гана', 38, '2010-07-13 09:22:25'),
(3181, 384, 8, 'Демократической Республике Конго', 22, '2010-07-29 15:11:58'),
(3182, 383, 8, 'Алжир', 38, '2010-07-13 09:23:39'),
(3183, 297, 8, 'Канада', 38, '2010-07-13 09:24:09'),
(3184, 298, 8, 'США', 38, '2010-07-13 09:24:22'),
(3185, 296, 8, 'Венесуэла', 38, '2010-07-13 09:24:47'),
(3186, 295, 8, 'Уругвай', 38, '2010-07-13 09:25:02'),
(3187, 294, 8, 'Перу', 38, '2010-07-13 09:25:17'),
(3188, 293, 8, 'Парагвай', 38, '2010-07-13 09:25:37'),
(3189, 292, 8, 'Антильские острова', 38, '2010-07-13 09:26:03'),
(3190, 291, 8, 'Никарагуа', 38, '2010-07-13 09:26:18'),
(3191, 290, 8, 'Колумбия', 38, '2010-07-13 09:26:33'),
(3192, 289, 8, 'Эквадор', 38, '2010-07-13 09:26:46'),
(3193, 288, 8, 'Чили', 38, '2010-07-13 09:26:59'),
(3194, 287, 8, 'Бразилия', 38, '2010-07-13 09:27:12'),
(3195, 286, 8, 'Боливия', 38, '2010-07-13 09:27:26'),
(3196, 285, 8, 'Аргентина', 38, '2010-07-13 09:27:40'),
(3197, 278, 8, 'Коста-Рика', 38, '2010-07-13 09:28:18'),
(3198, 279, 8, 'Доминиканская Республика', 38, '2010-07-13 09:29:24'),
(3199, 280, 8, 'Сальвадор', 38, '2010-07-13 09:29:42'),
(3200, 281, 8, 'Гватемала', 38, '2010-07-13 09:29:56'),
(3201, 282, 8, 'Гондурас', 38, '2010-07-13 09:30:10'),
(3203, 284, 8, 'Панама', 38, '2010-07-13 09:30:43'),
(3204, 11, 8, 'Сортировка', 38, '2010-07-13 09:32:12'),
(3205, 13, 8, 'Порядок сортировки', 38, '2010-07-13 09:32:35'),
(3206, 40, 8, 'дата публикации', 38, '2010-07-13 09:33:05'),
(3207, 17, 8, 'сортировка', 38, '2010-07-13 09:33:16'),
(3208, 18, 8, 'дата создания', 38, '2010-07-13 09:33:28'),
(3209, 19, 8, 'дата изменения', 38, '2010-07-13 09:33:53'),
(3210, 16, 8, 'по алфавиту', 38, '2010-07-13 09:34:06'),
(3211, 14, 8, 'по убыванию', 38, '2010-07-13 09:34:31'),
(3212, 15, 8, 'по возрастанию', 38, '2010-07-13 09:34:46'),
(3213, 49, 8, 'Мероприятие', 38, '2010-07-13 09:35:08'),
(3214, 65, 8, 'не включать', 38, '2010-07-13 09:35:51'),
(3215, 66, 8, 'включать', 38, '2010-07-13 09:36:11'),
(3216, 464, 8, 'Биография/Резюме', 38, '2010-07-13 09:37:06'),
(3217, 449, 8, 'Приветствие', 38, '2010-07-13 09:37:23'),
(3218, 465, 8, 'Сообщение', 38, '2010-07-13 09:37:40'),
(3219, 462, 8, 'Край/область', 38, '2010-07-13 09:50:03'),
(3220, 454, 8, 'E-mail', 38, '2010-07-13 09:47:24'),
(3221, 456, 8, 'Факс', 38, '2010-07-13 09:47:42'),
(3222, 453, 8, 'Компания', 38, '2010-07-13 09:47:55'),
(3223, 457, 8, 'Должность', 38, '2010-07-13 09:48:10'),
(3224, 463, 8, 'Страна', 38, '2010-07-13 09:48:25'),
(3225, 452, 8, 'Фамилия', 38, '2010-07-13 09:48:47'),
(3226, 461, 8, 'Город', 38, '2010-07-13 09:49:02'),
(3227, 460, 8, 'Индекс', 38, '2010-07-13 09:49:17'),
(3228, 459, 8, 'Улица', 38, '2010-07-13 09:49:31'),
(3229, 451, 8, 'Имя', 38, '2010-07-13 09:50:22'),
(3230, 458, 8, 'Тип компании', 38, '2010-07-13 09:50:40'),
(3231, 450, 8, 'Звание', 38, '2010-07-13 09:51:52'),
(3232, 455, 8, 'Телефон', 38, '2010-07-13 09:52:06'),
(3233, 43, 8, 'Показать похожие страницы', 38, '2010-07-13 09:52:48'),
(3234, 29, 8, '1 колонка с изображениями', 38, '2010-07-13 09:54:31'),
(3235, 28, 8, '1 колонка без изображений', 38, '2010-07-13 09:54:16'),
(3236, 31, 8, '2 колонки с изображениями', 38, '2010-07-13 09:54:54'),
(3237, 30, 8, '2 колонки без изображений', 38, '2010-07-13 10:01:04'),
(3238, 36, 8, 'Список с изображениями', 38, '2010-07-13 10:01:22'),
(3239, 35, 8, 'Список без изображений', 38, '2010-07-13 10:01:36'),
(3249, 21, 2, 'Page Labels', 22, '2010-07-13 14:30:01'),
(3250, 345, 6, 'Afghanistan', 22, '2010-08-05 14:24:10'),
(3251, 271, 6, 'Afrique ', 22, '2010-07-29 15:15:10'),
(3252, 272, 6, 'Asie', 22, '2010-07-22 10:44:58'),
(3253, 273, 6, 'Océanie ', 22, '2010-10-06 16:09:19'),
(3254, 277, 6, 'Europe', 22, '2010-07-22 10:45:28'),
(3255, 274, 6, 'Amérique du Nord ', 22, '2010-07-22 10:45:40'),
(3256, 275, 6, 'Amérique du Sud ', 22, '2010-07-22 10:45:51'),
(3257, 276, 6, 'Amérique centrale', 22, '2010-07-22 10:46:06'),
(3258, 271, 5, 'Africa', 22, '2010-07-29 15:15:18'),
(3259, 272, 5, 'Asia', 22, '2010-09-21 14:42:41'),
(3260, 273, 5, 'Oceania', 22, '2010-10-06 16:09:31'),
(3261, 277, 5, 'Europa', 29, '2010-09-21 14:41:17'),
(3262, 274, 5, 'America del Nord', 22, '2010-09-21 14:43:11'),
(3263, 275, 5, 'Sudamerica', 22, '2010-09-21 14:43:20'),
(3264, 276, 5, 'America centrale', 22, '2010-09-21 14:43:29'),
(3265, 271, 7, 'Afryka', 22, '2010-07-29 15:15:37'),
(3266, 272, 7, 'Azja', 22, '2010-09-14 15:34:27'),
(3267, 273, 7, 'Oceania', 22, '2010-10-06 16:09:54'),
(3268, 277, 7, 'Europa', 22, '2010-09-14 08:28:58'),
(3269, 274, 7, 'Ameryka Północna', 22, '2010-09-14 15:35:25'),
(3270, 275, 7, 'Ameryka Południowa', 22, '2010-09-14 15:35:38'),
(3271, 276, 7, 'Ameryka Środkowa', 22, '2010-09-14 15:35:54'),
(3272, 271, 18, 'África', 22, '2010-07-29 15:15:43'),
(3273, 272, 18, 'Ásia', 22, '2010-09-02 14:34:23'),
(3274, 273, 18, 'Oceânia', 22, '2010-10-06 16:10:00'),
(3275, 277, 18, 'Europa', 22, '2010-09-02 14:34:52'),
(3276, 274, 18, 'América do Norte', 22, '2010-09-02 14:35:03'),
(3277, 275, 18, 'Ámérica do Sul', 22, '2010-09-02 14:35:14'),
(3278, 276, 18, 'América Central', 22, '2010-09-02 14:35:23'),
(3279, 271, 22, 'Afriko', 22, '2010-07-29 15:15:52'),
(3280, 272, 22, 'Asia', 22, '2010-11-30 14:09:37'),
(3281, 273, 22, 'Oceanija', 22, '2010-10-06 16:10:19'),
(3282, 277, 22, 'Europe', 22, '2010-11-30 14:10:04'),
(3283, 274, 22, 'Severna Amerika', 22, '2010-11-30 14:10:19'),
(3284, 275, 22, 'Južna Amerika', 22, '2010-11-30 14:09:18'),
(3285, 276, 22, 'Srednjo Ameriko', 22, '2010-11-30 14:10:56'),
(3286, 271, 9, 'Afrika', 22, '2010-07-29 15:15:58'),
(3287, 272, 9, 'Asien', 22, '2010-09-02 13:05:51'),
(3288, 273, 9, 'Oceanien', 22, '2010-10-06 16:10:25'),
(3289, 277, 9, 'Europa', 22, '2010-09-02 13:06:14'),
(3290, 274, 9, 'Nordamerika', 22, '2010-09-02 13:06:24'),
(3291, 275, 9, 'Sydamerika', 22, '2010-09-02 13:05:24'),
(3292, 276, 9, 'Centralamerika', 22, '2010-09-02 13:06:41'),
(3293, 271, 24, 'Afrika', 22, '2010-07-29 15:16:03'),
(3294, 272, 24, 'Asya', 22, '2010-07-22 10:58:19'),
(3295, 273, 24, 'Okyanusya', 22, '2010-10-06 16:10:30'),
(3296, 277, 24, 'Avrupa', 22, '2010-07-22 10:58:46'),
(3297, 274, 24, 'Kuzey Amerika', 22, '2010-07-22 10:58:58'),
(3298, 275, 24, 'Güney Amerika', 22, '2010-07-22 10:59:11'),
(3299, 276, 24, 'Orta Amerika', 22, '2010-07-22 10:59:23'),
(3300, 271, 26, 'Afrika', 22, '2010-07-29 15:15:14'),
(3301, 272, 26, 'Azija', 22, '2010-10-01 13:41:56'),
(3302, 273, 26, 'Oceanija', 22, '2010-10-06 16:09:25'),
(3303, 277, 26, 'Europa', 22, '2010-10-01 13:42:18'),
(3304, 274, 26, 'Sjeverna Amerika', 22, '2010-10-01 13:42:30'),
(3305, 275, 26, 'Južna Amerika', 22, '2010-10-01 13:42:39'),
(3306, 276, 26, 'Centralna Amerika', 22, '2010-10-01 13:42:51'),
(3307, 271, 13, 'アフリカ', 22, '2010-07-29 15:15:24'),
(3308, 272, 13, 'アジア', 22, '2010-10-12 15:11:37'),
(3309, 273, 13, 'オセアニア', 22, '2010-10-06 16:09:39'),
(3310, 277, 13, 'ヨーロッパ', 22, '2010-10-12 15:11:49'),
(3311, 274, 13, '北アメリカ', 22, '2010-10-12 15:12:03'),
(3312, 275, 13, '南アメリカ', 22, '2010-10-12 15:12:22'),
(3313, 276, 13, '中央アメリカ', 22, '2010-10-12 15:12:36'),
(3314, 271, 20, '아프리카', 22, '2010-07-29 15:15:29'),
(3315, 272, 20, '아시아', 22, '2010-07-22 11:03:45'),
(3316, 273, 20, '오세아니아', 22, '2010-10-06 16:09:47'),
(3317, 277, 20, '유럽', 22, '2010-07-22 11:04:09'),
(3318, 274, 20, '북아메리카', 22, '2010-07-22 11:04:20'),
(3319, 275, 20, '남아메리카', 22, '2010-07-22 11:04:34'),
(3320, 276, 20, '중앙 아메리카', 22, '2010-07-22 11:04:47'),
(3321, 268, 2, 'Countries / Continents', 22, '2010-07-29 14:40:15'),
(3323, 382, 6, 'Egypte', 22, '2010-07-29 14:54:40'),
(3324, 382, 26, 'Egipat', 22, '2010-07-29 14:55:01'),
(3325, 382, 5, 'Egitto', 22, '2010-07-29 14:55:20'),
(3326, 382, 13, 'エジプト', 22, '2010-07-29 14:55:44'),
(3327, 382, 20, '이집트', 22, '2010-07-29 14:56:10'),
(3328, 382, 7, 'Egipt', 22, '2010-07-29 14:56:26'),
(3329, 382, 18, 'Egito', 22, '2010-07-29 14:56:44'),
(3330, 382, 22, 'Egipta', 22, '2010-07-29 14:57:06'),
(3331, 382, 9, 'Egypten', 22, '2010-07-29 14:57:19'),
(3332, 382, 24, 'Mısır', 22, '2010-07-29 14:57:36'),
(3334, 383, 24, 'Cezayir', 22, '2010-07-29 15:00:36'),
(3335, 383, 6, 'Algérie', 22, '2010-07-29 15:00:56'),
(3336, 383, 26, 'Alžir', 22, '2010-07-29 15:01:13'),
(3337, 383, 5, 'Algeria', 22, '2010-07-29 15:01:34'),
(3338, 383, 13, 'アルジェリア', 22, '2010-07-29 15:02:02'),
(3339, 383, 20, '알제리', 22, '2010-07-29 15:02:28'),
(3340, 383, 7, 'Algieria', 22, '2010-07-29 15:02:55'),
(3341, 383, 18, 'Argélia', 22, '2010-07-29 15:03:18'),
(3342, 383, 22, 'Alžirijo', 22, '2010-07-29 15:03:40'),
(3343, 383, 9, 'Algeriet', 22, '2010-07-29 15:04:09'),
(3345, 384, 26, 'Demokratska Republika Kongo', 22, '2010-07-29 15:09:43'),
(3346, 384, 5, 'Repubblica Democratica del Congo', 22, '2010-07-29 15:10:12'),
(3347, 384, 13, 'コンゴ民主共和国', 22, '2010-07-29 15:10:32'),
(3348, 384, 20, '콩고 민주 공화국', 22, '2010-07-29 15:11:01'),
(3349, 384, 7, 'Demokratyczna Republika Kongo', 22, '2010-07-29 15:11:19'),
(3350, 384, 18, 'República Democrática do Congo', 22, '2010-07-29 15:11:38'),
(3351, 384, 22, 'Demokratična republika Kongo', 22, '2010-07-29 15:12:22'),
(3352, 384, 9, 'Demokratiska republiken Kongo', 22, '2010-07-29 15:12:40'),
(3353, 384, 24, 'Demokratik Kongo Cumhuriyeti', 22, '2010-07-29 15:13:05'),
(3355, 385, 24, 'Gana', 22, '2010-07-29 15:17:20'),
(3356, 385, 3, 'Ghana', 22, '2010-07-29 15:17:53'),
(3357, 385, 14, 'Ghana', 22, '2010-07-29 15:19:34'),
(3359, 385, 15, 'Ghana', 22, '2010-07-29 15:19:54'),
(3360, 385, 6, 'Ghana', 22, '2010-07-29 15:36:24'),
(3361, 385, 26, 'Gana', 22, '2010-07-29 15:36:50'),
(3362, 385, 5, 'Ghana', 22, '2010-07-29 15:37:08'),
(3363, 385, 13, 'ガーナ', 22, '2010-07-29 15:37:26'),
(3364, 385, 20, '아프리카 서부의 공화국', 22, '2010-07-29 15:37:57'),
(3365, 385, 7, 'Ghana', 22, '2010-07-29 15:38:20'),
(3366, 385, 18, 'Gana', 22, '2010-07-29 15:38:39'),
(3367, 385, 22, 'Gane', 22, '2010-07-29 15:39:01'),
(3368, 385, 9, 'Ghana', 22, '2010-07-29 15:39:17'),
(3370, 386, 6, 'Kenya', 22, '2010-07-29 15:41:17'),
(3371, 386, 26, 'Kenija', 22, '2010-07-29 15:41:34'),
(3372, 386, 5, 'Kenia', 22, '2010-07-29 15:41:51'),
(3373, 386, 13, 'ケニア', 22, '2010-07-29 15:42:20'),
(3374, 386, 20, '케냐', 22, '2010-07-29 15:42:40'),
(3375, 386, 7, 'Kenia', 22, '2010-07-29 15:42:58'),
(3376, 386, 18, 'Quênia', 22, '2010-07-29 15:43:16'),
(3377, 386, 22, 'Keniji', 22, '2010-07-29 15:43:36'),
(3378, 386, 9, 'Kenya', 22, '2010-07-29 15:43:53'),
(3379, 386, 24, 'Kenya', 22, '2010-07-29 15:44:11'),
(3381, 387, 6, 'Libye', 22, '2010-07-29 15:46:57'),
(3382, 387, 26, 'Libija', 22, '2010-07-29 15:47:18'),
(3383, 387, 5, 'Libia', 22, '2010-07-29 15:47:39'),
(3384, 387, 13, 'リビア', 22, '2010-07-29 15:48:00'),
(3385, 387, 20, '리비아', 22, '2010-07-29 15:48:18'),
(3386, 387, 7, 'Libia', 22, '2010-07-29 15:48:38'),
(3387, 387, 18, 'Líbia', 22, '2010-07-29 15:48:54'),
(3388, 387, 22, 'Libijo', 22, '2010-07-29 15:49:16'),
(3389, 387, 9, 'Libyen', 22, '2010-07-29 15:49:34'),
(3390, 387, 24, 'Libya', 22, '2010-07-29 15:49:51'),
(3392, 388, 6, 'Maroc', 22, '2010-07-29 15:51:44'),
(3393, 388, 26, 'Maroko', 22, '2010-07-29 15:52:08'),
(3394, 388, 5, 'Marocco', 22, '2010-07-29 15:52:24'),
(3395, 388, 13, 'モロッコ', 22, '2010-07-29 15:52:41'),
(3396, 388, 20, 'Marocco', 22, '2010-07-29 15:53:02'),
(3397, 388, 18, 'Marocco', 22, '2010-07-29 15:53:19'),
(3398, 388, 22, 'Maroko', 22, '2010-07-29 15:53:42'),
(3399, 388, 9, 'Marocko', 22, '2010-07-29 15:54:00'),
(3400, 388, 24, 'Fas', 22, '2010-07-29 15:54:21'),
(3402, 389, 6, 'Ile Maurice', 22, '2010-07-29 15:59:17'),
(3403, 389, 26, 'Mauritius', 22, '2010-07-29 15:59:33'),
(3404, 389, 5, 'Mauritius', 22, '2010-07-29 15:59:53'),
(3405, 389, 13, 'モーリシャス', 22, '2010-07-29 16:00:18'),
(3406, 389, 20, '모리셔스', 22, '2010-07-29 16:00:36'),
(3407, 389, 7, 'Mauritius', 22, '2010-07-29 16:00:51'),
(3408, 389, 18, 'Maurícia', 22, '2010-07-29 16:01:06'),
(3409, 389, 22, 'Mauritius', 22, '2010-07-29 16:01:31'),
(3410, 389, 9, 'Mauritius', 22, '2010-07-29 16:01:47'),
(3411, 389, 24, 'Mauritius', 22, '2010-07-29 16:02:05'),
(3412, 390, 3, 'Nigeria', 22, '2010-07-29 16:02:45'),
(3413, 390, 14, 'Nigeria', 22, '2010-07-29 16:02:54'),
(3415, 390, 15, 'Nigeria', 22, '2010-07-29 16:03:09'),
(3416, 390, 6, 'Nigeria', 22, '2010-07-29 16:04:13'),
(3417, 390, 26, 'Nigerija', 22, '2010-07-29 16:04:27'),
(3418, 390, 5, 'Nigeria', 22, '2010-07-29 16:04:45'),
(3419, 390, 13, 'ナイジェリア', 22, '2010-07-29 16:05:04'),
(3420, 390, 20, '나이지리아', 22, '2010-07-29 16:05:22'),
(3421, 390, 7, 'Nigeria', 22, '2010-07-29 16:05:38'),
(3422, 390, 18, 'Nigéria', 22, '2010-07-29 16:05:53'),
(3423, 390, 22, 'Nigeriji', 22, '2010-07-29 16:06:29'),
(3424, 390, 9, 'Nigeria', 22, '2010-07-29 16:06:44'),
(3425, 390, 24, 'Nijerya', 22, '2010-07-29 16:07:03'),
(3427, 391, 6, 'Sénégal', 22, '2010-07-29 16:08:58'),
(3428, 391, 26, 'Senegal', 22, '2010-07-29 16:09:15'),
(3429, 391, 5, 'Senegal', 22, '2010-07-29 16:11:11'),
(3430, 391, 13, 'セネガル', 22, '2010-07-29 16:11:29'),
(3431, 391, 20, '세네갈', 22, '2010-07-29 16:11:47'),
(3432, 391, 7, 'Senegal', 22, '2010-07-29 16:12:00'),
(3433, 391, 18, 'Senegal', 22, '2010-07-29 16:12:17'),
(3434, 391, 22, 'Senegal', 22, '2010-07-29 16:12:40'),
(3435, 391, 9, 'Senegal', 22, '2010-07-29 16:12:58'),
(3436, 391, 24, 'Senegal', 22, '2010-07-29 16:14:53'),
(3438, 392, 6, 'Afrique du Sud', 22, '2010-07-29 16:19:08'),
(3439, 392, 26, 'Južnoafrička Republika', 22, '2010-07-29 16:19:30'),
(3440, 392, 5, 'Sudafrica', 22, '2010-07-29 16:19:46'),
(3441, 392, 13, '南アフリカ', 22, '2010-07-29 16:20:03'),
(3442, 392, 20, '남아 프리카 공화국', 22, '2010-07-29 16:20:24'),
(3443, 392, 7, 'Republika Południowej Afryki', 22, '2010-07-29 16:20:42'),
(3444, 392, 18, 'África do Sul', 22, '2010-07-29 16:20:56'),
(3445, 392, 22, 'Južna Afrika', 22, '2010-07-29 16:21:17'),
(3446, 392, 9, 'Sydafrika', 22, '2010-07-29 16:21:38'),
(3447, 392, 24, 'Güney Afrika', 22, '2010-07-29 16:21:59'),
(3448, 393, 14, 'Sudán', 22, '2010-07-29 16:23:25'),
(3449, 393, 3, 'Sudán', 22, '2010-07-29 16:23:33'),
(3451, 393, 15, 'Sudán', 22, '2010-07-29 16:23:52'),
(3452, 393, 6, 'Soudan', 22, '2010-07-29 16:24:09'),
(3453, 393, 26, 'Sudan', 22, '2010-07-29 16:24:40'),
(3454, 393, 5, 'Sudan', 22, '2010-07-29 16:24:56'),
(3455, 393, 13, 'スーダン', 22, '2010-07-29 16:25:10'),
(3456, 393, 20, '수단', 22, '2010-07-29 16:25:29'),
(3457, 393, 7, 'Sudan', 22, '2010-07-29 16:25:47'),
(3458, 393, 18, 'Sudão', 22, '2010-07-29 16:26:03'),
(3459, 393, 22, 'Sudan', 22, '2010-07-29 16:26:25'),
(3460, 393, 9, 'Sudan', 22, '2010-07-29 16:26:43'),
(3461, 393, 24, 'Sudan', 22, '2010-07-29 16:27:04'),
(3463, 394, 6, 'Tunisie', 22, '2010-07-29 16:28:58'),
(3464, 394, 26, 'Tunis', 22, '2010-07-29 16:29:34'),
(3465, 394, 5, 'Tunisia', 22, '2010-07-29 16:29:49'),
(3466, 394, 13, 'チュニジア', 22, '2010-07-29 16:30:04'),
(3467, 394, 20, '튀니지', 22, '2010-07-29 16:30:26'),
(3468, 394, 7, 'Tunezja', 22, '2010-07-29 16:30:43'),
(3469, 394, 18, 'Tunísia', 22, '2010-07-29 16:31:00'),
(3470, 394, 22, 'Tunizijo', 22, '2010-07-29 16:31:21'),
(3471, 394, 9, 'Tunisien', 22, '2010-07-29 16:31:38'),
(3472, 394, 24, 'Tunus', 22, '2010-07-29 16:31:55'),
(3474, 299, 6, 'Australie', 22, '2010-07-29 16:33:53'),
(3475, 299, 26, 'Australija', 22, '2010-07-29 16:34:11'),
(3476, 299, 5, 'Australia', 22, '2010-07-29 16:34:35'),
(3477, 299, 13, 'オーストラリア', 22, '2010-07-29 16:34:52'),
(3478, 299, 20, '오스트 레일 리아', 22, '2010-07-29 16:35:10'),
(3479, 299, 7, 'Australia', 22, '2010-07-29 16:35:26'),
(3480, 299, 18, 'Austrália', 22, '2010-07-29 16:35:43'),
(3481, 299, 22, 'Australia', 22, '2010-07-29 16:36:09'),
(3482, 299, 9, 'Australien', 22, '2010-07-29 16:36:27'),
(3483, 299, 24, 'Avustralya', 22, '2010-07-29 16:36:44'),
(3485, 300, 6, 'Nouvelle-Zélande', 22, '2010-07-29 16:38:42'),
(3486, 300, 26, 'Novi Zeland', 22, '2010-07-29 16:38:58'),
(3487, 300, 5, 'Nuova Zelanda', 22, '2010-07-29 16:39:16'),
(3488, 300, 13, 'ニュージーランド', 22, '2010-07-29 16:39:33'),
(3489, 300, 20, '뉴질랜드', 22, '2010-07-29 16:39:54'),
(3490, 300, 7, 'Nowa Zelandia', 22, '2010-07-29 16:40:10'),
(3491, 300, 18, 'Nova Zelândia', 22, '2010-07-29 16:40:31'),
(3492, 300, 22, 'Novo Zelandijo', 22, '2010-07-29 16:40:52'),
(3493, 300, 9, 'Nya Zeeland', 22, '2010-07-29 16:41:09'),
(3494, 300, 24, 'Yeni Zelanda', 22, '2010-07-29 16:41:24'),
(3504, 275, 27, 'Sudamérica', 3, '2010-04-16 16:21:28'),
(3505, 274, 27, 'Norteamérica', 3, '2010-04-16 16:22:26'),
(3506, 276, 27, 'América Central', 3, '2010-04-16 16:23:03'),
(3507, 277, 27, 'Europa', 3, '2010-04-16 16:23:37'),
(3508, 273, 27, 'Oceanía', 22, '2010-10-06 16:09:08'),
(3509, 272, 27, 'Asia', 3, '2010-04-16 16:24:24'),
(3510, 271, 27, 'África', 3, '2010-04-16 16:24:51'),
(3511, 301, 27, 'Albania', 22, '2010-04-19 09:49:31'),
(3512, 338, 27, 'España', 22, '2010-04-19 11:05:45'),
(3513, 303, 27, 'Bélgica', 22, '2010-04-19 09:57:33'),
(3514, 334, 27, 'Suiza', 22, '2010-04-19 11:07:24'),
(3515, 302, 27, 'Andorra', 22, '2010-04-19 09:50:34'),
(3516, 383, 27, 'Argelia', 22, '2010-04-19 09:48:05'),
(3517, 345, 27, 'Afganistán', 22, '2010-08-05 14:23:45'),
(3518, 285, 27, 'Argentina', 22, '2010-04-19 10:00:38'),
(3519, 346, 27, 'Armenia', 22, '2010-04-19 09:52:45'),
(3520, 347, 27, 'Azerbaiyán', 22, '2010-04-19 09:53:38'),
(3521, 299, 27, 'Australia', 22, '2010-04-19 09:54:26'),
(3522, 328, 27, 'Austria', 22, '2010-04-19 09:55:14'),
(3523, 348, 27, 'Bahrein', 22, '2010-04-19 09:56:20'),
(3524, 349, 27, 'Bangladesh', 22, '2010-08-05 14:43:15'),
(3525, 304, 27, 'Bosnia-Herzegovina', 22, '2010-08-18 11:24:32'),
(3526, 287, 27, 'Brasil', 22, '2010-04-19 09:59:30'),
(3527, 286, 27, 'Bolivia', 22, '2010-04-19 10:00:14'),
(3528, 305, 27, 'Bulgaria', 22, '2010-04-19 10:01:05'),
(3529, 297, 27, 'Canadá', 22, '2010-04-19 10:02:08'),
(3530, 288, 27, 'Chile', 22, '2010-04-19 10:02:51'),
(3531, 350, 27, 'China', 22, '2010-04-19 10:03:50'),
(3532, 278, 27, 'Costa Rica', 22, '2010-04-19 10:06:08'),
(3533, 306, 27, 'Dinamarca', 22, '2010-04-19 10:06:54'),
(3534, 384, 27, 'República Democrática del Congo', 22, '2010-07-29 15:07:30'),
(3535, 307, 27, 'Alemania', 22, '2010-04-19 10:08:28'),
(3536, 279, 27, 'República Dominicana', 22, '2010-04-19 10:09:19'),
(3537, 280, 27, 'El Salvador', 22, '2010-04-19 10:10:41'),
(3538, 308, 27, 'Estonia', 22, '2010-04-19 10:11:48'),
(3539, 309, 27, 'Finlandia', 22, '2010-04-19 10:12:04'),
(3540, 310, 27, 'Francia', 22, '2010-04-19 10:12:39'),
(3541, 351, 27, 'Georgia', 22, '2010-04-19 10:13:11'),
(3542, 311, 27, 'Grecia', 22, '2010-04-19 10:13:53'),
(3543, 281, 27, 'Guatemala', 22, '2010-04-19 10:14:35'),
(3544, 282, 27, 'Honduras', 22, '2010-04-19 10:15:12'),
(3545, 352, 27, 'Hong Kong', 22, '2010-04-19 11:22:44'),
(3546, 353, 27, 'India', 22, '2010-04-19 10:16:52'),
(3547, 354, 27, 'Indonesia', 22, '2010-04-19 10:17:12'),
(3548, 355, 27, 'Irak', 22, '2010-08-06 14:57:03'),
(3549, 356, 27, 'Irán', 22, '2010-04-19 10:18:29'),
(3550, 357, 27, 'Israel', 22, '2010-04-19 10:19:09'),
(3551, 313, 27, 'Irlanda', 22, '2010-04-19 10:19:57'),
(3552, 314, 27, 'Islandia', 22, '2010-08-18 12:54:10'),
(3553, 315, 27, 'Italia', 22, '2010-04-19 10:22:12'),
(3554, 358, 27, 'Japón', 22, '2010-04-19 10:22:58'),
(3555, 359, 27, 'Yemen', 22, '2010-04-19 10:23:33'),
(3556, 360, 27, 'Jordania', 22, '2010-04-19 10:24:16'),
(3557, 361, 27, 'Camboya', 22, '2010-04-19 10:25:04'),
(3558, 362, 27, 'Kazajistán', 22, '2010-04-19 10:25:20'),
(3559, 363, 27, 'Qatar', 22, '2010-04-19 10:26:06'),
(3560, 386, 27, 'Kenia', 22, '2010-04-19 11:24:40'),
(3561, 290, 27, 'Colombia', 22, '2010-04-19 10:28:19'),
(3562, 316, 27, 'Kosovo', 22, '2010-04-19 10:28:58'),
(3563, 317, 27, 'Croacia', 22, '2010-04-19 10:29:30'),
(3564, 364, 27, 'Kuwait', 22, '2010-04-19 10:30:39'),
(3565, 318, 27, 'Letonia', 22, '2010-04-19 10:31:15'),
(3566, 319, 27, 'Liechtenstein', 22, '2010-04-19 10:31:34'),
(3567, 320, 27, 'Lituania', 22, '2010-04-19 10:32:08'),
(3568, 365, 27, 'Líbano', 22, '2010-04-19 10:33:16'),
(3569, 321, 27, 'Luxemburgo', 22, '2010-04-19 10:37:35'),
(3570, 387, 27, 'Libia', 22, '2010-04-19 10:38:16'),
(3571, 366, 27, 'Malasia', 22, '2010-04-19 10:39:09'),
(3572, 322, 27, 'Malta', 22, '2010-04-19 10:39:50'),
(3573, 388, 27, 'Marruecos', 22, '2010-04-19 10:40:22'),
(3574, 389, 27, 'Mauricio', 22, '2010-07-29 15:58:26'),
(3576, 323, 27, 'Macedonia', 22, '2010-04-19 10:43:30'),
(3577, 324, 27, 'Moldavia', 22, '2010-04-19 10:44:51'),
(3578, 325, 27, 'Montenegro', 22, '2010-04-19 10:45:34'),
(3579, 367, 27, 'Myanmar', 22, '2010-04-19 10:46:33'),
(3580, 368, 27, 'Nepal', 22, '2010-08-18 08:20:05'),
(3581, 326, 27, 'Países Bajos (Holanda)', 22, '2010-04-19 10:47:59'),
(3582, 300, 27, 'Nueva Zelanda', 22, '2010-04-19 10:48:23'),
(3583, 292, 27, 'Antillas Holandesas', 22, '2010-04-19 10:49:49'),
(3584, 327, 27, 'Noruega', 22, '2010-04-19 10:50:56'),
(3585, 369, 27, 'Omán', 22, '2010-04-19 10:51:59'),
(3586, 370, 27, 'Pakistán', 22, '2010-04-19 10:52:23'),
(3587, 284, 27, 'Panamá', 22, '2010-04-19 10:53:33'),
(3588, 293, 27, 'Paraguay', 22, '2010-04-19 10:54:15'),
(3589, 294, 27, 'Perú', 22, '2010-04-19 10:54:45'),
(3590, 371, 27, 'Filipinas', 22, '2010-04-19 10:56:37'),
(3591, 329, 27, 'Polonia', 22, '2010-04-19 10:57:19'),
(3592, 330, 27, 'Portugal', 22, '2010-04-19 10:57:37'),
(3593, 331, 27, 'Rumania', 22, '2010-04-19 10:58:08'),
(3594, 392, 27, 'Sudáfrica', 22, '2010-07-29 16:18:19'),
(3595, 391, 27, 'Senegal', 22, '2010-07-29 16:07:52'),
(3596, 372, 27, 'Arabia Saudita', 22, '2010-04-19 11:01:14'),
(3597, 335, 27, 'Serbia', 22, '2010-04-19 11:12:36'),
(3598, 373, 27, 'Singapur', 22, '2010-04-19 11:02:38'),
(3599, 374, 27, 'Sri Lanka', 22, '2010-04-19 11:08:43'),
(3600, 337, 27, 'Eslovenia', 22, '2010-04-19 11:03:50'),
(3601, 336, 27, 'Eslovaquia', 22, '2010-04-19 11:04:56'),
(3602, 333, 27, 'Suecia', 22, '2010-04-19 11:06:46'),
(3603, 376, 27, 'Siria', 22, '2010-04-19 11:08:02'),
(3604, 375, 27, 'Corea del Sur', 22, '2010-04-19 11:08:13'),
(3605, 377, 27, 'Taiwán', 22, '2010-04-19 11:09:14'),
(3606, 378, 27, 'Tailandia', 22, '2010-08-18 09:25:13'),
(3607, 394, 27, 'Túnez', 22, '2010-04-19 11:10:35'),
(3608, 339, 27, 'República Checa', 22, '2010-04-19 11:11:11'),
(3609, 340, 27, 'Turquía', 22, '2010-04-19 11:11:50'),
(3610, 341, 27, 'Ucrania', 38, '2010-07-13 09:00:04'),
(3611, 342, 27, 'Hungría', 22, '2010-04-19 11:13:37'),
(3612, 312, 27, 'Reino Unido', 22, '2010-04-19 11:14:04'),
(3613, 295, 27, 'Uruguay', 22, '2010-04-19 11:14:39'),
(3614, 298, 27, 'Estados Unidos', 22, '2010-04-19 11:15:14'),
(3615, 379, 27, 'Uzbekistán', 22, '2010-04-19 11:16:02'),
(3616, 296, 27, 'Venezuela', 22, '2010-04-19 11:16:40'),
(3617, 380, 27, 'Emiratos Árabes Unidos', 22, '2010-04-19 11:17:10'),
(3618, 381, 27, 'Vietnam', 22, '2010-04-19 11:18:00'),
(3619, 343, 27, 'Bielorrousia', 38, '2010-07-13 08:57:19'),
(3620, 344, 27, 'Chipre', 22, '2010-04-19 11:19:22'),
(3621, 382, 27, 'Egipto', 22, '2010-04-19 11:21:58'),
(3622, 464, 27, 'CV/Resume', 2, '2010-04-19 16:27:16'),
(3623, 449, 27, 'Salutation', 2, '2010-04-19 16:27:32'),
(3624, 465, 27, 'Message', 2, '2010-04-19 16:27:45'),
(3625, 462, 27, 'State', 2, '2010-04-19 16:27:59'),
(3626, 454, 27, 'E-mail', 2, '2010-04-19 16:28:19'),
(3627, 456, 27, 'Fax', 2, '2010-04-19 16:28:26'),
(3628, 453, 27, 'Company', 2, '2010-04-19 16:28:39'),
(3629, 457, 27, 'Function', 2, '2010-04-19 16:28:53'),
(3630, 463, 27, 'Country', 2, '2010-04-19 16:29:06'),
(3631, 452, 27, 'Last name', 2, '2010-04-19 16:29:20'),
(3632, 461, 27, 'City', 2, '2010-04-19 16:29:33'),
(3633, 460, 27, 'ZIP', 2, '2010-04-19 16:29:49'),
(3634, 459, 27, 'Street', 2, '2010-04-19 16:30:01'),
(3635, 455, 27, 'Phone', 2, '2010-04-19 16:30:12'),
(3636, 450, 27, 'Title', 2, '2010-04-19 16:30:24'),
(3637, 458, 27, 'Company type', 2, '2010-04-19 16:30:40'),
(3638, 451, 27, 'First name', 2, '2010-04-19 16:30:54'),
(3641, 385, 27, 'Ghana', 22, '2010-07-29 15:17:53'),
(3642, 390, 27, 'Nigeria', 22, '2010-07-29 16:02:45'),
(3643, 393, 27, 'Sudán', 22, '2010-07-29 16:23:33'),
(3644, 345, 26, 'Afganistan', 22, '2010-08-05 14:24:26'),
(3645, 345, 5, 'Afghanistan', 22, '2010-08-05 14:24:48'),
(3646, 345, 13, 'アフガニスタン', 22, '2010-08-05 14:25:07'),
(3647, 345, 20, '아프가 니스탄', 22, '2010-08-05 14:25:25'),
(3648, 345, 7, 'Afganistan', 22, '2010-08-05 14:25:39'),
(3649, 345, 18, 'Afeganistão', 22, '2010-08-05 14:25:59'),
(3650, 345, 22, 'Afganistanu', 22, '2010-08-05 14:26:20'),
(3651, 345, 9, 'Afghanistan', 22, '2010-08-05 14:26:34'),
(3652, 345, 24, 'Afganistan', 22, '2010-08-05 14:26:51'),
(3653, 346, 24, 'Ermenistan', 22, '2010-08-05 14:27:28'),
(3654, 346, 6, 'Arménie', 22, '2010-08-05 14:28:56'),
(3655, 346, 26, 'Armenija', 22, '2010-08-05 14:29:14'),
(3656, 346, 5, 'Armenia', 22, '2010-08-05 14:29:30'),
(3657, 346, 13, 'アルメニア', 22, '2010-08-05 14:29:49'),
(3658, 346, 20, '아르메니아', 22, '2010-08-05 14:30:06'),
(3659, 346, 7, 'Armenia', 22, '2010-08-05 14:30:22'),
(3660, 346, 18, 'Armênia', 22, '2010-08-05 14:30:40'),
(3661, 346, 22, 'Armenijo', 22, '2010-08-05 14:30:59'),
(3662, 346, 9, 'Armenien', 22, '2010-08-05 14:31:16'),
(3663, 347, 9, 'Azerbaidijan', 22, '2010-08-05 14:32:31'),
(3664, 347, 6, 'Azerbaidijan', 22, '2010-08-05 14:34:04'),
(3665, 347, 26, 'Azerbaidijan', 22, '2010-08-05 14:34:17'),
(3666, 347, 5, 'Azerbaidijan', 22, '2010-08-05 14:34:34'),
(3667, 347, 13, 'Azerbaidijan', 22, '2010-08-05 14:34:53'),
(3668, 347, 20, 'Azerbaidijan', 22, '2010-08-05 14:35:10'),
(3669, 347, 7, 'Azerbaidijan', 22, '2010-08-05 14:35:28'),
(3670, 347, 18, 'Azerbaidijan', 22, '2010-08-05 14:35:50'),
(3671, 347, 22, 'Azerbaidijan', 22, '2010-08-05 14:36:11'),
(3672, 347, 24, 'Azerbaidijan', 22, '2010-08-05 14:36:36'),
(3673, 348, 24, 'Bahreyn', 22, '2010-08-05 14:37:34'),
(3674, 348, 6, 'Bahreïn', 22, '2010-08-05 14:39:07'),
(3675, 348, 26, 'Bahrain', 22, '2010-08-05 14:39:26'),
(3676, 348, 5, 'Bahrain', 22, '2010-08-05 14:39:42'),
(3677, 348, 13, 'バーレーン', 22, '2010-08-05 14:39:58'),
(3678, 348, 20, '바레인', 22, '2010-08-05 14:40:14'),
(3679, 348, 7, 'Bahrajn', 22, '2010-08-05 14:40:32'),
(3680, 348, 18, 'Bahrain', 22, '2010-08-05 14:40:51'),
(3681, 348, 22, 'Bahrain', 22, '2010-08-05 14:41:10'),
(3682, 348, 9, 'Bahrain', 22, '2010-08-05 14:41:28'),
(3683, 349, 6, 'Bangladesh', 22, '2010-08-05 14:43:43'),
(3684, 349, 26, 'Bangladeš', 22, '2010-08-05 14:43:59'),
(3685, 349, 5, 'Bangladesh', 22, '2010-08-05 14:44:16'),
(3686, 349, 13, 'バングラデシュ', 22, '2010-08-05 14:44:38'),
(3687, 349, 20, '방글라데시', 22, '2010-08-05 14:44:59'),
(3688, 349, 7, 'Bangladesz', 22, '2010-08-05 14:45:15'),
(3689, 349, 18, 'Bangladesh', 22, '2010-08-05 14:45:32'),
(3690, 349, 22, 'Bangladešu', 22, '2010-08-05 14:45:51'),
(3691, 349, 9, 'Bangladesh', 22, '2010-08-05 14:46:07'),
(3692, 349, 24, 'Bangladeş', 22, '2010-08-05 14:46:27'),
(3693, 350, 26, 'Kina', 22, '2010-08-05 16:38:02'),
(3694, 350, 5, 'China', 22, '2010-08-05 16:38:46'),
(3695, 350, 13, '中国', 22, '2010-08-05 16:39:06'),
(3696, 350, 20, '중국', 22, '2010-08-05 16:39:35'),
(3697, 350, 7, 'Chiny', 22, '2010-08-05 16:39:53'),
(3698, 350, 18, 'China', 22, '2010-08-05 16:40:11'),
(3699, 350, 22, 'Kitajsko', 22, '2010-08-05 16:40:37'),
(3700, 350, 9, 'Kina', 22, '2010-08-05 16:40:53'),
(3701, 350, 24, 'Çin', 22, '2010-08-05 16:41:11'),
(3702, 351, 24, 'Georgia', 22, '2010-08-05 16:41:41'),
(3703, 351, 6, 'Géorgie', 22, '2010-08-05 16:43:14'),
(3704, 351, 26, 'Gruzija', 22, '2010-08-05 16:43:32'),
(3705, 351, 5, 'Georgia', 22, '2010-08-05 16:43:50'),
(3706, 351, 13, 'ジョージア', 22, '2010-08-05 16:44:09'),
(3707, 351, 20, '그루지야', 22, '2010-08-05 16:44:26'),
(3708, 351, 7, 'Gruzja', 22, '2010-08-05 16:44:46'),
(3709, 351, 18, 'Geórgia', 22, '2010-08-05 16:45:02'),
(3710, 351, 22, 'Georgia', 22, '2010-08-05 16:45:27'),
(3711, 351, 9, 'Georgien', 22, '2010-08-05 16:45:42'),
(3712, 352, 9, 'Hongkong', 22, '2010-08-05 16:46:11'),
(3713, 352, 6, 'Hong-Kong', 22, '2010-08-05 16:47:56'),
(3714, 352, 26, 'Hong Kong', 22, '2010-08-05 16:48:18'),
(3715, 352, 5, 'Hong Kong', 22, '2010-08-05 16:48:32'),
(3716, 352, 13, '香港', 22, '2010-08-05 16:48:49'),
(3717, 352, 20, '홍콩', 22, '2010-08-05 16:49:07'),
(3718, 352, 7, 'Hongkong', 22, '2010-08-05 16:49:27'),
(3719, 352, 18, 'Hong Kong', 22, '2010-08-05 16:49:48'),
(3720, 352, 22, 'Hong Kong', 22, '2010-08-05 16:50:14'),
(3721, 352, 24, 'Hong Kong', 22, '2010-08-05 16:50:31'),
(3722, 353, 24, 'Hindistan', 22, '2010-08-05 16:52:07'),
(3723, 353, 6, 'Inde', 22, '2010-08-05 16:53:29'),
(3724, 353, 26, 'Indija', 22, '2010-08-05 16:53:45'),
(3725, 353, 5, 'India', 22, '2010-08-05 16:54:04'),
(3726, 353, 13, 'インド', 22, '2010-08-05 16:54:22'),
(3727, 353, 20, '인도', 22, '2010-08-05 16:54:46'),
(3728, 353, 7, 'Indie', 22, '2010-08-05 16:55:03'),
(3729, 353, 18, 'Índia', 22, '2010-08-05 16:55:22'),
(3730, 353, 22, 'Indijo', 22, '2010-08-05 16:55:43'),
(3731, 353, 9, 'Indien', 22, '2010-08-05 16:55:57'),
(3732, 354, 6, 'Indonésie', 22, '2010-08-05 16:58:19'),
(3733, 354, 26, 'Indonezija', 22, '2010-08-05 16:58:33'),
(3734, 354, 5, 'Indonesia', 22, '2010-08-05 16:58:54'),
(3735, 354, 13, 'インドネシア', 22, '2010-08-05 16:59:08'),
(3736, 354, 20, '인도네시아', 22, '2010-08-05 16:59:24'),
(3737, 354, 7, 'Indonezja', 22, '2010-08-05 16:59:38'),
(3738, 354, 18, 'Indonésia', 22, '2010-08-05 16:59:54'),
(3739, 354, 22, 'Indonezijski', 22, '2010-08-05 17:00:13'),
(3740, 354, 9, 'Indonesien', 22, '2010-08-05 17:00:30'),
(3741, 354, 24, 'Endonezya', 22, '2010-08-05 17:00:52'),
(3742, 355, 6, 'Irak', 22, '2010-08-06 14:58:06'),
(3743, 355, 26, 'Irak', 22, '2010-08-06 14:58:18'),
(3744, 355, 5, 'Iraq', 22, '2010-08-06 14:58:40'),
(3745, 355, 13, 'イラク', 22, '2010-08-06 14:58:59'),
(3746, 355, 20, '이라크', 22, '2010-08-06 14:59:17'),
(3747, 355, 7, 'Irak', 22, '2010-08-06 14:59:35'),
(3748, 355, 18, 'Iraque', 22, '2010-08-06 14:59:50'),
(3749, 355, 22, 'Iraku', 22, '2010-08-06 15:00:07'),
(3750, 355, 9, 'Irak', 22, '2010-08-06 15:00:24'),
(3751, 355, 24, 'Irak', 22, '2010-08-06 15:00:39'),
(3752, 356, 24, 'İran', 22, '2010-08-06 15:01:15'),
(3753, 356, 6, 'Iran', 22, '2010-08-06 15:02:40'),
(3754, 356, 26, 'Iran', 22, '2010-08-06 15:02:53'),
(3755, 356, 5, 'Iran', 22, '2010-08-06 15:03:09'),
(3756, 356, 13, 'イラン', 22, '2010-08-06 15:03:33'),
(3757, 356, 20, '이란', 22, '2010-08-06 15:03:48'),
(3758, 356, 7, 'Iran', 22, '2010-08-06 15:04:05'),
(3759, 356, 18, 'Irã', 22, '2010-08-06 15:04:27'),
(3760, 356, 22, 'Iran', 22, '2010-08-06 15:04:52'),
(3761, 356, 9, 'Iran', 22, '2010-08-06 15:05:09'),
(3762, 357, 9, 'Israel', 22, '2010-08-06 15:06:19'),
(3763, 357, 6, 'Israël', 22, '2010-08-06 15:07:32'),
(3764, 357, 26, 'Izrael', 22, '2010-08-06 15:07:51'),
(3765, 357, 5, 'Israele', 22, '2010-08-06 15:08:07'),
(3766, 357, 13, 'イスラエル', 22, '2010-08-06 15:08:23'),
(3767, 357, 20, '이스라엘', 22, '2010-08-06 15:08:40'),
(3768, 357, 7, 'Izrael', 22, '2010-08-06 15:08:57'),
(3769, 357, 18, 'Israel', 22, '2010-08-06 15:09:17'),
(3770, 357, 22, 'Izrael', 22, '2010-08-06 15:09:36'),
(3771, 357, 24, 'İsrail', 22, '2010-08-06 15:09:53'),
(3772, 358, 6, 'Japon', 22, '2010-08-06 15:11:39'),
(3773, 358, 26, 'Japan', 22, '2010-08-06 15:11:52'),
(3774, 358, 5, 'Giappone', 22, '2010-08-06 15:12:09'),
(3775, 358, 13, '日本', 22, '2010-08-06 15:12:35'),
(3776, 358, 20, '일본', 22, '2010-08-06 15:12:50'),
(3777, 358, 7, 'Japonia', 22, '2010-08-06 15:13:12'),
(3778, 358, 18, 'Japão', 22, '2010-08-06 15:13:33'),
(3779, 358, 22, 'Japan', 22, '2010-08-06 15:14:18'),
(3780, 358, 9, 'Japan', 22, '2010-08-06 15:14:35'),
(3781, 358, 24, 'Japonya', 22, '2010-08-06 15:15:06'),
(3782, 359, 6, 'Yémen', 22, '2010-08-06 15:19:42'),
(3783, 359, 26, 'Jemen', 22, '2010-08-06 15:20:19'),
(3784, 359, 5, 'Yemen', 22, '2010-08-06 15:20:35'),
(3785, 359, 13, 'イエメン', 22, '2010-08-06 15:20:52'),
(3786, 359, 20, '예멘 아랍 공화국', 22, '2010-08-06 15:21:12'),
(3787, 359, 7, 'Jemen', 22, '2010-08-06 15:21:33'),
(3788, 359, 18, 'Iémen', 22, '2010-08-06 15:21:51'),
(3789, 359, 22, 'Jemen', 22, '2010-08-06 15:22:12'),
(3790, 359, 9, 'Jemen', 22, '2010-08-06 15:22:29'),
(3791, 359, 24, 'Yemen', 22, '2010-08-06 15:22:50'),
(3792, 360, 24, 'Ürdün', 22, '2010-08-06 15:31:53'),
(3793, 360, 6, 'Jordanie', 22, '2010-08-06 15:34:09'),
(3794, 360, 26, 'Jordan', 22, '2010-08-06 15:34:28'),
(3795, 360, 5, 'Giordania', 22, '2010-08-06 15:34:47'),
(3796, 360, 13, 'ジョーダン', 22, '2010-08-06 15:35:00'),
(3797, 360, 20, '요르단', 22, '2010-08-06 15:35:20'),
(3798, 360, 7, 'Jordania', 22, '2010-08-06 15:35:35'),
(3799, 360, 18, 'Jordânia', 22, '2010-08-06 15:35:50'),
(3800, 360, 22, 'Jordan', 22, '2010-08-06 15:36:15'),
(3801, 360, 9, 'Jordanien', 22, '2010-08-06 15:36:32'),
(3802, 361, 6, 'Cambodge', 22, '2010-08-06 15:38:12'),
(3803, 361, 26, 'Kambodža', 22, '2010-08-06 15:38:30'),
(3804, 361, 5, 'Cambogia', 22, '2010-08-06 15:38:45'),
(3805, 361, 13, 'カンボジア', 22, '2010-08-06 15:39:04'),
(3806, 361, 20, '캄보디아', 22, '2010-08-06 15:39:24'),
(3807, 361, 7, 'Kambodża', 22, '2010-08-06 15:39:43'),
(3808, 361, 18, 'Camboja', 22, '2010-08-06 15:40:02'),
(3809, 361, 22, 'Kambodža', 22, '2010-08-06 15:40:26'),
(3810, 361, 9, 'Kambodja', 22, '2010-08-06 15:40:46'),
(3811, 361, 24, 'Kamboçya', 22, '2010-08-06 15:41:03'),
(3817, 362, 6, 'Kazakhstan', 22, '2010-08-18 07:49:50'),
(3818, 362, 26, 'Kazahstan', 22, '2010-08-18 07:50:55'),
(3819, 362, 5, 'Kazakistan', 22, '2010-08-18 07:51:13'),
(3820, 362, 13, 'カザフスタン', 22, '2010-08-18 07:51:33'),
(3821, 362, 20, '카자흐스탄', 22, '2010-08-18 07:51:52'),
(3822, 362, 7, 'Kazachstan', 22, '2010-08-18 07:52:07'),
(3823, 362, 18, 'Cazaquistão', 22, '2010-08-18 07:52:26'),
(3824, 362, 22, 'Kazahstana', 22, '2010-08-18 07:52:48'),
(3825, 362, 9, 'Kazakstan', 22, '2010-08-18 07:53:09'),
(3826, 362, 24, 'Kazakistan', 22, '2010-08-18 07:53:25'),
(3827, 363, 24, 'Katar', 22, '2010-08-18 07:54:48'),
(3828, 363, 6, 'Qatar', 22, '2010-08-18 07:55:15'),
(3829, 363, 26, 'Katar', 22, '2010-08-18 07:55:32'),
(3830, 363, 5, 'Qatar', 22, '2010-08-18 07:55:50'),
(3831, 363, 13, 'カタール', 22, '2010-08-18 07:56:06'),
(3832, 363, 20, '카타르', 22, '2010-08-18 07:56:28'),
(3833, 363, 7, 'Katar', 22, '2010-08-18 07:56:46'),
(3834, 363, 18, 'Catar', 22, '2010-08-18 07:57:03'),
(3835, 363, 22, 'Katar', 22, '2010-08-18 07:57:23'),
(3836, 363, 9, 'Qatar', 22, '2010-08-18 07:57:39'),
(3837, 364, 6, 'Koweit', 22, '2010-08-18 07:58:58'),
(3838, 364, 26, 'Kuvajt', 22, '2010-08-18 07:59:17'),
(3839, 364, 5, 'Kuwait', 22, '2010-08-18 07:59:36'),
(3840, 364, 13, 'クウェート', 22, '2010-08-18 08:00:05'),
(3841, 364, 20, '쿠웨이트', 22, '2010-08-18 08:00:28'),
(3842, 364, 7, 'Kuwejt', 22, '2010-08-18 08:00:45'),
(3843, 364, 18, 'Kuweit', 22, '2010-08-18 08:01:08'),
(3844, 364, 22, 'Kuwait', 22, '2010-08-18 08:01:31'),
(3845, 364, 9, 'Kuwait', 22, '2010-08-18 08:01:48'),
(3846, 364, 24, 'Kuveyt', 22, '2010-08-18 08:02:04'),
(3847, 365, 6, 'Liban', 22, '2010-08-18 08:05:15'),
(3848, 365, 26, 'Liban', 22, '2010-08-18 08:05:32'),
(3849, 365, 5, 'Libano', 22, '2010-08-18 08:05:51'),
(3850, 365, 13, 'レバノン', 22, '2010-08-18 08:06:09'),
(3851, 365, 20, '레바논', 22, '2010-08-18 08:06:28'),
(3852, 365, 7, 'Liban', 22, '2010-08-18 08:06:48'),
(3853, 365, 18, 'Líbano', 22, '2010-08-18 08:07:05'),
(3854, 365, 22, 'Libanonu', 22, '2010-08-18 08:07:28'),
(3855, 365, 9, 'Libanon', 22, '2010-08-18 08:07:46'),
(3856, 365, 24, 'Lübnan', 22, '2010-08-18 08:08:05'),
(3857, 366, 6, 'Malaisie', 22, '2010-08-18 08:09:20'),
(3858, 366, 26, 'Malezija', 22, '2010-08-18 08:09:36'),
(3859, 366, 5, 'Malaysia', 22, '2010-08-18 08:09:53'),
(3860, 366, 13, 'マレーシア', 22, '2010-08-18 08:10:10'),
(3861, 366, 20, '말레이시아', 22, '2010-08-18 08:10:39'),
(3862, 366, 7, 'Malezja', 22, '2010-08-18 08:10:58'),
(3863, 366, 18, 'Malásia', 22, '2010-08-18 08:11:15'),
(3864, 366, 22, 'Malezije', 22, '2010-08-18 08:11:37'),
(3865, 366, 9, 'Malaysia', 22, '2010-08-18 08:11:53'),
(3866, 366, 24, 'Malezya', 22, '2010-08-18 08:12:14'),
(3867, 367, 6, 'Myanmar', 22, '2010-08-18 08:13:49'),
(3868, 367, 26, 'Mianmar', 22, '2010-08-18 08:14:03'),
(3869, 367, 5, 'Myanmar', 22, '2010-08-18 08:14:26'),
(3870, 367, 13, 'ミャンマー', 22, '2010-08-18 08:14:44'),
(3871, 367, 20, '미얀마', 22, '2010-08-18 08:15:05'),
(3872, 367, 7, 'Myanmar', 22, '2010-08-18 08:15:33'),
(3873, 367, 18, 'Mianmar', 22, '2010-08-18 08:16:00'),
(3874, 367, 22, 'Mjanmaru', 22, '2010-08-18 08:16:19'),
(3875, 367, 9, 'Myanmar', 22, '2010-08-18 08:16:40'),
(3876, 367, 24, 'Myanmar', 22, '2010-08-18 08:17:40'),
(3877, 368, 6, 'Népal', 22, '2010-08-18 08:20:30'),
(3878, 368, 26, 'Nepal', 22, '2010-08-18 08:20:44'),
(3879, 368, 5, 'Nepal', 22, '2010-08-18 08:20:58'),
(3880, 368, 13, 'ネパール', 22, '2010-08-18 08:21:17'),
(3881, 368, 20, '네팔', 22, '2010-08-18 08:21:36'),
(3882, 368, 7, 'Nepal', 22, '2010-08-18 08:21:53'),
(3883, 368, 18, 'Nepal', 22, '2010-08-18 08:22:08'),
(3884, 368, 22, 'Nepal', 22, '2010-08-18 08:22:26'),
(3885, 368, 9, 'Nepal', 22, '2010-08-18 08:22:41'),
(3886, 368, 24, 'Nepal', 22, '2010-08-18 08:22:54'),
(3887, 369, 6, 'Oman', 22, '2010-08-18 08:24:20'),
(3888, 369, 26, 'Oman', 22, '2010-08-18 08:24:35'),
(3889, 369, 5, 'Oman', 22, '2010-08-18 08:24:55'),
(3890, 369, 13, 'オマーン', 22, '2010-08-18 08:25:12'),
(3891, 369, 20, '오만', 22, '2010-08-18 08:25:30'),
(3892, 369, 7, 'Oman', 22, '2010-08-18 08:25:46'),
(3893, 369, 18, 'Oman', 22, '2010-08-18 08:26:02'),
(3894, 369, 22, 'Oman', 22, '2010-08-18 08:26:22'),
(3895, 369, 9, 'Oman', 22, '2010-08-18 08:26:37'),
(3896, 369, 24, 'Umman', 22, '2010-08-18 08:26:53'),
(3897, 370, 6, 'Pakistan', 22, '2010-08-18 08:28:27'),
(3898, 370, 26, 'Pakistan', 22, '2010-08-18 08:28:40'),
(3899, 370, 5, 'Pakistan', 22, '2010-08-18 08:28:57'),
(3900, 370, 13, 'パキスタン', 22, '2010-08-18 08:29:16'),
(3901, 370, 20, '파키스탄', 22, '2010-08-18 08:31:08'),
(3902, 370, 7, 'Pakistan', 22, '2010-08-18 08:31:24'),
(3903, 370, 18, 'Paquistão', 22, '2010-08-18 08:31:47'),
(3904, 370, 22, 'Pakistan', 22, '2010-08-18 08:32:04'),
(3905, 370, 9, 'Pakistan', 22, '2010-08-18 08:32:23'),
(3906, 370, 24, 'Pakistan', 22, '2010-08-18 08:32:30'),
(3907, 371, 6, 'Philippines', 22, '2010-08-18 08:34:28'),
(3908, 371, 26, 'Filipini', 22, '2010-08-18 08:34:43'),
(3909, 371, 5, 'Filippine', 22, '2010-08-18 08:34:59'),
(3910, 371, 13, 'フィリピン', 22, '2010-08-18 08:35:13'),
(3911, 371, 20, '필리핀', 22, '2010-08-18 08:35:31'),
(3912, 371, 7, 'Filipiny', 22, '2010-08-18 08:35:47'),
(3913, 371, 18, 'Filipinas', 22, '2010-08-18 08:36:03'),
(3914, 371, 22, 'Filipinov', 22, '2010-08-18 08:36:27'),
(3915, 371, 9, 'Filippinerna', 22, '2010-08-18 08:36:41'),
(3916, 371, 24, 'Filipinler', 22, '2010-08-18 08:37:02'),
(3917, 372, 6, 'Arabie Saoudite', 22, '2010-08-18 08:38:30'),
(3918, 372, 26, 'Saudijska Arabija', 22, '2010-08-18 08:38:48'),
(3919, 372, 5, 'Arabia Saudita', 22, '2010-08-18 08:39:06'),
(3920, 372, 13, 'サウジアラビア', 22, '2010-08-18 08:39:23'),
(3921, 372, 20, '사우디 아라비아', 22, '2010-08-18 08:39:41'),
(3922, 372, 7, 'Arabia Saudyjska', 22, '2010-08-18 08:40:00'),
(3923, 372, 18, 'Arábia Saudita', 22, '2010-08-18 08:40:16'),
(3924, 372, 22, 'Savdska Arabija', 22, '2010-08-18 08:40:41'),
(3925, 372, 9, 'Saudi-Arabien', 22, '2010-08-18 08:41:08'),
(3926, 372, 24, 'Suudi Arabistan', 22, '2010-08-18 08:41:24'),
(3927, 373, 6, 'Singapour', 22, '2010-08-18 08:42:43'),
(3928, 373, 26, 'Singapur', 22, '2010-08-18 08:43:16'),
(3929, 373, 5, 'Singapore', 22, '2010-08-18 08:43:46'),
(3930, 373, 13, 'シンガポール', 22, '2010-08-18 08:44:02'),
(3931, 373, 20, '싱가포르', 22, '2010-08-18 08:44:18'),
(3932, 373, 7, 'Singapur', 22, '2010-08-18 08:44:37'),
(3933, 373, 18, 'Cingapura', 22, '2010-08-18 08:44:51'),
(3934, 373, 22, 'Singapore', 22, '2010-08-18 08:45:11'),
(3935, 373, 9, 'Singapore', 22, '2010-08-18 08:45:29'),
(3936, 373, 24, 'Singapur', 22, '2010-08-18 08:45:44'),
(3937, 374, 6, 'Sri Lanka', 22, '2010-08-18 08:47:18'),
(3938, 374, 26, 'Šri Lanka', 22, '2010-08-18 08:47:34'),
(3939, 374, 5, 'Sri Lanka', 22, '2010-08-18 08:47:49'),
(3940, 374, 13, 'スリランカ', 22, '2010-08-18 08:48:04'),
(3941, 374, 20, '스리랑카', 22, '2010-08-18 08:48:26'),
(3942, 374, 7, 'Sri Lanka', 22, '2010-08-18 08:48:45'),
(3943, 374, 18, 'Sri Lanka', 22, '2010-08-18 08:49:16'),
(3944, 374, 22, 'Šri Lanka', 22, '2010-08-18 08:49:36'),
(3945, 374, 9, 'Sri Lanka', 22, '2010-08-18 08:49:50'),
(3946, 374, 24, 'Sri Lanka', 22, '2010-08-18 08:50:02'),
(3947, 375, 6, 'Corée du Sud', 22, '2010-08-18 08:51:22'),
(3948, 375, 26, 'Južna Koreja', 22, '2010-08-18 08:51:49'),
(3949, 375, 5, 'Corea del Sud', 22, '2010-08-18 08:52:13'),
(3950, 375, 13, '韓国', 22, '2010-08-18 08:52:32'),
(3951, 375, 20, '대한민국', 22, '2010-08-18 08:52:49'),
(3952, 375, 7, 'Korea Południowa', 22, '2010-08-18 08:53:06'),
(3953, 375, 18, 'Coréia do Sul', 22, '2010-08-18 08:53:21'),
(3954, 375, 22, 'Južna Koreja', 22, '2010-08-18 08:53:49'),
(3955, 375, 9, 'Sydkorea', 22, '2010-08-18 08:54:07'),
(3956, 375, 24, 'Güney Kore', 22, '2010-08-18 08:54:27'),
(3957, 376, 6, 'Syrie', 22, '2010-08-18 09:16:16'),
(3958, 376, 26, 'Sirija', 22, '2010-08-18 09:16:29'),
(3959, 376, 5, 'Siria', 22, '2010-08-18 09:16:43'),
(3960, 376, 13, 'シリア', 22, '2010-08-18 09:17:00'),
(3961, 376, 20, '시리아', 22, '2010-08-18 09:17:17'),
(3962, 376, 7, 'Syria', 22, '2010-08-18 09:17:31'),
(3963, 376, 18, 'Síria', 22, '2010-08-18 09:17:48'),
(3964, 376, 22, 'Sirijo', 22, '2010-08-18 09:18:12'),
(3965, 376, 9, 'Syrien', 22, '2010-08-18 09:18:30'),
(3966, 376, 24, 'Suriye', 22, '2010-08-18 09:18:45');
INSERT INTO `categoryTitles` (`id`, `idCategories`, `idLanguages`, `title`, `idUsers`, `changed`) VALUES
(3967, 377, 6, 'Taiwan', 22, '2010-08-18 09:19:54'),
(3968, 377, 26, 'Tajvan', 22, '2010-08-18 09:20:09'),
(3969, 377, 5, 'Taiwan', 22, '2010-08-18 09:20:36'),
(3970, 377, 13, '台湾', 22, '2010-08-18 09:20:49'),
(3971, 377, 20, '대만', 22, '2010-08-18 09:21:03'),
(3972, 377, 7, 'Tajwan', 22, '2010-08-18 09:21:21'),
(3973, 377, 18, 'Taiwan', 22, '2010-08-18 09:21:39'),
(3974, 377, 22, 'Tajvana', 22, '2010-08-18 09:21:58'),
(3975, 377, 9, 'Taiwan', 22, '2010-08-18 09:22:16'),
(3976, 377, 24, 'Tayvan', 22, '2010-08-18 09:22:29'),
(3977, 378, 6, 'Thaïlande', 22, '2010-08-18 09:25:31'),
(3978, 378, 26, 'Tajland', 22, '2010-08-18 09:25:49'),
(3979, 378, 5, 'Thailandia', 22, '2010-08-18 09:26:14'),
(3980, 378, 13, 'タイ', 22, '2010-08-18 09:26:37'),
(3981, 378, 20, '태국', 22, '2010-08-18 09:26:51'),
(3982, 378, 7, 'Tajlandia', 22, '2010-08-18 09:27:08'),
(3983, 378, 18, 'Tailândia', 22, '2010-08-18 09:27:24'),
(3984, 378, 22, 'Tajske', 22, '2010-08-18 09:27:42'),
(3985, 378, 9, 'Thailand', 22, '2010-08-18 09:27:58'),
(3986, 378, 24, 'Tayland', 22, '2010-08-18 09:28:15'),
(3987, 379, 24, 'Özbekistan', 22, '2010-08-18 09:29:59'),
(3988, 379, 6, 'Ouzbékistan', 22, '2010-08-18 09:30:18'),
(3989, 379, 26, 'Uzbekistan', 22, '2010-08-18 09:30:43'),
(3990, 379, 5, 'Uzbekistan', 22, '2010-08-18 09:31:05'),
(3991, 379, 13, 'ウズベキスタン', 22, '2010-08-18 09:31:23'),
(3992, 379, 20, '우즈 베키스탄', 22, '2010-08-18 09:31:42'),
(3993, 379, 7, 'Uzbekistan', 22, '2010-08-18 09:31:59'),
(3994, 379, 18, 'Usbequistão', 22, '2010-08-18 09:32:15'),
(3995, 379, 22, 'Uzbekistan', 22, '2010-08-18 09:32:42'),
(3996, 379, 9, 'Uzbekistan', 22, '2010-08-18 09:33:01'),
(3997, 380, 9, 'Förenade Arabemiraten', 22, '2010-08-18 09:33:38'),
(3998, 380, 6, 'Émirats arabes unis', 22, '2010-08-18 09:34:40'),
(3999, 380, 26, 'Ujedinjeni Arapski Emirati', 22, '2010-08-18 09:35:00'),
(4000, 380, 5, 'Emirati Arabi Uniti', 22, '2010-08-18 09:35:13'),
(4001, 380, 13, 'アラブ首長国連邦', 22, '2010-08-18 09:35:32'),
(4002, 380, 20, '아랍 에미리트', 22, '2010-08-18 09:35:45'),
(4003, 380, 7, 'Emiraty Arabskie', 22, '2010-08-18 09:36:01'),
(4004, 380, 18, 'Emirados Árabes Unidos', 22, '2010-08-18 09:36:15'),
(4005, 380, 22, 'Združeni arabski emirati', 22, '2010-08-18 09:36:35'),
(4006, 380, 24, 'Birleşik Arap Emirlikleri', 22, '2010-08-18 09:36:52'),
(4007, 381, 6, 'Vietnam', 22, '2010-08-18 09:38:51'),
(4008, 381, 26, 'Vijetnam', 22, '2010-08-18 09:39:07'),
(4009, 381, 5, 'Vietnam', 22, '2010-08-18 09:39:25'),
(4010, 381, 13, 'ベトナム', 22, '2010-08-18 09:39:43'),
(4011, 381, 20, '베트남', 22, '2010-08-18 09:39:58'),
(4012, 381, 7, 'Wietnam', 22, '2010-08-18 09:40:14'),
(4013, 381, 18, 'Vietnã', 22, '2010-08-18 09:40:35'),
(4014, 381, 22, 'Vietnam', 22, '2010-08-18 09:40:54'),
(4015, 381, 9, 'Vietnam', 22, '2010-08-18 09:41:10'),
(4016, 381, 24, 'Vietnam', 22, '2010-08-18 09:41:28'),
(4017, 297, 6, 'Canada', 22, '2010-08-18 09:43:10'),
(4018, 297, 26, 'Kanada', 22, '2010-08-18 09:43:28'),
(4019, 297, 5, 'Canada', 22, '2010-08-18 09:43:45'),
(4020, 297, 13, 'カナダ', 22, '2010-08-18 09:44:00'),
(4021, 297, 20, '캐나다', 22, '2010-08-18 09:44:16'),
(4022, 297, 7, 'Kanada', 22, '2010-08-18 09:44:31'),
(4023, 297, 18, 'Canadá', 22, '2010-08-18 09:44:49'),
(4024, 297, 22, 'Kanada', 22, '2010-08-18 09:45:06'),
(4025, 297, 9, 'Kanada', 22, '2010-08-18 09:45:19'),
(4026, 297, 24, 'Kanada', 22, '2010-08-18 09:45:33'),
(4027, 298, 24, 'Amerika Birleşik Devletleri', 22, '2010-08-18 09:47:33'),
(4028, 298, 6, 'États-Unis', 22, '2010-08-18 09:47:51'),
(4029, 298, 26, 'Sjedinjene Države', 22, '2010-08-18 09:48:07'),
(4030, 298, 5, 'Stati Uniti', 22, '2010-08-18 09:48:30'),
(4031, 298, 13, 'アメリカ合衆国', 22, '2010-08-18 09:48:46'),
(4032, 298, 20, '미국', 22, '2010-08-18 09:49:07'),
(4033, 298, 7, 'Stany Zjednoczone Ameryki', 22, '2010-08-18 09:49:48'),
(4034, 298, 18, 'Estados Unidos da América', 22, '2010-08-18 09:50:35'),
(4035, 298, 22, 'Združene države Amerike', 22, '2010-08-18 09:50:55'),
(4036, 298, 9, 'USA', 22, '2010-08-18 09:51:12'),
(4037, 285, 9, 'Argentina', 22, '2010-08-18 09:52:40'),
(4038, 285, 6, 'Argentine', 22, '2010-08-18 09:53:41'),
(4039, 285, 26, 'Argentina', 22, '2010-08-18 09:53:59'),
(4040, 285, 5, 'Argentina', 22, '2010-08-18 09:54:13'),
(4041, 285, 13, 'アルゼンチン', 22, '2010-08-18 09:54:27'),
(4042, 285, 20, '아르헨티나', 22, '2010-08-18 09:54:43'),
(4043, 285, 7, 'Argentyna', 22, '2010-08-18 09:54:58'),
(4044, 285, 18, 'Argentina', 22, '2010-08-18 09:55:15'),
(4045, 285, 22, 'Argentina', 22, '2010-08-18 09:55:32'),
(4046, 285, 24, 'Arjantin', 22, '2010-08-18 09:55:54'),
(4047, 286, 6, 'Bolivie', 22, '2010-08-18 09:57:16'),
(4048, 286, 26, 'Bolivija', 22, '2010-08-18 09:57:34'),
(4049, 286, 5, 'Bolivia', 22, '2010-08-18 09:57:48'),
(4050, 286, 13, 'ボリビア', 22, '2010-08-18 09:58:00'),
(4051, 286, 20, '볼리비아', 22, '2010-08-18 09:58:14'),
(4052, 286, 7, 'Boliwia', 22, '2010-08-18 09:58:28'),
(4053, 286, 18, 'Bolívia', 22, '2010-08-18 09:58:43'),
(4054, 286, 22, 'Boliviji', 22, '2010-08-18 09:59:00'),
(4055, 286, 9, 'Bolivia', 22, '2010-08-18 09:59:18'),
(4056, 286, 24, 'Bolivya', 22, '2010-08-18 09:59:42'),
(4057, 287, 6, 'Brésil', 22, '2010-08-18 10:00:49'),
(4058, 287, 26, 'Brazil', 22, '2010-08-18 10:01:03'),
(4059, 287, 5, 'Brasile', 22, '2010-08-18 10:01:17'),
(4060, 287, 13, 'ブラジル', 22, '2010-08-18 10:01:35'),
(4061, 287, 20, '브라질', 22, '2010-08-18 10:01:54'),
(4062, 287, 7, 'Brazylia', 22, '2010-08-18 10:02:08'),
(4063, 287, 18, 'Brasil', 22, '2010-08-18 10:02:26'),
(4064, 287, 22, 'Brazilijo', 22, '2010-08-18 10:03:01'),
(4065, 287, 9, 'Brasilien', 22, '2010-08-18 10:03:16'),
(4066, 287, 24, 'Brezilya', 22, '2010-08-18 10:03:31'),
(4067, 288, 6, 'Chili', 22, '2010-08-18 10:04:40'),
(4068, 288, 26, 'Čile', 22, '2010-08-18 10:04:55'),
(4069, 288, 5, 'Chile', 22, '2010-08-18 10:05:18'),
(4070, 288, 13, 'チリ', 22, '2010-08-18 10:05:34'),
(4071, 288, 20, '칠레', 22, '2010-08-18 10:05:53'),
(4072, 288, 7, 'Chile', 22, '2010-08-18 10:06:06'),
(4073, 288, 18, 'Chile', 22, '2010-08-18 10:06:27'),
(4074, 288, 22, 'Chile', 22, '2010-08-18 10:06:44'),
(4075, 288, 9, 'Chile', 22, '2010-08-18 10:07:01'),
(4076, 288, 24, 'Şili', 22, '2010-08-18 10:07:16'),
(4077, 289, 14, 'Ecuador', 22, '2010-08-18 10:09:12'),
(4078, 289, 27, 'Ecuador', 22, '2010-08-18 10:09:19'),
(4079, 289, 15, 'Ecuador', 22, '2010-08-18 10:09:26'),
(4080, 289, 6, 'Equateur', 22, '2010-08-18 10:09:42'),
(4081, 289, 26, 'Ekvador', 22, '2010-08-18 10:09:55'),
(4082, 289, 5, 'Ecuador', 22, '2010-08-18 10:10:09'),
(4083, 289, 13, 'エクアドル', 22, '2010-08-18 10:10:23'),
(4084, 289, 20, '에콰도르', 22, '2010-08-18 10:10:42'),
(4085, 289, 7, 'Ekwador', 22, '2010-08-18 10:10:56'),
(4086, 289, 18, 'Equador', 22, '2010-08-18 10:11:18'),
(4087, 289, 22, 'Ekvador', 22, '2010-08-18 10:11:36'),
(4088, 289, 9, 'Ecuador', 22, '2010-08-18 10:11:54'),
(4089, 289, 24, 'Ekvador', 22, '2010-08-18 10:12:09'),
(4090, 290, 26, 'Kolumbija', 22, '2010-08-18 10:13:40'),
(4091, 290, 5, 'Colombia', 22, '2010-08-18 10:13:55'),
(4092, 290, 13, 'コロンビア', 22, '2010-08-18 10:14:12'),
(4093, 290, 20, '콜롬비아', 22, '2010-08-18 10:14:28'),
(4094, 290, 7, 'Kolumbia', 22, '2010-08-18 10:14:45'),
(4095, 290, 18, 'Colômbia', 22, '2010-08-18 10:14:59'),
(4096, 290, 22, 'Kolumbijo', 22, '2010-08-18 10:15:14'),
(4097, 290, 9, 'Colombia', 22, '2010-08-18 10:15:29'),
(4098, 290, 24, 'Kolombiya', 22, '2010-08-18 10:15:45'),
(4099, 291, 14, 'Nicaragua', 22, '2010-08-18 10:16:50'),
(4100, 291, 27, 'Nicaragua', 22, '2010-08-18 10:16:59'),
(4101, 291, 15, 'Nicaragua', 22, '2010-08-18 10:17:07'),
(4102, 291, 6, 'Nicaragua', 22, '2010-08-18 10:17:19'),
(4103, 291, 26, 'Nikaragva', 22, '2010-08-18 10:17:31'),
(4104, 291, 5, 'Nicaragua', 22, '2010-08-18 10:18:44'),
(4105, 291, 13, 'ニカラグア', 22, '2010-08-18 10:18:59'),
(4106, 291, 20, '니카라과', 22, '2010-08-18 10:19:16'),
(4107, 291, 7, 'Nikaragua', 22, '2010-08-18 10:19:31'),
(4108, 291, 18, 'Nicarágua', 22, '2010-08-18 10:19:46'),
(4109, 291, 22, 'Nikaragva', 22, '2010-08-18 10:20:04'),
(4110, 291, 9, 'Nicaragua', 22, '2010-08-18 10:20:24'),
(4111, 291, 24, 'Nikaragua', 22, '2010-08-18 10:20:39'),
(4112, 292, 26, 'Netherland Antilles', 22, '2010-08-18 10:23:06'),
(4113, 292, 5, 'Antille Olandesi', 22, '2010-08-18 10:23:21'),
(4114, 292, 13, 'オランダ領アンティル', 22, '2010-08-18 10:23:41'),
(4115, 292, 20, '네덜란드 앤틸리스 제도', 22, '2010-08-18 10:23:59'),
(4116, 292, 7, 'Holandia Holenderskie', 22, '2010-08-18 10:24:20'),
(4117, 292, 18, 'Antilhas Holandesas', 22, '2010-08-18 10:24:41'),
(4118, 292, 22, 'Antili Nizozemska', 22, '2010-08-18 10:25:02'),
(4119, 292, 9, 'Nederländska Antillerna', 22, '2010-08-18 10:25:18'),
(4120, 292, 24, 'Hollanda Antilleri', 22, '2010-08-18 10:25:34'),
(4121, 293, 6, 'Paraguay', 22, '2010-08-18 10:27:14'),
(4122, 293, 26, 'Paragvaj', 22, '2010-08-18 10:27:29'),
(4123, 293, 5, 'Paraguay', 22, '2010-08-18 10:27:45'),
(4124, 293, 13, 'パラグアイ', 22, '2010-08-18 10:27:59'),
(4125, 293, 20, '파라과이', 22, '2010-08-18 10:28:15'),
(4126, 293, 7, 'Paragwaj', 22, '2010-08-18 10:28:32'),
(4127, 293, 18, 'Paraguai', 22, '2010-08-18 10:28:54'),
(4128, 293, 22, 'Paragvaj', 22, '2010-08-18 10:29:15'),
(4129, 293, 9, 'Paraguay', 22, '2010-08-18 10:29:38'),
(4130, 293, 24, 'Paraguay', 22, '2010-08-18 10:29:55'),
(4131, 294, 6, 'Pérou', 22, '2010-08-18 10:31:25'),
(4132, 294, 26, 'Peru', 22, '2010-08-18 10:31:38'),
(4133, 294, 5, 'Perù', 22, '2010-08-18 10:31:52'),
(4134, 294, 13, 'ペルー', 22, '2010-08-18 10:32:12'),
(4135, 294, 20, '페루', 22, '2010-08-18 10:32:28'),
(4136, 294, 7, 'Peru', 22, '2010-08-18 10:32:45'),
(4137, 294, 18, 'Peru', 22, '2010-08-18 10:33:03'),
(4138, 294, 22, 'Peru', 22, '2010-08-18 10:33:21'),
(4139, 294, 9, 'Peru', 22, '2010-08-18 10:33:34'),
(4140, 294, 24, 'Peru', 22, '2010-08-18 10:33:49'),
(4141, 295, 6, 'Uruguay', 22, '2010-08-18 10:34:55'),
(4142, 295, 26, 'Urugvaj', 22, '2010-08-18 10:35:09'),
(4143, 295, 5, 'Uruguay', 22, '2010-08-18 10:35:24'),
(4144, 295, 13, 'ウルグアイ', 22, '2010-08-18 10:35:36'),
(4145, 295, 20, '우루과이', 22, '2010-08-18 10:35:50'),
(4146, 295, 7, 'Urugwaj', 22, '2010-08-18 10:36:22'),
(4147, 295, 18, 'Uruguai', 22, '2010-08-18 10:36:37'),
(4148, 295, 22, 'Urugvaj', 22, '2010-08-18 10:36:57'),
(4149, 295, 9, 'Uruguay', 22, '2010-08-18 10:37:14'),
(4150, 295, 24, 'Uruguay', 22, '2010-08-18 10:37:44'),
(4151, 296, 6, 'Venezuela', 22, '2010-08-18 10:38:50'),
(4152, 296, 26, 'Venezuela', 22, '2010-08-18 10:39:03'),
(4153, 296, 5, 'Venezuela', 22, '2010-08-18 10:39:17'),
(4154, 296, 13, 'ベネズエラ', 22, '2010-08-18 10:39:30'),
(4155, 296, 20, '베네수엘라', 22, '2010-08-18 10:39:52'),
(4156, 296, 7, 'Wenezuela', 22, '2010-08-18 10:40:06'),
(4157, 296, 18, 'Venezuela', 22, '2010-08-18 10:40:22'),
(4158, 296, 22, 'Venezuela', 22, '2010-08-18 10:40:37'),
(4159, 296, 9, 'Venezuela', 22, '2010-08-18 10:40:51'),
(4160, 296, 24, 'Venezuela', 22, '2010-08-18 10:41:05'),
(4161, 278, 6, 'Costa Rica', 22, '2010-08-18 10:43:22'),
(4162, 278, 26, 'Kostarika', 22, '2010-08-18 10:43:37'),
(4163, 278, 5, 'Costarica', 22, '2010-08-18 10:43:52'),
(4164, 278, 13, 'コスタリカ', 22, '2010-08-18 10:44:06'),
(4165, 278, 20, '코스타리카', 22, '2010-08-18 10:44:19'),
(4166, 278, 7, 'Kostaryka', 22, '2010-08-18 10:44:36'),
(4167, 278, 18, 'Costa Rica', 22, '2010-08-18 10:44:55'),
(4168, 278, 22, 'Costa Rica', 22, '2010-08-18 10:45:13'),
(4169, 278, 9, 'Costa Rica', 22, '2010-08-18 10:45:27'),
(4170, 278, 24, 'Kostarika', 22, '2010-08-18 10:45:46'),
(4171, 279, 6, 'République dominicaine', 22, '2010-08-18 10:46:59'),
(4172, 279, 26, 'Dominikanska Republika', 22, '2010-08-18 10:47:14'),
(4173, 279, 5, 'Repubblica Dominicana', 22, '2010-08-18 10:47:28'),
(4174, 279, 13, 'ドミニカ共和国', 22, '2010-08-18 10:47:42'),
(4175, 279, 20, '도미니카 공화국', 22, '2010-08-18 10:48:01'),
(4176, 279, 7, 'Dominikana', 22, '2010-08-18 10:48:16'),
(4177, 279, 18, 'República Dominicana', 22, '2010-08-18 10:48:32'),
(4178, 279, 22, 'Dominikanska republika', 22, '2010-08-18 10:48:54'),
(4179, 279, 9, 'Dominikanska republiken', 22, '2010-08-18 10:49:08'),
(4180, 279, 24, 'Dominik Cumhuriyeti', 22, '2010-08-18 10:49:22'),
(4181, 280, 6, 'El Salvador', 22, '2010-08-18 10:51:02'),
(4182, 280, 26, 'El Salvador', 22, '2010-08-18 10:51:15'),
(4183, 280, 5, 'El Salvador', 22, '2010-08-18 10:51:29'),
(4184, 280, 13, 'エルサルバドル', 22, '2010-08-18 10:51:43'),
(4185, 280, 20, '엘살바도르', 22, '2010-08-18 10:52:00'),
(4186, 280, 7, 'Salwador', 22, '2010-08-18 10:52:21'),
(4187, 280, 18, 'El Salvador', 22, '2010-08-18 10:52:37'),
(4188, 280, 22, 'El Salvador', 22, '2010-08-18 10:52:58'),
(4189, 280, 9, 'El Salvador', 22, '2010-08-18 10:53:13'),
(4190, 280, 24, 'El Salvador', 22, '2010-08-18 10:53:27'),
(4191, 281, 6, 'Guatemala', 22, '2010-08-18 10:54:46'),
(4192, 281, 26, 'Gvatemala', 22, '2010-08-18 10:55:00'),
(4193, 281, 5, 'Guatemala', 22, '2010-08-18 10:55:14'),
(4194, 281, 13, 'グアテマラ', 22, '2010-08-18 10:55:27'),
(4195, 281, 20, '과테말라', 22, '2010-08-18 10:55:40'),
(4196, 281, 7, 'Gwatemala', 22, '2010-08-18 10:55:56'),
(4197, 281, 18, 'Guatemala', 22, '2010-08-18 10:56:14'),
(4198, 281, 22, 'Gvatemali', 22, '2010-08-18 10:56:32'),
(4199, 281, 9, 'Guatemala', 22, '2010-08-18 10:56:56'),
(4200, 281, 24, 'Guatemala', 22, '2010-08-18 10:57:20'),
(4201, 282, 6, 'Honduras', 22, '2010-08-18 10:58:43'),
(4202, 282, 26, 'Honduras', 22, '2010-08-18 10:58:55'),
(4203, 282, 5, 'Honduras', 22, '2010-08-18 10:59:08'),
(4204, 282, 13, 'ホンジュラス', 22, '2010-08-18 10:59:21'),
(4205, 282, 20, '온두라스', 22, '2010-08-18 10:59:36'),
(4206, 282, 7, 'Honduras', 22, '2010-08-18 10:59:53'),
(4207, 282, 18, 'Honduras', 22, '2010-08-18 11:00:19'),
(4208, 282, 22, 'Honduras', 22, '2010-08-18 11:00:39'),
(4209, 282, 9, 'Honduras', 22, '2010-08-18 11:00:51'),
(4210, 282, 24, 'Honduras', 22, '2010-08-18 11:01:05'),
(4221, 284, 6, 'Panama', 22, '2010-08-18 11:05:55'),
(4222, 284, 26, 'Panama', 22, '2010-08-18 11:06:09'),
(4223, 284, 5, 'Panama', 22, '2010-08-18 11:06:22'),
(4224, 284, 13, 'パナマ', 22, '2010-08-18 11:06:34'),
(4225, 284, 20, '파나마', 22, '2010-08-18 11:06:50'),
(4226, 284, 7, 'Panama', 22, '2010-08-18 11:07:07'),
(4227, 284, 18, 'Panamá', 22, '2010-08-18 11:07:23'),
(4228, 284, 22, 'Panama', 22, '2010-08-18 11:07:38'),
(4229, 284, 9, 'Panama', 22, '2010-08-18 11:07:55'),
(4230, 284, 24, 'Panama', 22, '2010-08-18 11:08:07'),
(4231, 301, 6, 'Albanie', 22, '2010-08-18 11:13:32'),
(4232, 301, 26, 'Albanija', 22, '2010-08-18 11:13:49'),
(4233, 301, 5, 'Albania', 22, '2010-08-18 11:14:03'),
(4234, 301, 13, 'アルバニア', 22, '2010-08-18 11:14:17'),
(4235, 301, 20, '알바니아', 22, '2010-08-18 11:14:35'),
(4236, 301, 7, 'Albania', 22, '2010-08-18 11:14:49'),
(4237, 301, 18, 'Albânia', 22, '2010-08-18 11:15:05'),
(4238, 301, 22, 'Albanijo', 22, '2010-08-18 11:15:28'),
(4239, 301, 9, 'Albanien', 22, '2010-08-18 11:15:53'),
(4240, 301, 24, 'Arnavutluk', 22, '2010-08-18 11:16:07'),
(4241, 302, 6, 'Andorre', 22, '2010-08-18 11:17:19'),
(4242, 302, 26, 'Andora', 22, '2010-08-18 11:17:35'),
(4243, 302, 5, 'Andorra', 22, '2010-08-18 11:17:49'),
(4244, 302, 13, 'アンドラ', 22, '2010-08-18 11:18:01'),
(4245, 302, 20, '안도라', 22, '2010-08-18 11:18:23'),
(4246, 302, 7, 'Andora', 22, '2010-08-18 11:18:37'),
(4247, 302, 18, 'Andorra', 22, '2010-08-18 11:18:51'),
(4248, 302, 22, 'Andoro', 22, '2010-08-18 11:19:07'),
(4249, 302, 9, 'Andorra', 22, '2010-08-18 11:19:23'),
(4250, 302, 24, 'Andorra', 22, '2010-08-18 11:19:40'),
(4251, 303, 6, 'Belgique', 22, '2010-08-18 11:21:13'),
(4252, 303, 26, 'Belgija', 22, '2010-08-18 11:21:25'),
(4253, 303, 5, 'Belgio', 22, '2010-08-18 11:21:40'),
(4254, 303, 13, 'ベルギー', 22, '2010-08-18 11:22:00'),
(4255, 303, 20, '벨기에', 22, '2010-08-18 11:22:15'),
(4256, 303, 7, 'Belgia', 22, '2010-08-18 11:22:31'),
(4257, 303, 18, 'Bélgica', 22, '2010-08-18 11:22:45'),
(4258, 303, 22, 'Belgiji', 22, '2010-08-18 11:23:01'),
(4259, 303, 9, 'Belgien', 22, '2010-08-18 11:23:16'),
(4260, 303, 24, 'Belçika', 22, '2010-08-18 11:23:38'),
(4261, 304, 6, 'Bosnie-Herzégovine', 22, '2010-08-18 11:25:16'),
(4262, 304, 26, 'Bosna i Hercegovina', 22, '2010-08-18 11:25:30'),
(4263, 304, 5, 'Bosnia-Erzegovina', 22, '2010-08-18 11:25:46'),
(4264, 304, 13, 'ボスニアヘルツェゴビナ', 22, '2010-08-18 11:26:12'),
(4265, 304, 20, '보스니아 헤르 체코 비나', 22, '2010-08-18 11:26:29'),
(4266, 304, 7, 'Bośnia i Hercegowina', 22, '2010-08-18 11:26:52'),
(4267, 304, 18, 'Bósnia-Herzegovina', 22, '2010-08-18 11:27:06'),
(4268, 304, 22, 'Bosna in Hercegovina', 22, '2010-08-18 11:27:25'),
(4269, 304, 9, 'Bosnien och Hercegovina', 22, '2010-08-18 11:27:44'),
(4270, 304, 24, 'Bosna-Hersek', 22, '2010-08-18 11:28:02'),
(4271, 305, 24, 'Bulgaristan', 22, '2010-08-18 11:28:55'),
(4272, 305, 6, 'Bulgarie', 22, '2010-08-18 11:29:55'),
(4273, 305, 26, 'Bugarska', 22, '2010-08-18 11:30:08'),
(4274, 305, 5, 'Bulgaria', 22, '2010-08-18 11:30:22'),
(4275, 305, 13, 'ブルガリア', 22, '2010-08-18 11:30:34'),
(4276, 305, 20, '불가리아', 22, '2010-08-18 11:30:48'),
(4277, 305, 7, 'Bułgaria', 22, '2010-08-18 11:31:04'),
(4278, 305, 18, 'Bulgária', 22, '2010-08-18 11:31:20'),
(4279, 305, 22, 'Bolgariji', 22, '2010-08-18 11:31:42'),
(4280, 305, 9, 'Bulgarien', 22, '2010-08-18 11:32:05'),
(4281, 306, 6, 'Danemark', 22, '2010-08-18 11:34:06'),
(4282, 306, 26, 'Danska', 22, '2010-08-18 11:34:18'),
(4283, 306, 5, 'Danimarca', 22, '2010-08-18 11:34:39'),
(4284, 306, 13, 'デンマーク', 22, '2010-08-18 11:34:55'),
(4285, 306, 20, '덴마크', 22, '2010-08-18 11:35:10'),
(4286, 306, 7, 'Dania', 22, '2010-08-18 11:35:27'),
(4287, 306, 18, 'Dinamarca', 22, '2010-08-18 11:35:42'),
(4288, 306, 22, 'Dansko', 22, '2010-08-18 11:35:58'),
(4289, 306, 9, 'Danmark', 22, '2010-08-18 11:36:13'),
(4290, 306, 24, 'Danimarka', 22, '2010-08-18 11:36:26'),
(4291, 307, 6, 'Allemagne', 22, '2010-08-18 11:37:41'),
(4292, 307, 26, 'Njemačka', 22, '2010-08-18 11:37:56'),
(4293, 307, 5, 'Germania', 22, '2010-08-18 11:38:09'),
(4294, 307, 13, 'ドイツ', 22, '2010-08-18 11:38:22'),
(4295, 307, 20, '독일', 22, '2010-08-18 11:38:40'),
(4296, 307, 7, 'Niemcy', 22, '2010-08-18 11:38:57'),
(4297, 307, 18, 'Alemanha', 22, '2010-08-18 11:39:15'),
(4298, 307, 22, 'Nemčija', 22, '2010-08-18 11:39:45'),
(4299, 307, 9, 'Tyskland', 22, '2010-08-18 11:40:00'),
(4300, 307, 24, 'Almanya', 22, '2010-08-18 11:40:26'),
(4301, 308, 6, 'Estonie', 22, '2010-08-18 11:42:13'),
(4302, 308, 26, 'Estonija', 22, '2010-08-18 11:42:28'),
(4303, 308, 5, 'Estonia', 22, '2010-08-18 11:42:46'),
(4304, 308, 13, 'エストニア', 22, '2010-08-18 11:43:00'),
(4305, 308, 20, '에스 토니아', 22, '2010-08-18 11:43:20'),
(4306, 308, 7, 'Estonia', 22, '2010-08-18 11:43:36'),
(4307, 308, 18, 'Estônia', 22, '2010-08-18 11:43:54'),
(4308, 308, 22, 'Estoniji', 22, '2010-08-18 11:44:19'),
(4309, 308, 9, 'Estland', 22, '2010-08-18 11:44:33'),
(4310, 308, 24, 'Estonya', 22, '2010-08-18 11:50:57'),
(4311, 309, 6, 'Finlande', 22, '2010-08-18 11:52:54'),
(4312, 309, 26, 'Finska', 22, '2010-08-18 11:53:11'),
(4313, 309, 5, 'Finlandia', 22, '2010-08-18 11:53:26'),
(4314, 309, 13, 'フィンランド', 22, '2010-08-18 11:53:43'),
(4315, 309, 20, '핀란드', 22, '2010-08-18 11:54:03'),
(4316, 309, 7, 'Finlandia', 22, '2010-08-18 11:54:57'),
(4317, 309, 18, 'Finlândia', 22, '2010-08-18 11:55:41'),
(4318, 309, 22, 'Finsko', 22, '2010-08-18 11:55:55'),
(4319, 309, 9, 'Finland', 22, '2010-08-18 11:56:10'),
(4320, 309, 24, 'Finlandiya', 22, '2010-08-18 11:56:26'),
(4321, 310, 6, 'France', 22, '2010-08-18 11:57:56'),
(4322, 310, 26, 'Francuska', 22, '2010-08-18 11:58:09'),
(4323, 310, 5, 'Francia', 22, '2010-08-18 11:58:22'),
(4324, 310, 13, 'フランス', 22, '2010-08-18 11:58:36'),
(4325, 310, 20, '프랑스', 22, '2010-08-18 11:58:50'),
(4326, 310, 7, 'Francja', 22, '2010-08-18 11:59:05'),
(4327, 310, 18, 'França', 22, '2010-08-18 11:59:22'),
(4328, 310, 22, 'France', 22, '2010-08-18 11:59:38'),
(4329, 310, 9, 'Frankrike', 22, '2010-08-18 11:59:50'),
(4330, 310, 24, 'Fransa', 22, '2010-08-18 12:00:26'),
(4331, 311, 24, 'Yunanistan', 22, '2010-08-18 12:00:57'),
(4332, 311, 6, 'Grèce', 22, '2010-08-18 12:02:18'),
(4333, 311, 26, 'Grčka', 22, '2010-08-18 12:02:34'),
(4334, 311, 5, 'Grecia', 22, '2010-08-18 12:02:49'),
(4335, 311, 13, 'ギリシャ', 22, '2010-08-18 12:03:05'),
(4336, 311, 20, '그리스', 22, '2010-08-18 12:42:46'),
(4337, 311, 7, 'Grecja', 22, '2010-08-18 12:43:05'),
(4338, 311, 18, 'Grécia', 22, '2010-08-18 12:43:19'),
(4339, 311, 22, 'Grčijo', 22, '2010-08-18 12:43:42'),
(4340, 311, 9, 'Grekland', 22, '2010-08-18 12:43:58'),
(4341, 312, 26, 'Ujedinjeno Kraljevstvo', 22, '2010-08-18 12:46:26'),
(4342, 312, 5, 'Regno Unito', 22, '2010-08-18 12:46:42'),
(4343, 312, 13, 'イギリス', 22, '2010-08-18 12:47:01'),
(4344, 312, 20, '연합 왕국', 22, '2010-08-18 12:47:17'),
(4345, 312, 7, 'Zjednoczone Królestwo', 22, '2010-08-18 12:47:33'),
(4346, 312, 18, 'Reino Unido', 22, '2010-08-18 12:47:48'),
(4347, 312, 22, 'Združeno kraljestvo', 22, '2010-08-18 12:48:13'),
(4348, 312, 9, 'Storbritannien', 22, '2010-08-18 12:48:26'),
(4349, 312, 24, 'Büyük Britanya', 22, '2010-08-18 12:48:51'),
(4350, 313, 24, 'İrlanda', 22, '2010-08-18 12:49:27'),
(4351, 313, 6, 'Irlande', 22, '2010-08-18 12:50:31'),
(4352, 313, 26, 'Irska', 22, '2010-08-18 12:50:45'),
(4353, 313, 5, 'Irlanda', 22, '2010-08-18 12:51:00'),
(4354, 313, 13, 'アイルランド', 22, '2010-08-18 12:51:16'),
(4355, 313, 20, '아일랜드', 22, '2010-08-18 12:51:33'),
(4356, 313, 7, 'Irlandia', 22, '2010-08-18 12:51:50'),
(4357, 313, 18, 'Irlanda', 22, '2010-08-18 12:52:05'),
(4358, 313, 22, 'Irsko', 22, '2010-08-18 12:52:23'),
(4359, 313, 9, 'Irland', 22, '2010-08-18 12:52:40'),
(4360, 314, 6, 'Islande', 22, '2010-08-18 12:55:09'),
(4361, 314, 26, 'Island', 22, '2010-08-18 12:55:25'),
(4362, 314, 5, 'Islanda', 22, '2010-08-18 12:55:39'),
(4363, 314, 13, 'アイスランド', 22, '2010-08-18 12:55:58'),
(4364, 314, 20, '아이슬란드', 22, '2010-08-18 12:56:13'),
(4365, 314, 7, 'Islandia', 22, '2010-08-18 12:56:27'),
(4366, 314, 18, 'Islândia', 22, '2010-08-18 12:56:41'),
(4367, 314, 22, 'Islandijo', 22, '2010-08-18 12:56:59'),
(4368, 314, 9, 'Island', 22, '2010-08-18 12:57:13'),
(4369, 314, 24, 'İzlanda', 22, '2010-08-18 12:57:27'),
(4370, 315, 24, 'İtalya', 22, '2010-08-18 12:58:27'),
(4371, 315, 6, 'Italie', 22, '2010-08-18 12:59:21'),
(4372, 315, 26, 'Italija', 22, '2010-08-18 12:59:35'),
(4373, 315, 5, 'Italia', 22, '2010-08-18 12:59:49'),
(4374, 315, 13, 'イタリア', 22, '2010-08-18 13:00:20'),
(4375, 315, 20, '이탈리아', 22, '2010-08-18 13:00:35'),
(4376, 315, 7, 'Włochy', 22, '2010-08-18 13:00:52'),
(4377, 315, 18, 'Itália', 22, '2010-08-18 13:01:09'),
(4378, 315, 22, 'Italija', 22, '2010-08-18 13:01:25'),
(4379, 315, 9, 'Italien', 22, '2010-08-18 13:01:38'),
(4380, 316, 6, 'Kosovo', 22, '2010-08-18 13:03:28'),
(4381, 316, 26, 'Kosovo', 22, '2010-08-18 13:03:41'),
(4382, 316, 5, 'Kosovo', 22, '2010-08-18 13:03:56'),
(4383, 316, 13, 'コソボ', 22, '2010-08-18 13:04:12'),
(4384, 316, 20, '코소보', 22, '2010-08-18 13:04:27'),
(4385, 316, 7, 'Kosowo', 22, '2010-08-18 13:04:41'),
(4386, 316, 18, 'Kosovo', 22, '2010-08-18 13:04:58'),
(4387, 316, 22, 'Kosovo', 22, '2010-08-18 13:05:18'),
(4388, 316, 9, 'Kosovo', 22, '2010-08-18 13:05:32'),
(4389, 316, 24, 'Kosova', 22, '2010-08-18 13:05:48'),
(4390, 317, 24, 'Hırvatistan', 22, '2010-08-18 13:06:46'),
(4391, 317, 6, 'Croatie', 22, '2010-08-18 13:07:50'),
(4392, 317, 26, 'Hrvatska', 22, '2010-08-18 13:08:04'),
(4393, 317, 5, 'Croazia', 22, '2010-08-18 13:08:27'),
(4394, 317, 13, 'クロアチア', 22, '2010-08-18 13:08:40'),
(4395, 317, 20, '크로아티아', 22, '2010-08-18 13:08:56'),
(4396, 317, 7, 'Chorwacja', 22, '2010-08-18 13:09:13'),
(4397, 317, 18, 'Croácia', 22, '2010-08-18 13:09:28'),
(4398, 317, 22, 'Hrvaška', 22, '2010-08-18 13:09:50'),
(4399, 317, 9, 'Kroatien', 22, '2010-08-18 13:10:06'),
(4400, 318, 9, 'Lettland', 22, '2010-08-18 13:10:44'),
(4401, 318, 6, 'Lettonie', 22, '2010-08-18 13:11:50'),
(4402, 318, 26, 'Letonija', 22, '2010-08-18 13:12:07'),
(4403, 318, 5, 'Lettonia', 22, '2010-08-18 13:12:22'),
(4404, 318, 13, 'ラトビア', 22, '2010-08-18 13:12:39'),
(4405, 318, 20, '라트비아', 22, '2010-08-18 13:12:55'),
(4406, 318, 7, 'Łotwa', 22, '2010-08-18 13:13:11'),
(4407, 318, 18, 'Letónia', 22, '2010-08-18 13:13:26'),
(4408, 318, 22, 'Latviji', 22, '2010-08-18 13:13:44'),
(4409, 318, 24, 'Letonya', 22, '2010-08-18 13:14:07'),
(4410, 319, 24, 'Liechtenstein', 22, '2010-08-18 13:14:35'),
(4411, 319, 6, 'Liechtenstein', 22, '2010-08-18 13:15:33'),
(4412, 319, 26, 'Lihtenštajn', 22, '2010-08-18 13:15:46'),
(4413, 319, 5, 'Liechtenstein', 22, '2010-08-18 13:16:00'),
(4414, 319, 13, 'リヒテンシュタイン', 22, '2010-08-18 13:16:13'),
(4415, 319, 20, '리히텐슈 타인', 22, '2010-08-18 13:16:27'),
(4416, 319, 7, 'Liechtenstein', 22, '2010-08-18 13:16:51'),
(4417, 319, 18, 'Liechtenstein', 22, '2010-08-18 13:17:07'),
(4418, 319, 22, 'Liechtenstein', 22, '2010-08-18 13:17:26'),
(4419, 319, 9, 'Liechtenstein', 22, '2010-08-18 13:17:33'),
(4420, 320, 22, 'Litvo', 22, '2010-08-18 13:18:53'),
(4421, 320, 6, 'Lituanie', 22, '2010-08-18 13:19:47'),
(4422, 320, 26, 'Litvanija', 22, '2010-08-18 13:20:04'),
(4423, 320, 5, 'Lituania', 22, '2010-08-18 13:20:23'),
(4424, 320, 13, 'リトアニア', 22, '2010-08-18 13:20:38'),
(4425, 320, 20, '리투아니아', 22, '2010-08-18 13:20:54'),
(4426, 320, 7, 'Litwa', 22, '2010-08-18 13:21:13'),
(4427, 320, 18, 'Lituânia', 22, '2010-08-18 13:21:29'),
(4428, 320, 9, 'Litauen', 22, '2010-08-18 13:21:55'),
(4429, 320, 24, 'Litvanya', 22, '2010-08-18 13:22:13'),
(4430, 321, 24, 'Lüksemburg', 22, '2010-08-18 13:22:40'),
(4431, 321, 6, 'Luxembourg', 22, '2010-08-18 13:23:44'),
(4432, 321, 26, 'Luksemburg', 22, '2010-08-18 13:23:59'),
(4433, 321, 5, 'Lussemburgo', 22, '2010-08-18 13:24:16'),
(4434, 321, 13, 'ルクセンブルク', 22, '2010-08-18 13:24:28'),
(4435, 321, 20, '룩셈부르크', 22, '2010-08-18 13:24:44'),
(4436, 321, 7, 'Luksemburg', 22, '2010-08-18 13:25:01'),
(4437, 321, 18, 'Luxemburgo', 22, '2010-08-18 13:25:17'),
(4438, 321, 22, 'Luxembourg', 22, '2010-08-18 13:25:35'),
(4439, 321, 9, 'Luxemburg', 22, '2010-08-18 13:25:49'),
(4440, 322, 9, 'Malta', 22, '2010-08-18 13:26:21'),
(4441, 322, 6, 'Malte', 22, '2010-08-18 13:27:29'),
(4442, 322, 26, 'Malta', 22, '2010-08-18 13:27:48'),
(4443, 322, 5, 'Malta', 22, '2010-08-18 13:28:02'),
(4444, 322, 13, 'マルタ', 22, '2010-08-18 13:28:17'),
(4445, 322, 20, '몰타', 22, '2010-08-18 13:28:33'),
(4446, 322, 7, 'Malta', 22, '2010-08-18 13:28:56'),
(4447, 322, 18, 'Malta', 22, '2010-08-18 13:29:10'),
(4448, 322, 22, 'Malta', 22, '2010-08-18 13:29:26'),
(4449, 322, 24, 'Malta', 22, '2010-08-18 13:29:42'),
(4450, 323, 24, 'Makedonya', 22, '2010-08-18 13:30:12'),
(4451, 323, 26, 'Makedonija', 22, '2010-08-18 13:31:23'),
(4452, 323, 5, 'Macedonia', 22, '2010-08-18 13:31:36'),
(4453, 323, 13, 'マケドニア', 22, '2010-08-18 13:31:52'),
(4454, 323, 20, '마케도니아', 22, '2010-08-18 13:32:13'),
(4455, 323, 7, 'Macedonia', 22, '2010-08-18 13:32:26'),
(4456, 323, 18, 'Macedónia', 22, '2010-08-18 13:32:40'),
(4457, 323, 22, 'Makedonija', 22, '2010-08-18 13:32:58'),
(4458, 323, 9, 'Makedonien', 22, '2010-08-18 13:33:12'),
(4459, 324, 9, 'Moldavien', 22, '2010-08-18 13:33:45'),
(4460, 324, 6, 'Moldavie', 22, '2010-08-18 13:34:54'),
(4461, 324, 26, 'Moldavija', 22, '2010-08-18 13:35:07'),
(4462, 324, 5, 'Moldavia', 22, '2010-08-18 13:35:22'),
(4463, 324, 13, 'モルダビア', 22, '2010-08-18 13:35:34'),
(4464, 324, 20, '몰다 비아', 22, '2010-08-18 13:35:52'),
(4465, 324, 7, 'Mołdawia', 22, '2010-08-18 13:36:06'),
(4466, 324, 18, 'Moldávia', 22, '2010-08-18 13:36:23'),
(4467, 324, 22, 'Moldavija', 22, '2010-08-18 13:36:44'),
(4468, 324, 24, 'Buğdan', 22, '2010-08-18 13:37:02'),
(4469, 325, 24, 'Karadağ', 22, '2010-08-18 13:37:33'),
(4470, 325, 6, 'Monténégro', 22, '2010-08-18 13:38:38'),
(4471, 325, 26, 'Crna Gora', 22, '2010-08-18 13:38:58'),
(4472, 325, 5, 'Montenegro', 22, '2010-08-18 13:39:14'),
(4473, 325, 13, 'モンテネグロ', 22, '2010-08-18 13:39:31'),
(4474, 325, 20, '몬테네그로', 22, '2010-08-18 13:39:47'),
(4475, 325, 7, 'Czarnogóra', 22, '2010-08-18 13:40:09'),
(4476, 325, 18, 'Montenegro', 22, '2010-08-18 13:40:27'),
(4477, 325, 22, 'Črna Gora', 22, '2010-08-18 13:40:44'),
(4478, 325, 9, 'Montenegro', 22, '2010-08-18 13:40:58'),
(4479, 326, 9, 'Nederländerna', 22, '2010-08-18 13:41:25'),
(4480, 326, 6, 'Pays-Bas', 22, '2010-08-18 13:42:29'),
(4481, 326, 26, 'Nizozemska', 22, '2010-08-18 13:42:43'),
(4482, 326, 5, 'Paesi Bassi', 22, '2010-08-18 13:42:58'),
(4483, 326, 13, 'オランダ', 22, '2010-08-18 13:43:13'),
(4484, 326, 20, '네덜란드', 22, '2010-08-18 13:43:29'),
(4485, 326, 7, 'Niderlandy', 22, '2010-08-18 13:43:41'),
(4486, 326, 18, 'Holanda', 22, '2010-08-18 13:43:57'),
(4487, 326, 22, 'Nizozemsko', 22, '2010-08-18 13:44:11'),
(4488, 326, 24, 'Hollanda', 22, '2010-08-18 13:44:27'),
(4489, 327, 24, 'Norveç', 22, '2010-08-18 13:44:49'),
(4490, 327, 6, 'Norvège', 22, '2010-08-18 13:45:55'),
(4491, 327, 26, 'Norveška', 22, '2010-08-18 13:46:07'),
(4492, 327, 5, 'Norvegia', 22, '2010-08-18 13:46:22'),
(4493, 327, 13, 'ノルウェー', 22, '2010-08-18 13:46:35'),
(4494, 327, 20, '노르웨이', 22, '2010-08-18 13:46:49'),
(4495, 327, 7, 'Norwegia', 22, '2010-08-18 13:47:11'),
(4496, 327, 18, 'Noruega', 22, '2010-08-18 13:47:25'),
(4497, 327, 22, 'Norveško', 22, '2010-08-18 13:47:43'),
(4498, 327, 9, 'Norge', 22, '2010-08-18 13:47:57'),
(4499, 328, 9, 'Österrike', 22, '2010-08-18 13:48:31'),
(4500, 328, 6, 'Autriche', 22, '2010-08-18 13:49:32'),
(4501, 328, 26, 'Austrija', 22, '2010-08-18 13:49:44'),
(4502, 328, 5, 'Austria', 22, '2010-08-18 13:49:56'),
(4503, 328, 13, 'オーストリア', 22, '2010-08-18 13:55:03'),
(4504, 328, 20, '오스트리아', 22, '2010-08-18 13:55:19'),
(4505, 328, 7, 'Austria', 22, '2010-08-18 13:55:40'),
(4506, 328, 18, 'Áustria', 22, '2010-08-18 13:55:55'),
(4507, 328, 22, 'Austria', 22, '2010-08-18 13:56:19'),
(4508, 328, 24, 'Avusturya', 22, '2010-08-18 13:56:38'),
(4509, 329, 26, 'Pologne', 22, '2010-08-18 13:59:01'),
(4510, 329, 5, 'Polonia', 22, '2010-08-18 13:59:14'),
(4511, 329, 13, 'ポーランド', 22, '2010-08-18 13:59:29'),
(4512, 329, 20, '폴란드', 22, '2010-08-18 13:59:46'),
(4513, 329, 7, 'Polska', 22, '2010-08-18 14:00:04'),
(4514, 329, 18, 'Polônia', 22, '2010-08-18 14:00:19'),
(4515, 329, 22, 'Poljskem', 22, '2010-08-18 14:00:49'),
(4516, 329, 9, 'Polen', 22, '2010-08-18 14:01:05'),
(4517, 329, 24, 'Polonya', 22, '2010-08-18 14:01:19'),
(4518, 330, 24, 'Portekiz', 22, '2010-08-18 14:01:42'),
(4519, 330, 6, 'Portugal', 22, '2010-08-18 14:03:03'),
(4520, 330, 26, 'Portugal', 22, '2010-08-18 14:03:15'),
(4521, 330, 5, 'Portogallo', 22, '2010-08-18 14:03:28'),
(4522, 330, 13, 'ポルトガル', 22, '2010-08-18 14:03:46'),
(4523, 330, 20, '포르투갈', 22, '2010-08-18 14:03:59'),
(4524, 330, 7, 'Portugalia', 22, '2010-08-18 14:04:17'),
(4525, 330, 18, 'Portugal', 22, '2010-08-18 14:04:31'),
(4526, 330, 22, 'Portugal', 22, '2010-08-18 14:04:52'),
(4527, 330, 9, 'Portugal', 22, '2010-08-18 14:05:04'),
(4528, 331, 9, 'Rumänien', 22, '2010-08-18 14:05:30'),
(4529, 331, 6, 'Roumanie', 22, '2010-08-18 14:06:38'),
(4530, 331, 26, 'Rumunija', 22, '2010-08-18 14:06:52'),
(4531, 331, 5, 'Romania', 22, '2010-08-18 14:07:09'),
(4532, 331, 13, 'ルーマニア', 22, '2010-08-18 14:07:28'),
(4533, 331, 20, '루마니아', 22, '2010-08-18 14:07:47'),
(4534, 331, 7, 'Rumunia', 22, '2010-08-18 14:08:03'),
(4535, 331, 18, 'Romênia', 22, '2010-08-18 14:08:18'),
(4536, 331, 22, 'Romuniji', 22, '2010-08-18 14:08:39'),
(4537, 331, 24, 'Romanya', 22, '2010-08-18 14:08:58'),
(4538, 332, 24, 'Rusya', 22, '2010-08-18 14:09:47'),
(4539, 332, 3, 'Rusia', 22, '2010-08-18 14:10:07'),
(4540, 332, 14, 'Rusia', 22, '2010-08-18 14:10:56'),
(4541, 332, 27, 'Rusia', 22, '2010-08-18 14:11:10'),
(4542, 332, 15, 'Rusia', 22, '2010-08-18 14:11:21'),
(4543, 332, 6, 'Russie', 22, '2010-08-18 14:11:37'),
(4544, 332, 26, 'Rusija', 22, '2010-08-18 14:11:52'),
(4545, 332, 5, 'Russia', 22, '2010-08-18 14:12:09'),
(4546, 332, 13, 'ロシア', 22, '2010-08-18 14:12:23'),
(4547, 332, 20, '러시아', 22, '2010-08-18 14:12:38'),
(4548, 332, 7, 'Rosja', 22, '2010-08-18 14:12:57'),
(4549, 332, 18, 'Rússia', 22, '2010-08-18 14:13:21'),
(4550, 332, 22, 'Rusijo', 22, '2010-08-18 14:13:47'),
(4551, 332, 9, 'Ryssland', 22, '2010-08-18 14:16:13'),
(4552, 333, 9, 'Sverige', 22, '2010-08-18 14:16:43'),
(4553, 333, 6, 'Suède', 22, '2010-08-18 14:17:57'),
(4554, 333, 26, 'Švedska', 22, '2010-08-18 14:18:09'),
(4555, 333, 5, 'Svezia', 22, '2010-08-18 14:18:32'),
(4556, 333, 13, 'スウェーデン', 22, '2010-08-18 14:18:50'),
(4557, 333, 20, '스웨덴', 22, '2010-08-18 14:19:04'),
(4558, 333, 7, 'Szwecja', 22, '2010-08-18 14:19:18'),
(4559, 333, 18, 'Suécia', 22, '2010-08-18 14:19:33'),
(4560, 333, 22, 'Švedsko', 22, '2010-08-18 14:19:53'),
(4561, 333, 24, 'İsveç', 22, '2010-08-18 14:20:11'),
(4562, 334, 24, 'İsviçre', 22, '2010-08-18 14:20:32'),
(4563, 334, 6, 'Suisse', 22, '2010-08-18 14:21:40'),
(4564, 334, 26, 'Švicarska', 22, '2010-08-18 14:21:55'),
(4565, 334, 5, 'Svizzera', 22, '2010-08-18 14:22:10'),
(4566, 334, 13, 'スイス', 22, '2010-08-18 14:22:24'),
(4567, 334, 20, '스위스', 22, '2010-08-18 14:22:37'),
(4568, 334, 7, 'Szwajcaria', 22, '2010-08-18 14:23:25'),
(4569, 334, 18, 'Suíça', 22, '2010-08-18 14:23:39'),
(4570, 334, 22, 'Švica', 22, '2010-08-18 14:23:55'),
(4571, 334, 9, 'Schweiz', 22, '2010-08-18 14:24:15'),
(4572, 335, 9, 'Serbien', 22, '2010-08-18 14:24:42'),
(4573, 335, 6, 'Serbie', 22, '2010-08-18 14:25:56'),
(4574, 335, 26, 'Srbija', 22, '2010-08-18 14:26:11'),
(4575, 335, 5, 'Serbia', 22, '2010-08-18 14:26:28'),
(4576, 335, 13, 'セルビア', 22, '2010-08-18 14:26:46'),
(4577, 335, 20, '세르비아', 22, '2010-08-18 14:26:59'),
(4578, 335, 7, 'Serbia', 22, '2010-08-18 14:27:14'),
(4579, 335, 18, 'Sérvia', 22, '2010-08-18 14:27:29'),
(4580, 335, 22, 'Srbijo', 22, '2010-08-18 14:27:49'),
(4581, 335, 24, 'Sırbistan', 22, '2010-08-18 14:28:08'),
(4582, 336, 24, 'Slovakya', 22, '2010-08-18 14:28:40'),
(4583, 336, 6, 'Slovaquie', 22, '2010-08-18 14:29:56'),
(4584, 336, 26, 'Slovačka', 22, '2010-08-18 14:30:08'),
(4585, 336, 5, 'Slovacchia', 22, '2010-08-18 14:30:22'),
(4586, 336, 13, 'スロバキア', 22, '2010-08-18 14:30:46'),
(4587, 336, 20, '슬로바키아', 22, '2010-08-18 14:31:07'),
(4588, 336, 7, 'Słowacja', 22, '2010-08-18 14:31:25'),
(4589, 336, 18, 'Eslováquia', 22, '2010-08-18 14:31:39'),
(4590, 336, 22, 'Slovaško', 22, '2010-08-18 14:31:59'),
(4591, 336, 9, 'Slovakien', 22, '2010-08-18 14:32:14'),
(4592, 337, 9, 'Slovenien', 22, '2010-08-18 14:32:55'),
(4593, 337, 6, 'Slovénie', 22, '2010-08-18 14:34:03'),
(4594, 337, 26, 'Slovenija', 22, '2010-08-18 14:34:16'),
(4595, 337, 5, 'Slovenia', 22, '2010-08-18 14:34:30'),
(4596, 337, 13, 'スロベニア', 22, '2010-08-18 14:34:46'),
(4597, 337, 20, '슬로베니아', 22, '2010-08-18 14:35:00'),
(4598, 337, 7, 'Słowenia', 22, '2010-08-18 14:35:14'),
(4599, 337, 18, 'Eslovénia', 22, '2010-08-18 14:35:31'),
(4600, 337, 22, 'Slovenija', 22, '2010-08-18 14:35:49'),
(4601, 337, 24, 'Slovenya', 22, '2010-08-18 14:36:13'),
(4602, 338, 24, 'İspanya', 22, '2010-08-18 14:36:38'),
(4603, 338, 6, 'Espagne', 22, '2010-08-18 14:37:53'),
(4604, 338, 26, 'Španjolska', 22, '2010-08-18 14:38:09'),
(4605, 338, 5, 'Spagna', 22, '2010-08-18 14:38:22'),
(4606, 338, 13, 'スペイン', 22, '2010-08-18 14:38:37'),
(4607, 338, 20, '스페인', 22, '2010-08-18 14:38:56'),
(4608, 338, 7, 'Hiszpania', 22, '2010-08-18 14:39:10'),
(4609, 338, 18, 'Espanha', 22, '2010-08-18 14:39:25'),
(4610, 338, 22, 'Španiji', 22, '2010-08-18 14:39:40'),
(4611, 338, 9, 'Spanien', 22, '2010-08-18 14:39:58'),
(4612, 339, 9, 'Tjeckien', 22, '2010-08-18 14:40:31'),
(4613, 339, 6, 'République tchèque', 22, '2010-08-18 14:42:16'),
(4614, 339, 26, 'Češka', 22, '2010-08-18 14:42:29'),
(4615, 339, 5, 'Repubblica Ceca', 22, '2010-08-18 14:42:46'),
(4616, 339, 13, 'チェコ共和国', 22, '2010-08-18 14:43:03'),
(4617, 339, 20, '체코', 22, '2010-08-18 14:43:19'),
(4618, 339, 7, 'Czechy', 22, '2010-08-18 14:43:37'),
(4619, 339, 18, 'República Checa', 22, '2010-08-18 14:43:56'),
(4620, 339, 22, 'Češka republika', 22, '2010-08-18 14:44:16'),
(4621, 339, 24, 'Çek Cumhuriyeti', 22, '2010-08-18 14:44:35'),
(4622, 340, 24, 'Türkiye', 22, '2010-08-18 14:44:58'),
(4623, 340, 6, 'Turquie', 22, '2010-08-18 14:45:57'),
(4624, 340, 26, 'Turska', 22, '2010-08-18 14:46:11'),
(4625, 340, 5, 'Turchia', 22, '2010-08-18 14:46:26'),
(4626, 340, 13, 'トルコ', 22, '2010-08-18 14:47:49'),
(4627, 340, 20, '터키', 22, '2010-08-18 14:48:29'),
(4628, 340, 7, 'Turcja', 22, '2010-08-18 14:48:58'),
(4629, 340, 18, 'Turquia', 22, '2010-08-18 14:49:11'),
(4630, 340, 22, 'Turčijo', 22, '2010-08-18 14:49:30'),
(4631, 340, 9, 'Turkiet', 22, '2010-08-18 14:50:05'),
(4632, 341, 9, 'Ukraina', 22, '2010-08-18 14:50:28'),
(4633, 341, 6, 'Ukraine', 22, '2010-08-18 14:51:35'),
(4634, 341, 26, 'Ukrajina', 22, '2010-08-18 14:51:52'),
(4635, 341, 5, 'Ucraina', 22, '2010-08-18 14:52:06'),
(4636, 341, 13, 'ウクライナ', 22, '2010-08-18 14:52:28'),
(4637, 341, 20, '우크라이나', 22, '2010-08-18 14:52:44'),
(4638, 341, 7, 'Ukraina', 22, '2010-08-18 14:53:01'),
(4639, 341, 18, 'Ucrânia', 22, '2010-08-18 14:53:14'),
(4640, 341, 22, 'Ukrajini', 22, '2010-08-18 14:53:30'),
(4641, 341, 24, 'Ukrayna', 22, '2010-08-18 14:53:49'),
(4642, 342, 24, 'Macaristan', 22, '2010-08-18 14:54:11'),
(4643, 342, 6, 'Hongrie', 22, '2010-08-18 14:55:14'),
(4644, 342, 26, 'Mađarska', 22, '2010-08-18 14:55:29'),
(4645, 342, 5, 'Ungheria', 22, '2010-08-18 14:55:44'),
(4646, 342, 13, 'ハンガリー', 22, '2010-08-18 14:55:59'),
(4647, 342, 20, '헝가리', 22, '2010-08-18 14:56:23'),
(4648, 342, 7, 'Węgry', 22, '2010-08-18 14:56:46'),
(4649, 342, 18, 'Hungria', 22, '2010-08-18 14:57:00'),
(4650, 342, 22, 'Madžarskem', 22, '2010-08-18 14:57:16'),
(4651, 342, 9, 'Ungern', 22, '2010-08-18 14:57:30'),
(4652, 343, 9, 'Vitryssland', 22, '2010-08-18 14:57:58'),
(4653, 343, 6, 'Belarus', 22, '2010-08-18 14:59:03'),
(4654, 343, 26, 'Bjelorusija', 22, '2010-08-18 14:59:20'),
(4655, 343, 5, 'Bielorussia', 22, '2010-08-18 14:59:37'),
(4656, 343, 13, 'ベラルーシ', 22, '2010-08-18 14:59:49'),
(4657, 343, 20, '벨라루스', 22, '2010-08-18 15:00:11'),
(4658, 343, 7, 'Białoruś', 22, '2010-08-18 15:00:25'),
(4659, 343, 18, 'Bielorrússia', 22, '2010-08-18 15:00:55'),
(4660, 343, 22, 'Belorusiji', 22, '2010-08-18 15:01:16'),
(4661, 343, 24, 'Belarus', 22, '2010-08-18 15:01:33'),
(4662, 344, 24, 'Kıbrıs', 22, '2010-08-18 15:02:07'),
(4663, 344, 6, 'Chypre', 22, '2010-08-18 15:03:35'),
(4664, 344, 26, 'Cipar', 22, '2010-08-18 15:06:47'),
(4665, 344, 5, 'Cipro', 22, '2010-08-18 15:04:27'),
(4666, 344, 13, 'キプロス', 22, '2010-08-18 15:04:40'),
(4667, 344, 20, '키프로스', 22, '2010-08-18 15:05:02'),
(4668, 344, 7, 'Cypr', 22, '2010-08-18 15:05:20'),
(4669, 344, 18, 'Chipre', 22, '2010-08-18 15:05:34'),
(4670, 344, 22, 'Cipru', 22, '2010-08-18 15:05:54'),
(4671, 344, 9, 'Cypern', 22, '2010-08-18 15:06:11'),
(4679, 464, 7, 'CV', 22, '2010-08-23 13:54:10'),
(4680, 449, 7, 'Pani/Pan', 22, '2010-09-23 08:19:01'),
(4681, 465, 7, 'Wiadomość', 22, '2010-09-23 08:19:13'),
(4682, 462, 7, 'Województwo', 22, '2010-09-23 08:19:32'),
(4683, 454, 7, 'E-mail', 22, '2010-09-23 08:19:44'),
(4684, 456, 7, 'Fax', 22, '2010-09-23 08:20:00'),
(4685, 453, 7, 'Firma', 22, '2010-09-23 08:20:17'),
(4686, 457, 7, 'Stanowisko', 22, '2010-09-23 08:20:32'),
(4687, 463, 7, 'Państwo', 22, '2010-09-23 08:20:48'),
(4688, 452, 7, 'Nazwisko', 22, '2010-09-23 08:21:04'),
(4689, 461, 7, 'Miasto', 22, '2010-09-23 08:21:17'),
(4690, 460, 7, 'Kod pocztowy', 22, '2010-09-23 08:21:29'),
(4691, 459, 7, 'Ulica', 22, '2010-09-23 08:21:39'),
(4692, 455, 7, 'Telefon', 22, '2010-08-23 14:03:24'),
(4693, 450, 7, 'Temat', 22, '2010-09-23 08:22:36'),
(4694, 458, 7, 'Typ działalności', 22, '2010-09-23 08:22:53'),
(4695, 451, 7, 'Imię', 22, '2010-09-23 08:23:08'),
(4696, 532, 2, 'Mexiko', 22, '2010-08-23 14:51:26'),
(4697, 533, 2, 'Mexiko', 22, '2010-08-23 14:51:54'),
(4698, 42, 2, 'Viewing Options', 22, '2010-08-23 15:33:21'),
(4699, 448, 2, 'Form Fields', 22, '2010-08-23 15:28:39'),
(4700, 11, 2, 'Sorting', 22, '2010-08-23 15:30:05'),
(4701, 48, 2, 'Status', 22, '2010-08-23 15:31:26'),
(4702, 64, 2, 'Sub-navigation pages', 22, '2010-11-29 14:35:01'),
(4704, 82, 2, 'Media display options', 22, '2010-08-23 15:32:42'),
(4705, 268, 16, 'Countries / Continents', 22, '2010-08-23 15:42:09'),
(4706, 268, 17, 'Countries / Continents', 22, '2010-08-23 15:41:39'),
(4707, 268, 21, 'Countries / Continents', 22, '2010-08-23 15:41:35'),
(4708, 268, 25, 'Countries / Continents', 22, '2010-08-23 15:42:39'),
(4709, 268, 10, 'Countries / Continents', 22, '2010-08-23 15:42:43'),
(4710, 268, 12, 'Countries / Continents', 22, '2010-08-23 15:42:14'),
(4711, 268, 11, 'Countries / Continents', 22, '2010-08-23 15:42:35'),
(4752, 449, 18, 'Saudação', 22, '2010-08-25 11:06:24'),
(4753, 462, 18, 'Estado', 22, '2010-08-25 11:07:23'),
(4754, 454, 18, 'E-Mail', 22, '2010-08-25 11:07:44'),
(4755, 456, 18, 'Fax', 22, '2010-08-25 11:07:58'),
(4756, 453, 18, 'Companhia', 22, '2010-08-25 16:15:01'),
(4757, 457, 18, 'Função', 22, '2010-08-25 11:09:06'),
(4758, 463, 18, 'País', 22, '2010-08-25 11:09:26'),
(4759, 452, 18, 'Sobrenome', 22, '2010-08-25 11:09:44'),
(4760, 461, 18, 'Cidade', 22, '2010-08-25 11:10:00'),
(4761, 460, 18, 'Código postal', 22, '2010-08-25 11:10:17'),
(4762, 459, 18, 'Rua, número, complemento', 22, '2010-08-25 11:10:42'),
(4763, 455, 18, 'Telefon', 22, '2010-09-23 08:21:57'),
(4764, 450, 18, 'Título', 22, '2010-08-25 11:11:24'),
(4765, 458, 18, 'Tipo de empresa', 22, '2010-08-25 11:11:47'),
(4766, 451, 18, 'Primeiro nome', 22, '2010-08-25 11:12:03'),
(4767, 464, 18, 'Curriculum Vitae', 22, '2010-08-25 16:14:10'),
(4768, 465, 18, 'Mensagem', 22, '2010-08-25 16:14:26'),
(4769, 464, 22, 'Življenjepis / Vloga', 22, '2010-11-09 14:23:52'),
(4770, 449, 22, 'Nagovor', 22, '2010-11-09 14:24:16'),
(4771, 465, 22, 'Sporočilo', 22, '2010-11-09 14:24:29'),
(4772, 462, 22, 'Pokrajina / Dežela', 22, '2010-11-09 14:24:49'),
(4773, 454, 22, 'E-mail', 22, '2010-11-09 14:25:01'),
(4774, 456, 22, 'Telefaks', 22, '2010-11-09 14:25:12'),
(4775, 453, 22, 'Podjetje', 22, '2010-11-09 14:25:26'),
(4776, 457, 22, 'Funkcija', 22, '2010-11-09 14:26:02'),
(4777, 463, 22, 'Država', 22, '2010-11-09 14:26:17'),
(4778, 452, 22, 'Priimek', 22, '2010-11-09 14:26:31'),
(4779, 461, 22, 'Mesto', 22, '2010-11-09 14:26:48'),
(4780, 460, 22, 'Poštna številka', 22, '2010-11-09 14:27:03'),
(4781, 459, 22, 'Ulica', 22, '2010-11-09 14:27:22'),
(4782, 455, 22, 'Telefon', 22, '2010-11-09 14:27:33'),
(4783, 450, 22, 'Naziv', 22, '2010-11-09 14:27:45'),
(4784, 458, 22, 'Tip podjetja', 22, '2010-11-09 14:27:55'),
(4785, 451, 22, 'Ime', 22, '2010-11-09 14:28:17'),
(4818, 448, 6, 'Formulaire', 22, '2010-09-15 11:05:21'),
(4819, 464, 6, 'CV/Resume', 22, '2010-09-15 11:06:30'),
(4820, 449, 6, 'Civilité', 22, '2010-09-15 11:06:50'),
(4821, 465, 6, 'Message', 22, '2010-09-15 11:07:23'),
(4822, 462, 6, 'État/Province', 22, '2010-09-15 11:09:45'),
(4823, 454, 6, 'E-mail', 22, '2010-09-15 11:10:11'),
(4824, 456, 6, 'Fax', 22, '2010-09-15 11:10:32'),
(4825, 453, 6, 'Entreprise', 22, '2010-09-15 11:10:50'),
(4826, 457, 6, 'Fonction', 22, '2010-09-15 11:11:08'),
(4827, 463, 6, 'Pays', 22, '2010-09-15 11:11:25'),
(4828, 452, 6, 'Nom', 22, '2010-09-15 11:11:46'),
(4829, 461, 6, 'Ville', 22, '2010-09-15 11:12:08'),
(4830, 460, 6, 'Code postal', 22, '2010-09-15 11:12:26'),
(4831, 459, 6, 'Adresse', 22, '2010-09-15 11:12:46'),
(4832, 455, 6, 'Téléphone', 22, '2010-09-15 11:13:02'),
(4833, 450, 6, 'Titre', 22, '2010-09-15 11:13:18'),
(4834, 458, 6, 'Type d''entreprise', 22, '2010-09-15 11:13:37'),
(4835, 451, 6, 'Prénom', 22, '2010-09-15 11:13:59'),
(4880, 464, 9, 'CV/Meritförteckning', 22, '2010-09-24 08:13:08'),
(4881, 465, 9, 'Meddelande', 22, '2010-09-24 08:13:37'),
(4882, 454, 9, 'E-post', 22, '2010-09-24 08:14:15'),
(4883, 456, 9, 'Fax.', 22, '2010-09-24 08:14:33'),
(4884, 453, 9, 'Företag', 22, '2010-09-24 08:14:54'),
(4885, 457, 9, 'Befattning', 22, '2010-09-24 08:15:12'),
(4886, 463, 9, 'Land', 22, '2010-09-24 08:15:31'),
(4887, 452, 9, 'Efternamn', 22, '2010-09-24 08:15:50'),
(4888, 461, 9, 'Ort', 22, '2010-09-24 08:16:08'),
(4889, 460, 9, 'Postnr.', 22, '2010-09-24 08:16:24'),
(4890, 459, 9, 'Postadress', 22, '2010-09-24 08:16:41'),
(4891, 455, 9, 'Tel.', 22, '2010-09-24 08:16:59'),
(4892, 450, 9, 'Titel', 22, '2010-09-24 08:17:19'),
(4893, 458, 9, 'Företagstyp', 22, '2010-12-03 09:18:49'),
(4894, 451, 9, 'Förnamn', 22, '2010-09-24 08:17:59'),
(4897, 584, 2, 'stuff', 37, '2010-09-24 15:16:28'),
(4917, 595, 1, 'Mexiko', 22, '2010-10-01 13:44:21'),
(4918, 595, 2, 'Mexico', 22, '2010-10-01 13:44:48'),
(4919, 595, 3, 'México', 22, '2010-10-01 13:45:25'),
(4920, 595, 19, '墨西哥', 22, '2010-10-01 13:45:59'),
(4921, 595, 4, 'Mexiko', 22, '2010-10-01 13:46:09'),
(4922, 595, 23, 'Μεξικό', 22, '2010-10-01 13:46:30'),
(4923, 595, 16, 'Mexico', 22, '2010-10-01 13:46:44'),
(4924, 595, 12, 'Mexico', 22, '2010-10-01 13:46:50'),
(4925, 595, 21, 'Mexico', 22, '2010-10-01 13:46:57'),
(4926, 595, 17, 'Mexico', 22, '2010-10-01 13:47:05'),
(4927, 595, 11, 'Mexico', 22, '2010-10-01 13:47:14'),
(4928, 595, 25, 'Mexico', 22, '2010-10-01 13:47:21'),
(4929, 595, 10, 'Mexico', 22, '2010-10-01 13:47:29'),
(4930, 595, 14, 'México', 22, '2010-10-01 13:47:49'),
(4931, 595, 27, 'México', 22, '2010-10-01 13:47:55'),
(4932, 595, 15, 'México', 22, '2010-11-10 07:58:13'),
(4933, 595, 6, 'Mexique', 22, '2010-10-01 13:48:23'),
(4934, 595, 26, 'Meksiko', 22, '2010-10-01 13:48:40'),
(4935, 595, 5, 'Messico', 22, '2010-10-01 13:48:58'),
(4936, 595, 13, 'メキシコ', 22, '2010-10-01 13:49:15'),
(4937, 595, 20, '멕시코', 22, '2010-10-01 13:49:34'),
(4938, 595, 7, 'Meksyk', 22, '2010-10-01 13:49:50'),
(4939, 595, 18, 'México', 22, '2010-10-01 13:50:08'),
(4940, 595, 8, 'Мексика', 22, '2010-10-01 13:50:29'),
(4941, 595, 22, 'Mexico', 22, '2010-10-01 13:50:44'),
(4942, 595, 9, 'Mexiko', 22, '2010-10-01 13:51:06'),
(4943, 595, 24, 'Meksika', 22, '2010-10-01 13:51:21'),
(4944, 1, 2, 'Page categories', 3, '2010-10-04 10:22:47'),
(4967, 464, 13, '履歴書', 22, '2010-10-06 14:08:27'),
(4968, 449, 13, '性別', 22, '2010-10-06 14:08:55'),
(4969, 465, 13, 'ご質問 / メッセージ', 22, '2010-10-06 14:09:46'),
(4970, 462, 13, '都道府県', 22, '2010-10-06 14:10:54'),
(4971, 454, 13, 'E-mailアドレス *', 22, '2010-10-06 14:11:15'),
(4972, 456, 13, 'Fax', 22, '2010-10-06 14:11:29'),
(4973, 453, 13, 'ご勤務先名', 22, '2010-10-06 14:11:49'),
(4974, 457, 13, 'お役職', 22, '2010-10-06 14:12:05'),
(4975, 463, 13, '国 ', 22, '2010-10-06 14:12:29'),
(4976, 452, 13, 'Furigana (アルファベット表記をお願いします）', 22, '2010-10-06 14:13:12'),
(4977, 461, 13, '市', 22, '2010-10-06 14:13:32'),
(4978, 460, 13, '郵便番号', 22, '2010-10-06 14:13:50'),
(4979, 459, 13, 'ご住所', 22, '2010-10-06 14:14:07'),
(4980, 455, 13, '電話番号', 22, '2010-10-06 14:14:27'),
(4981, 450, 13, '肩書き（Dr.など）', 22, '2010-10-06 14:14:46'),
(4982, 458, 13, 'ご勤務先の種類 ', 22, '2010-10-06 14:15:08'),
(4983, 451, 13, 'お名前', 22, '2010-10-06 14:15:34'),
(4984, 464, 5, 'Allegato', 29, '2010-10-11 15:50:17'),
(4985, 449, 5, 'Sig./Sig.ra', 29, '2010-10-11 15:42:29'),
(4986, 465, 5, 'Messaggio', 22, '2010-10-20 13:18:01'),
(4987, 462, 5, 'Provincia', 29, '2010-10-11 15:43:34'),
(4988, 454, 5, 'E-mail', 22, '2010-10-20 14:52:56'),
(4989, 456, 5, 'Fax', 29, '2010-10-11 15:44:06'),
(4990, 453, 5, 'Azienda', 22, '2010-10-20 13:18:54'),
(4991, 457, 5, 'Funzione ricoperta', 22, '2010-10-20 13:19:45'),
(4992, 463, 5, 'Stato', 22, '2010-10-20 13:20:01'),
(4993, 452, 5, 'Cognome', 29, '2010-10-11 15:45:42'),
(4994, 461, 5, 'Città', 22, '2010-10-20 13:20:27'),
(4995, 460, 5, 'CAP', 29, '2010-10-11 15:46:15'),
(4996, 459, 5, 'Via', 22, '2010-10-20 13:20:51'),
(4997, 455, 5, 'Telefono', 29, '2010-10-11 15:46:49'),
(4998, 450, 5, 'Titolo', 29, '2010-10-11 15:47:06'),
(4999, 458, 5, 'Tipo professione', 29, '2010-10-11 15:48:59'),
(5000, 451, 5, 'Nome', 22, '2010-10-20 13:21:32'),
(5001, 464, 26, 'CV/Životopis', 22, '2010-10-20 11:19:15'),
(5002, 449, 26, 'Salutation', 22, '2010-10-20 11:19:57'),
(5003, 465, 26, 'Poruka', 22, '2010-10-20 11:20:20'),
(5004, 462, 26, 'Država/provincija', 22, '2010-10-20 11:20:49'),
(5005, 454, 26, 'E-mail', 22, '2010-10-20 11:21:08'),
(5006, 456, 26, 'Faks', 22, '2010-10-20 11:21:24'),
(5007, 453, 26, 'Tvrtka', 22, '2010-10-20 11:21:43'),
(5008, 457, 26, 'Djelatnost', 22, '2010-10-20 11:22:01'),
(5009, 463, 26, 'Zemlja', 22, '2010-10-20 11:22:18'),
(5010, 452, 26, 'Prezime', 22, '2010-10-20 11:22:37'),
(5011, 461, 26, 'Grad', 22, '2010-10-20 11:22:55'),
(5012, 460, 26, 'Poštanski broj', 22, '2010-10-20 11:23:16'),
(5013, 459, 26, 'Ulica', 22, '2010-10-20 11:23:45'),
(5014, 455, 26, 'Telefon', 22, '2010-10-20 11:24:02'),
(5015, 450, 26, 'Naslov', 22, '2010-10-20 11:24:25'),
(5016, 458, 26, 'Vrsta tvrtke', 22, '2010-10-20 11:24:49'),
(5017, 451, 26, 'Ime', 22, '2010-10-20 11:25:08'),
(5018, 596, 2, 'Special Forms', 3, '2010-10-29 11:34:29'),
(5019, 596, 1, 'Spezial Formulare', 3, '2010-10-29 11:34:20'),
(5020, 597, 2, 'Italy Course Form', 3, '2010-10-29 11:35:54'),
(5021, 597, 1, 'Italien Kursformular', 3, '2010-10-29 11:35:41'),
(5025, 64, 9, 'Sub-navigation sidor', 22, '2010-11-29 14:34:54'),
(5026, 268, 22, 'Države / Celine', 22, '2010-11-30 14:21:04'),
(5027, 268, 26, 'Zemlje / Kontinenti', 22, '2010-11-30 14:32:21'),
(5100, 603, 1, 'Links', 2, '2011-01-04 17:13:24'),
(5101, 604, 1, 'In aktuellem Fenster öffnen', 2, '2011-01-04 17:22:34'),
(5102, 605, 1, 'In neuem Fenster öffnen', 2, '2011-01-04 17:23:06'),
(5103, 605, 2, 'open in new window', 2, '2011-01-04 17:23:23'),
(5104, 604, 2, 'open in current window', 2, '2011-01-04 17:23:41');

-- --------------------------------------------------------

--
-- Tabellenstruktur für Tabelle `categoryTypes`
--

CREATE TABLE IF NOT EXISTS `categoryTypes` (
  `id` bigint(20) unsigned NOT NULL AUTO_INCREMENT,
  `title` varchar(255) NOT NULL,
  PRIMARY KEY (`id`)
) ENGINE=InnoDB  DEFAULT CHARSET=utf8 AUTO_INCREMENT=4 ;

--
-- Daten für Tabelle `categoryTypes`
--

INSERT INTO `categoryTypes` (`id`, `title`) VALUES
(1, 'default'),
(2, 'system'),
(3, 'label');

-- --------------------------------------------------------

--
-- Tabellenstruktur für Tabelle `companies`
--

CREATE TABLE IF NOT EXISTS `companies` (
  `id` bigint(20) unsigned NOT NULL AUTO_INCREMENT,
  `idRootLevels` bigint(20) unsigned NOT NULL,
  `idGenericForms` bigint(20) unsigned NOT NULL,
  `idUsers` bigint(20) unsigned NOT NULL COMMENT 'Person, letzte Änderung',
  `creator` bigint(20) unsigned NOT NULL,
  `status` bigint(20) unsigned NOT NULL,
  `name` varchar(255) NOT NULL,
  `password` varchar(64) DEFAULT NULL,
  `phone` varchar(128) DEFAULT NULL,
  `mobile` varchar(128) DEFAULT NULL,
  `fax` varchar(128) DEFAULT NULL,
  `email` varchar(128) DEFAULT NULL,
  `website` varchar(128) DEFAULT NULL,
  `street` text,
  `city` varchar(128) DEFAULT NULL,
  `state` varchar(128) DEFAULT NULL,
  `zip` varchar(64) DEFAULT NULL,
  `country` bigint(20) unsigned DEFAULT NULL,
  `created` timestamp NULL DEFAULT NULL,
  `changed` timestamp NOT NULL DEFAULT CURRENT_TIMESTAMP ON UPDATE CURRENT_TIMESTAMP,
  PRIMARY KEY (`id`)
) ENGINE=InnoDB  DEFAULT CHARSET=utf8 AUTO_INCREMENT=2 ;

--
-- Daten für Tabelle `companies`
--

INSERT INTO `companies` (`id`, `idRootLevels`, `idGenericForms`, `idUsers`, `creator`, `status`, `name`, `password`, `phone`, `mobile`, `fax`, `email`, `website`, `street`, `city`, `state`, `zip`, `country`, `created`, `changed`) VALUES
(1, 46, 34, 2, 2, 1, 'Testfirma!', '9301c2a72c0f099d0313099f1cd54799', '', '', '', '', '', '', '', '', '', 0, '2011-01-20 20:15:44', '2011-01-20 20:35:43');

-- --------------------------------------------------------

--
-- Tabellenstruktur für Tabelle `contact-DEFAULT_CONTACT-1-InstanceFiles`
--

CREATE TABLE IF NOT EXISTS `contact-DEFAULT_CONTACT-1-InstanceFiles` (
  `id` bigint(20) unsigned NOT NULL AUTO_INCREMENT,
  `idContacts` bigint(20) unsigned NOT NULL,
  `sortPosition` int(10) unsigned NOT NULL,
  `idFiles` bigint(20) unsigned NOT NULL,
  `idFields` bigint(20) unsigned NOT NULL,
  PRIMARY KEY (`id`),
  KEY `idContacts` (`idContacts`),
  KEY `idFiles` (`idFiles`)
) ENGINE=InnoDB DEFAULT CHARSET=utf8 ROW_FORMAT=COMPACT AUTO_INCREMENT=1 ;

--
-- Daten für Tabelle `contact-DEFAULT_CONTACT-1-InstanceFiles`
--


-- --------------------------------------------------------

--
-- Tabellenstruktur für Tabelle `contact-DEFAULT_CONTACT-1-InstanceMultiFields`
--

CREATE TABLE IF NOT EXISTS `contact-DEFAULT_CONTACT-1-InstanceMultiFields` (
  `id` bigint(20) unsigned NOT NULL AUTO_INCREMENT,
  `idContacts` bigint(20) unsigned NOT NULL,
  `idRelation` bigint(20) unsigned NOT NULL,
  `value` varchar(255) DEFAULT NULL,
  `idFields` bigint(20) unsigned NOT NULL,
  PRIMARY KEY (`id`),
  KEY `idContacts` (`idContacts`)
) ENGINE=InnoDB DEFAULT CHARSET=utf8 ROW_FORMAT=COMPACT AUTO_INCREMENT=1 ;

--
-- Daten für Tabelle `contact-DEFAULT_CONTACT-1-InstanceMultiFields`
--


-- --------------------------------------------------------

--
-- Tabellenstruktur für Tabelle `contact-DEFAULT_CONTACT-1-Instances`
--

CREATE TABLE IF NOT EXISTS `contact-DEFAULT_CONTACT-1-Instances` (
  `id` bigint(20) unsigned NOT NULL AUTO_INCREMENT,
  `idContacts` bigint(20) unsigned NOT NULL,
  `idUsers` bigint(20) unsigned NOT NULL,
  `creator` bigint(20) unsigned NOT NULL,
  `created` timestamp NULL DEFAULT NULL,
  `changed` timestamp NOT NULL DEFAULT CURRENT_TIMESTAMP ON UPDATE CURRENT_TIMESTAMP,
  PRIMARY KEY (`id`),
  KEY `idContacts` (`idContacts`)
) ENGINE=InnoDB DEFAULT CHARSET=utf8 ROW_FORMAT=COMPACT AUTO_INCREMENT=1 ;

--
-- Daten für Tabelle `contact-DEFAULT_CONTACT-1-Instances`
--


-- --------------------------------------------------------

--
-- Tabellenstruktur für Tabelle `contacts`
--

CREATE TABLE IF NOT EXISTS `contacts` (
  `id` bigint(20) unsigned NOT NULL AUTO_INCREMENT,
  `idGenericForms` bigint(20) unsigned NOT NULL,
  `idUsers` bigint(20) unsigned NOT NULL COMMENT 'Person, letzte Änderung',
  `creator` bigint(20) unsigned NOT NULL,
  `idUnits` bigint(20) unsigned NOT NULL,
  `salutation` varchar(255) DEFAULT NULL,
  `title` varchar(255) DEFAULT NULL,
  `fname` varchar(255) NOT NULL,
  `sname` varchar(255) NOT NULL,
  `position` varchar(255) DEFAULT NULL,
  `phone` varchar(128) DEFAULT NULL,
  `mobile` varchar(128) DEFAULT NULL,
  `fax` varchar(128) DEFAULT NULL,
  `email` varchar(128) DEFAULT NULL,
  `website` varchar(128) DEFAULT NULL,
  `street` text,
  `city` varchar(128) DEFAULT NULL,
  `state` varchar(128) DEFAULT NULL,
  `zip` varchar(64) DEFAULT NULL,
  `country` bigint(20) unsigned DEFAULT NULL,
  `created` timestamp NULL DEFAULT NULL,
  `changed` timestamp NOT NULL DEFAULT CURRENT_TIMESTAMP ON UPDATE CURRENT_TIMESTAMP,
  PRIMARY KEY (`id`)
) ENGINE=InnoDB DEFAULT CHARSET=utf8 AUTO_INCREMENT=1 ;

--
-- Daten für Tabelle `contacts`
--


-- --------------------------------------------------------

--
-- Tabellenstruktur für Tabelle `contactStatus`
--

CREATE TABLE IF NOT EXISTS `contactStatus` (
  `id` int(10) unsigned NOT NULL AUTO_INCREMENT,
  `title` varchar(255) NOT NULL,
  PRIMARY KEY (`id`)
) ENGINE=InnoDB  DEFAULT CHARSET=utf8 AUTO_INCREMENT=4 ;

--
-- Daten für Tabelle `contactStatus`
--

INSERT INTO `contactStatus` (`id`, `title`) VALUES
(1, 'ACTIVE'),
(2, 'INACTIVE'),
(3, 'LOCKED');

-- --------------------------------------------------------

--
-- Tabellenstruktur für Tabelle `countries`
--

CREATE TABLE IF NOT EXISTS `countries` (
  `id` int(11) NOT NULL AUTO_INCREMENT,
  `continentCode` char(3) NOT NULL,
  `isoCode2` char(2) NOT NULL,
  `isoCode3` char(3) NOT NULL,
  `number` char(3) NOT NULL,
  `name` varchar(64) NOT NULL,
  PRIMARY KEY (`id`)
) ENGINE=InnoDB  DEFAULT CHARSET=utf8 AUTO_INCREMENT=244 ;

--
-- Daten für Tabelle `countries`
--

INSERT INTO `countries` (`id`, `continentCode`, `isoCode2`, `isoCode3`, `number`, `name`) VALUES
(1, 'ME', 'AF', 'AFG', '004', 'Afghanistan'),
(2, 'EU', 'AX', 'ALA', '248', 'Åland Islands'),
(3, 'EU', 'AL', 'ALB', '008', 'Albania'),
(4, 'AF', 'DZ', 'DZA', '012', 'Algeria'),
(5, 'OC', 'AS', 'ASM', '016', 'American Samoa'),
(6, 'EU', 'AD', 'AND', '020', 'Andorra'),
(7, 'AF', 'AO', 'AGO', '024', 'Angola'),
(8, 'NA', 'AI', 'AIA', '660', 'Anguilla'),
(9, 'AN', 'AQ', 'ATA', '010', 'Antarctica'),
(10, 'NA', 'AG', 'ATG', '028', 'Antigua and Barbuda'),
(11, 'SA', 'AR', 'ARG', '032', 'Argentina'),
(12, 'AS', 'AM', 'ARM', '051', 'Armenia'),
(13, 'NA', 'AW', 'ABW', '533', 'Aruba'),
(14, 'OC', 'AU', 'AUS', '036', 'Australia'),
(15, 'EU', 'AT', 'AUT', '040', 'Austria'),
(16, 'ME', 'AZ', 'AZE', '031', 'Azerbaijan'),
(17, 'NA', 'BS', 'BHS', '044', 'Bahamas'),
(18, 'ME', 'BH', 'BHR', '048', 'Bahrain'),
(19, 'AS', 'BD', 'BGD', '050', 'Bangladesh'),
(20, 'NA', 'BB', 'BRB', '052', 'Barbados'),
(21, 'EU', 'BY', 'BLR', '112', 'Belarus'),
(22, 'EU', 'BE', 'BEL', '056', 'Belgium'),
(23, 'NA', 'BZ', 'BLZ', '084', 'Belize'),
(24, 'AF', 'BJ', 'BEN', '204', 'Benin'),
(25, 'NA', 'BM', 'BMU', '060', 'Bermuda'),
(26, 'AS', 'BT', 'BTN', '064', 'Bhutan'),
(27, 'SA', 'BO', 'BOL', '068', 'Bolivia'),
(28, 'EU', 'BA', 'BIH', '070', 'Bosnia and Herzegovina'),
(29, 'AF', 'BW', 'BWA', '072', 'Botswana'),
(30, 'AN', 'BV', 'BVT', '074', 'Bouvet Island'),
(31, 'SA', 'BR', 'BRA', '076', 'Brazil'),
(32, 'AS', 'IO', 'IOT', '086', 'British Indian Ocean Territory'),
(33, 'NA', 'VG', 'VGB', '092', 'British Virgin Islands'),
(34, 'AS', 'BN', 'BRN', '096', 'Brunei Darussalam'),
(35, 'EU', 'BG', 'BGR', '100', 'Bulgaria'),
(36, 'AF', 'BF', 'BFA', '854', 'Burkina Faso'),
(37, 'AF', 'BI', 'BDI', '108', 'Burundi'),
(38, 'AS', 'KH', 'KHM', '116', 'Cambodia'),
(39, 'AF', 'CM', 'CMR', '120', 'Cameroon'),
(40, 'NA', 'CA', 'CAN', '124', 'Canada'),
(41, 'AF', 'CV', 'CPV', '132', 'Cape Verde'),
(42, 'NA', 'KY', 'CYM', '136', 'Cayman Islands'),
(43, 'AF', 'CF', 'CAF', '140', 'Central African Republic'),
(44, 'AF', 'TD', 'TCD', '148', 'Chad'),
(45, 'SA', 'CL', 'CHL', '152', 'Chile'),
(46, 'AS', 'CN', 'CHN', '156', 'China'),
(47, 'AS', 'CX', 'CXR', '162', 'Christmas Island'),
(48, 'AS', 'CC', 'CCK', '166', 'Cocos (Keeling) Islands'),
(49, 'SA', 'CO', 'COL', '170', 'Colombia'),
(50, 'AF', 'KM', 'COM', '174', 'Comoros'),
(51, 'AF', 'CG', 'COG', '178', 'Congo'),
(52, 'OC', 'CK', 'COK', '184', 'Cook Islands'),
(53, 'NA', 'CR', 'CRI', '188', 'Costa Rica'),
(54, 'AF', 'CI', 'CIV', '384', 'Cote D''Ivoire'),
(55, 'EU', 'HR', 'HRV', '191', 'Croatia'),
(56, 'NA', 'CU', 'CUB', '192', 'Cuba'),
(57, 'AS', 'CY', 'CYP', '196', 'Cyprus'),
(58, 'EU', 'CZ', 'CZE', '203', 'Czech Republic'),
(59, 'EU', 'DK', 'DNK', '208', 'Denmark'),
(60, 'AF', 'DJ', 'DJI', '262', 'Djibouti'),
(61, 'NA', 'DM', 'DMA', '212', 'Dominica'),
(62, 'NA', 'DO', 'DOM', '214', 'Dominican Republic'),
(63, 'SA', 'EC', 'ECU', '218', 'Ecuador'),
(64, 'AF', 'EG', 'EGY', '818', 'Egypt'),
(65, 'NA', 'SV', 'SLV', '222', 'El Salvador'),
(66, 'AF', 'GQ', 'GNQ', '226', 'Equatorial Guinea'),
(67, 'AF', 'ER', 'ERI', '232', 'Eritrea'),
(68, 'EU', 'EE', 'EST', '233', 'Estonia'),
(69, 'AF', 'ET', 'ETH', '231', 'Ethiopia'),
(70, 'EU', 'FO', 'FRO', '234', 'Faroe Islands'),
(71, 'SA', 'FK', 'FLK', '238', 'Falkland Islands'),
(72, 'OC', 'FJ', 'FJI', '242', 'Fiji'),
(73, 'EU', 'FI', 'FIN', '246', 'Finland'),
(74, 'EU', 'FR', 'FRA', '250', 'France'),
(75, 'SA', 'GF', 'GUF', '254', 'French Guiana'),
(76, 'OC', 'PF', 'PYF', '258', 'French Polynesia'),
(77, 'AN', 'TF', 'ATF', '260', 'French Southern Territories'),
(78, 'AF', 'GA', 'GAB', '266', 'Gabon'),
(79, 'AF', 'GM', 'GMB', '270', 'Gambia'),
(80, 'AS', 'GE', 'GEO', '268', 'Georgia'),
(81, 'EU', 'DE', 'DEU', '276', 'Germany'),
(82, 'AF', 'GH', 'GHA', '288', 'Ghana'),
(83, 'EU', 'GI', 'GIB', '292', 'Gibraltar'),
(84, 'EU', 'GR', 'GRC', '300', 'Greece'),
(85, 'NA', 'GL', 'GRL', '304', 'Greenland'),
(86, 'NA', 'GD', 'GRD', '308', 'Grenada'),
(87, 'NA', 'GP', 'GLP', '312', 'Guadaloupe'),
(88, 'OC', 'GU', 'GUM', '316', 'Guam'),
(89, 'NA', 'GT', 'GTM', '320', 'Guatemala'),
(90, 'EU', 'GG', 'GGY', '831', 'Guernsey'),
(91, 'AF', 'GN', 'GIN', '324', 'Guinea'),
(92, 'AF', 'GW', 'GNB', '624', 'Guinea-Bissau'),
(93, 'SA', 'GY', 'GUY', '328', 'Guyana'),
(94, 'NA', 'HT', 'HTI', '332', 'Haiti'),
(95, 'AN', 'HM', 'HMD', '334', 'Heard and McDonald Islands'),
(96, 'EU', 'VA', 'VAT', '336', 'Holy See (Vatican City State)'),
(97, 'NA', 'HN', 'HND', '340', 'Honduras'),
(98, 'AS', 'HK', 'HKG', '344', 'Hong Kong'),
(99, 'EU', 'HU', 'HUN', '348', 'Hungary'),
(100, 'EU', 'IS', 'ISL', '352', 'Iceland'),
(101, 'AS', 'IN', 'IND', '356', 'India'),
(102, 'AS', 'ID', 'IDN', '360', 'Indonesia'),
(103, 'ME', 'IR', 'IRN', '364', 'Iran'),
(104, 'ME', 'IQ', 'IRQ', '368', 'Iraq'),
(105, 'EU', 'IE', 'IRL', '372', 'Ireland'),
(106, 'EU', 'IM', 'IMN', '833', 'Isle of Man'),
(107, 'AS', 'IL', 'ISR', '376', 'Israel'),
(108, 'EU', 'IT', 'ITA', '380', 'Italy'),
(109, 'NA', 'JM', 'JAM', '388', 'Jamaica'),
(110, 'AS', 'JP', 'JPN', '392', 'Japan'),
(111, 'EU', 'JE', 'JEY', '832', 'Jersey'),
(112, 'AS', 'JO', 'JOR', '400', 'Jordan'),
(113, 'ME', 'KZ', 'KAZ', '398', 'Kazakhstan'),
(114, 'AF', 'KE', 'KEN', '404', 'Kenya'),
(115, 'OC', 'KI', 'KIR', '296', 'Kiribati'),
(116, 'AS', 'KP', 'PRK', '408', 'Korea, Democratic People''s Republic of'),
(117, 'AS', 'KR', 'KOR', '410', 'Korea, Republic of'),
(118, 'ME', 'KW', 'KWT', '414', 'Kuwait'),
(119, 'AS', 'KG', 'KGZ', '417', 'Kyrgyz Republic'),
(120, 'AS', 'LA', 'LAO', '418', 'Lao, People''s Democratic Republic'),
(121, 'EU', 'LV', 'LVA', '428', 'Latvia'),
(122, 'AS', 'LB', 'LBN', '422', 'Lebanon'),
(123, 'AF', 'LS', 'LSO', '426', 'Lesotho'),
(124, 'AF', 'LR', 'LBR', '430', 'Liberia'),
(125, 'AF', 'LY', 'LBY', '434', 'Libyan Arab Jamahiriya'),
(126, 'EU', 'LI', 'LIE', '438', 'Liechtenstein'),
(127, 'EU', 'LT', 'LTU', '440', 'Lithuania'),
(128, 'EU', 'LU', 'LUX', '442', 'Luxembourg'),
(129, 'AS', 'MO', 'MAC', '446', 'Macao'),
(130, 'EU', 'MK', 'MKD', '807', 'Macedonia the former Yugoslav Republic of'),
(131, 'AF', 'MG', 'MDG', '450', 'Madagascar'),
(132, 'AF', 'MW', 'MWI', '454', 'Malawi'),
(133, 'AS', 'MY', 'MYS', '458', 'Malaysia'),
(134, 'AS', 'MV', 'MDV', '462', 'Maldives'),
(135, 'AF', 'ML', 'MLI', '466', 'Mali'),
(136, 'EU', 'MT', 'MLT', '470', 'Malta'),
(137, 'OC', 'MH', 'MHL', '584', 'Marshall Islands'),
(138, 'NA', 'MQ', 'MTQ', '474', 'Martinique'),
(139, 'AF', 'MR', 'MRT', '478', 'Mauritania'),
(140, 'AF', 'MU', 'MUS', '480', 'Mauritius'),
(141, 'AF', 'YT', 'MYT', '175', 'Mayotte'),
(142, 'NA', 'MX', 'MEX', '484', 'Mexico'),
(143, 'OC', 'FM', 'FSM', '583', 'Micronesia'),
(144, 'EU', 'MD', 'MDA', '498', 'Moldova'),
(145, 'EU', 'MC', 'MCO', '492', 'Monaco'),
(146, 'AS', 'MN', 'MNG', '496', 'Mongolia'),
(147, 'EU', 'ME', 'MNE', '499', 'Montenegro'),
(148, 'NA', 'MS', 'MSR', '500', 'Montserrat'),
(149, 'AF', 'MA', 'MAR', '504', 'Morocco'),
(150, 'AF', 'MZ', 'MOZ', '508', 'Mozambique'),
(151, 'AS', 'MM', 'MMR', '104', 'Myanmar'),
(152, 'AF', 'NA', 'NAM', '516', 'Namibia'),
(153, 'OC', 'NR', 'NRU', '520', 'Nauru'),
(154, 'AS', 'NP', 'NPL', '524', 'Nepal'),
(155, 'NA', 'AN', 'ANT', '530', 'Netherlands Antilles'),
(156, 'EU', 'NL', 'NLD', '528', 'Netherlands'),
(157, 'OC', 'NC', 'NCL', '540', 'New Caledonia'),
(158, 'OC', 'NZ', 'NZL', '554', 'New Zealand'),
(159, 'NA', 'NI', 'NIC', '558', 'Nicaragua'),
(160, 'AF', 'NE', 'NER', '562', 'Niger'),
(161, 'AF', 'NG', 'NGA', '566', 'Nigeria'),
(162, 'OC', 'NU', 'NIU', '570', 'Niue'),
(163, 'OC', 'NF', 'NFK', '574', 'Norfolk Island'),
(164, 'OC', 'MP', 'MNP', '580', 'Northern Mariana Islands'),
(165, 'EU', 'NO', 'NOR', '578', 'Norway'),
(166, 'ME', 'OM', 'OMN', '512', 'Oman'),
(167, 'AS', 'PK', 'PAK', '586', 'Pakistan'),
(168, 'OC', 'PW', 'PLW', '585', 'Palau'),
(169, 'ME', 'PS', 'PSE', '275', 'Palestinian Territory'),
(170, 'NA', 'PA', 'PAN', '591', 'Panama'),
(171, 'OC', 'PG', 'PNG', '598', 'Papua New Guinea'),
(172, 'SA', 'PY', 'PRY', '600', 'Paraguay'),
(173, 'SA', 'PE', 'PER', '604', 'Peru'),
(174, 'AS', 'PH', 'PHL', '608', 'Philippines'),
(175, 'OC', 'PN', 'PCN', '612', 'Pitcairn Island'),
(176, 'EU', 'PL', 'POL', '616', 'Poland'),
(177, 'EU', 'PT', 'PRT', '620', 'Portugal'),
(178, 'NA', 'PR', 'PRI', '630', 'Puerto Rico'),
(179, 'ME', 'QA', 'QAT', '634', 'Qatar State of'),
(180, 'AF', 'RE', 'REU', '638', 'Reunion'),
(181, 'EU', 'RO', 'ROU', '642', 'Romania'),
(182, 'EU', 'RU', 'RUS', '643', 'Russian Federation'),
(183, 'AF', 'RW', 'RWA', '646', 'Rwanda'),
(184, 'AF', 'SH', 'SHN', '654', 'St Helena'),
(185, 'NA', 'KN', 'KNA', '659', 'St Kitts and Nevis'),
(186, 'NA', 'LC', 'LCA', '662', 'St Lucia'),
(187, 'NA', 'PM', 'SPM', '666', 'St Pierre and Miquelon'),
(188, 'NA', 'VC', 'VCT', '670', 'St Vincent and the Grenadines'),
(189, 'OC', 'WS', 'WSM', '882', 'Samoa'),
(190, 'EU', 'SM', 'SMR', '674', 'San Marino'),
(191, 'AF', 'ST', 'STP', '678', 'Sao Tome and Principe'),
(192, 'ME', 'SA', 'SAU', '682', 'Saudi Arabia'),
(193, 'AF', 'SN', 'SEN', '686', 'Senegal'),
(194, 'EU', 'RS', 'SRB', '688', 'Serbia'),
(195, 'AF', 'SC', 'SYC', '690', 'Seychelles'),
(196, 'AF', 'SL', 'SLE', '694', 'Sierra Leone'),
(197, 'AS', 'SG', 'SGP', '702', 'Singapore'),
(198, 'EU', 'SK', 'SVK', '703', 'Slovakia'),
(199, 'EU', 'SI', 'SVN', '705', 'Slovenia'),
(200, 'OC', 'SB', 'SLB', '090', 'Solomon Islands'),
(201, 'AF', 'SO', 'SOM', '706', 'Somalia'),
(202, 'AF', 'ZA', 'ZAF', '710', 'South Africa'),
(203, 'AN', 'GS', 'SGS', '239', 'South Georgia and the South Sandwich Islands'),
(204, 'EU', 'ES', 'ESP', '724', 'Spain'),
(205, 'AS', 'LK', 'LKA', '144', 'Sri Lanka'),
(206, 'AF', 'SD', 'SDN', '736', 'Sudan'),
(207, 'SA', 'SR', 'SUR', '740', 'Suriname'),
(208, 'EU', 'SJ', 'SJM', '744', 'Svalbard & Jan Mayen Islands'),
(209, 'AF', 'SZ', 'SWZ', '748', 'Swaziland'),
(210, 'EU', 'SE', 'SWE', '752', 'Sweden'),
(211, 'EU', 'CH', 'CHE', '756', 'Switzerland'),
(212, 'ME', 'SY', 'SYR', '760', 'Syrian Arab Republic'),
(213, 'AS', 'TW', 'TWN', '158', 'Taiwan'),
(214, 'ME', 'TJ', 'TJK', '762', 'Tajikistan'),
(215, 'AF', 'TZ', 'TZA', '834', 'Tanzania'),
(216, 'AS', 'TH', 'THA', '764', 'Thailand'),
(217, 'AS', 'TL', 'TLS', '626', 'Timor-Leste'),
(218, 'AF', 'TG', 'TGO', '768', 'Togo'),
(219, 'OC', 'TK', 'TKL', '772', 'Tokelau'),
(220, 'OC', 'TO', 'TON', '776', 'Tonga'),
(221, 'NA', 'TT', 'TTO', '780', 'Trinidad and Tobago'),
(222, 'AF', 'TN', 'TUN', '788', 'Tunisia'),
(223, 'EU', 'TR', 'TUR', '792', 'Turkey'),
(224, 'ME', 'TM', 'TKM', '795', 'Turkmenistan'),
(225, 'NA', 'TC', 'TCA', '796', 'Turks and Caicos Islands'),
(226, 'OC', 'TV', 'TUV', '798', 'Tuvalu'),
(227, 'NA', 'VI', 'VIR', '850', 'US Virgin Islands'),
(228, 'AF', 'UG', 'UGA', '800', 'Uganda'),
(229, 'EU', 'UA', 'UKR', '804', 'Ukraine'),
(230, 'ME', 'AE', 'ARE', '784', 'United Arab Emirates'),
(231, 'EU', 'GB', 'GBR', '826', 'United Kingdom'),
(232, 'OC', 'UM', 'UMI', '581', 'United States Minor Outlying Islands'),
(233, 'NA', 'US', 'USA', '840', 'United States of America'),
(234, 'SA', 'UY', 'URY', '858', 'Uruguay'),
(235, 'AS', 'UZ', 'UZB', '860', 'Uzbekistan'),
(236, 'OC', 'VU', 'VUT', '548', 'Vanuatu'),
(237, 'SA', 'VE', 'VEN', '862', 'Venezuela'),
(238, 'AS', 'VN', 'VNM', '704', 'Viet Nam'),
(239, 'OC', 'WF', 'WLF', '876', 'Wallis and Futuna Islands'),
(240, 'AF', 'EH', 'ESH', '732', 'Western Sahara'),
(241, 'ME', 'YE', 'YEM', '887', 'Yemen'),
(242, 'AF', 'ZM', 'ZMB', '894', 'Zambia'),
(243, 'AF', 'ZW', 'ZWE', '716', 'Zimbabwe');

-- --------------------------------------------------------

--
-- Tabellenstruktur für Tabelle `decorators`
--

CREATE TABLE IF NOT EXISTS `decorators` (
  `id` bigint(20) unsigned NOT NULL AUTO_INCREMENT,
  `title` varchar(255) NOT NULL,
  PRIMARY KEY (`id`)
) ENGINE=InnoDB  DEFAULT CHARSET=utf8 ROW_FORMAT=COMPACT AUTO_INCREMENT=9 ;

--
-- Daten für Tabelle `decorators`
--

INSERT INTO `decorators` (`id`, `title`) VALUES
(1, 'Input'),
(2, 'Template'),
(3, 'Tag'),
(4, 'Overflow'),
(5, 'Url'),
(6, 'VideoSelect'),
(7, 'Gmaps'),
(8, 'DocumentFilter');

-- --------------------------------------------------------

--
-- Tabellenstruktur für Tabelle `environments`
--

CREATE TABLE IF NOT EXISTS `environments` (
  `id` int(10) unsigned NOT NULL AUTO_INCREMENT,
  `key` varchar(64) NOT NULL,
  PRIMARY KEY (`id`)
) ENGINE=InnoDB  DEFAULT CHARSET=utf8 AUTO_INCREMENT=4 ;

--
-- Daten für Tabelle `environments`
--

INSERT INTO `environments` (`id`, `key`) VALUES
(1, 'production'),
(2, 'staging'),
(3, 'development');

-- --------------------------------------------------------

--
-- Tabellenstruktur für Tabelle `fieldPermissions`
--

CREATE TABLE IF NOT EXISTS `fieldPermissions` (
  `id` bigint(20) unsigned NOT NULL AUTO_INCREMENT,
  `idFields` bigint(20) unsigned NOT NULL,
  `idPermissions` bigint(20) unsigned NOT NULL,
  `idGroups` bigint(20) unsigned NOT NULL,
  PRIMARY KEY (`id`),
  KEY `idFields` (`idFields`),
  KEY `idPermissions` (`idPermissions`),
  KEY `idGroups` (`idGroups`)
) ENGINE=InnoDB DEFAULT CHARSET=utf8 AUTO_INCREMENT=1 ;

--
-- Daten für Tabelle `fieldPermissions`
--


-- --------------------------------------------------------

--
-- Tabellenstruktur für Tabelle `fieldProperties`
--

CREATE TABLE IF NOT EXISTS `fieldProperties` (
  `id` bigint(20) unsigned NOT NULL AUTO_INCREMENT,
  `idFields` bigint(20) unsigned NOT NULL,
  `idProperties` int(10) unsigned NOT NULL,
  `value` varchar(255) NOT NULL DEFAULT '',
  PRIMARY KEY (`id`),
  KEY `idFields` (`idFields`),
  KEY `idProperties` (`idProperties`)
) ENGINE=InnoDB  DEFAULT CHARSET=utf8 AUTO_INCREMENT=4 ;

--
-- Daten für Tabelle `fieldProperties`
--

INSERT INTO `fieldProperties` (`id`, `idFields`, `idProperties`, `value`) VALUES
(1, 3, 1, '2'),
(2, 4, 1, '1'),
(3, 1, 1, '1');

-- --------------------------------------------------------

--
-- Tabellenstruktur für Tabelle `fields`
--

CREATE TABLE IF NOT EXISTS `fields` (
  `id` bigint(20) unsigned NOT NULL AUTO_INCREMENT,
  `idFieldTypes` bigint(20) unsigned NOT NULL,
  `name` varchar(255) NOT NULL,
  `idSearchFieldTypes` int(10) NOT NULL DEFAULT '1',
  `idRelationPage` bigint(20) unsigned DEFAULT NULL,
  `idCategory` bigint(20) unsigned DEFAULT NULL,
  `sqlSelect` varchar(2000) DEFAULT NULL,
  `columns` int(10) unsigned NOT NULL,
  `height` int(10) unsigned NOT NULL DEFAULT '0',
  `isCoreField` tinyint(1) NOT NULL DEFAULT '0',
  `isKeyField` tinyint(1) NOT NULL DEFAULT '0',
  `isSaveField` tinyint(1) NOT NULL DEFAULT '1',
  `isRegionTitle` tinyint(1) NOT NULL DEFAULT '0',
  `isDependentOn` bigint(20) unsigned DEFAULT NULL COMMENT 'must be an ID',
  `showDisplayOptions` varchar(10) NOT NULL DEFAULT '0',
  `copyValue` tinyint(1) NOT NULL DEFAULT '0' COMMENT 'decision if we addittionally write the value into the table (result: id and e.g. title in table)',
  PRIMARY KEY (`id`),
  KEY `name` (`name`)
) ENGINE=InnoDB  DEFAULT CHARSET=utf8 AUTO_INCREMENT=216 ;

--
-- Daten für Tabelle `fields`
--

INSERT INTO `fields` (`id`, `idFieldTypes`, `name`, `idSearchFieldTypes`, `idRelationPage`, `idCategory`, `sqlSelect`, `columns`, `height`, `isCoreField`, `isKeyField`, `isSaveField`, `isRegionTitle`, `isDependentOn`, `showDisplayOptions`, `copyValue`) VALUES
(1, 1, 'title', 1, NULL, NULL, NULL, 12, 0, 1, 1, 1, 0, NULL, '0', 0),
(2, 10, 'description', 1, NULL, NULL, NULL, 12, 0, 0, 0, 1, 0, NULL, '0', 0),
(3, 1, 'title', 5, NULL, NULL, NULL, 12, 0, 1, 1, 1, 0, NULL, '0', 0),
(4, 1, 'articletitle', 5, NULL, NULL, NULL, 12, 0, 0, 0, 1, 0, NULL, '0', 0),
(5, 12, 'mainpics', 3, NULL, NULL, NULL, 12, 0, 0, 0, 1, 0, NULL, '0', 0),
(6, 10, 'description', 6, NULL, NULL, NULL, 12, 0, 0, 0, 1, 0, NULL, '0', 0),
(7, 12, 'pics', 1, NULL, NULL, NULL, 12, 0, 0, 0, 1, 0, NULL, '0', 0),
(8, 13, 'docs', 1, NULL, NULL, NULL, 12, 0, 0, 0, 1, 0, NULL, '0', 0),
(10, 2, 'shortdescription', 5, NULL, NULL, NULL, 9, 0, 0, 0, 1, 0, NULL, '0', 0),
(11, 11, 'template', 1, NULL, NULL, NULL, 12, 0, 0, 0, 0, 0, NULL, '0', 0),
(17, 1, 'title', 1, NULL, NULL, NULL, 12, 0, 1, 1, 1, 0, NULL, '0', 0),
(18, 12, 'block_pics', 1, NULL, NULL, NULL, 3, 0, 0, 0, 1, 0, NULL, '010101010', 0),
(19, 10, 'block_description', 6, NULL, NULL, NULL, 9, 0, 0, 0, 1, 0, NULL, '0', 0),
(20, 1, 'block_title', 6, NULL, NULL, NULL, 12, 0, 0, 0, 1, 1, NULL, '0', 0),
(21, 16, 'page_tags', 6, NULL, NULL, NULL, 12, 0, 0, 0, 1, 0, NULL, '0', 0),
(22, 17, 'category', 6, NULL, NULL, 'SELECT tbl.id AS id, categoryTitles.title AS title, tbl.depth AS depth FROM categories AS tbl INNER JOIN categoryTitles ON categoryTitles.idCategories = tbl.id AND categoryTitles.idLanguages = %LANGUAGE_ID%, categories AS rootCat WHERE rootCat.id = 1 AND tbl.idRootCategory = rootCat.idRootCategory AND tbl.lft BETWEEN (rootCat.lft + 1) AND rootCat.rgt %WHERE_ADDON% ORDER BY tbl.lft, categoryTitles.title', 12, 0, 1, 0, 1, 0, NULL, '0', 0),
(23, 1, 'video_title', 6, NULL, NULL, NULL, 12, 0, 0, 0, 1, 0, NULL, '0', 0),
(24, 2, 'video_embed_code', 1, NULL, NULL, NULL, 12, 0, 0, 0, 1, 0, NULL, '0', 0),
(25, 1, 'pics_title', 6, NULL, NULL, NULL, 12, 0, 0, 0, 1, 0, NULL, '0', 0),
(26, 1, 'docs_title', 6, NULL, NULL, NULL, 12, 0, 0, 0, 1, 1, NULL, '0', 0),
(27, 18, 'url', 3, NULL, NULL, NULL, 12, 0, 0, 0, 1, 0, NULL, '0', 0),
(28, 19, 'internal_link', 1, NULL, NULL, NULL, 12, 0, 0, 0, 1, 0, NULL, '0', 0),
(29, 10, 'sidebar_description', 6, NULL, NULL, NULL, 12, 0, 0, 0, 1, 0, NULL, '0', 0),
(30, 1, 'sidebar_title', 6, NULL, NULL, NULL, 12, 0, 0, 0, 1, 1, NULL, '0', 0),
(31, 1, 'entry_number', 1, NULL, NULL, NULL, 4, 0, 0, 0, 1, 0, NULL, '0', 0),
(34, 20, 'entry_category', 1, NULL, NULL, 'SELECT tbl.id AS id, categoryTitles.title AS title, (tbl.depth-1) AS depth FROM categories AS tbl INNER JOIN categoryTitles ON categoryTitles.idCategories = tbl.id AND categoryTitles.idLanguages = %LANGUAGE_ID%, categories AS rootCat WHERE rootCat.id = 1 AND tbl.idRootCategory = rootCat.idRootCategory AND tbl.lft BETWEEN (rootCat.lft + 1) AND rootCat.rgt %WHERE_ADDON% ORDER BY tbl.lft, categoryTitles.title', 4, 0, 0, 0, 1, 0, NULL, '0', 0),
(37, 1, 'entry_title', 6, NULL, NULL, NULL, 12, 0, 0, 0, 1, 1, NULL, '0', 0),
(40, 21, 'title', 5, NULL, NULL, NULL, 12, 0, 1, 0, 1, 0, NULL, '0', 0),
(41, 1, 'top_number', 1, NULL, NULL, NULL, 4, 0, 0, 0, 1, 0, NULL, '0', 0),
(42, 20, 'top_category', 1, NULL, NULL, 'SELECT tbl.id AS id, categoryTitles.title AS title, (tbl.depth-1) AS depth FROM categories AS tbl INNER JOIN categoryTitles ON categoryTitles.idCategories = tbl.id AND categoryTitles.idLanguages = %LANGUAGE_ID%, categories AS rootCat WHERE rootCat.id = 1 AND tbl.idRootCategory = rootCat.idRootCategory AND tbl.lft BETWEEN (rootCat.lft + 1) AND rootCat.rgt %WHERE_ADDON% ORDER BY tbl.lft, categoryTitles.title', 4, 0, 0, 0, 1, 0, NULL, '0', 0),
(43, 1, 'top_title', 6, NULL, NULL, NULL, 12, 0, 0, 0, 1, 0, NULL, '0', 0),
(44, 1, 'entry_number', 1, NULL, NULL, NULL, 4, 0, 0, 0, 1, 0, NULL, '0', 0),
(45, 20, 'entry_nav_point', 1, NULL, NULL, 'SELECT folders.id, folderTitles.title, folders.depth FROM folders INNER JOIN folderTitles ON folderTitles.folderId = folders.folderId AND folderTitles.version = folders.version AND folderTitles.idLanguages = %ROOTLEVEL_LANGUAGE_ID% INNER JOIN rootLevels ON rootLevels.id = folders.idRootLevels INNER JOIN rootLevelTitles ON rootLevelTitles.idRootLevels = rootLevels.id WHERE folders.idRootLevels = %ROOTLEVEL_ID% ORDER BY folders.lft, folders.sortPosition ASC, folders.sortTimestamp DESC', 4, 0, 0, 0, 1, 0, NULL, '0', 0),
(46, 1, 'entry_title', 5, NULL, NULL, NULL, 12, 0, 0, 0, 1, 1, NULL, '0', 0),
(47, 9, 'entry_sorttype', 1, NULL, NULL, 'SELECT tbl.id AS id, categoryTitles.title AS title FROM categories AS tbl INNER JOIN categoryTitles ON categoryTitles.idCategories = tbl.id AND categoryTitles.idLanguages = %LANGUAGE_ID%, categories AS rootCat WHERE rootCat.id = 12 AND tbl.idRootCategory = rootCat.idRootCategory AND tbl.lft BETWEEN ( rootCat.lft +1 ) AND rootCat.rgt %WHERE_ADDON% ORDER BY tbl.lft, categoryTitles.title', 4, 0, 0, 0, 1, 0, NULL, '0', 0),
(48, 4, 'entry_sortorder', 1, NULL, NULL, 'SELECT tbl.id AS id, categoryTitles.title AS title FROM categories AS tbl INNER JOIN categoryTitles ON categoryTitles.idCategories = tbl.id AND categoryTitles.idLanguages = %LANGUAGE_ID%, categories AS rootCat WHERE rootCat.id = 13 AND tbl.idRootCategory = rootCat.idRootCategory AND tbl.lft BETWEEN ( rootCat.lft +1 ) AND rootCat.rgt %WHERE_ADDON% ORDER BY tbl.lft, categoryTitles.title', 4, 0, 0, 0, 1, 0, NULL, '0', 0),
(49, 9, 'top_sorttype', 1, NULL, NULL, 'SELECT tbl.id AS id, categoryTitles.title AS title FROM categories AS tbl INNER JOIN categoryTitles ON categoryTitles.idCategories = tbl.id AND categoryTitles.idLanguages = %LANGUAGE_ID%, categories AS rootCat WHERE rootCat.id = 12 AND tbl.idRootCategory = rootCat.idRootCategory AND tbl.lft BETWEEN ( rootCat.lft +1 ) AND rootCat.rgt %WHERE_ADDON% ORDER BY tbl.lft, categoryTitles.title', 4, 0, 0, 0, 1, 0, NULL, '0', 0),
(50, 4, 'top_sortorder', 1, NULL, NULL, 'SELECT tbl.id AS id, categoryTitles.title AS title FROM categories AS tbl INNER JOIN categoryTitles ON categoryTitles.idCategories = tbl.id AND categoryTitles.idLanguages = %LANGUAGE_ID%, categories AS rootCat WHERE rootCat.id = 13 AND tbl.idRootCategory = rootCat.idRootCategory AND tbl.lft BETWEEN ( rootCat.lft +1 ) AND rootCat.rgt %WHERE_ADDON% ORDER BY tbl.lft, categoryTitles.title', 4, 0, 0, 0, 1, 0, NULL, '0', 0),
(51, 9, 'entry_sorttype', 1, NULL, NULL, 'SELECT tbl.id AS id, categoryTitles.title AS title FROM categories AS tbl INNER JOIN categoryTitles ON categoryTitles.idCategories = tbl.id AND categoryTitles.idLanguages = %LANGUAGE_ID%, categories AS rootCat WHERE rootCat.id = 12 AND tbl.idRootCategory = rootCat.idRootCategory AND tbl.lft BETWEEN ( rootCat.lft +1 ) AND rootCat.rgt %WHERE_ADDON% ORDER BY tbl.lft, categoryTitles.title', 4, 0, 0, 0, 1, 0, NULL, '0', 0),
(52, 4, 'entry_sortorder', 1, NULL, NULL, 'SELECT tbl.id AS id, categoryTitles.title AS title FROM categories AS tbl INNER JOIN categoryTitles ON categoryTitles.idCategories = tbl.id AND categoryTitles.idLanguages = %LANGUAGE_ID%, categories AS rootCat WHERE rootCat.id = 13 AND tbl.idRootCategory = rootCat.idRootCategory AND tbl.lft BETWEEN ( rootCat.lft +1 ) AND rootCat.rgt %WHERE_ADDON% ORDER BY tbl.lft, categoryTitles.title', 4, 0, 0, 0, 1, 0, NULL, '0', 0),
(53, 20, 'entry_category', 1, NULL, NULL, 'SELECT tbl.id AS id, categoryTitles.title AS title, (tbl.depth-1) AS depth FROM categories AS tbl INNER JOIN categoryTitles ON categoryTitles.idCategories = tbl.id AND categoryTitles.idLanguages = %LANGUAGE_ID%, categories AS rootCat WHERE rootCat.id = 1 AND tbl.idRootCategory = rootCat.idRootCategory AND tbl.lft BETWEEN (rootCat.lft + 1) AND rootCat.rgt %WHERE_ADDON% ORDER BY tbl.lft, categoryTitles.title', 4, 0, 0, 0, 1, 0, NULL, '0', 0),
(54, 22, 'video', 1, NULL, NULL, 'SELECT tbl.id AS id, tbl.title AS title FROM videoTypes AS tbl', 12, 0, 0, 0, 1, 0, NULL, '0', 0),
(55, 12, 'pic_shortdescription', 3, NULL, NULL, NULL, 3, 0, 0, 0, 1, 0, NULL, '0', 0),
(56, 17, 'label', 6, NULL, NULL, 'SELECT tbl.id AS id, categoryTitles.title AS title, tbl.depth AS depth FROM categories AS tbl INNER JOIN categoryTitles ON categoryTitles.idCategories = tbl.id AND categoryTitles.idLanguages = %LANGUAGE_ID%, categories AS rootCat WHERE rootCat.id = 21 AND tbl.idRootCategory = rootCat.idRootCategory AND tbl.lft BETWEEN (rootCat.lft + 1) AND rootCat.rgt %WHERE_ADDON% ORDER BY tbl.lft, categoryTitles.title', 12, 0, 1, 0, 1, 0, NULL, '0', 0),
(59, 9, 'entry_viewtype', 1, NULL, NULL, 'SELECT tbl.id AS id, categoryTitles.title AS title FROM categories AS tbl INNER JOIN categoryTitles ON categoryTitles.idCategories = tbl.id AND categoryTitles.idLanguages = %LANGUAGE_ID%, categories AS rootCat WHERE rootCat.id = 27 AND tbl.idRootCategory = rootCat.idRootCategory AND tbl.lft BETWEEN (rootCat.lft + 1) AND rootCat.rgt %WHERE_ADDON% ORDER BY tbl.lft, categoryTitles.title', 4, 0, 0, 0, 1, 0, NULL, '0', 0),
(60, 20, 'entry_label', 6, NULL, NULL, 'SELECT tbl.id AS id, categoryTitles.title AS title, (tbl.depth-1) AS depth FROM categories AS tbl INNER JOIN categoryTitles ON categoryTitles.idCategories = tbl.id AND categoryTitles.idLanguages = %LANGUAGE_ID%, categories AS rootCat WHERE rootCat.id = 21 AND tbl.idRootCategory = rootCat.idRootCategory AND tbl.lft BETWEEN (rootCat.lft + 1) AND rootCat.rgt %WHERE_ADDON% ORDER BY tbl.lft, categoryTitles.title', 4, 0, 0, 0, 1, 0, NULL, '0', 0),
(61, 20, 'top_label', 6, NULL, NULL, 'SELECT tbl.id AS id, categoryTitles.title AS title, (tbl.depth-1) AS depth FROM categories AS tbl INNER JOIN categoryTitles ON categoryTitles.idCategories = tbl.id AND categoryTitles.idLanguages = %LANGUAGE_ID%, categories AS rootCat WHERE rootCat.id = 21 AND tbl.idRootCategory = rootCat.idRootCategory AND tbl.lft BETWEEN (rootCat.lft + 1) AND rootCat.rgt %WHERE_ADDON% ORDER BY tbl.lft, categoryTitles.title', 4, 0, 0, 0, 1, 0, NULL, '0', 0),
(62, 20, 'entry_label', 6, NULL, NULL, 'SELECT tbl.id AS id, categoryTitles.title AS title, (tbl.depth-1) AS depth FROM categories AS tbl INNER JOIN categoryTitles ON categoryTitles.idCategories = tbl.id AND categoryTitles.idLanguages = %LANGUAGE_ID%, categories AS rootCat WHERE rootCat.id = 21 AND tbl.idRootCategory = rootCat.idRootCategory AND tbl.lft BETWEEN (rootCat.lft + 1) AND rootCat.rgt %WHERE_ADDON% ORDER BY tbl.lft, categoryTitles.title', 4, 0, 0, 0, 1, 0, NULL, '0', 0),
(64, 3, 'option', 1, NULL, NULL, 'SELECT tbl.id AS id, categoryTitles.title AS title FROM categories AS tbl INNER JOIN categoryTitles ON categoryTitles.idCategories = tbl.id AND categoryTitles.idLanguages = %LANGUAGE_ID%, categories AS rootCat WHERE rootCat.id = 42 AND tbl.idRootCategory = rootCat.idRootCategory AND tbl.lft BETWEEN ( rootCat.lft +1 ) AND rootCat.rgt %WHERE_ADDON% ORDER BY tbl.lft, categoryTitles.title', 12, 0, 0, 0, 1, 0, NULL, '0', 0),
(65, 1, 'fname', 1, NULL, NULL, NULL, 6, 0, 1, 1, 1, 0, NULL, '0', 0),
(66, 1, 'sname', 1, NULL, NULL, NULL, 6, 0, 1, 1, 1, 0, NULL, '0', 0),
(67, 1, 'datetime', 1, NULL, NULL, NULL, 6, 0, 1, 0, 1, 0, NULL, '0', 0),
(68, 1, 'event_duration', 1, NULL, NULL, NULL, 6, 0, 0, 0, 1, 0, NULL, '0', 0),
(69, 1, 'event_street', 1, NULL, NULL, NULL, 9, 0, 0, 0, 1, 0, NULL, '0', 0),
(70, 1, 'event_streetnr', 1, NULL, NULL, NULL, 3, 0, 0, 0, 1, 0, NULL, '0', 0),
(71, 1, 'event_plz', 1, NULL, NULL, NULL, 3, 0, 0, 0, 1, 0, NULL, '0', 0),
(72, 1, 'event_city', 1, NULL, NULL, NULL, 9, 0, 0, 0, 1, 0, NULL, '0', 0),
(73, 1, 'event_location', 1, NULL, NULL, NULL, 12, 0, 0, 0, 1, 0, NULL, '0', 0),
(74, 1, 'event_max_members', 1, NULL, NULL, NULL, 6, 0, 0, 0, 1, 0, NULL, '0', 0),
(75, 1, 'event_costs', 1, NULL, NULL, NULL, 6, 0, 0, 0, 1, 0, NULL, '0', 0),
(76, 1, 'salutation', 1, NULL, NULL, NULL, 6, 0, 1, 0, 1, 0, NULL, '0', 0),
(77, 1, 'title', 1, NULL, NULL, NULL, 6, 0, 1, 0, 1, 0, NULL, '0', 0),
(78, 1, 'position', 1, NULL, NULL, NULL, 12, 0, 1, 0, 1, 0, NULL, '0', 0),
(79, 1, 'phone', 1, NULL, NULL, NULL, 4, 0, 1, 0, 1, 0, NULL, '0', 0),
(80, 1, 'mobile', 1, NULL, NULL, NULL, 4, 0, 1, 0, 1, 0, NULL, '0', 0),
(81, 1, 'fax', 1, NULL, NULL, NULL, 4, 0, 1, 0, 1, 0, NULL, '0', 0),
(82, 1, 'email', 1, NULL, NULL, NULL, 6, 0, 1, 0, 1, 0, NULL, '0', 0),
(83, 1, 'website', 1, NULL, NULL, NULL, 6, 0, 1, 0, 1, 0, NULL, '0', 0),
(84, 12, 'pics', 1, NULL, NULL, NULL, 12, 0, 0, 0, 1, 0, NULL, '0', 0),
(85, 24, 'speakers', 1, NULL, NULL, NULL, 12, 0, 0, 0, 1, 0, NULL, '0', 0),
(86, 9, 'contact', 1, NULL, NULL, 'SELECT tbl.id AS id, CONCAT(tbl.fname,'' '',tbl.sname) AS title FROM contacts AS tbl INNER JOIN units ON tbl.idUnits = units.id INNER JOIN unitTitles ON unitTitles.idUnits = units.id AND unitTitles.idLanguages = 1, units AS rootUnit WHERE rootUnit.id = 3 AND units.lft BETWEEN rootUnit.lft AND rootUnit.rgt AND units.idRootUnit = rootUnit.id %WHERE_ADDON% ORDER BY tbl.fname ASC', 12, 0, 0, 0, 1, 0, NULL, '0', 0),
(87, 9, 'event_status', 1, NULL, NULL, 'SELECT tbl.id AS id, categoryTitles.title AS title FROM categories AS tbl INNER JOIN categoryTitles ON categoryTitles.idCategories = tbl.id AND categoryTitles.idLanguages = %LANGUAGE_ID%, categories AS rootCat WHERE rootCat.id = 49 AND tbl.idRootCategory = rootCat.idRootCategory AND tbl.lft BETWEEN ( rootCat.lft +1 ) AND rootCat.rgt %WHERE_ADDON% ORDER BY tbl.lft, categoryTitles.title', 6, 0, 0, 0, 1, 0, NULL, '0', 0),
(88, 12, 'banner_pics', 1, NULL, NULL, NULL, 3, 0, 0, 0, 1, 0, NULL, '0', 0),
(89, 10, 'banner_description', 1, NULL, NULL, NULL, 9, 0, 0, 0, 1, 0, NULL, '0', 0),
(90, 1, 'banner_title', 1, NULL, NULL, NULL, 12, 0, 0, 0, 1, 0, NULL, '0', 0),
(91, 12, 'headerpics', 1, NULL, NULL, NULL, 12, 0, 0, 0, 1, 0, NULL, '0', 0),
(92, 2, 'header_embed_code', 1, NULL, NULL, NULL, 12, 0, 0, 0, 1, 0, NULL, '0', 0),
(93, 1, 'external', 1, NULL, NULL, NULL, 12, 0, 1, 0, 1, 0, NULL, '0', 0),
(94, 1, 'title', 1, NULL, NULL, NULL, 12, 0, 1, 1, 1, 0, NULL, '0', 0),
(95, 4, 'entry_depth', 1, NULL, NULL, 'SELECT tbl.id AS id, categoryTitles.title AS title FROM categories AS tbl INNER JOIN categoryTitles ON categoryTitles.idCategories = tbl.id AND categoryTitles.idLanguages = %LANGUAGE_ID%, categories AS rootCat WHERE rootCat.id = 64 AND tbl.idRootCategory = rootCat.idRootCategory AND tbl.lft %WHERE_ADDON% BETWEEN (rootCat.lft+1) AND rootCat.rgt ORDER BY tbl.lft, categoryTitles.title', 4, 0, 0, 0, 1, 0, NULL, '0', 0),
(96, 21, 'title', 5, NULL, NULL, NULL, 12, 0, 1, 0, 1, 0, NULL, '0', 0),
(97, 1, 'instruction_title', 6, NULL, NULL, NULL, 12, 0, 0, 0, 1, 1, NULL, '0', 0),
(98, 10, 'instruction_description', 6, NULL, NULL, NULL, 12, 0, 0, 0, 1, 0, NULL, '0', 0),
(99, 1, 'description', 6, NULL, NULL, NULL, 12, 0, 0, 0, 1, 0, NULL, '0', 0),
(100, 1, 'department', 1, NULL, NULL, NULL, 6, 0, 0, 0, 1, 0, NULL, '0', 0),
(101, 1, 'position', 1, NULL, NULL, NULL, 6, 0, 0, 0, 1, 0, NULL, '0', 0),
(102, 1, 'content_responsible', 1, NULL, NULL, 'SELECT tbl.id AS id, CONCAT(tbl.fname,'' '',tbl.sname) AS title FROM contacts AS tbl WHERE tbl.idUnits = 1 ORDER BY tbl.fname ASC', 6, 0, 0, 0, 1, 0, NULL, '0', 0),
(103, 1, 'organizational_responsible', 1, NULL, NULL, 'SELECT tbl.id AS id, CONCAT(tbl.fname,'' '',tbl.sname) AS title FROM contacts AS tbl WHERE tbl.idUnits = 1 ORDER BY tbl.fname ASC', 6, 0, 0, 0, 1, 0, NULL, '0', 0),
(104, 1, 'steps_title', 1, NULL, NULL, NULL, 12, 0, 0, 0, 1, 1, NULL, '0', 0),
(105, 10, 'steps_text', 1, NULL, NULL, NULL, 12, 0, 0, 0, 1, 0, NULL, '0', 0),
(106, 10, 'shortdescription', 5, NULL, NULL, NULL, 12, 0, 0, 0, 1, 0, NULL, '0', 0),
(107, 1, 'steps_who', 1, NULL, NULL, NULL, 12, 0, 0, 0, 1, 0, NULL, '0', 0),
(108, 12, 'process_pic', 1, NULL, NULL, NULL, 12, 0, 0, 0, 1, 0, NULL, '0', 0),
(109, 10, 'process_inputs', 1, NULL, NULL, NULL, 12, 0, 0, 0, 1, 0, NULL, '0', 0),
(110, 10, 'risk_description', 1, NULL, NULL, NULL, 12, 0, 0, 0, 1, 0, NULL, '0', 0),
(111, 1, 'rule_title', 1, NULL, NULL, NULL, 12, 0, 0, 0, 1, 1, NULL, '0', 0),
(112, 10, 'rule_text', 1, NULL, NULL, NULL, 12, 0, 0, 0, 1, 0, NULL, '0', 0),
(113, 10, 'risk_measure', 1, NULL, NULL, NULL, 12, 0, 0, 0, 1, 0, NULL, '0', 0),
(114, 10, 'process_output', 1, NULL, NULL, NULL, 12, 0, 0, 0, 1, 0, NULL, '0', 0),
(115, 10, 'process_indicator', 1, NULL, NULL, NULL, 12, 0, 0, 0, 1, 0, NULL, '0', 0),
(116, 10, 'process_instructions', 1, NULL, NULL, NULL, 12, 0, 0, 0, 1, 0, NULL, '0', 0),
(117, 10, 'process_techniques', 1, NULL, NULL, NULL, 12, 0, 0, 0, 1, 0, NULL, '0', 0),
(118, 25, 'gmaps', 1, NULL, NULL, NULL, 12, 0, 0, 0, 1, 0, NULL, '0', 0),
(119, 1, 'internal_links_title', 6, NULL, NULL, NULL, 12, 0, 0, 0, 1, 0, NULL, '0', 0),
(120, 26, 'internal_links', 1, NULL, NULL, NULL, 12, 0, 0, 0, 1, 0, NULL, '0', 0),
(121, 1, 'collection_title', 6, NULL, NULL, NULL, 12, 0, 0, 0, 1, 0, NULL, '0', 0),
(122, 27, 'collection', 1, NULL, NULL, NULL, 12, 0, 0, 0, 1, 0, NULL, '0', 0),
(123, 13, 'block_docs', 1, NULL, NULL, NULL, 12, 0, 0, 0, 1, 0, NULL, '0', 0),
(124, 1, 'link_title', 6, NULL, NULL, NULL, 12, 0, 0, 0, 1, 1, NULL, '0', 0),
(125, 1, 'link_url', 1, NULL, NULL, NULL, 12, 0, 0, 0, 1, 0, NULL, '0', 0),
(126, 12, 'header_pics', 1, NULL, NULL, NULL, 3, 0, 0, 0, 1, 0, NULL, '0', 0),
(127, 10, 'header_description', 1, NULL, NULL, NULL, 9, 0, 0, 0, 1, 0, NULL, '0', 0),
(128, 12, 'sidebar_pics', 1, NULL, NULL, NULL, 12, 0, 0, 0, 1, 0, NULL, '0', 0),
(129, 28, 'docs', 1, NULL, NULL, NULL, 12, 0, 0, 0, 1, 0, NULL, '0', 0),
(130, 20, 'entry_point', 1, NULL, NULL, 'SELECT folders.id, folderTitles.title, folders.depth FROM folders INNER JOIN folderTitles ON folderTitles.folderId = folders.folderId AND folderTitles.version = folders.version AND folderTitles.idLanguages = %ROOTLEVEL_LANGUAGE_ID% INNER JOIN rootLevels ON rootLevels.id = folders.idRootLevels INNER JOIN rootLevelTitles ON rootLevelTitles.idRootLevels = rootLevels.id WHERE folders.idRootLevels = 12 ORDER BY folders.lft, folders.sortPosition ASC, folders.sortTimestamp DESC', 4, 0, 0, 0, 1, 0, NULL, '0', 0),
(131, 20, 'entry_category', 1, NULL, NULL, 'SELECT tbl.id AS id, categoryTitles.title AS title, (tbl.depth-1) AS depth FROM categories AS tbl INNER JOIN categoryTitles ON categoryTitles.idCategories = tbl.id AND categoryTitles.idLanguages = %LANGUAGE_ID%, categories AS rootCat WHERE rootCat.id = 1 AND tbl.idRootCategory = rootCat.idRootCategory AND tbl.lft BETWEEN (rootCat.lft + 1) AND rootCat.rgt %WHERE_ADDON% ORDER BY tbl.lft, categoryTitles.title', 4, 0, 0, 0, 1, 0, NULL, '0', 0),
(132, 20, 'entry_label', 6, NULL, NULL, 'SELECT tbl.id AS id, categoryTitles.title AS title, (tbl.depth-1) AS depth FROM categories AS tbl INNER JOIN categoryTitles ON categoryTitles.idCategories = tbl.id AND categoryTitles.idLanguages = %LANGUAGE_ID%, categories AS rootCat WHERE rootCat.id = 21 AND tbl.idRootCategory = rootCat.idRootCategory AND tbl.lft BETWEEN (rootCat.lft + 1) AND rootCat.rgt %WHERE_ADDON% ORDER BY tbl.lft, categoryTitles.title', 4, 0, 0, 0, 1, 0, NULL, '0', 0),
(133, 1, 'code', 1, NULL, NULL, NULL, 12, 0, 1, 0, 1, 0, NULL, '0', 0),
(134, 1, 'datetime', 5, NULL, NULL, NULL, 12, 0, 1, 1, 1, 0, NULL, '0', 0),
(135, 20, 'entry_label', 6, NULL, NULL, 'SELECT tbl.id AS id, categoryTitles.title AS title, (tbl.depth-1) AS depth FROM categories AS tbl INNER JOIN categoryTitles ON categoryTitles.idCategories = tbl.id AND categoryTitles.idLanguages = %LANGUAGE_ID%, categories AS rootCat WHERE rootCat.id = 21 AND tbl.idRootCategory = rootCat.idRootCategory AND tbl.lft BETWEEN (rootCat.lft + 1) AND rootCat.rgt %WHERE_ADDON% ORDER BY tbl.lft, categoryTitles.title', 4, 0, 0, 0, 1, 0, NULL, '0', 0),
(136, 20, 'entry_category', 1, NULL, NULL, 'SELECT tbl.id AS id, categoryTitles.title AS title, (tbl.depth-1) AS depth FROM categories AS tbl INNER JOIN categoryTitles ON categoryTitles.idCategories = tbl.id AND categoryTitles.idLanguages = %LANGUAGE_ID%, categories AS rootCat WHERE rootCat.id = 1 AND tbl.idRootCategory = rootCat.idRootCategory AND tbl.lft BETWEEN (rootCat.lft + 1) AND rootCat.rgt %WHERE_ADDON% ORDER BY tbl.lft, categoryTitles.title', 4, 0, 0, 0, 1, 0, NULL, '0', 0),
(137, 20, 'entry_point', 1, NULL, NULL, 'SELECT folders.id, folderTitles.title, folders.depth FROM folders INNER JOIN folderTitles ON folderTitles.folderId = folders.folderId AND folderTitles.version = folders.version AND folderTitles.idLanguages = %ROOTLEVEL_LANGUAGE_ID% INNER JOIN rootLevels ON rootLevels.id = folders.idRootLevels INNER JOIN rootLevelTitles ON rootLevelTitles.idRootLevels = rootLevels.id WHERE folders.idRootLevels = 15 ORDER BY folders.lft, folders.sortPosition ASC, folders.sortTimestamp DESC', 4, 0, 0, 0, 1, 0, NULL, '0', 0),
(138, 9, 'location', 1, NULL, NULL, 'SELECT tbl.id AS id, CONCAT(categoryTitles.title, '', '', tbl.city, '' - '',tbl.name) AS title FROM locations AS tbl INNER JOIN units ON units.id = tbl.idUnits LEFT JOIN categoryTitles ON categoryTitles.idCategories = tbl.country AND categoryTitles.idLanguages = %LANGUAGE_ID%, units AS rootUnit WHERE rootUnit.id = 43 AND units.idRootUnit = rootUnit.idRootUnit AND units.lft BETWEEN rootUnit.lft AND rootUnit.rgt %WHERE_ADDON% ORDER BY title', 6, 0, 0, 0, 1, 0, NULL, '0', 0),
(139, 1, 'start_datetime', 5, NULL, NULL, NULL, 6, 0, 0, 0, 1, 0, NULL, '0', 0),
(140, 1, 'end_datetime', 5, NULL, NULL, NULL, 6, 0, 0, 0, 1, 0, NULL, '0', 0),
(141, 2, 'duration', 1, NULL, NULL, NULL, 6, 0, 0, 0, 1, 0, NULL, '0', 0),
(142, 1, 'global_entry_title', 6, NULL, NULL, NULL, 12, 0, 0, 0, 1, 1, NULL, '0', 0),
(143, 20, 'global_entry_point', 1, NULL, NULL, 'SELECT folders.id, folderTitles.title, folders.depth FROM folders INNER JOIN folderTitles ON folderTitles.folderId = folders.folderId AND folderTitles.version = folders.version AND folderTitles.idLanguages = %ROOTLEVEL_LANGUAGE_ID% INNER JOIN rootLevels ON rootLevels.id = folders.idRootLevels INNER JOIN rootLevelTitles ON rootLevelTitles.idRootLevels = rootLevels.id WHERE folders.idRootLevels = 12 ORDER BY folders.lft, folders.sortPosition ASC, folders.sortTimestamp DESC', 4, 0, 0, 0, 1, 0, NULL, '0', 0),
(144, 20, 'global_entry_category', 1, NULL, NULL, 'SELECT tbl.id AS id, categoryTitles.title AS title, (tbl.depth-1) AS depth FROM categories AS tbl INNER JOIN categoryTitles ON categoryTitles.idCategories = tbl.id AND categoryTitles.idLanguages = %LANGUAGE_ID%, categories AS rootCat WHERE rootCat.id = 1 AND tbl.idRootCategory = rootCat.idRootCategory AND tbl.lft BETWEEN (rootCat.lft + 1) AND rootCat.rgt %WHERE_ADDON% ORDER BY tbl.lft, categoryTitles.title', 4, 0, 0, 0, 1, 0, NULL, '0', 0),
(145, 20, 'global_entry_label', 6, NULL, NULL, 'SELECT tbl.id AS id, categoryTitles.title AS title, (tbl.depth-1) AS depth FROM categories AS tbl INNER JOIN categoryTitles ON categoryTitles.idCategories = tbl.id AND categoryTitles.idLanguages = %LANGUAGE_ID%, categories AS rootCat WHERE rootCat.id = 21 AND tbl.idRootCategory = rootCat.idRootCategory AND tbl.lft BETWEEN (rootCat.lft + 1) AND rootCat.rgt %WHERE_ADDON% ORDER BY tbl.lft, categoryTitles.title', 4, 0, 0, 0, 1, 0, NULL, '0', 0),
(146, 20, 'global_entry_nav_point', 1, NULL, NULL, 'SELECT pages.id, pageTitles.title, folders.depth FROM folders INNER JOIN pages ON pages.idParent = folders.id AND pages.idParentTypes = 2 AND pages.isStartPage = 1 INNER JOIN pageProperties ON pageProperties.pageId = pages.pageId AND pageProperties.version = pages.version AND pageProperties.idLanguages = %ROOTLEVEL_LANGUAGE_ID% INNER JOIN pageTitles ON pageTitles.pageId = pages.pageId AND pageTitles.version = pages.version AND pageTitles.idLanguages = %ROOTLEVEL_LANGUAGE_ID% WHERE folders.idRootLevels = %ROOTLEVEL_ID% ORDER BY folders.lft, folders.sortPosition ASC, folders.sortTimestamp DESC', 4, 0, 0, 0, 1, 0, NULL, '0', 0),
(147, 1, 'iframe', 1, NULL, NULL, NULL, 12, 0, 1, 1, 1, 0, NULL, '0', 0),
(148, 1, 'iframeWidth', 1, NULL, NULL, NULL, 6, 0, 0, 0, 1, 0, NULL, '0', 0),
(149, 1, 'iframeHeight', 1, NULL, NULL, NULL, 6, 0, 0, 0, 1, 0, NULL, '0', 0),
(150, 29, 'videoIntern', 1, NULL, NULL, NULL, 12, 0, 0, 0, 1, 0, NULL, '0', 0),
(151, 1, 'name', 1, NULL, NULL, NULL, 12, 0, 1, 1, 1, 0, NULL, '0', 0),
(152, 9, 'position', 6, NULL, NULL, 'SELECT tbl.id AS id, categoryTitles.title AS title FROM categories AS tbl LEFT JOIN categoryTitles ON categoryTitles.idCategories = tbl.id AND categoryTitles.idLanguages = %LANGUAGE_ID%, categories AS rootCat WHERE rootCat.id = 270 AND tbl.idRootCategory = rootCat.idRootCategory %WHERE_ADDON% ORDER BY categoryTitles.title', 6, 0, 1, 0, 1, 0, NULL, '0', 0),
(153, 9, 'type', 6, NULL, NULL, 'SELECT tbl.id AS id, categoryTitles.title AS title FROM categories AS tbl LEFT JOIN categoryTitles ON categoryTitles.idCategories = tbl.id AND categoryTitles.idLanguages = %LANGUAGE_ID%, categories AS rootCat WHERE rootCat.id = 269 AND tbl.idRootCategory = rootCat.idRootCategory %WHERE_ADDON% ORDER BY categoryTitles.title', 6, 0, 1, 0, 1, 0, NULL, '0', 0),
(154, 1, 'comment', 1, NULL, NULL, NULL, 12, 0, 1, 0, 1, 0, NULL, '0', 0),
(155, 20, 'country', 1, NULL, NULL, 'SELECT tbl.id AS id, categoryTitles.title AS title, (tbl.depth-1) AS depth FROM categories AS tbl INNER JOIN categoryTitles ON categoryTitles.idCategories = tbl.id AND categoryTitles.idLanguages = %LANGUAGE_ID%, categories AS rootCat WHERE rootCat.id = 268 AND tbl.idRootCategory = rootCat.idRootCategory AND tbl.lft BETWEEN (rootCat.lft + 1) AND rootCat.rgt %WHERE_ADDON% ORDER BY tbl.lft, categoryTitles.title', 6, 0, 1, 0, 1, 0, NULL, '0', 0),
(156, 10, 'street', 1, NULL, NULL, NULL, 12, 0, 1, 0, 1, 0, NULL, '0', 0),
(157, 1, 'state', 1, NULL, NULL, NULL, 6, 0, 1, 0, 1, 0, NULL, '0', 0),
(158, 1, 'city', 1, NULL, NULL, NULL, 6, 0, 1, 0, 1, 0, NULL, '0', 0),
(159, 1, 'zip', 1, NULL, NULL, NULL, 6, 0, 1, 0, 1, 0, NULL, '0', 0),
(160, 9, 'entry_pic_tag', 1, NULL, NULL, 'SELECT tbl.id AS id, tbl.title AS title FROM tags AS tbl ORDER BY tbl.title', 4, 0, 0, 0, 1, 0, NULL, '0', 0),
(161, 9, 'entry_sorttype', 1, NULL, NULL, 'SELECT tbl.id AS id, categoryTitles.title AS title FROM categories AS tbl INNER JOIN categoryTitles ON categoryTitles.idCategories = tbl.id AND categoryTitles.idLanguages = %LANGUAGE_ID% WHERE tbl.id IN (16,17) %WHERE_ADDON% ORDER BY categoryTitles.title', 4, 0, 0, 0, 1, 0, NULL, '0', 0),
(162, 1, 'sender_name', 1, NULL, NULL, NULL, 6, 0, 0, 0, 1, 0, NULL, '0', 0),
(163, 1, 'sender_mail', 1, NULL, NULL, NULL, 6, 0, 0, 0, 1, 0, NULL, '0', 0),
(164, 1, 'receiver_name', 1, NULL, NULL, NULL, 6, 0, 0, 0, 1, 0, NULL, '0', 0),
(165, 1, 'receiver_mail', 1, NULL, NULL, NULL, 6, 0, 0, 0, 1, 0, NULL, '0', 0),
(166, 3, 'form_fields', 1, NULL, NULL, 'SELECT tbl.id AS id, categoryTitles.title AS title, categoryCodes.code FROM categories AS tbl INNER JOIN categoryTitles ON categoryTitles.idCategories = tbl.id AND categoryTitles.idLanguages = %LANGUAGE_ID% INNER JOIN categoryCodes ON categoryCodes.idCategories = tbl.id AND categoryCodes.idLanguages = %LANGUAGE_ID% WHERE tbl.idParentCategory = 448 %WHERE_ADDON% ORDER BY tbl.id ASC', 6, 0, 0, 0, 1, 0, NULL, '0', 0),
(167, 3, 'form_mandatory_fields', 1, NULL, NULL, 'SELECT tbl.id AS id, categoryTitles.title AS title, categoryCodes.code FROM categories AS tbl INNER JOIN categoryTitles ON categoryTitles.idCategories = tbl.id AND categoryTitles.idLanguages = %LANGUAGE_ID% INNER JOIN categoryCodes ON categoryCodes.idCategories = tbl.id AND categoryCodes.idLanguages = %LANGUAGE_ID% WHERE tbl.idParentCategory = 448 %WHERE_ADDON% ORDER BY tbl.id ASC', 6, 0, 0, 0, 1, 0, NULL, '0', 0),
(168, 1, 'subject', 6, NULL, NULL, NULL, 12, 0, 0, 0, 1, 0, NULL, '0', 0),
(169, 10, 'success_message', 6, NULL, NULL, NULL, 12, 0, 0, 0, 1, 0, NULL, '0', 0),
(170, 1, 'title_externe_links', 6, NULL, NULL, NULL, 12, 0, 0, 0, 1, 0, NULL, '0', 0),
(171, 20, 'entry_location', 1, NULL, NULL, 'SELECT tbl.id, unitTitles.title, tbl.depth FROM units AS tbl INNER JOIN unitTitles ON unitTitles.IdUnits = tbl.id AND unitTitles.idLanguages = 1 WHERE tbl.idRootLevels = 19 %WHERE_ADDON% ORDER BY tbl.idRootUnit, tbl.lft ASC', 6, 0, 0, 0, 1, 0, NULL, '0', 0),
(172, 20, 'entry_type', 1, NULL, NULL, 'SELECT tbl.id AS id, categoryTitles.title AS title FROM categories AS tbl INNER JOIN categoryTitles ON categoryTitles.idCategories = tbl.id AND categoryTitles.idLanguages = %LANGUAGE_ID% WHERE tbl.idParentCategory = 269 %WHERE_ADDON% ORDER BY categoryTitles.title', 6, 0, 0, 0, 1, 0, NULL, '0', 0),
(173, 1, 'slogan', 5, NULL, NULL, NULL, 12, 0, 0, 0, 1, 0, NULL, '0', 0),
(174, 12, 'slogan_pics', 3, NULL, NULL, NULL, 12, 0, 0, 0, 1, 0, NULL, '0', 0),
(175, 13, 'curriculum_vitae', 1, NULL, NULL, NULL, 12, 0, 0, 0, 1, 0, NULL, '0', 0),
(176, 14, 'speakers', 1, NULL, NULL, 'SELECT tbl.id AS id, CONCAT(tbl.fname,'' '',tbl.sname) AS title FROM contacts AS tbl INNER JOIN units ON tbl.idUnits = units.id INNER JOIN unitTitles ON unitTitles.idUnits = units.id AND unitTitles.idLanguages = 1, units AS rootUnit WHERE rootUnit.id = 4 AND units.idRootUnit = rootUnit.id AND units.lft BETWEEN rootUnit.lft AND rootUnit.rgt %WHERE_ADDON% ORDER BY tbl.fname ASC', 6, 0, 0, 0, 1, 0, NULL, '0', 0),
(177, 1, 'event_title', 6, NULL, NULL, NULL, 6, 0, 0, 0, 1, 1, NULL, '0', 0),
(178, 20, 'entry_label', 6, NULL, NULL, 'SELECT tbl.id AS id, categoryTitles.title AS title, (tbl.depth-1) AS depth FROM categories AS tbl INNER JOIN categoryTitles ON categoryTitles.idCategories = tbl.id AND categoryTitles.idLanguages = %LANGUAGE_ID%, categories AS rootCat WHERE rootCat.id = 21 AND tbl.idRootCategory = rootCat.idRootCategory AND tbl.lft BETWEEN (rootCat.lft + 1) AND rootCat.rgt %WHERE_ADDON% ORDER BY tbl.lft, categoryTitles.title', 4, 0, 0, 0, 1, 0, NULL, '0', 0),
(179, 20, 'entry_category', 1, NULL, NULL, 'SELECT tbl.id AS id, categoryTitles.title AS title, (tbl.depth-1) AS depth FROM categories AS tbl INNER JOIN categoryTitles ON categoryTitles.idCategories = tbl.id AND categoryTitles.idLanguages = %LANGUAGE_ID%, categories AS rootCat WHERE rootCat.id = 1 AND tbl.idRootCategory = rootCat.idRootCategory AND tbl.lft BETWEEN (rootCat.lft + 1) AND rootCat.rgt %WHERE_ADDON% ORDER BY tbl.lft, categoryTitles.title', 4, 0, 0, 0, 1, 0, NULL, '0', 0),
(180, 20, 'entry_point', 1, NULL, NULL, 'SELECT folders.id, folderTitles.title, folders.depth FROM folders INNER JOIN folderTitles ON folderTitles.folderId = folders.folderId AND folderTitles.version = folders.version AND folderTitles.idLanguages = %ROOTLEVEL_LANGUAGE_ID% INNER JOIN rootLevels ON rootLevels.id = folders.idRootLevels INNER JOIN rootLevelTitles ON rootLevelTitles.idRootLevels = rootLevels.id WHERE folders.idRootLevels = 17 ORDER BY folders.lft, folders.sortPosition ASC, folders.sortTimestamp DESC', 4, 0, 0, 0, 1, 0, NULL, '0', 0),
(181, 2, 'fees', 1, NULL, NULL, NULL, 6, 0, 0, 0, 1, 0, NULL, '0', 0),
(182, 2, 'language', 6, NULL, NULL, NULL, 6, 0, 0, 0, 1, 0, NULL, '0', 0),
(183, 20, 'entry_label', 6, NULL, NULL, 'SELECT tbl.id AS id, categoryTitles.title AS title, (tbl.depth-1) AS depth FROM categories AS tbl INNER JOIN categoryTitles ON categoryTitles.idCategories = tbl.id AND categoryTitles.idLanguages = %LANGUAGE_ID%, categories AS rootCat WHERE rootCat.id = 21 AND tbl.idRootCategory = rootCat.idRootCategory AND tbl.lft BETWEEN (rootCat.lft + 1) AND rootCat.rgt %WHERE_ADDON% ORDER BY tbl.lft, categoryTitles.title', 4, 0, 0, 0, 1, 0, NULL, '0', 0),
(184, 20, 'entry_category', 1, NULL, NULL, 'SELECT tbl.id AS id, categoryTitles.title AS title, (tbl.depth-1) AS depth FROM categories AS tbl INNER JOIN categoryTitles ON categoryTitles.idCategories = tbl.id AND categoryTitles.idLanguages = %LANGUAGE_ID%, categories AS rootCat WHERE rootCat.id = 1 AND tbl.idRootCategory = rootCat.idRootCategory AND tbl.lft BETWEEN (rootCat.lft + 1) AND rootCat.rgt %WHERE_ADDON% ORDER BY tbl.lft, categoryTitles.title', 4, 0, 0, 0, 1, 0, NULL, '0', 0),
(185, 20, 'entry_point', 1, NULL, NULL, 'SELECT folders.id, folderTitles.title, folders.depth FROM folders INNER JOIN folderTitles ON folderTitles.folderId = folders.folderId AND folderTitles.version = folders.version AND folderTitles.idLanguages = %ROOTLEVEL_LANGUAGE_ID% INNER JOIN rootLevels ON rootLevels.id = folders.idRootLevels INNER JOIN rootLevelTitles ON rootLevelTitles.idRootLevels = rootLevels.id WHERE folders.idRootLevels = 20 ORDER BY folders.lft, folders.sortPosition ASC, folders.sortTimestamp DESC', 4, 0, 0, 0, 1, 0, NULL, '0', 0),
(186, 20, 'entry_point', 1, NULL, NULL, 'SELECT folders.id, folderTitles.title, folders.depth FROM folders INNER JOIN folderTitles ON folderTitles.folderId = folders.folderId AND folderTitles.version = folders.version AND folderTitles.idLanguages = %ROOTLEVEL_LANGUAGE_ID% INNER JOIN rootLevels ON rootLevels.id = folders.idRootLevels INNER JOIN rootLevelTitles ON rootLevelTitles.idRootLevels = rootLevels.id WHERE folders.idRootLevels = 3 ORDER BY folders.lft, folders.sortPosition ASC, folders.sortTimestamp DESC', 6, 0, 0, 0, 1, 0, NULL, '0', 0),
(187, 9, 'entry_file_tag', 1, NULL, NULL, 'SELECT tbl.id AS id, tbl.title AS title FROM tags AS tbl ORDER BY tbl.title', 6, 0, 0, 0, 1, 0, NULL, '0', 0),
(188, 12, 'shop_pics', 1, NULL, NULL, NULL, 12, 0, 0, 0, 1, 0, NULL, '0', 0),
(189, 1, 'shop_ids', 1, NULL, NULL, NULL, 12, 0, 0, 0, 1, 1, NULL, '0', 0),
(190, 13, 'shop_docs', 1, NULL, NULL, NULL, 12, 0, 0, 0, 1, 0, NULL, '0', 0),
(191, 1, 'shop_docs_title', 6, NULL, NULL, NULL, 12, 0, 0, 0, 1, 1, NULL, '0', 0),
(192, 9, 'shop_state', 1, NULL, NULL, 'SELECT tbl.id AS id, statusTitles.title AS title FROM status AS tbl INNER JOIN statusTitles ON statusTitles.idStatus = tbl.id AND statusTitles.idLanguages = %LANGUAGE_ID%', 12, 0, 1, 0, 1, 0, NULL, '0', 0),
(193, 10, 'shop_description', 6, NULL, NULL, NULL, 12, 0, 0, 0, 1, 0, NULL, '0', 0),
(194, 1, 'shop_internal_links_title', 6, NULL, NULL, NULL, 12, 0, 0, 0, 1, 0, NULL, '0', 0),
(195, 26, 'shop_internal_links', 1, NULL, NULL, NULL, 12, 0, 0, 0, 1, 0, NULL, '0', 0),
(196, 10, 'shop_block_description', 1, NULL, NULL, NULL, 9, 0, 0, 0, 1, 0, NULL, '0', 0),
(197, 13, 'shop_block_docs', 1, NULL, NULL, NULL, 12, 0, 0, 0, 1, 0, NULL, '0', 0),
(198, 12, 'shop_block_pics', 1, NULL, NULL, NULL, 3, 0, 0, 0, 1, 0, NULL, '010101010', 0),
(199, 1, 'shop_block_title', 1, NULL, NULL, NULL, 12, 0, 0, 0, 1, 1, NULL, '0', 0),
(200, 1, 'shop_price_material_id', 1, NULL, NULL, NULL, 3, 0, 0, 0, 1, 1, NULL, '0', 0),
(201, 1, 'shop_price_material_info', 1, NULL, NULL, NULL, 9, 0, 0, 0, 1, 0, NULL, '0', 0),
(202, 3, 'shop_price_material_has_shades', 1, NULL, NULL, 'SELECT tbl.id AS id, categoryTitles.title AS title, categoryCodes.code FROM categories AS tbl INNER JOIN categoryTitles ON categoryTitles.idCategories = tbl.id AND categoryTitles.idLanguages = %LANGUAGE_ID% INNER JOIN categoryCodes ON categoryCodes.idCategories = tbl.id AND categoryCodes.idLanguages = %LANGUAGE_ID% WHERE tbl.idParentCategory = 526 %WHERE_ADDON% ORDER BY tbl.id ASC', 3, 0, 0, 0, 1, 0, NULL, '0', 0),
(203, 12, 'header_pic', 1, NULL, NULL, NULL, 3, 0, 0, 0, 1, 0, NULL, '0', 0),
(204, 1, 'header_link', 1, NULL, NULL, NULL, 9, 0, 0, 0, 1, 1, NULL, '0', 0),
(205, 9, 'global_entry_sorttype', 1, NULL, NULL, 'SELECT tbl.id AS id, categoryTitles.title AS title FROM categories AS tbl INNER JOIN categoryTitles ON categoryTitles.idCategories = tbl.id AND categoryTitles.idLanguages = %LANGUAGE_ID%, categories AS rootCat WHERE rootCat.id = 12 AND tbl.idRootCategory = rootCat.idRootCategory AND tbl.lft BETWEEN ( rootCat.lft +1 ) AND rootCat.rgt %WHERE_ADDON% ORDER BY tbl.lft, categoryTitles.title', 4, 0, 0, 0, 1, 0, NULL, '0', 0),
(206, 4, 'global_entry_sortorder', 1, NULL, NULL, 'SELECT tbl.id AS id, categoryTitles.title AS title FROM categories AS tbl INNER JOIN categoryTitles ON categoryTitles.idCategories = tbl.id AND categoryTitles.idLanguages = %LANGUAGE_ID%, categories AS rootCat WHERE rootCat.id = 13 AND tbl.idRootCategory = rootCat.idRootCategory AND tbl.lft BETWEEN ( rootCat.lft +1 ) AND rootCat.rgt %WHERE_ADDON% ORDER BY tbl.lft, categoryTitles.title', 4, 0, 0, 0, 1, 0, NULL, '0', 0),
(207, 1, 'global_entry_number', 1, NULL, NULL, NULL, 4, 0, 0, 0, 1, 0, NULL, '0', 0),
(208, 9, 'course_special_form', 4, NULL, NULL, 'SELECT tbl.id AS id, categoryTitles.title AS title FROM categories AS tbl INNER JOIN categoryTitles ON categoryTitles.idCategories = tbl.id AND categoryTitles.idLanguages = %LANGUAGE_ID%, categories AS rootCat WHERE rootCat.id = 596 AND tbl.idRootCategory = rootCat.idRootCategory AND tbl.lft BETWEEN ( rootCat.lft +1 ) AND rootCat.rgt %WHERE_ADDON% ORDER BY tbl.lft, categoryTitles.title', 4, 0, 0, 0, 1, 0, NULL, '0', 0),
(209, 1, 'title_text_blocks', 6, NULL, NULL, NULL, 12, 0, 0, 0, 1, 0, NULL, '0', 0),
(210, 1, 'username', 1, NULL, NULL, NULL, 4, 0, 1, 0, 1, 0, NULL, '0', 0),
(211, 30, 'password', 1, NULL, NULL, NULL, 4, 0, 1, 0, 1, 0, NULL, '0', 0),
(212, 30, 'password_confirm', 1, NULL, NULL, NULL, 4, 0, 1, 0, 0, 0, NULL, '0', 0),
(213, 9, 'status', 1, NULL, NULL, 'SELECT contactStatus.id AS id, contactStatus.title AS title FROM contactStatus ORDER BY id ASC', 4, 0, 1, 0, 1, 0, NULL, '0', 0),
(214, 9, 'company', 1, NULL, NULL, 'SELECT companies.id AS id, companies.name AS title FROM companies WHERE companies.idRootLevels = 46 ORDER BY companies.name ASC', 8, 0, 1, 0, 1, 0, NULL, '0', 0),
(215, 4, 'target', 1, NULL, NULL, 'SELECT categoryCodes.code AS id, categoryTitles.title AS title FROM categories AS tbl INNER JOIN categoryTitles ON categoryTitles.idCategories = tbl.id AND categoryTitles.idLanguages = %LANGUAGE_ID% LEFT JOIN categoryCodes ON categoryCodes.idCategories = tbl.id AND categoryCodes.idLanguages = %LANGUAGE_ID%, categories AS rootCat WHERE rootCat.id = 603 AND tbl.idRootCategory = rootCat.idRootCategory AND tbl.lft %WHERE_ADDON% BETWEEN (rootCat.lft+1) AND rootCat.rgt ORDER BY tbl.lft, categoryTitles.title', 6, 0, 1, 0, 1, 0, NULL, '0', 0);

-- --------------------------------------------------------

--
-- Tabellenstruktur für Tabelle `fieldTitles`
--

CREATE TABLE IF NOT EXISTS `fieldTitles` (
  `id` bigint(20) unsigned NOT NULL AUTO_INCREMENT,
  `idFields` bigint(20) unsigned NOT NULL,
  `idLanguages` int(10) unsigned NOT NULL DEFAULT '1',
  `title` varchar(500) DEFAULT NULL,
  `description` text,
  PRIMARY KEY (`id`),
  KEY `idFields` (`idFields`)
) ENGINE=InnoDB  DEFAULT CHARSET=utf8 AUTO_INCREMENT=345 ;

--
-- Daten für Tabelle `fieldTitles`
--

INSERT INTO `fieldTitles` (`id`, `idFields`, `idLanguages`, `title`, `description`) VALUES
(1, 1, 1, 'Titel', NULL),
(2, 2, 1, 'Beschreibung', NULL),
(3, 3, 1, 'Titel', NULL),
(4, 4, 1, 'Überschrift für den Artikel', NULL),
(5, 11, 1, 'Aktuelles Template', NULL),
(6, 5, 1, NULL, NULL),
(7, 7, 1, NULL, NULL),
(8, 8, 1, NULL, NULL),
(9, 12, 1, 'Multiselect Test', NULL),
(11, 15, 1, 'Radiobuttons', NULL),
(12, 16, 1, 'Checkboxes', NULL),
(13, 17, 1, 'Titel', NULL),
(14, 20, 1, 'Titel', NULL),
(15, 21, 1, 'Tags', NULL),
(16, 22, 1, 'Kategorien', NULL),
(17, 24, 1, 'Embed Code', NULL),
(18, 23, 1, 'Titel', NULL),
(19, 25, 1, 'Titel', NULL),
(20, 26, 1, 'Titel', NULL),
(21, 28, 1, 'Verlinkte Seite', NULL),
(22, 30, 1, 'Titel', NULL),
(23, 31, 1, 'Anzahl', NULL),
(26, 37, 1, 'Titel', NULL),
(29, 34, 1, 'Nur Seiten mit Kategorie', NULL),
(30, 41, 1, 'Anzahl', NULL),
(31, 42, 1, 'Nur Seiten mit Kategorie', NULL),
(32, 43, 1, 'Titel', NULL),
(33, 47, 1, 'Sortierung nach', NULL),
(34, 48, 1, 'Reihenfolge', NULL),
(35, 49, 1, 'Sortierung nach', NULL),
(36, 50, 1, 'Reihenfolge', NULL),
(37, 51, 1, 'Sortierung nach', NULL),
(38, 52, 1, 'Reihenfolge', NULL),
(39, 44, 1, 'Anzahl', NULL),
(40, 45, 1, 'Navigationspunkt', NULL),
(41, 46, 1, 'Titel', NULL),
(42, 53, 1, 'Nur Seiten mit Kategorie', NULL),
(43, 54, 1, 'Video Service', NULL),
(44, 10, 1, 'Kurzbeschreibung des Artikels', NULL),
(45, 56, 1, 'Eigene Etiketten', NULL),
(47, 59, 1, 'Darstellungsform', NULL),
(49, 60, 1, 'Nur Seiten mit Etikette', NULL),
(50, 61, 1, 'Nur Seiten mit Etikette', NULL),
(51, 62, 1, 'Nur Seiten mit Etikette', NULL),
(53, 64, 1, 'Darstellungsoptionen', NULL),
(54, 65, 1, 'Vorname', NULL),
(55, 66, 1, 'Nachname', NULL),
(56, 67, 1, 'Datum, Zeit (Format: dd.mm.yyyy hh:mm)', NULL),
(57, 68, 1, 'Dauer (z.B.: 90 Minuten)', NULL),
(58, 69, 1, 'Strasse', NULL),
(59, 70, 1, 'Hausnummer', NULL),
(60, 71, 1, 'Postleitzahl', NULL),
(61, 72, 1, 'Ort', NULL),
(62, 73, 1, 'Schauplatz', NULL),
(63, 74, 1, 'Max. Teilnehmeranzahl', NULL),
(64, 75, 1, 'Kosten (in EUR)', NULL),
(65, 76, 1, 'Anrede', NULL),
(66, 77, 1, 'Titel', NULL),
(67, 78, 1, 'Funktion / Position', NULL),
(68, 79, 1, 'Telefon', NULL),
(69, 80, 1, 'Mobil', NULL),
(70, 81, 1, 'Fax ', NULL),
(71, 82, 1, 'E-Mail', NULL),
(72, 83, 1, 'Internet URL', NULL),
(73, 84, 1, 'Kontaktbilder', NULL),
(74, 85, 1, 'Vortragende', NULL),
(75, 86, 1, 'Kontakt', NULL),
(76, 87, 1, 'Veranstaltungsstatus', NULL),
(77, 90, 1, 'Titel', NULL),
(78, 91, 1, 'Headerbild', NULL),
(79, 92, 1, 'Embed Code', NULL),
(80, 93, 1, 'Url (z.B. http://www.getzoolu.com)', NULL),
(81, 94, 1, 'Titel', NULL),
(82, 95, 1, 'Sub-Navigations-Seiten', NULL),
(83, 97, 1, 'Titel', NULL),
(84, 98, 1, 'Beschreibung', NULL),
(85, 99, 1, 'Beschreibung', NULL),
(86, 100, 1, 'Abteilung', NULL),
(87, 101, 1, 'Stelle', NULL),
(88, 102, 1, 'Inhaltiche Verantwortung', NULL),
(89, 103, 1, 'Organisatorische Verantwortung', NULL),
(90, 104, 1, 'Aktivität', NULL),
(91, 105, 1, 'Beschreibung', NULL),
(92, 107, 1, 'Wer?', NULL),
(93, 110, 1, 'Beschreibung / Ursache', NULL),
(94, 111, 1, 'Titel', NULL),
(95, 113, 1, 'Präventive und korrektive Maßnahme', NULL),
(96, 112, 1, 'Beschreibung', NULL),
(97, 119, 1, 'Titel', NULL),
(98, 121, 1, 'Titel', NULL),
(99, 124, 1, 'Titel', NULL),
(100, 125, 1, 'Url (z.B. http://www.getzoolu.org)', NULL),
(101, 130, 1, 'Produktbaum', NULL),
(102, 131, 1, 'Nur Produkte mit Kategorie', NULL),
(103, 132, 1, 'Nur Produkte mit Etikette', NULL),
(104, 133, 1, 'Schlüssel', NULL),
(105, 134, 1, 'Datum', NULL),
(106, 134, 2, 'Date', NULL),
(107, 135, 1, 'Nur Mitteilungen mit Etikette', NULL),
(108, 136, 1, 'Nur Mitteilungen mit Kategorie', NULL),
(109, 137, 1, 'Pressebereich', NULL),
(110, 138, 1, 'Kursort', NULL),
(111, 139, 1, 'Start', NULL),
(112, 140, 1, 'Ende', NULL),
(113, 141, 1, 'Zeiten', NULL),
(114, 142, 1, 'Titel', NULL),
(115, 143, 1, 'Produktbaum', NULL),
(116, 144, 1, 'Nur Produkte mit Kategorie', NULL),
(117, 145, 1, 'Nur Produkte mit Etikette', NULL),
(118, 146, 1, 'Portal Produktbaum', NULL),
(119, 147, 1, 'Iframe-Url (z.B. http://www.getzoolu.com od. /de/xxx/yyy)', NULL),
(120, 148, 1, 'Breite (z.B. 100px)', NULL),
(121, 149, 1, 'Höhe (z.B. 100px)', NULL),
(122, 151, 1, 'Name', NULL),
(123, 152, 1, 'Funktion', NULL),
(124, 153, 1, 'Typ', NULL),
(125, 154, 1, 'Extra Information', NULL),
(126, 155, 1, 'Land', NULL),
(127, 156, 1, 'Straße', NULL),
(128, 157, 1, 'Bundesland', NULL),
(129, 158, 1, 'Ort', NULL),
(130, 159, 1, 'PLZ', NULL),
(131, 160, 1, 'Nur Bilder mit Tag ', NULL),
(132, 161, 1, 'Sortierung nach', NULL),
(133, 162, 1, 'Name', NULL),
(134, 163, 1, 'E-Mail', NULL),
(135, 164, 1, 'Name', NULL),
(136, 165, 1, 'E-Mail', NULL),
(137, 166, 1, 'Formularfelder definieren', NULL),
(138, 167, 1, 'Pflichtfelder definieren', NULL),
(139, 168, 1, 'Betreff', NULL),
(140, 168, 2, 'Subject', NULL),
(141, 169, 1, 'Bestätigungstext', NULL),
(142, 171, 1, 'Standorte', NULL),
(143, 172, 1, 'Nur Kontakte mit Typ', NULL),
(144, 173, 1, 'Slogan für Karussell', NULL),
(145, 175, 1, 'Curriculum Vitae', NULL),
(146, 176, 1, 'Referenten', NULL),
(147, 177, 1, 'Titel', NULL),
(148, 180, 1, 'Kurse', NULL),
(149, 179, 1, 'Nur Kurse mit Kategorie', NULL),
(150, 178, 1, 'Nur Kurse mit Etikette', NULL),
(151, 181, 1, 'Gebühren', NULL),
(152, 182, 1, 'Sprache', NULL),
(153, 185, 1, 'Veranstaltungen', NULL),
(154, 184, 1, 'Nur Veranstaltungen mit Kategorie', NULL),
(155, 183, 1, 'Nur Veranstaltungen mit Etikette', NULL),
(156, 1, 2, 'Title', NULL),
(157, 2, 2, 'Description', NULL),
(158, 3, 2, 'Title', NULL),
(159, 4, 2, 'Article headline', NULL),
(160, 11, 2, 'Current template', NULL),
(161, 5, 2, NULL, NULL),
(162, 7, 2, NULL, NULL),
(163, 8, 2, NULL, NULL),
(164, 12, 2, 'Multiselect Test', NULL),
(165, 15, 2, 'Radiobuttons', NULL),
(166, 16, 2, 'Checkboxes', NULL),
(167, 17, 2, 'Title', NULL),
(168, 20, 2, 'Title', NULL),
(169, 21, 2, 'Tags', NULL),
(170, 22, 2, 'Categories', NULL),
(171, 24, 2, 'Embed Code', NULL),
(172, 23, 2, 'Title', NULL),
(173, 25, 2, 'Title', NULL),
(174, 26, 2, 'Title', NULL),
(175, 28, 2, 'Linked page', NULL),
(176, 30, 2, 'Title', NULL),
(177, 31, 2, 'Number (of)', NULL),
(178, 37, 2, 'Title', NULL),
(179, 34, 2, 'Only pages with category', NULL),
(180, 41, 2, 'Number (of)', NULL),
(181, 42, 2, 'Only pages with category', NULL),
(182, 43, 2, 'Title', NULL),
(183, 47, 2, 'Sorted by', NULL),
(184, 48, 2, 'Order', NULL),
(185, 49, 2, 'Sort by', NULL),
(186, 50, 2, 'Order', NULL),
(187, 51, 2, 'Sort by', NULL),
(188, 52, 2, 'Order', NULL),
(189, 44, 2, 'Number (of)', NULL),
(190, 45, 2, 'Menue item', NULL),
(191, 46, 2, 'Title', NULL),
(192, 53, 2, 'Only pages with category', NULL),
(193, 54, 2, 'Video Service', NULL),
(194, 10, 2, 'Short description', NULL),
(195, 56, 2, 'Custom labels', NULL),
(196, 59, 2, 'Presentation type', NULL),
(197, 60, 2, 'Only pages with label', NULL),
(198, 61, 2, 'Only pages with label', NULL),
(199, 62, 2, 'Only pages with label', NULL),
(200, 64, 2, 'Presentation options', NULL),
(201, 65, 2, 'Firstname', NULL),
(202, 66, 2, 'Surname', NULL),
(203, 67, 2, 'Date, Time (Format: dd.mm.yyyy hh:mm)', NULL),
(204, 68, 2, 'Duration (z.B.: 90 minutes)', NULL),
(205, 69, 2, 'Street', NULL),
(206, 70, 2, 'Number', NULL),
(207, 71, 2, 'Postcode', NULL),
(208, 72, 2, 'City', NULL),
(209, 73, 2, 'Location', NULL),
(210, 74, 2, 'Max. participants', NULL),
(211, 75, 2, 'Costs (in EUR)', NULL),
(212, 76, 2, 'Salutation', NULL),
(213, 77, 2, 'Title', NULL),
(214, 78, 2, 'Function / Position', NULL),
(215, 79, 2, 'Phone', NULL),
(216, 80, 2, 'Mobile', NULL),
(217, 81, 2, 'Fax ', NULL),
(218, 82, 2, 'Email', NULL),
(219, 83, 2, 'Internet URL', NULL),
(220, 84, 2, 'Contact images', NULL),
(221, 85, 2, 'Presentator', NULL),
(222, 86, 2, 'Contact', NULL),
(223, 87, 2, 'Event status', NULL),
(224, 90, 2, 'Title', NULL),
(225, 91, 2, 'Headerimage', NULL),
(226, 92, 2, 'Embed Code', NULL),
(227, 93, 2, 'URL (e.g. http://www.getzoolu.com)', NULL),
(228, 94, 2, 'Title', NULL),
(229, 95, 2, 'Sub-navigation-pages', NULL),
(230, 97, 2, 'Title', NULL),
(231, 98, 2, 'Description', NULL),
(232, 99, 2, 'Description', NULL),
(233, 100, 2, 'Department', NULL),
(234, 101, 2, 'Position', NULL),
(235, 102, 2, 'Content admin', NULL),
(236, 103, 2, 'Organization admin', NULL),
(237, 104, 2, 'Activity', NULL),
(238, 105, 2, 'Description', NULL),
(239, 107, 2, 'Who?', NULL),
(240, 110, 2, 'Description / Cause', NULL),
(241, 111, 2, 'Title', NULL),
(242, 113, 2, 'Preventive and corrective action', NULL),
(243, 112, 2, 'Description', NULL),
(244, 119, 2, 'Title', NULL),
(245, 121, 2, 'Title', NULL),
(246, 124, 2, 'Title', NULL),
(247, 125, 2, 'URL (z.B. http://www.getzoolu.org)', NULL),
(248, 130, 2, 'Product tree', NULL),
(249, 131, 2, 'Only products with category', NULL),
(250, 132, 2, 'Only products with label', NULL),
(251, 133, 2, 'Keys', NULL),
(254, 135, 2, 'Only message with label', NULL),
(255, 136, 2, 'Only message with category', NULL),
(256, 137, 2, 'Press area', NULL),
(257, 138, 2, 'Course venue', NULL),
(258, 139, 2, 'Start', NULL),
(259, 140, 2, 'End', NULL),
(260, 141, 2, 'Times', NULL),
(261, 142, 2, 'Title', NULL),
(262, 143, 2, 'Product tree', NULL),
(263, 144, 2, 'Only products with category', NULL),
(264, 145, 2, 'Only products with label', NULL),
(265, 146, 2, 'Portal product tree', NULL),
(266, 147, 2, 'Iframe-URL (z.B. http://www.getzoolu.com od. /de/xxx/yyy)', NULL),
(267, 148, 2, 'Width (z.B. 100px)', NULL),
(268, 149, 2, 'Height (z.B. 100px)', NULL),
(269, 151, 2, 'Name', NULL),
(270, 152, 2, 'Function', NULL),
(271, 153, 2, 'Type', NULL),
(272, 154, 2, 'Additional information', NULL),
(273, 155, 2, 'Country', NULL),
(274, 156, 2, 'Street', NULL),
(275, 157, 2, 'Province', NULL),
(276, 158, 2, 'City', NULL),
(277, 159, 2, 'Postcode', NULL),
(278, 160, 2, 'Only images with tag ', NULL),
(279, 161, 2, 'Sort by', NULL),
(280, 162, 2, 'Name', NULL),
(281, 163, 2, 'Email', NULL),
(282, 164, 2, 'Name', NULL),
(283, 165, 2, 'Email', NULL),
(284, 166, 2, 'Define form fields', NULL),
(285, 167, 2, 'Define required fields', NULL),
(288, 169, 2, 'Confirmation message', NULL),
(289, 171, 2, 'Headquarters', NULL),
(290, 172, 2, 'Only contacts with type', NULL),
(291, 173, 2, 'Slogan for carousel', NULL),
(292, 175, 2, 'Curriculum Vitae', NULL),
(293, 176, 2, 'Presenters', NULL),
(294, 177, 2, 'Title', NULL),
(295, 180, 2, 'Course', NULL),
(296, 179, 2, 'Only courses with category', NULL),
(297, 178, 2, 'Only courses with label', NULL),
(298, 181, 2, 'Fee', NULL),
(299, 182, 2, 'Language', NULL),
(300, 185, 2, 'Events', NULL),
(301, 184, 2, 'Only events with category', NULL),
(302, 183, 2, 'Only events with label', NULL),
(303, 186, 1, 'Dokumentenbaum', NULL),
(304, 186, 2, 'Document tree', NULL),
(305, 187, 1, 'Nur Dokumente mit Tag', NULL),
(306, 187, 2, 'Only documents with tag', NULL),
(307, 189, 1, 'SAP Material Number', NULL),
(308, 189, 2, 'SAP Material Number', NULL),
(309, 190, 1, NULL, NULL),
(310, 190, 2, NULL, NULL),
(311, 191, 1, 'Titel', NULL),
(312, 191, 2, 'Title', NULL),
(313, 194, 1, 'Titel', NULL),
(314, 194, 2, 'Title', NULL),
(315, 199, 1, 'Titel', NULL),
(316, 199, 2, 'Title', NULL),
(317, 200, 1, 'Number', NULL),
(318, 200, 2, 'Number', NULL),
(319, 201, 1, 'Description for Dropdownlist', NULL),
(320, 201, 2, 'Description for Dropdownlist', NULL),
(321, 202, 1, ' ', NULL),
(322, 202, 2, ' ', NULL),
(323, 204, 1, 'Url (z.B. http://www.getzoolu.com)', NULL),
(324, 204, 2, 'URL (e.g. http://www.getzoolu.com)', NULL),
(325, 205, 1, 'Sortierung nach', NULL),
(326, 205, 2, 'Sort by', NULL),
(327, 206, 1, 'Reihenfolge', NULL),
(328, 206, 2, 'Order', NULL),
(329, 207, 1, 'Anzahl', NULL),
(330, 207, 2, 'Number (of)', NULL),
(331, 208, 1, 'Oder spezielles Kursformular', NULL),
(332, 208, 2, 'Or a special course form', NULL),
(333, 213, 1, 'Status', NULL),
(334, 213, 2, 'Status', NULL),
(335, 214, 1, 'Firma', NULL),
(336, 214, 2, 'Company', NULL),
(337, 210, 1, 'Benutzername', NULL),
(338, 210, 2, 'Username', NULL),
(339, 211, 1, 'Passwort', NULL),
(340, 211, 2, 'Password', NULL),
(341, 212, 1, 'Passwort bestätigen', NULL),
(342, 212, 2, 'Confirm password', NULL),
(343, 215, 1, 'Ziel', NULL),
(344, 215, 2, 'Target', NULL);

-- --------------------------------------------------------

--
-- Tabellenstruktur für Tabelle `fieldTypeGroups`
--

CREATE TABLE IF NOT EXISTS `fieldTypeGroups` (
  `id` int(10) unsigned NOT NULL AUTO_INCREMENT,
  `title` varchar(255) CHARACTER SET latin1 NOT NULL,
  PRIMARY KEY (`id`)
) ENGINE=InnoDB  DEFAULT CHARSET=utf8 AUTO_INCREMENT=7 ;

--
-- Daten für Tabelle `fieldTypeGroups`
--

INSERT INTO `fieldTypeGroups` (`id`, `title`) VALUES
(1, 'files'),
(2, 'selects'),
(3, 'multi_fields'),
(4, 'special_fields'),
(5, 'zend'),
(6, 'file_filters');

-- --------------------------------------------------------

--
-- Tabellenstruktur für Tabelle `fieldTypes`
--

CREATE TABLE IF NOT EXISTS `fieldTypes` (
  `id` bigint(20) unsigned NOT NULL AUTO_INCREMENT,
  `idDecorator` bigint(20) unsigned NOT NULL,
  `sqlType` varchar(30) NOT NULL,
  `size` int(10) NOT NULL,
  `title` varchar(255) NOT NULL,
  `defaultValue` varchar(255) NOT NULL,
  `idFieldTypeGroup` int(10) unsigned NOT NULL DEFAULT '5',
  PRIMARY KEY (`id`)
) ENGINE=InnoDB  DEFAULT CHARSET=utf8 ROW_FORMAT=COMPACT AUTO_INCREMENT=31 ;

--
-- Daten für Tabelle `fieldTypes`
--

INSERT INTO `fieldTypes` (`id`, `idDecorator`, `sqlType`, `size`, `title`, `defaultValue`, `idFieldTypeGroup`) VALUES
(1, 1, '', 0, 'text', '', 5),
(2, 1, '', 0, 'textarea', '', 5),
(3, 1, '', 0, 'multiCheckbox', '', 3),
(4, 1, '', 0, 'radio', '', 5),
(5, 1, '', 0, 'submit', '', 5),
(6, 1, '', 0, 'button', '', 5),
(7, 1, '', 0, 'reset', '', 5),
(8, 1, '', 0, 'hidden', '', 5),
(9, 1, '', 0, 'select', '', 2),
(10, 1, '', 0, 'texteditor', '', 5),
(11, 2, '', 0, 'template', '', 5),
(12, 1, '', 0, 'media', '', 1),
(13, 1, '', 0, 'document', '', 1),
(14, 1, '', 0, 'multiselect', '', 3),
(15, 1, '', 0, 'dselect', '', 5),
(16, 3, '', 0, 'tag', '', 4),
(17, 4, '', 0, 'multiCheckboxTree', '', 3),
(18, 5, '', 0, 'url', '', 4),
(19, 1, '', 0, 'internalLink', '', 4),
(20, 1, '', 0, 'selectTree', '', 2),
(21, 1, '', 0, 'textDisplay', '', 5),
(22, 6, '', 0, 'videoSelect', '', 4),
(24, 1, '', 0, 'contact', '', 4),
(25, 7, '', 0, 'gmaps', '', 4),
(26, 1, '', 0, 'internalLinks', '', 4),
(27, 1, '', 0, 'collection', '', 4),
(28, 8, '', 0, 'documentFilter', '', 6),
(29, 1, '', 0, 'video', '', 1),
(30, 1, '', 0, 'password', '', 5);

-- --------------------------------------------------------

--
-- Tabellenstruktur für Tabelle `fieldValidators`
--

CREATE TABLE IF NOT EXISTS `fieldValidators` (
  `id` bigint(20) unsigned NOT NULL AUTO_INCREMENT,
  `idFields` bigint(20) unsigned NOT NULL,
  `idValidators` bigint(20) unsigned NOT NULL,
  PRIMARY KEY (`id`)
) ENGINE=InnoDB  DEFAULT CHARSET=utf8 AUTO_INCREMENT=11 ;

--
-- Daten für Tabelle `fieldValidators`
--

INSERT INTO `fieldValidators` (`id`, `idFields`, `idValidators`) VALUES
(1, 1, 17),
(2, 3, 17),
(3, 1, 2),
(4, 31, 17),
(5, 32, 17),
(6, 47, 17),
(7, 48, 17),
(8, 59, 17),
(9, 134, 6),
(10, 82, 8);

-- --------------------------------------------------------

--
-- Tabellenstruktur für Tabelle `fileAttributes`
--

CREATE TABLE IF NOT EXISTS `fileAttributes` (
  `id` bigint(20) unsigned NOT NULL AUTO_INCREMENT,
  `idFiles` bigint(20) unsigned NOT NULL,
  `xDim` int(10) DEFAULT NULL,
  `yDim` int(10) DEFAULT NULL,
  PRIMARY KEY (`id`),
  KEY `idFiles` (`idFiles`)
) ENGINE=InnoDB DEFAULT CHARSET=utf8 AUTO_INCREMENT=1 ;

--
-- Daten für Tabelle `fileAttributes`
--


-- --------------------------------------------------------

--
-- Tabellenstruktur für Tabelle `filePermissions`
--

CREATE TABLE IF NOT EXISTS `filePermissions` (
  `id` bigint(20) unsigned NOT NULL AUTO_INCREMENT,
  `idFiles` bigint(20) unsigned NOT NULL,
  `idPermissions` bigint(20) unsigned NOT NULL,
  `idGroups` bigint(20) unsigned NOT NULL,
  PRIMARY KEY (`id`)
) ENGINE=InnoDB DEFAULT CHARSET=utf8 AUTO_INCREMENT=1 ;

--
-- Daten für Tabelle `filePermissions`
--


-- --------------------------------------------------------

--
-- Tabellenstruktur für Tabelle `files`
--

CREATE TABLE IF NOT EXISTS `files` (
  `id` bigint(20) unsigned NOT NULL AUTO_INCREMENT,
  `fileId` varchar(64) NOT NULL,
  `idUsers` bigint(20) unsigned NOT NULL,
  `path` varchar(500) NOT NULL,
  `idParent` bigint(20) unsigned NOT NULL,
  `idParentTypes` int(10) unsigned NOT NULL,
  `isS3Stored` tinyint(4) NOT NULL DEFAULT '0',
  `isImage` tinyint(4) NOT NULL DEFAULT '0',
  `isLanguageSpecific` tinyint(1) NOT NULL DEFAULT '0',
  `idDestination` bigint(20) unsigned NOT NULL DEFAULT '0',
  `idGroup` bigint(20) unsigned NOT NULL DEFAULT '0',
  `filename` varchar(500) DEFAULT NULL,
  `idFileTypes` bigint(20) unsigned DEFAULT NULL,
  `creator` bigint(20) unsigned NOT NULL,
  `created` timestamp NOT NULL DEFAULT '0000-00-00 00:00:00',
  `changed` timestamp NOT NULL DEFAULT '0000-00-00 00:00:00',
  `size` bigint(20) unsigned NOT NULL,
  `extension` varchar(10) NOT NULL,
  `mimeType` varchar(255) NOT NULL,
  `version` int(10) NOT NULL,
  `downloadCounter` int(10) unsigned NOT NULL DEFAULT '0',
  `idFiles` bigint(20) DEFAULT NULL,
  PRIMARY KEY (`id`)
) ENGINE=InnoDB DEFAULT CHARSET=utf8 AUTO_INCREMENT=1 ;

--
-- Daten für Tabelle `files`
--


-- --------------------------------------------------------

--
-- Tabellenstruktur für Tabelle `fileTitles`
--

CREATE TABLE IF NOT EXISTS `fileTitles` (
  `id` bigint(20) unsigned NOT NULL AUTO_INCREMENT,
  `idFiles` bigint(20) unsigned NOT NULL,
  `idLanguages` int(10) unsigned NOT NULL DEFAULT '1',
  `isDisplayTitle` tinyint(1) NOT NULL DEFAULT '0',
  `title` varchar(500) DEFAULT NULL,
  `description` text,
  `changed` timestamp NOT NULL DEFAULT CURRENT_TIMESTAMP ON UPDATE CURRENT_TIMESTAMP,
  PRIMARY KEY (`id`),
  KEY `idFiles` (`idFiles`)
) ENGINE=InnoDB DEFAULT CHARSET=utf8 AUTO_INCREMENT=1 ;

--
-- Daten für Tabelle `fileTitles`
--


-- --------------------------------------------------------

--
-- Tabellenstruktur für Tabelle `fileTypes`
--

CREATE TABLE IF NOT EXISTS `fileTypes` (
  `id` bigint(20) unsigned NOT NULL AUTO_INCREMENT,
  `title` varchar(255) NOT NULL,
  `isImage` tinyint(1) DEFAULT NULL COMMENT 'If filetyp ecan be rendered to image',
  PRIMARY KEY (`id`)
) ENGINE=InnoDB  DEFAULT CHARSET=utf8 AUTO_INCREMENT=3 ;

--
-- Daten für Tabelle `fileTypes`
--

INSERT INTO `fileTypes` (`id`, `title`, `isImage`) VALUES
(1, 'Work', NULL),
(2, 'Private', NULL);

-- --------------------------------------------------------

--
-- Tabellenstruktur für Tabelle `fileVersions`
--

CREATE TABLE IF NOT EXISTS `fileVersions` (
  `id` bigint(20) unsigned NOT NULL AUTO_INCREMENT,
  `idFiles` bigint(20) unsigned NOT NULL,
  `fileId` varchar(64) NOT NULL,
  `idUsers` bigint(20) unsigned NOT NULL,
  `path` varchar(500) NOT NULL,
  `idParent` bigint(20) unsigned NOT NULL,
  `idParentTypes` int(10) unsigned NOT NULL,
  `isS3Stored` tinyint(4) NOT NULL DEFAULT '0',
  `isImage` tinyint(4) NOT NULL DEFAULT '0',
  `isLanguageSpecific` tinyint(1) NOT NULL DEFAULT '0',
  `idDestination` bigint(20) unsigned NOT NULL DEFAULT '0',
  `filename` varchar(500) DEFAULT NULL,
  `idFileTypes` bigint(20) unsigned DEFAULT NULL,
  `creator` bigint(20) unsigned NOT NULL,
  `created` timestamp NOT NULL DEFAULT '0000-00-00 00:00:00',
  `changed` timestamp NOT NULL DEFAULT '0000-00-00 00:00:00',
  `size` bigint(20) unsigned NOT NULL COMMENT 'Filesize in KB',
  `extension` varchar(10) NOT NULL,
  `mimeType` varchar(255) NOT NULL,
  `version` int(10) NOT NULL,
  `archiver` bigint(20) unsigned DEFAULT NULL,
  `archived` timestamp NULL DEFAULT NULL,
  `downloadCounter` int(10) unsigned NOT NULL DEFAULT '0',
  PRIMARY KEY (`id`),
  KEY `idFiles` (`idFiles`),
  KEY `version` (`version`),
  KEY `idFiles_2` (`idFiles`,`version`)
) ENGINE=InnoDB DEFAULT CHARSET=utf8 AUTO_INCREMENT=1 ;

--
-- Daten für Tabelle `fileVersions`
--


-- --------------------------------------------------------

--
-- Tabellenstruktur für Tabelle `folder-DEFAULT_FOLDER-1-Instances`
--

CREATE TABLE IF NOT EXISTS `folder-DEFAULT_FOLDER-1-Instances` (
  `id` bigint(20) unsigned NOT NULL AUTO_INCREMENT,
  `folderId` varchar(32) NOT NULL,
  `version` int(10) unsigned NOT NULL,
  `idLanguages` int(10) unsigned NOT NULL DEFAULT '1',
  `description` text,
  `idUsers` bigint(20) unsigned NOT NULL,
  `creator` bigint(20) unsigned NOT NULL,
  `created` timestamp NULL DEFAULT NULL,
  `changed` timestamp NOT NULL DEFAULT CURRENT_TIMESTAMP ON UPDATE CURRENT_TIMESTAMP,
  PRIMARY KEY (`id`),
  KEY `folderId` (`folderId`)
) ENGINE=InnoDB DEFAULT CHARSET=utf8 AUTO_INCREMENT=1 ;

--
-- Daten für Tabelle `folder-DEFAULT_FOLDER-1-Instances`
--


-- --------------------------------------------------------

--
-- Tabellenstruktur für Tabelle `folderCategories`
--

CREATE TABLE IF NOT EXISTS `folderCategories` (
  `id` bigint(20) unsigned NOT NULL AUTO_INCREMENT,
  `folderId` varchar(32) NOT NULL,
  `version` int(10) unsigned NOT NULL,
  `idLanguages` int(10) unsigned NOT NULL DEFAULT '1',
  `category` bigint(20) unsigned NOT NULL,
  `idUsers` bigint(20) unsigned NOT NULL,
  `creator` bigint(20) unsigned NOT NULL,
  `created` timestamp NULL DEFAULT NULL,
  `changed` timestamp NOT NULL DEFAULT CURRENT_TIMESTAMP ON UPDATE CURRENT_TIMESTAMP,
  PRIMARY KEY (`id`),
  KEY `folderId` (`folderId`),
  KEY `version` (`version`)
) ENGINE=InnoDB DEFAULT CHARSET=utf8 AUTO_INCREMENT=1 ;

--
-- Daten für Tabelle `folderCategories`
--


-- --------------------------------------------------------

--
-- Tabellenstruktur für Tabelle `folderPermissions`
--

CREATE TABLE IF NOT EXISTS `folderPermissions` (
  `idFolders` bigint(20) unsigned NOT NULL,
  `zone` int(10) unsigned NOT NULL COMMENT '1 => ZOOLU, 2 => Website, 3 ... ???',
  `idGroups` bigint(20) unsigned NOT NULL,
  PRIMARY KEY (`idFolders`,`zone`,`idGroups`),
  KEY `idFolders` (`idFolders`),
  KEY `idGroups` (`idGroups`)
) ENGINE=InnoDB DEFAULT CHARSET=utf8;

--
-- Daten für Tabelle `folderPermissions`
--


-- --------------------------------------------------------

--
-- Tabellenstruktur für Tabelle `folderProperties`
--

CREATE TABLE IF NOT EXISTS `folderProperties` (
  `id` bigint(20) unsigned NOT NULL AUTO_INCREMENT,
  `folderId` varchar(32) NOT NULL,
  `version` int(10) unsigned NOT NULL,
  `idLanguages` int(10) unsigned NOT NULL,
  `idGenericForms` bigint(20) unsigned NOT NULL,
  `idFolderTypes` bigint(20) unsigned NOT NULL,
  `showInNavigation` smallint(5) unsigned NOT NULL DEFAULT '0',
  `isUrlFolder` tinyint(1) NOT NULL DEFAULT '1',
  `isVirtualFolder` tinyint(1) NOT NULL DEFAULT '0',
  `virtualFolderType` int(10) unsigned DEFAULT NULL,
  `idUsers` bigint(20) unsigned NOT NULL,
  `creator` bigint(20) unsigned NOT NULL,
  `publisher` bigint(20) unsigned NOT NULL,
  `created` timestamp NULL DEFAULT NULL,
  `changed` timestamp NOT NULL DEFAULT CURRENT_TIMESTAMP ON UPDATE CURRENT_TIMESTAMP,
  `published` timestamp NULL DEFAULT NULL,
  `idStatus` bigint(20) unsigned NOT NULL DEFAULT '0',
  PRIMARY KEY (`id`),
  UNIQUE KEY `folderId_2` (`folderId`,`version`,`idLanguages`),
  KEY `version` (`version`),
  KEY `idLanguages` (`idLanguages`),
  KEY `publisher` (`publisher`),
  KEY `creator` (`creator`),
  KEY `idUsers` (`idUsers`),
  KEY `folderId` (`folderId`)
) ENGINE=InnoDB DEFAULT CHARSET=utf8 AUTO_INCREMENT=1 ;

--
-- Daten für Tabelle `folderProperties`
--


-- --------------------------------------------------------

--
-- Tabellenstruktur für Tabelle `folders`
--

CREATE TABLE IF NOT EXISTS `folders` (
  `id` bigint(20) unsigned NOT NULL AUTO_INCREMENT,
  `idParentFolder` bigint(20) unsigned DEFAULT NULL,
  `idRootLevels` bigint(20) unsigned DEFAULT NULL,
  `isSecure` tinyint(1) NOT NULL DEFAULT '0' COMMENT 'flag for the web security',
  `lft` int(10) unsigned DEFAULT NULL,
  `rgt` int(10) unsigned DEFAULT NULL,
  `depth` int(10) unsigned DEFAULT NULL,
  `idSortTypes` bigint(20) unsigned NOT NULL,
  `sortOrder` varchar(255) DEFAULT NULL,
  `sortPosition` bigint(20) unsigned NOT NULL,
  `sortTimestamp` timestamp NULL DEFAULT NULL,
  `folderId` varchar(32) NOT NULL,
  `version` int(10) unsigned NOT NULL,
  `idUsers` bigint(20) unsigned NOT NULL,
  `creator` bigint(20) unsigned NOT NULL,
  `created` timestamp NULL DEFAULT NULL,
  `changed` timestamp NOT NULL DEFAULT CURRENT_TIMESTAMP ON UPDATE CURRENT_TIMESTAMP,
  PRIMARY KEY (`id`),
  KEY `folderId` (`folderId`),
  KEY `idParentFolder` (`idParentFolder`),
  KEY `idRootLevels` (`idRootLevels`),
  KEY `lft` (`lft`),
  KEY `rgt` (`rgt`)
) ENGINE=InnoDB DEFAULT CHARSET=utf8 AUTO_INCREMENT=1 ;

--
-- Daten für Tabelle `folders`
--


-- --------------------------------------------------------

--
-- Tabellenstruktur für Tabelle `folderTitles`
--

CREATE TABLE IF NOT EXISTS `folderTitles` (
  `id` bigint(20) unsigned NOT NULL AUTO_INCREMENT,
  `folderId` varchar(32) NOT NULL,
  `version` int(10) unsigned NOT NULL,
  `idLanguages` bigint(20) unsigned NOT NULL,
  `title` varchar(255) NOT NULL,
  `idUsers` bigint(20) unsigned NOT NULL,
  `creator` bigint(20) unsigned NOT NULL,
  `created` timestamp NULL DEFAULT NULL,
  `changed` timestamp NOT NULL DEFAULT CURRENT_TIMESTAMP ON UPDATE CURRENT_TIMESTAMP,
  PRIMARY KEY (`id`),
  KEY `folderId` (`folderId`)
) ENGINE=InnoDB DEFAULT CHARSET=utf8 AUTO_INCREMENT=1 ;

--
-- Daten für Tabelle `folderTitles`
--


-- --------------------------------------------------------

--
-- Tabellenstruktur für Tabelle `folderTypes`
--

CREATE TABLE IF NOT EXISTS `folderTypes` (
  `id` bigint(20) unsigned NOT NULL AUTO_INCREMENT,
  `title` varchar(255) NOT NULL,
  PRIMARY KEY (`id`)
) ENGINE=InnoDB  DEFAULT CHARSET=utf8 AUTO_INCREMENT=3 ;

--
-- Daten für Tabelle `folderTypes`
--

INSERT INTO `folderTypes` (`id`, `title`) VALUES
(1, 'folder'),
(2, 'blog');

-- --------------------------------------------------------

--
-- Tabellenstruktur für Tabelle `genericForms`
--

CREATE TABLE IF NOT EXISTS `genericForms` (
  `id` bigint(20) unsigned NOT NULL AUTO_INCREMENT,
  `idUsers` bigint(20) unsigned NOT NULL,
  `genericFormId` varchar(32) NOT NULL,
  `version` int(10) NOT NULL,
  `created` timestamp NULL DEFAULT NULL,
  `changed` timestamp NOT NULL DEFAULT CURRENT_TIMESTAMP ON UPDATE CURRENT_TIMESTAMP,
  `idGenericFormTypes` int(10) unsigned NOT NULL,
  `mandatoryUpgrade` tinyint(1) NOT NULL DEFAULT '0',
  PRIMARY KEY (`id`),
  UNIQUE KEY `genericFormId` (`genericFormId`)
) ENGINE=InnoDB  DEFAULT CHARSET=utf8 AUTO_INCREMENT=35 ;

--
-- Daten für Tabelle `genericForms`
--

INSERT INTO `genericForms` (`id`, `idUsers`, `genericFormId`, `version`, `created`, `changed`, `idGenericFormTypes`, `mandatoryUpgrade`) VALUES
(1, 2, 'DEFAULT_FOLDER', 1, '2008-11-14 09:54:39', '2008-11-14 09:54:39', 1, 0),
(2, 2, 'DEFAULT_PAGE_1', 1, '2009-01-29 08:27:34', '2009-01-29 08:27:34', 2, 0),
(5, 2, 'DEFAULT_CATEGORY', 1, '2009-03-17 17:01:58', '2009-03-17 17:01:58', 3, 0),
(6, 3, 'DEFAULT_LINKING', 1, '2009-02-11 16:37:37', '2009-02-11 16:37:37', 2, 0),
(7, 2, 'DEFAULT_OVERVIEW', 1, '2009-02-17 14:30:42', '2009-02-17 14:30:42', 2, 0),
(8, 2, 'DEFAULT_STARTPAGE', 1, '2009-02-27 10:51:14', '2009-02-27 10:51:14', 2, 0),
(9, 3, 'DEFAULT_UNIT', 1, '2009-04-07 21:23:58', '2009-04-07 21:23:58', 4, 0),
(10, 3, 'DEFAULT_CONTACT', 1, '2009-04-07 21:23:58', '2009-04-07 21:23:58', 5, 0),
(11, 2, 'DEFAULT_EVENT', 1, '2009-04-09 17:04:57', '2010-04-20 17:07:24', 6, 0),
(12, 2, 'DEFAULT_EVENT_OVERVIEW', 1, '2009-04-17 10:09:45', '2010-04-20 17:07:24', 6, 0),
(13, 2, 'DEFAULT_EXTERNAL', 1, '2009-05-18 15:15:16', '2009-02-11 16:37:37', 2, 0),
(14, 3, 'DEFAULT_PROCESS', 1, '2009-08-28 14:04:14', '2009-08-28 14:04:14', 2, 0),
(15, 3, 'DEFAULT_COLLECTION', 1, '2009-08-28 14:04:01', '2009-08-28 14:04:01', 2, 0),
(16, 3, 'DEFAULT_PRODUCT', 1, '2009-10-30 10:53:00', '2009-10-30 10:53:00', 6, 0),
(17, 3, 'DEFAULT_PRODUCT_OVERVIEW', 1, '2009-12-09 15:37:56', '2009-12-09 15:37:56', 6, 0),
(18, 2, 'DEFAULT_PRODUCT_TREE', 1, '2009-12-23 14:52:14', '2009-02-17 14:30:42', 2, 0),
(19, 3, 'DEFAULT_CONTENT', 1, '2010-03-11 16:46:05', '2010-03-11 16:46:05', 6, 0),
(20, 3, 'DEFAULT_CONTENT_OVERVIEW', 1, '2010-03-11 16:46:32', '2010-03-11 16:46:05', 6, 0),
(21, 3, 'DEFAULT_PRESS', 1, '2010-03-11 16:46:59', '2010-03-11 16:46:59', 6, 0),
(22, 3, 'DEFAULT_PRESS_OVERVIEW', 1, '2010-03-11 16:46:59', '2010-03-11 16:46:59', 6, 0),
(23, 3, 'DEFAULT_PRESS_AREA', 1, '2010-03-12 16:19:08', '2010-03-12 16:19:08', 2, 0),
(24, 3, 'DEFAULT_COURSE', 1, '2010-03-15 15:07:35', '2010-03-15 15:07:35', 6, 0),
(25, 3, 'DEFAULT_COURSE_OVERVIEW', 1, '2010-03-15 15:07:35', '2010-03-15 15:07:35', 6, 0),
(26, 2, 'DEFAULT_IFRAME', 1, '2010-03-23 14:04:13', '2009-02-11 16:37:37', 2, 0),
(27, 3, 'DEFAULT_LOCATION', 1, '2010-03-29 14:33:17', '2010-03-29 14:33:17', 7, 0),
(28, 2, 'DEFAULT_FORM', 1, '2010-04-02 11:38:58', '2009-01-29 08:27:34', 2, 0),
(29, 2, 'DEFAULT_LOCATION_C', 1, '2010-04-08 15:33:11', '2010-04-08 15:33:11', 2, 0),
(30, 3, 'DEFAULT_COURSES', 1, '2010-04-14 11:34:48', '2010-03-12 16:19:08', 2, 0),
(31, 3, 'DEFAULT_EVENTS', 1, '2010-04-14 11:34:48', '2010-04-14 11:34:48', 2, 0),
(32, 2, 'DEFAULT_DOWNLOAD_CENTER', 1, '2010-06-18 12:04:05', '2010-06-18 12:04:05', 2, 0),
(33, 2, 'DEFAULT_MEMBER', 1, '2011-01-20 18:24:44', '2011-01-20 18:24:44', 8, 0),
(34, 2, 'DEFAULT_COMPANY', 1, '2011-01-20 18:25:07', '2011-01-20 18:25:07', 9, 0);

-- --------------------------------------------------------

--
-- Tabellenstruktur für Tabelle `genericFormTabs`
--

CREATE TABLE IF NOT EXISTS `genericFormTabs` (
  `id` bigint(20) NOT NULL AUTO_INCREMENT,
  `idGenericForms` bigint(20) NOT NULL,
  `idTabs` bigint(20) NOT NULL,
  `order` int(10) NOT NULL,
  PRIMARY KEY (`id`)
) ENGINE=InnoDB  DEFAULT CHARSET=utf8 AUTO_INCREMENT=41 ;

--
-- Daten für Tabelle `genericFormTabs`
--

INSERT INTO `genericFormTabs` (`id`, `idGenericForms`, `idTabs`, `order`) VALUES
(1, 1, 1, 1),
(2, 2, 2, 1),
(3, 3, 3, 1),
(4, 4, 4, 1),
(5, 5, 5, 1),
(6, 6, 6, 1),
(7, 7, 7, 1),
(8, 8, 8, 1),
(9, 9, 9, 1),
(10, 10, 10, 1),
(11, 11, 11, 1),
(12, 12, 12, 1),
(13, 13, 13, 1),
(14, 14, 14, 1),
(15, 14, 15, 2),
(16, 14, 16, 3),
(17, 14, 17, 4),
(18, 14, 18, 5),
(19, 14, 19, 6),
(20, 15, 7, 1),
(21, 16, 20, 1),
(22, 17, 21, 1),
(23, 18, 22, 1),
(24, 21, 23, 1),
(25, 22, 24, 1),
(26, 23, 25, 1),
(27, 24, 26, 1),
(28, 25, 27, 1),
(29, 26, 28, 1),
(30, 27, 29, 1),
(31, 28, 31, 1),
(32, 28, 30, 2),
(33, 29, 32, 1),
(34, 24, 30, 2),
(35, 30, 33, 1),
(36, 31, 34, 1),
(37, 32, 35, 1),
(38, 16, 36, 2),
(39, 33, 37, 1),
(40, 34, 38, 1);

-- --------------------------------------------------------

--
-- Tabellenstruktur für Tabelle `genericFormTitles`
--

CREATE TABLE IF NOT EXISTS `genericFormTitles` (
  `id` bigint(20) unsigned NOT NULL AUTO_INCREMENT,
  `idGenericForms` bigint(20) unsigned NOT NULL,
  `idLanguages` int(10) unsigned NOT NULL DEFAULT '1',
  `title` varchar(255) DEFAULT NULL,
  `idAction` int(10) unsigned NOT NULL,
  PRIMARY KEY (`id`),
  KEY `genericFormTitles_ibfk_1` (`idGenericForms`)
) ENGINE=InnoDB  DEFAULT CHARSET=utf8 AUTO_INCREMENT=7 ;

--
-- Daten für Tabelle `genericFormTitles`
--

INSERT INTO `genericFormTitles` (`id`, `idGenericForms`, `idLanguages`, `title`, `idAction`) VALUES
(1, 6, 1, 'Interne Verlinkung', 1),
(2, 6, 1, 'Interne Verlinkung', 2),
(5, 6, 2, 'Internal link', 1),
(6, 6, 2, 'Internal link', 2);

-- --------------------------------------------------------

--
-- Tabellenstruktur für Tabelle `genericFormTypes`
--

CREATE TABLE IF NOT EXISTS `genericFormTypes` (
  `id` int(10) unsigned NOT NULL AUTO_INCREMENT,
  `title` varchar(255) NOT NULL,
  PRIMARY KEY (`id`)
) ENGINE=InnoDB  DEFAULT CHARSET=utf8 AUTO_INCREMENT=10 ;

--
-- Daten für Tabelle `genericFormTypes`
--

INSERT INTO `genericFormTypes` (`id`, `title`) VALUES
(1, 'folder'),
(2, 'page'),
(3, 'category'),
(4, 'unit'),
(5, 'contact'),
(6, 'global'),
(7, 'location'),
(8, 'member'),
(9, 'company');

-- --------------------------------------------------------

--
-- Tabellenstruktur für Tabelle `global-DEFAULT_COURSE-1-InstanceFiles`
--

CREATE TABLE IF NOT EXISTS `global-DEFAULT_COURSE-1-InstanceFiles` (
  `id` bigint(20) unsigned NOT NULL AUTO_INCREMENT,
  `globalId` varchar(32) NOT NULL,
  `version` int(10) unsigned NOT NULL,
  `idLanguages` int(10) unsigned NOT NULL DEFAULT '1',
  `sortPosition` int(10) unsigned NOT NULL,
  `idFiles` bigint(20) unsigned NOT NULL,
  `displayOption` varchar(64) DEFAULT NULL,
  `idFields` bigint(20) unsigned NOT NULL,
  PRIMARY KEY (`id`),
  KEY `idFiles` (`idFiles`),
  KEY `globalId` (`globalId`)
) ENGINE=InnoDB DEFAULT CHARSET=utf8 ROW_FORMAT=COMPACT AUTO_INCREMENT=1 ;

--
-- Daten für Tabelle `global-DEFAULT_COURSE-1-InstanceFiles`
--


-- --------------------------------------------------------

--
-- Tabellenstruktur für Tabelle `global-DEFAULT_COURSE-1-InstanceMultiFields`
--

CREATE TABLE IF NOT EXISTS `global-DEFAULT_COURSE-1-InstanceMultiFields` (
  `id` bigint(20) unsigned NOT NULL AUTO_INCREMENT,
  `globalId` varchar(32) NOT NULL,
  `version` int(10) unsigned NOT NULL,
  `idLanguages` int(10) unsigned NOT NULL DEFAULT '1',
  `idRelation` bigint(20) unsigned NOT NULL,
  `value` varchar(255) DEFAULT NULL,
  `idFields` bigint(20) unsigned NOT NULL,
  PRIMARY KEY (`id`),
  KEY `globalId` (`globalId`)
) ENGINE=InnoDB DEFAULT CHARSET=utf8 ROW_FORMAT=COMPACT AUTO_INCREMENT=1 ;

--
-- Daten für Tabelle `global-DEFAULT_COURSE-1-InstanceMultiFields`
--


-- --------------------------------------------------------

--
-- Tabellenstruktur für Tabelle `global-DEFAULT_COURSE-1-Instances`
--

CREATE TABLE IF NOT EXISTS `global-DEFAULT_COURSE-1-Instances` (
  `id` bigint(20) unsigned NOT NULL AUTO_INCREMENT,
  `globalId` varchar(32) NOT NULL,
  `version` int(10) unsigned NOT NULL,
  `idLanguages` int(10) unsigned NOT NULL DEFAULT '1',
  `idUsers` bigint(20) unsigned NOT NULL,
  `articletitle` text NOT NULL,
  `description` text,
  `header_embed_code` text,
  `pics_title` varchar(255) DEFAULT NULL,
  `docs_title` varchar(255) DEFAULT '',
  `internal_links_title` varchar(255) DEFAULT NULL,
  `video_title` varchar(255) DEFAULT NULL,
  `video_embed_code` text,
  `shortdescription` text NOT NULL,
  `subject` varchar(255) DEFAULT NULL,
  `sender_name` varchar(255) DEFAULT NULL,
  `sender_mail` varchar(255) DEFAULT NULL,
  `receiver_name` varchar(255) DEFAULT NULL,
  `receiver_mail` varchar(255) DEFAULT NULL,
  `course_special_form` bigint(20) NOT NULL,
  `success_message` text,
  `contact` varchar(255) DEFAULT NULL,
  `creator` bigint(20) unsigned NOT NULL,
  `created` timestamp NULL DEFAULT NULL,
  `changed` timestamp NOT NULL DEFAULT CURRENT_TIMESTAMP ON UPDATE CURRENT_TIMESTAMP,
  PRIMARY KEY (`id`),
  KEY `globalId` (`globalId`)
) ENGINE=InnoDB DEFAULT CHARSET=utf8 ROW_FORMAT=COMPACT AUTO_INCREMENT=1 ;

--
-- Daten für Tabelle `global-DEFAULT_COURSE-1-Instances`
--


-- --------------------------------------------------------

--
-- Tabellenstruktur für Tabelle `global-DEFAULT_COURSE-1-Region11-InstanceFiles`
--

CREATE TABLE IF NOT EXISTS `global-DEFAULT_COURSE-1-Region11-InstanceFiles` (
  `id` bigint(20) unsigned NOT NULL AUTO_INCREMENT,
  `globalId` varchar(32) NOT NULL,
  `version` int(10) unsigned NOT NULL,
  `idLanguages` int(10) unsigned NOT NULL DEFAULT '1',
  `idRegionInstances` bigint(20) unsigned NOT NULL,
  `idFiles` bigint(20) unsigned NOT NULL,
  `displayOption` varchar(64) DEFAULT NULL,
  `idFields` bigint(20) unsigned NOT NULL,
  PRIMARY KEY (`id`),
  KEY `idRegionInstances` (`idRegionInstances`),
  KEY `idFiles` (`idFiles`),
  KEY `globalId` (`globalId`)
) ENGINE=InnoDB DEFAULT CHARSET=utf8 ROW_FORMAT=COMPACT AUTO_INCREMENT=1 ;

--
-- Daten für Tabelle `global-DEFAULT_COURSE-1-Region11-InstanceFiles`
--


-- --------------------------------------------------------

--
-- Tabellenstruktur für Tabelle `global-DEFAULT_COURSE-1-Region11-InstanceMultiFields`
--

CREATE TABLE IF NOT EXISTS `global-DEFAULT_COURSE-1-Region11-InstanceMultiFields` (
  `id` bigint(20) unsigned NOT NULL AUTO_INCREMENT,
  `globalId` varchar(32) NOT NULL,
  `version` int(10) unsigned NOT NULL,
  `idLanguages` int(10) unsigned NOT NULL DEFAULT '1',
  `idRegionInstances` bigint(20) unsigned NOT NULL,
  `idRelation` bigint(20) unsigned NOT NULL,
  `value` varchar(255) DEFAULT NULL,
  `idFields` bigint(20) unsigned NOT NULL,
  PRIMARY KEY (`id`),
  KEY `idRegionInstances` (`idRegionInstances`),
  KEY `globalId` (`globalId`)
) ENGINE=InnoDB DEFAULT CHARSET=utf8 ROW_FORMAT=COMPACT AUTO_INCREMENT=1 ;

--
-- Daten für Tabelle `global-DEFAULT_COURSE-1-Region11-InstanceMultiFields`
--


-- --------------------------------------------------------

--
-- Tabellenstruktur für Tabelle `global-DEFAULT_COURSE-1-Region11-Instances`
--

CREATE TABLE IF NOT EXISTS `global-DEFAULT_COURSE-1-Region11-Instances` (
  `id` bigint(20) unsigned NOT NULL AUTO_INCREMENT,
  `globalId` varchar(32) NOT NULL,
  `version` int(10) unsigned NOT NULL,
  `idLanguages` int(10) unsigned NOT NULL DEFAULT '1',
  `sortPosition` int(10) unsigned NOT NULL,
  `block_title` varchar(255) DEFAULT NULL,
  `block_description` text,
  PRIMARY KEY (`id`),
  KEY `globalId` (`globalId`)
) ENGINE=InnoDB DEFAULT CHARSET=utf8 ROW_FORMAT=COMPACT AUTO_INCREMENT=1 ;

--
-- Daten für Tabelle `global-DEFAULT_COURSE-1-Region11-Instances`
--


-- --------------------------------------------------------

--
-- Tabellenstruktur für Tabelle `global-DEFAULT_COURSE-1-Region14-InstanceFiles`
--

CREATE TABLE IF NOT EXISTS `global-DEFAULT_COURSE-1-Region14-InstanceFiles` (
  `id` bigint(20) unsigned NOT NULL AUTO_INCREMENT,
  `globalId` varchar(32) NOT NULL,
  `version` int(10) unsigned NOT NULL,
  `idLanguages` int(10) unsigned NOT NULL DEFAULT '1',
  `idRegionInstances` bigint(20) unsigned NOT NULL,
  `idFiles` bigint(20) unsigned NOT NULL,
  `displayOption` varchar(64) DEFAULT NULL,
  `idFields` bigint(20) unsigned NOT NULL,
  PRIMARY KEY (`id`),
  KEY `idRegionInstances` (`idRegionInstances`),
  KEY `idFiles` (`idFiles`),
  KEY `globalId` (`globalId`)
) ENGINE=InnoDB DEFAULT CHARSET=utf8 ROW_FORMAT=COMPACT AUTO_INCREMENT=1 ;

--
-- Daten für Tabelle `global-DEFAULT_COURSE-1-Region14-InstanceFiles`
--


-- --------------------------------------------------------

--
-- Tabellenstruktur für Tabelle `global-DEFAULT_COURSE-1-Region14-Instances`
--

CREATE TABLE IF NOT EXISTS `global-DEFAULT_COURSE-1-Region14-Instances` (
  `id` bigint(20) unsigned NOT NULL AUTO_INCREMENT,
  `globalId` varchar(32) NOT NULL,
  `version` int(10) unsigned NOT NULL,
  `idLanguages` int(10) unsigned NOT NULL DEFAULT '1',
  `sortPosition` int(10) unsigned NOT NULL,
  `sidebar_title` varchar(255) DEFAULT NULL,
  `sidebar_description` text,
  PRIMARY KEY (`id`),
  KEY `globalId` (`globalId`)
) ENGINE=InnoDB DEFAULT CHARSET=utf8 ROW_FORMAT=COMPACT AUTO_INCREMENT=1 ;

--
-- Daten für Tabelle `global-DEFAULT_COURSE-1-Region14-Instances`
--


-- --------------------------------------------------------

--
-- Tabellenstruktur für Tabelle `global-DEFAULT_COURSE-1-Region56-InstanceMultiFields`
--

CREATE TABLE IF NOT EXISTS `global-DEFAULT_COURSE-1-Region56-InstanceMultiFields` (
  `id` bigint(20) unsigned NOT NULL AUTO_INCREMENT,
  `globalId` varchar(32) NOT NULL,
  `version` int(10) unsigned NOT NULL,
  `idLanguages` int(10) unsigned NOT NULL DEFAULT '1',
  `idRegionInstances` bigint(20) unsigned NOT NULL,
  `idRelation` bigint(20) unsigned NOT NULL,
  `value` varchar(255) DEFAULT NULL,
  `idFields` bigint(20) unsigned NOT NULL,
  PRIMARY KEY (`id`),
  KEY `idRegionInstances` (`idRegionInstances`),
  KEY `globalId` (`globalId`)
) ENGINE=InnoDB DEFAULT CHARSET=utf8 ROW_FORMAT=COMPACT AUTO_INCREMENT=1 ;

--
-- Daten für Tabelle `global-DEFAULT_COURSE-1-Region56-InstanceMultiFields`
--


-- --------------------------------------------------------

--
-- Tabellenstruktur für Tabelle `global-DEFAULT_COURSE-1-Region56-Instances`
--

CREATE TABLE IF NOT EXISTS `global-DEFAULT_COURSE-1-Region56-Instances` (
  `id` bigint(20) unsigned NOT NULL AUTO_INCREMENT,
  `globalId` varchar(32) NOT NULL,
  `version` int(10) unsigned NOT NULL,
  `idLanguages` int(10) unsigned NOT NULL DEFAULT '1',
  `sortPosition` int(10) unsigned NOT NULL,
  `event_title` varchar(255) DEFAULT NULL,
  `location` bigint(20) unsigned DEFAULT NULL,
  `start_datetime` varchar(64) NOT NULL,
  `end_datetime` varchar(64) NOT NULL,
  `duration` varchar(500) DEFAULT NULL,
  `fees` varchar(500) DEFAULT NULL,
  `language` varchar(500) DEFAULT NULL,
  PRIMARY KEY (`id`),
  KEY `globalId` (`globalId`)
) ENGINE=InnoDB DEFAULT CHARSET=utf8 ROW_FORMAT=COMPACT AUTO_INCREMENT=1 ;

--
-- Daten für Tabelle `global-DEFAULT_COURSE-1-Region56-Instances`
--


-- --------------------------------------------------------

--
-- Tabellenstruktur für Tabelle `global-DEFAULT_COURSE_OVERVIEW-1-InstanceFiles`
--

CREATE TABLE IF NOT EXISTS `global-DEFAULT_COURSE_OVERVIEW-1-InstanceFiles` (
  `id` bigint(20) unsigned NOT NULL AUTO_INCREMENT,
  `globalId` varchar(32) NOT NULL,
  `version` int(10) unsigned NOT NULL,
  `idLanguages` int(10) unsigned NOT NULL DEFAULT '1',
  `sortPosition` int(10) unsigned NOT NULL,
  `idFiles` bigint(20) unsigned NOT NULL,
  `displayOption` varchar(64) DEFAULT NULL,
  `idFields` bigint(20) unsigned NOT NULL,
  PRIMARY KEY (`id`),
  KEY `idFiles` (`idFiles`),
  KEY `globalId` (`globalId`)
) ENGINE=InnoDB DEFAULT CHARSET=utf8 ROW_FORMAT=COMPACT AUTO_INCREMENT=1 ;

--
-- Daten für Tabelle `global-DEFAULT_COURSE_OVERVIEW-1-InstanceFiles`
--


-- --------------------------------------------------------

--
-- Tabellenstruktur für Tabelle `global-DEFAULT_COURSE_OVERVIEW-1-InstanceMultiFields`
--

CREATE TABLE IF NOT EXISTS `global-DEFAULT_COURSE_OVERVIEW-1-InstanceMultiFields` (
  `id` bigint(20) unsigned NOT NULL AUTO_INCREMENT,
  `globalId` varchar(32) NOT NULL,
  `version` int(10) unsigned NOT NULL,
  `idLanguages` int(10) unsigned NOT NULL DEFAULT '1',
  `idRelation` bigint(20) unsigned NOT NULL,
  `value` varchar(255) DEFAULT NULL,
  `idFields` bigint(20) unsigned NOT NULL,
  PRIMARY KEY (`id`),
  KEY `globalId` (`globalId`)
) ENGINE=InnoDB DEFAULT CHARSET=utf8 ROW_FORMAT=COMPACT AUTO_INCREMENT=1 ;

--
-- Daten für Tabelle `global-DEFAULT_COURSE_OVERVIEW-1-InstanceMultiFields`
--


-- --------------------------------------------------------

--
-- Tabellenstruktur für Tabelle `global-DEFAULT_COURSE_OVERVIEW-1-Instances`
--

CREATE TABLE IF NOT EXISTS `global-DEFAULT_COURSE_OVERVIEW-1-Instances` (
  `id` bigint(20) unsigned NOT NULL AUTO_INCREMENT,
  `globalId` varchar(32) NOT NULL,
  `version` int(10) unsigned NOT NULL,
  `idLanguages` int(10) unsigned NOT NULL DEFAULT '1',
  `idUsers` bigint(20) unsigned NOT NULL,
  `articletitle` varchar(255) DEFAULT NULL,
  `shortdescription` text,
  `description` text NOT NULL,
  `header_embed_code` text,
  `contact` varchar(255) DEFAULT NULL,
  `creator` bigint(20) unsigned NOT NULL,
  `created` timestamp NULL DEFAULT NULL,
  `changed` timestamp NOT NULL DEFAULT CURRENT_TIMESTAMP ON UPDATE CURRENT_TIMESTAMP,
  PRIMARY KEY (`id`),
  KEY `globalId` (`globalId`)
) ENGINE=InnoDB DEFAULT CHARSET=utf8 ROW_FORMAT=COMPACT AUTO_INCREMENT=1 ;

--
-- Daten für Tabelle `global-DEFAULT_COURSE_OVERVIEW-1-Instances`
--


-- --------------------------------------------------------

--
-- Tabellenstruktur für Tabelle `global-DEFAULT_COURSE_OVERVIEW-1-Region14-InstanceFiles`
--

CREATE TABLE IF NOT EXISTS `global-DEFAULT_COURSE_OVERVIEW-1-Region14-InstanceFiles` (
  `id` bigint(20) unsigned NOT NULL AUTO_INCREMENT,
  `globalId` varchar(32) NOT NULL,
  `version` int(10) unsigned NOT NULL,
  `idLanguages` int(10) unsigned NOT NULL DEFAULT '1',
  `idRegionInstances` bigint(20) unsigned NOT NULL,
  `idFiles` bigint(20) unsigned NOT NULL,
  `displayOption` varchar(64) DEFAULT NULL,
  `idFields` bigint(20) unsigned NOT NULL,
  PRIMARY KEY (`id`),
  KEY `idRegionInstances` (`idRegionInstances`),
  KEY `idFiles` (`idFiles`),
  KEY `globalId` (`globalId`)
) ENGINE=InnoDB DEFAULT CHARSET=utf8 ROW_FORMAT=COMPACT AUTO_INCREMENT=1 ;

--
-- Daten für Tabelle `global-DEFAULT_COURSE_OVERVIEW-1-Region14-InstanceFiles`
--


-- --------------------------------------------------------

--
-- Tabellenstruktur für Tabelle `global-DEFAULT_COURSE_OVERVIEW-1-Region14-Instances`
--

CREATE TABLE IF NOT EXISTS `global-DEFAULT_COURSE_OVERVIEW-1-Region14-Instances` (
  `id` bigint(20) unsigned NOT NULL AUTO_INCREMENT,
  `globalId` varchar(32) NOT NULL,
  `version` int(10) unsigned NOT NULL,
  `idLanguages` int(10) unsigned NOT NULL DEFAULT '1',
  `sortPosition` int(10) unsigned NOT NULL,
  `sidebar_title` varchar(255) DEFAULT NULL,
  `sidebar_description` text,
  PRIMARY KEY (`id`),
  KEY `globalId` (`globalId`)
) ENGINE=InnoDB DEFAULT CHARSET=utf8 ROW_FORMAT=COMPACT AUTO_INCREMENT=1 ;

--
-- Daten für Tabelle `global-DEFAULT_COURSE_OVERVIEW-1-Region14-Instances`
--


-- --------------------------------------------------------

--
-- Tabellenstruktur für Tabelle `global-DEFAULT_COURSE_OVERVIEW-1-Region15-Instances`
--

CREATE TABLE IF NOT EXISTS `global-DEFAULT_COURSE_OVERVIEW-1-Region15-Instances` (
  `id` bigint(20) unsigned NOT NULL AUTO_INCREMENT,
  `globalId` varchar(32) NOT NULL,
  `version` int(10) unsigned NOT NULL,
  `idLanguages` int(10) unsigned NOT NULL DEFAULT '1',
  `sortPosition` int(10) unsigned NOT NULL,
  `entry_title` varchar(255) DEFAULT NULL,
  `entry_category` bigint(20) unsigned DEFAULT NULL,
  `entry_label` bigint(20) unsigned DEFAULT NULL,
  `entry_viewtype` bigint(20) unsigned DEFAULT NULL,
  `entry_number` bigint(20) unsigned DEFAULT NULL,
  `entry_sorttype` bigint(20) unsigned DEFAULT NULL,
  `entry_sortorder` bigint(20) unsigned DEFAULT NULL,
  `entry_depth` bigint(20) unsigned DEFAULT NULL,
  PRIMARY KEY (`id`),
  KEY `globalId` (`globalId`)
) ENGINE=InnoDB DEFAULT CHARSET=utf8 ROW_FORMAT=COMPACT AUTO_INCREMENT=1 ;

--
-- Daten für Tabelle `global-DEFAULT_COURSE_OVERVIEW-1-Region15-Instances`
--


-- --------------------------------------------------------

--
-- Tabellenstruktur für Tabelle `global-DEFAULT_EVENT-1-InstanceFiles`
--

CREATE TABLE IF NOT EXISTS `global-DEFAULT_EVENT-1-InstanceFiles` (
  `id` bigint(20) unsigned NOT NULL AUTO_INCREMENT,
  `globalId` varchar(32) NOT NULL,
  `version` int(10) unsigned NOT NULL,
  `idLanguages` int(10) unsigned NOT NULL DEFAULT '1',
  `sortPosition` int(10) unsigned NOT NULL,
  `idFiles` bigint(20) unsigned NOT NULL,
  `displayOption` varchar(64) DEFAULT NULL,
  `idFields` bigint(20) unsigned NOT NULL,
  PRIMARY KEY (`id`),
  KEY `globalId` (`globalId`),
  KEY `idFiles` (`idFiles`)
) ENGINE=InnoDB DEFAULT CHARSET=utf8 ROW_FORMAT=COMPACT AUTO_INCREMENT=1 ;

--
-- Daten für Tabelle `global-DEFAULT_EVENT-1-InstanceFiles`
--


-- --------------------------------------------------------

--
-- Tabellenstruktur für Tabelle `global-DEFAULT_EVENT-1-InstanceMultiFields`
--

CREATE TABLE IF NOT EXISTS `global-DEFAULT_EVENT-1-InstanceMultiFields` (
  `id` bigint(20) unsigned NOT NULL AUTO_INCREMENT,
  `globalId` varchar(32) NOT NULL,
  `version` int(10) unsigned NOT NULL,
  `idLanguages` int(10) unsigned NOT NULL DEFAULT '1',
  `idRelation` bigint(20) unsigned NOT NULL,
  `value` varchar(255) DEFAULT NULL,
  `idFields` bigint(20) unsigned NOT NULL,
  PRIMARY KEY (`id`),
  KEY `globalId` (`globalId`)
) ENGINE=InnoDB DEFAULT CHARSET=utf8 ROW_FORMAT=COMPACT AUTO_INCREMENT=1 ;

--
-- Daten für Tabelle `global-DEFAULT_EVENT-1-InstanceMultiFields`
--


-- --------------------------------------------------------

--
-- Tabellenstruktur für Tabelle `global-DEFAULT_EVENT-1-Instances`
--

CREATE TABLE IF NOT EXISTS `global-DEFAULT_EVENT-1-Instances` (
  `id` bigint(20) unsigned NOT NULL AUTO_INCREMENT,
  `globalId` varchar(32) NOT NULL,
  `version` int(10) unsigned NOT NULL,
  `idLanguages` int(10) unsigned NOT NULL DEFAULT '1',
  `idUsers` bigint(20) unsigned NOT NULL,
  `articletitle` text NOT NULL,
  `description` text,
  `pics_title` varchar(255) DEFAULT NULL,
  `docs_title` varchar(255) DEFAULT '',
  `video_title` varchar(255) DEFAULT NULL,
  `video_embed_code` text,
  `shortdescription` text NOT NULL,
  `start_datetime` varchar(64) DEFAULT NULL,
  `end_datetime` varchar(64) DEFAULT NULL,
  `event_duration` varchar(255) DEFAULT NULL,
  `event_street` varchar(255) DEFAULT NULL,
  `event_streetnr` varchar(255) DEFAULT NULL,
  `event_plz` varchar(255) DEFAULT NULL,
  `event_city` varchar(255) DEFAULT NULL,
  `event_location` varchar(255) DEFAULT NULL,
  `event_max_members` varchar(255) DEFAULT NULL,
  `event_costs` varchar(255) DEFAULT NULL,
  `event_status` varchar(255) DEFAULT NULL,
  `contact` varchar(255) DEFAULT NULL,
  `creator` bigint(20) unsigned NOT NULL,
  `created` timestamp NULL DEFAULT NULL,
  `changed` timestamp NOT NULL DEFAULT CURRENT_TIMESTAMP ON UPDATE CURRENT_TIMESTAMP,
  PRIMARY KEY (`id`),
  KEY `globalId` (`globalId`)
) ENGINE=InnoDB DEFAULT CHARSET=utf8 ROW_FORMAT=COMPACT AUTO_INCREMENT=1 ;

--
-- Daten für Tabelle `global-DEFAULT_EVENT-1-Instances`
--


-- --------------------------------------------------------

--
-- Tabellenstruktur für Tabelle `global-DEFAULT_EVENT_OVERVIEW-1-InstanceFiles`
--

CREATE TABLE IF NOT EXISTS `global-DEFAULT_EVENT_OVERVIEW-1-InstanceFiles` (
  `id` bigint(20) unsigned NOT NULL AUTO_INCREMENT,
  `globalId` varchar(32) NOT NULL,
  `version` int(10) unsigned NOT NULL,
  `idLanguages` int(10) unsigned NOT NULL DEFAULT '1',
  `sortPosition` int(10) unsigned NOT NULL,
  `idFiles` bigint(20) unsigned NOT NULL,
  `displayOption` varchar(64) DEFAULT NULL,
  `idFields` bigint(20) unsigned NOT NULL,
  PRIMARY KEY (`id`),
  KEY `globalId` (`globalId`),
  KEY `idFiles` (`idFiles`)
) ENGINE=InnoDB DEFAULT CHARSET=utf8 ROW_FORMAT=COMPACT AUTO_INCREMENT=1 ;

--
-- Daten für Tabelle `global-DEFAULT_EVENT_OVERVIEW-1-InstanceFiles`
--


-- --------------------------------------------------------

--
-- Tabellenstruktur für Tabelle `global-DEFAULT_EVENT_OVERVIEW-1-InstanceMultiFields`
--

CREATE TABLE IF NOT EXISTS `global-DEFAULT_EVENT_OVERVIEW-1-InstanceMultiFields` (
  `id` bigint(20) unsigned NOT NULL AUTO_INCREMENT,
  `globalId` varchar(32) NOT NULL,
  `version` int(10) unsigned NOT NULL,
  `idLanguages` int(10) unsigned NOT NULL DEFAULT '1',
  `idRelation` bigint(20) unsigned NOT NULL,
  `value` varchar(255) DEFAULT NULL,
  `idFields` bigint(20) unsigned NOT NULL,
  PRIMARY KEY (`id`),
  KEY `globalId` (`globalId`)
) ENGINE=InnoDB DEFAULT CHARSET=utf8 ROW_FORMAT=COMPACT AUTO_INCREMENT=1 ;

--
-- Daten für Tabelle `global-DEFAULT_EVENT_OVERVIEW-1-InstanceMultiFields`
--


-- --------------------------------------------------------

--
-- Tabellenstruktur für Tabelle `global-DEFAULT_EVENT_OVERVIEW-1-Instances`
--

CREATE TABLE IF NOT EXISTS `global-DEFAULT_EVENT_OVERVIEW-1-Instances` (
  `id` bigint(20) unsigned NOT NULL AUTO_INCREMENT,
  `globalId` varchar(32) NOT NULL,
  `version` int(10) unsigned NOT NULL,
  `idLanguages` int(10) unsigned NOT NULL DEFAULT '1',
  `idUsers` bigint(20) unsigned NOT NULL,
  `articletitle` varchar(255) DEFAULT NULL,
  `shortdescription` text NOT NULL,
  `description` text NOT NULL,
  `contact` varchar(255) DEFAULT NULL,
  `creator` bigint(20) unsigned NOT NULL,
  `created` timestamp NULL DEFAULT NULL,
  `changed` timestamp NOT NULL DEFAULT CURRENT_TIMESTAMP ON UPDATE CURRENT_TIMESTAMP,
  PRIMARY KEY (`id`),
  KEY `globalId` (`globalId`)
) ENGINE=InnoDB DEFAULT CHARSET=utf8 ROW_FORMAT=COMPACT AUTO_INCREMENT=1 ;

--
-- Daten für Tabelle `global-DEFAULT_EVENT_OVERVIEW-1-Instances`
--


-- --------------------------------------------------------

--
-- Tabellenstruktur für Tabelle `global-DEFAULT_EVENT_OVERVIEW-1-Region14-InstanceFiles`
--

CREATE TABLE IF NOT EXISTS `global-DEFAULT_EVENT_OVERVIEW-1-Region14-InstanceFiles` (
  `id` bigint(20) unsigned NOT NULL AUTO_INCREMENT,
  `globalId` varchar(32) NOT NULL,
  `version` int(10) unsigned NOT NULL,
  `idLanguages` int(10) unsigned NOT NULL DEFAULT '1',
  `idRegionInstances` bigint(20) unsigned NOT NULL,
  `idFiles` bigint(20) unsigned NOT NULL,
  `displayOption` varchar(64) DEFAULT NULL,
  `idFields` bigint(20) unsigned NOT NULL,
  PRIMARY KEY (`id`),
  KEY `idRegionInstances` (`idRegionInstances`),
  KEY `idFiles` (`idFiles`),
  KEY `globalId` (`globalId`)
) ENGINE=InnoDB DEFAULT CHARSET=utf8 ROW_FORMAT=COMPACT AUTO_INCREMENT=1 ;

--
-- Daten für Tabelle `global-DEFAULT_EVENT_OVERVIEW-1-Region14-InstanceFiles`
--


-- --------------------------------------------------------

--
-- Tabellenstruktur für Tabelle `global-DEFAULT_EVENT_OVERVIEW-1-Region14-Instances`
--

CREATE TABLE IF NOT EXISTS `global-DEFAULT_EVENT_OVERVIEW-1-Region14-Instances` (
  `id` bigint(20) unsigned NOT NULL AUTO_INCREMENT,
  `globalId` varchar(32) NOT NULL,
  `version` int(10) unsigned NOT NULL,
  `idLanguages` int(10) unsigned NOT NULL DEFAULT '1',
  `sortPosition` int(10) unsigned NOT NULL,
  `sidebar_title` varchar(255) DEFAULT NULL,
  `sidebar_description` text,
  PRIMARY KEY (`id`),
  KEY `globalId` (`globalId`)
) ENGINE=InnoDB DEFAULT CHARSET=utf8 ROW_FORMAT=COMPACT AUTO_INCREMENT=1 ;

--
-- Daten für Tabelle `global-DEFAULT_EVENT_OVERVIEW-1-Region14-Instances`
--


-- --------------------------------------------------------

--
-- Tabellenstruktur für Tabelle `global-DEFAULT_EVENT_OVERVIEW-1-Region15-Instances`
--

CREATE TABLE IF NOT EXISTS `global-DEFAULT_EVENT_OVERVIEW-1-Region15-Instances` (
  `id` bigint(20) unsigned NOT NULL AUTO_INCREMENT,
  `globalId` varchar(32) NOT NULL,
  `version` int(10) unsigned NOT NULL,
  `idLanguages` int(10) unsigned NOT NULL DEFAULT '1',
  `sortPosition` int(10) unsigned NOT NULL,
  `entry_title` varchar(255) DEFAULT NULL,
  `entry_category` bigint(20) unsigned DEFAULT NULL,
  `entry_label` bigint(20) unsigned DEFAULT NULL,
  `entry_viewtype` bigint(20) unsigned DEFAULT NULL,
  `entry_number` bigint(20) unsigned DEFAULT NULL,
  `entry_sorttype` bigint(20) unsigned DEFAULT NULL,
  `entry_sortorder` bigint(20) unsigned DEFAULT NULL,
  `entry_depth` bigint(20) unsigned DEFAULT NULL,
  PRIMARY KEY (`id`),
  KEY `globalId` (`globalId`)
) ENGINE=InnoDB DEFAULT CHARSET=utf8 ROW_FORMAT=COMPACT AUTO_INCREMENT=1 ;

--
-- Daten für Tabelle `global-DEFAULT_EVENT_OVERVIEW-1-Region15-Instances`
--


-- --------------------------------------------------------

--
-- Tabellenstruktur für Tabelle `global-DEFAULT_PRESS-1-InstanceFiles`
--

CREATE TABLE IF NOT EXISTS `global-DEFAULT_PRESS-1-InstanceFiles` (
  `id` bigint(20) unsigned NOT NULL AUTO_INCREMENT,
  `globalId` varchar(32) NOT NULL,
  `version` int(10) unsigned NOT NULL,
  `idLanguages` int(10) unsigned NOT NULL DEFAULT '1',
  `sortPosition` int(10) unsigned NOT NULL,
  `idFiles` bigint(20) unsigned NOT NULL,
  `displayOption` varchar(64) DEFAULT NULL,
  `idFields` bigint(20) unsigned NOT NULL,
  PRIMARY KEY (`id`),
  KEY `idFiles` (`idFiles`),
  KEY `globalId` (`globalId`)
) ENGINE=InnoDB DEFAULT CHARSET=utf8 ROW_FORMAT=COMPACT AUTO_INCREMENT=1 ;

--
-- Daten für Tabelle `global-DEFAULT_PRESS-1-InstanceFiles`
--


-- --------------------------------------------------------

--
-- Tabellenstruktur für Tabelle `global-DEFAULT_PRESS-1-InstanceMultiFields`
--

CREATE TABLE IF NOT EXISTS `global-DEFAULT_PRESS-1-InstanceMultiFields` (
  `id` bigint(20) unsigned NOT NULL AUTO_INCREMENT,
  `globalId` varchar(32) NOT NULL,
  `version` int(10) unsigned NOT NULL,
  `idLanguages` int(10) unsigned NOT NULL DEFAULT '1',
  `idRelation` bigint(20) unsigned NOT NULL,
  `value` varchar(255) DEFAULT NULL,
  `idFields` bigint(20) unsigned NOT NULL,
  PRIMARY KEY (`id`),
  KEY `globalId` (`globalId`)
) ENGINE=InnoDB DEFAULT CHARSET=utf8 ROW_FORMAT=COMPACT AUTO_INCREMENT=1 ;

--
-- Daten für Tabelle `global-DEFAULT_PRESS-1-InstanceMultiFields`
--


-- --------------------------------------------------------

--
-- Tabellenstruktur für Tabelle `global-DEFAULT_PRESS-1-Instances`
--

CREATE TABLE IF NOT EXISTS `global-DEFAULT_PRESS-1-Instances` (
  `id` bigint(20) unsigned NOT NULL AUTO_INCREMENT,
  `globalId` varchar(32) NOT NULL,
  `version` int(10) unsigned NOT NULL,
  `idLanguages` int(10) unsigned NOT NULL DEFAULT '1',
  `idUsers` bigint(20) unsigned NOT NULL,
  `articletitle` text NOT NULL,
  `description` text,
  `header_embed_code` text,
  `pics_title` varchar(255) DEFAULT NULL,
  `docs_title` varchar(255) DEFAULT '',
  `internal_links_title` varchar(255) DEFAULT NULL,
  `video_title` varchar(255) DEFAULT NULL,
  `video_embed_code` text,
  `shortdescription` text,
  `title_externe_links` varchar(255) DEFAULT NULL,
  `contact` bigint(20) unsigned DEFAULT NULL,
  `creator` bigint(20) unsigned NOT NULL,
  `created` timestamp NULL DEFAULT NULL,
  `changed` timestamp NOT NULL DEFAULT CURRENT_TIMESTAMP ON UPDATE CURRENT_TIMESTAMP,
  PRIMARY KEY (`id`),
  KEY `globalId` (`globalId`)
) ENGINE=InnoDB DEFAULT CHARSET=utf8 ROW_FORMAT=COMPACT AUTO_INCREMENT=1 ;

--
-- Daten für Tabelle `global-DEFAULT_PRESS-1-Instances`
--


-- --------------------------------------------------------

--
-- Tabellenstruktur für Tabelle `global-DEFAULT_PRESS-1-Region11-InstanceFiles`
--

CREATE TABLE IF NOT EXISTS `global-DEFAULT_PRESS-1-Region11-InstanceFiles` (
  `id` bigint(20) unsigned NOT NULL AUTO_INCREMENT,
  `globalId` varchar(32) NOT NULL,
  `version` int(10) unsigned NOT NULL,
  `idLanguages` int(10) unsigned NOT NULL DEFAULT '1',
  `idRegionInstances` bigint(20) unsigned NOT NULL,
  `idFiles` bigint(20) unsigned NOT NULL,
  `displayOption` varchar(64) DEFAULT NULL,
  `idFields` bigint(20) unsigned NOT NULL,
  PRIMARY KEY (`id`),
  KEY `idRegionInstances` (`idRegionInstances`),
  KEY `idFiles` (`idFiles`),
  KEY `globalId` (`globalId`)
) ENGINE=InnoDB DEFAULT CHARSET=utf8 ROW_FORMAT=COMPACT AUTO_INCREMENT=1 ;

--
-- Daten für Tabelle `global-DEFAULT_PRESS-1-Region11-InstanceFiles`
--


-- --------------------------------------------------------

--
-- Tabellenstruktur für Tabelle `global-DEFAULT_PRESS-1-Region11-InstanceMultiFields`
--

CREATE TABLE IF NOT EXISTS `global-DEFAULT_PRESS-1-Region11-InstanceMultiFields` (
  `id` bigint(20) unsigned NOT NULL AUTO_INCREMENT,
  `globalId` varchar(32) NOT NULL,
  `version` int(10) unsigned NOT NULL,
  `idLanguages` int(10) unsigned NOT NULL DEFAULT '1',
  `idRegionInstances` bigint(20) unsigned NOT NULL,
  `idRelation` bigint(20) unsigned NOT NULL,
  `value` varchar(255) DEFAULT NULL,
  `idFields` bigint(20) unsigned NOT NULL,
  PRIMARY KEY (`id`),
  KEY `idRegionInstances` (`idRegionInstances`),
  KEY `globalId` (`globalId`)
) ENGINE=InnoDB DEFAULT CHARSET=utf8 ROW_FORMAT=COMPACT AUTO_INCREMENT=1 ;

--
-- Daten für Tabelle `global-DEFAULT_PRESS-1-Region11-InstanceMultiFields`
--


-- --------------------------------------------------------

--
-- Tabellenstruktur für Tabelle `global-DEFAULT_PRESS-1-Region11-Instances`
--

CREATE TABLE IF NOT EXISTS `global-DEFAULT_PRESS-1-Region11-Instances` (
  `id` bigint(20) unsigned NOT NULL AUTO_INCREMENT,
  `globalId` varchar(32) NOT NULL,
  `version` int(10) unsigned NOT NULL,
  `idLanguages` int(10) unsigned NOT NULL DEFAULT '1',
  `sortPosition` int(10) unsigned NOT NULL,
  `block_title` varchar(255) DEFAULT NULL,
  `block_description` text,
  PRIMARY KEY (`id`),
  KEY `globalId` (`globalId`)
) ENGINE=InnoDB DEFAULT CHARSET=utf8 ROW_FORMAT=COMPACT AUTO_INCREMENT=1 ;

--
-- Daten für Tabelle `global-DEFAULT_PRESS-1-Region11-Instances`
--


-- --------------------------------------------------------

--
-- Tabellenstruktur für Tabelle `global-DEFAULT_PRESS-1-Region14-InstanceFiles`
--

CREATE TABLE IF NOT EXISTS `global-DEFAULT_PRESS-1-Region14-InstanceFiles` (
  `id` bigint(20) unsigned NOT NULL AUTO_INCREMENT,
  `globalId` varchar(32) NOT NULL,
  `version` int(10) unsigned NOT NULL,
  `idLanguages` int(10) unsigned NOT NULL DEFAULT '1',
  `idRegionInstances` bigint(20) unsigned NOT NULL,
  `idFiles` bigint(20) unsigned NOT NULL,
  `displayOption` varchar(64) DEFAULT NULL,
  `idFields` bigint(20) unsigned NOT NULL,
  PRIMARY KEY (`id`),
  KEY `idRegionInstances` (`idRegionInstances`),
  KEY `idFiles` (`idFiles`),
  KEY `globalId` (`globalId`)
) ENGINE=InnoDB DEFAULT CHARSET=utf8 ROW_FORMAT=COMPACT AUTO_INCREMENT=1 ;

--
-- Daten für Tabelle `global-DEFAULT_PRESS-1-Region14-InstanceFiles`
--


-- --------------------------------------------------------

--
-- Tabellenstruktur für Tabelle `global-DEFAULT_PRESS-1-Region14-Instances`
--

CREATE TABLE IF NOT EXISTS `global-DEFAULT_PRESS-1-Region14-Instances` (
  `id` bigint(20) unsigned NOT NULL AUTO_INCREMENT,
  `globalId` varchar(32) NOT NULL,
  `version` int(10) unsigned NOT NULL,
  `idLanguages` int(10) unsigned NOT NULL DEFAULT '1',
  `sortPosition` int(10) unsigned NOT NULL,
  `sidebar_title` varchar(255) DEFAULT NULL,
  `sidebar_description` text,
  PRIMARY KEY (`id`),
  KEY `globalId` (`globalId`)
) ENGINE=InnoDB DEFAULT CHARSET=utf8 ROW_FORMAT=COMPACT AUTO_INCREMENT=1 ;

--
-- Daten für Tabelle `global-DEFAULT_PRESS-1-Region14-Instances`
--


-- --------------------------------------------------------

--
-- Tabellenstruktur für Tabelle `global-DEFAULT_PRESS-1-Region50-Instances`
--

CREATE TABLE IF NOT EXISTS `global-DEFAULT_PRESS-1-Region50-Instances` (
  `id` bigint(20) unsigned NOT NULL AUTO_INCREMENT,
  `globalId` varchar(32) NOT NULL,
  `version` int(10) unsigned NOT NULL,
  `idLanguages` int(10) unsigned NOT NULL DEFAULT '1',
  `sortPosition` int(10) unsigned NOT NULL,
  `link_title` varchar(255) NOT NULL,
  `link_url` varchar(255) NOT NULL,
  PRIMARY KEY (`id`),
  KEY `globalId` (`globalId`)
) ENGINE=InnoDB DEFAULT CHARSET=utf8 ROW_FORMAT=COMPACT AUTO_INCREMENT=1 ;

--
-- Daten für Tabelle `global-DEFAULT_PRESS-1-Region50-Instances`
--


-- --------------------------------------------------------

--
-- Tabellenstruktur für Tabelle `global-DEFAULT_PRESS_OVERVIEW-1-InstanceFiles`
--

CREATE TABLE IF NOT EXISTS `global-DEFAULT_PRESS_OVERVIEW-1-InstanceFiles` (
  `id` bigint(20) unsigned NOT NULL AUTO_INCREMENT,
  `globalId` varchar(32) NOT NULL,
  `version` int(10) unsigned NOT NULL,
  `idLanguages` int(10) unsigned NOT NULL DEFAULT '1',
  `sortPosition` int(10) unsigned NOT NULL,
  `idFiles` bigint(20) unsigned NOT NULL,
  `displayOption` varchar(64) DEFAULT NULL,
  `idFields` bigint(20) unsigned NOT NULL,
  PRIMARY KEY (`id`),
  KEY `idFiles` (`idFiles`),
  KEY `globalId` (`globalId`)
) ENGINE=InnoDB DEFAULT CHARSET=utf8 ROW_FORMAT=COMPACT AUTO_INCREMENT=1 ;

--
-- Daten für Tabelle `global-DEFAULT_PRESS_OVERVIEW-1-InstanceFiles`
--


-- --------------------------------------------------------

--
-- Tabellenstruktur für Tabelle `global-DEFAULT_PRESS_OVERVIEW-1-InstanceMultiFields`
--

CREATE TABLE IF NOT EXISTS `global-DEFAULT_PRESS_OVERVIEW-1-InstanceMultiFields` (
  `id` bigint(20) unsigned NOT NULL AUTO_INCREMENT,
  `globalId` varchar(32) NOT NULL,
  `version` int(10) unsigned NOT NULL,
  `idLanguages` int(10) unsigned NOT NULL DEFAULT '1',
  `idRelation` bigint(20) unsigned NOT NULL,
  `value` varchar(255) DEFAULT NULL,
  `idFields` bigint(20) unsigned NOT NULL,
  PRIMARY KEY (`id`),
  KEY `globalId` (`globalId`)
) ENGINE=InnoDB DEFAULT CHARSET=utf8 ROW_FORMAT=COMPACT AUTO_INCREMENT=1 ;

--
-- Daten für Tabelle `global-DEFAULT_PRESS_OVERVIEW-1-InstanceMultiFields`
--


-- --------------------------------------------------------

--
-- Tabellenstruktur für Tabelle `global-DEFAULT_PRESS_OVERVIEW-1-Instances`
--

CREATE TABLE IF NOT EXISTS `global-DEFAULT_PRESS_OVERVIEW-1-Instances` (
  `id` bigint(20) unsigned NOT NULL AUTO_INCREMENT,
  `globalId` varchar(32) NOT NULL,
  `version` int(10) unsigned NOT NULL,
  `idLanguages` int(10) unsigned NOT NULL DEFAULT '1',
  `idUsers` bigint(20) unsigned NOT NULL,
  `articletitle` varchar(255) DEFAULT NULL,
  `shortdescription` text,
  `description` text NOT NULL,
  `header_embed_code` text,
  `contact` varchar(255) DEFAULT NULL,
  `creator` bigint(20) unsigned NOT NULL,
  `created` timestamp NULL DEFAULT NULL,
  `changed` timestamp NOT NULL DEFAULT CURRENT_TIMESTAMP ON UPDATE CURRENT_TIMESTAMP,
  PRIMARY KEY (`id`),
  KEY `globalId` (`globalId`)
) ENGINE=InnoDB DEFAULT CHARSET=utf8 ROW_FORMAT=COMPACT AUTO_INCREMENT=1 ;

--
-- Daten für Tabelle `global-DEFAULT_PRESS_OVERVIEW-1-Instances`
--


-- --------------------------------------------------------

--
-- Tabellenstruktur für Tabelle `global-DEFAULT_PRESS_OVERVIEW-1-Region14-InstanceFiles`
--

CREATE TABLE IF NOT EXISTS `global-DEFAULT_PRESS_OVERVIEW-1-Region14-InstanceFiles` (
  `id` bigint(20) unsigned NOT NULL AUTO_INCREMENT,
  `globalId` varchar(32) NOT NULL,
  `version` int(10) unsigned NOT NULL,
  `idLanguages` int(10) unsigned NOT NULL DEFAULT '1',
  `idRegionInstances` bigint(20) unsigned NOT NULL,
  `idFiles` bigint(20) unsigned NOT NULL,
  `displayOption` varchar(64) DEFAULT NULL,
  `idFields` bigint(20) unsigned NOT NULL,
  PRIMARY KEY (`id`),
  KEY `idRegionInstances` (`idRegionInstances`),
  KEY `idFiles` (`idFiles`),
  KEY `globalId` (`globalId`)
) ENGINE=InnoDB DEFAULT CHARSET=utf8 ROW_FORMAT=COMPACT AUTO_INCREMENT=1 ;

--
-- Daten für Tabelle `global-DEFAULT_PRESS_OVERVIEW-1-Region14-InstanceFiles`
--


-- --------------------------------------------------------

--
-- Tabellenstruktur für Tabelle `global-DEFAULT_PRESS_OVERVIEW-1-Region14-Instances`
--

CREATE TABLE IF NOT EXISTS `global-DEFAULT_PRESS_OVERVIEW-1-Region14-Instances` (
  `id` bigint(20) unsigned NOT NULL AUTO_INCREMENT,
  `globalId` varchar(32) NOT NULL,
  `version` int(10) unsigned NOT NULL,
  `idLanguages` int(10) unsigned NOT NULL DEFAULT '1',
  `sortPosition` int(10) unsigned NOT NULL,
  `sidebar_title` varchar(255) DEFAULT NULL,
  `sidebar_description` text,
  PRIMARY KEY (`id`),
  KEY `globalId` (`globalId`)
) ENGINE=InnoDB DEFAULT CHARSET=utf8 ROW_FORMAT=COMPACT AUTO_INCREMENT=1 ;

--
-- Daten für Tabelle `global-DEFAULT_PRESS_OVERVIEW-1-Region14-Instances`
--


-- --------------------------------------------------------

--
-- Tabellenstruktur für Tabelle `global-DEFAULT_PRESS_OVERVIEW-1-Region15-Instances`
--

CREATE TABLE IF NOT EXISTS `global-DEFAULT_PRESS_OVERVIEW-1-Region15-Instances` (
  `id` bigint(20) unsigned NOT NULL AUTO_INCREMENT,
  `globalId` varchar(32) NOT NULL,
  `version` int(10) unsigned NOT NULL,
  `idLanguages` int(10) unsigned NOT NULL DEFAULT '1',
  `sortPosition` int(10) unsigned NOT NULL,
  `entry_title` varchar(255) DEFAULT NULL,
  `entry_category` bigint(20) unsigned DEFAULT NULL,
  `entry_label` bigint(20) unsigned DEFAULT NULL,
  `entry_viewtype` bigint(20) unsigned DEFAULT NULL,
  `entry_number` bigint(20) unsigned DEFAULT NULL,
  `entry_sorttype` bigint(20) unsigned DEFAULT NULL,
  `entry_sortorder` bigint(20) unsigned DEFAULT NULL,
  `entry_depth` bigint(20) unsigned DEFAULT NULL,
  PRIMARY KEY (`id`),
  KEY `globalId` (`globalId`)
) ENGINE=InnoDB DEFAULT CHARSET=utf8 ROW_FORMAT=COMPACT AUTO_INCREMENT=1 ;

--
-- Daten für Tabelle `global-DEFAULT_PRESS_OVERVIEW-1-Region15-Instances`
--


-- --------------------------------------------------------

--
-- Tabellenstruktur für Tabelle `global-DEFAULT_PRODUCT-1-InstanceFiles`
--

CREATE TABLE IF NOT EXISTS `global-DEFAULT_PRODUCT-1-InstanceFiles` (
  `id` bigint(20) unsigned NOT NULL AUTO_INCREMENT,
  `globalId` varchar(32) NOT NULL,
  `version` int(10) unsigned NOT NULL,
  `idLanguages` int(10) unsigned NOT NULL DEFAULT '1',
  `sortPosition` int(10) unsigned NOT NULL,
  `idFiles` bigint(20) unsigned NOT NULL,
  `displayOption` varchar(64) DEFAULT NULL,
  `idFields` bigint(20) unsigned NOT NULL,
  PRIMARY KEY (`id`),
  KEY `globalId` (`globalId`),
  KEY `idFiles` (`idFiles`)
) ENGINE=InnoDB DEFAULT CHARSET=utf8 ROW_FORMAT=COMPACT AUTO_INCREMENT=1 ;

--
-- Daten für Tabelle `global-DEFAULT_PRODUCT-1-InstanceFiles`
--


-- --------------------------------------------------------

--
-- Tabellenstruktur für Tabelle `global-DEFAULT_PRODUCT-1-Instances`
--

CREATE TABLE IF NOT EXISTS `global-DEFAULT_PRODUCT-1-Instances` (
  `id` bigint(20) unsigned NOT NULL AUTO_INCREMENT,
  `globalId` varchar(32) NOT NULL,
  `version` int(10) unsigned NOT NULL,
  `idLanguages` int(10) unsigned NOT NULL DEFAULT '1',
  `idUsers` bigint(20) unsigned NOT NULL,
  `articletitle` text NOT NULL,
  `slogan` varchar(255) DEFAULT NULL,
  `description` text,
  `header_embed_code` text,
  `title_text_blocks` varchar(255) DEFAULT NULL,
  `pics_title` varchar(255) DEFAULT NULL,
  `internal_links_title` varchar(255) DEFAULT NULL,
  `video_title` varchar(255) DEFAULT NULL,
  `video_embed_code` text,
  `shortdescription` text NOT NULL,
  `shop_docs_title` varchar(255) DEFAULT NULL,
  `shop_description` text,
  `shop_internal_links_title` varchar(255) DEFAULT NULL,
  `title_externe_links` varchar(255) DEFAULT NULL,
  `contact` varchar(255) DEFAULT NULL,
  `creator` bigint(20) unsigned NOT NULL,
  `created` timestamp NULL DEFAULT NULL,
  `changed` timestamp NOT NULL DEFAULT CURRENT_TIMESTAMP ON UPDATE CURRENT_TIMESTAMP,
  PRIMARY KEY (`id`),
  KEY `globalId` (`globalId`)
) ENGINE=InnoDB DEFAULT CHARSET=utf8 ROW_FORMAT=COMPACT AUTO_INCREMENT=1 ;

--
-- Daten für Tabelle `global-DEFAULT_PRODUCT-1-Instances`
--


-- --------------------------------------------------------

--
-- Tabellenstruktur für Tabelle `global-DEFAULT_PRODUCT-1-Region45-InstanceFiles`
--

CREATE TABLE IF NOT EXISTS `global-DEFAULT_PRODUCT-1-Region45-InstanceFiles` (
  `id` bigint(20) unsigned NOT NULL AUTO_INCREMENT,
  `globalId` varchar(32) NOT NULL,
  `version` int(10) unsigned NOT NULL,
  `idLanguages` int(10) unsigned NOT NULL DEFAULT '1',
  `idRegionInstances` bigint(20) unsigned NOT NULL,
  `idFiles` bigint(20) unsigned NOT NULL,
  `displayOption` varchar(64) DEFAULT NULL,
  `idFields` bigint(20) unsigned NOT NULL,
  PRIMARY KEY (`id`),
  KEY `globalId` (`globalId`),
  KEY `idRegionInstances` (`idRegionInstances`),
  KEY `idFiles` (`idFiles`)
) ENGINE=InnoDB DEFAULT CHARSET=utf8 ROW_FORMAT=COMPACT AUTO_INCREMENT=1 ;

--
-- Daten für Tabelle `global-DEFAULT_PRODUCT-1-Region45-InstanceFiles`
--


-- --------------------------------------------------------

--
-- Tabellenstruktur für Tabelle `global-DEFAULT_PRODUCT-1-Region45-Instances`
--

CREATE TABLE IF NOT EXISTS `global-DEFAULT_PRODUCT-1-Region45-Instances` (
  `id` bigint(20) unsigned NOT NULL AUTO_INCREMENT,
  `globalId` varchar(32) NOT NULL,
  `version` int(10) unsigned NOT NULL,
  `idLanguages` int(10) unsigned NOT NULL DEFAULT '1',
  `sortPosition` int(10) unsigned NOT NULL,
  `block_title` varchar(255) NOT NULL,
  `block_description` text NOT NULL,
  PRIMARY KEY (`id`),
  KEY `globalId` (`globalId`)
) ENGINE=InnoDB DEFAULT CHARSET=utf8 ROW_FORMAT=COMPACT AUTO_INCREMENT=1 ;

--
-- Daten für Tabelle `global-DEFAULT_PRODUCT-1-Region45-Instances`
--


-- --------------------------------------------------------

--
-- Tabellenstruktur für Tabelle `global-DEFAULT_PRODUCT-1-Region47-InstanceFileFilters`
--

CREATE TABLE IF NOT EXISTS `global-DEFAULT_PRODUCT-1-Region47-InstanceFileFilters` (
  `id` bigint(20) unsigned NOT NULL AUTO_INCREMENT,
  `globalId` varchar(32) NOT NULL,
  `version` int(10) unsigned NOT NULL,
  `idLanguages` int(10) unsigned NOT NULL DEFAULT '1',
  `idRegionInstances` bigint(20) unsigned NOT NULL,
  `idFilterTypes` int(10) unsigned NOT NULL,
  `referenceId` bigint(20) unsigned NOT NULL,
  `idFields` bigint(20) unsigned NOT NULL,
  PRIMARY KEY (`id`),
  KEY `globalId` (`globalId`),
  KEY `idRegionInstances` (`idRegionInstances`)
) ENGINE=InnoDB DEFAULT CHARSET=utf8 ROW_FORMAT=COMPACT AUTO_INCREMENT=1 ;

--
-- Daten für Tabelle `global-DEFAULT_PRODUCT-1-Region47-InstanceFileFilters`
--


-- --------------------------------------------------------

--
-- Tabellenstruktur für Tabelle `global-DEFAULT_PRODUCT-1-Region47-InstanceFiles`
--

CREATE TABLE IF NOT EXISTS `global-DEFAULT_PRODUCT-1-Region47-InstanceFiles` (
  `id` bigint(20) unsigned NOT NULL AUTO_INCREMENT,
  `globalId` varchar(32) NOT NULL,
  `version` int(10) unsigned NOT NULL,
  `idLanguages` int(10) unsigned NOT NULL DEFAULT '1',
  `idRegionInstances` bigint(20) unsigned NOT NULL,
  `idFiles` bigint(20) unsigned NOT NULL,
  `displayOption` varchar(64) DEFAULT NULL,
  `idFields` bigint(20) unsigned NOT NULL,
  PRIMARY KEY (`id`),
  KEY `globalId` (`globalId`),
  KEY `idRegionInstances` (`idRegionInstances`),
  KEY `idFiles` (`idFiles`)
) ENGINE=InnoDB DEFAULT CHARSET=utf8 ROW_FORMAT=COMPACT AUTO_INCREMENT=1 ;

--
-- Daten für Tabelle `global-DEFAULT_PRODUCT-1-Region47-InstanceFiles`
--


-- --------------------------------------------------------

--
-- Tabellenstruktur für Tabelle `global-DEFAULT_PRODUCT-1-Region47-Instances`
--

CREATE TABLE IF NOT EXISTS `global-DEFAULT_PRODUCT-1-Region47-Instances` (
  `id` bigint(20) unsigned NOT NULL AUTO_INCREMENT,
  `globalId` varchar(32) NOT NULL,
  `version` int(10) unsigned NOT NULL,
  `idLanguages` int(10) unsigned NOT NULL DEFAULT '1',
  `sortPosition` int(10) unsigned NOT NULL,
  `docs_title` varchar(255) NOT NULL,
  PRIMARY KEY (`id`),
  KEY `globalId` (`globalId`)
) ENGINE=InnoDB DEFAULT CHARSET=utf8 ROW_FORMAT=COMPACT AUTO_INCREMENT=1 ;

--
-- Daten für Tabelle `global-DEFAULT_PRODUCT-1-Region47-Instances`
--


-- --------------------------------------------------------

--
-- Tabellenstruktur für Tabelle `global-DEFAULT_PRODUCT-1-Region50-Instances`
--

CREATE TABLE IF NOT EXISTS `global-DEFAULT_PRODUCT-1-Region50-Instances` (
  `id` bigint(20) unsigned NOT NULL AUTO_INCREMENT,
  `globalId` varchar(32) NOT NULL,
  `version` int(10) unsigned NOT NULL,
  `idLanguages` int(10) unsigned NOT NULL DEFAULT '1',
  `sortPosition` int(10) unsigned NOT NULL,
  `link_title` varchar(255) NOT NULL,
  `link_url` varchar(255) NOT NULL,
  PRIMARY KEY (`id`),
  KEY `globalId` (`globalId`)
) ENGINE=InnoDB DEFAULT CHARSET=utf8 ROW_FORMAT=COMPACT AUTO_INCREMENT=1 ;

--
-- Daten für Tabelle `global-DEFAULT_PRODUCT-1-Region50-Instances`
--


-- --------------------------------------------------------

--
-- Tabellenstruktur für Tabelle `global-DEFAULT_PRODUCT-1-Region51-InstanceFiles`
--

CREATE TABLE IF NOT EXISTS `global-DEFAULT_PRODUCT-1-Region51-InstanceFiles` (
  `id` bigint(20) unsigned NOT NULL AUTO_INCREMENT,
  `globalId` varchar(32) NOT NULL,
  `version` int(10) unsigned NOT NULL,
  `idLanguages` int(10) unsigned NOT NULL DEFAULT '1',
  `idRegionInstances` bigint(20) unsigned NOT NULL,
  `idFiles` bigint(20) unsigned NOT NULL,
  `displayOption` varchar(64) DEFAULT NULL,
  `idFields` bigint(20) unsigned NOT NULL,
  PRIMARY KEY (`id`),
  KEY `globalId` (`globalId`),
  KEY `idRegionInstances` (`idRegionInstances`),
  KEY `idFiles` (`idFiles`)
) ENGINE=InnoDB DEFAULT CHARSET=utf8 ROW_FORMAT=COMPACT AUTO_INCREMENT=1 ;

--
-- Daten für Tabelle `global-DEFAULT_PRODUCT-1-Region51-InstanceFiles`
--


-- --------------------------------------------------------

--
-- Tabellenstruktur für Tabelle `global-DEFAULT_PRODUCT-1-Region51-Instances`
--

CREATE TABLE IF NOT EXISTS `global-DEFAULT_PRODUCT-1-Region51-Instances` (
  `id` bigint(20) unsigned NOT NULL AUTO_INCREMENT,
  `globalId` varchar(32) NOT NULL,
  `version` int(10) unsigned NOT NULL,
  `idLanguages` int(10) unsigned NOT NULL DEFAULT '1',
  `sortPosition` int(10) unsigned NOT NULL,
  `header_title` varchar(255) NOT NULL,
  `header_description` text NOT NULL,
  PRIMARY KEY (`id`),
  KEY `globalId` (`globalId`)
) ENGINE=InnoDB DEFAULT CHARSET=utf8 ROW_FORMAT=COMPACT AUTO_INCREMENT=1 ;

--
-- Daten für Tabelle `global-DEFAULT_PRODUCT-1-Region51-Instances`
--


-- --------------------------------------------------------

--
-- Tabellenstruktur für Tabelle `global-DEFAULT_PRODUCT-1-Region76-Instances`
--

CREATE TABLE IF NOT EXISTS `global-DEFAULT_PRODUCT-1-Region76-Instances` (
  `id` bigint(20) unsigned NOT NULL AUTO_INCREMENT,
  `globalId` varchar(32) NOT NULL,
  `version` int(10) unsigned NOT NULL,
  `idLanguages` int(10) unsigned NOT NULL DEFAULT '1',
  `sortPosition` int(10) unsigned NOT NULL,
  `shop_ids` varchar(128) DEFAULT NULL,
  PRIMARY KEY (`id`),
  KEY `globalId` (`globalId`)
) ENGINE=InnoDB DEFAULT CHARSET=utf8 ROW_FORMAT=COMPACT AUTO_INCREMENT=1 ;

--
-- Daten für Tabelle `global-DEFAULT_PRODUCT-1-Region76-Instances`
--


-- --------------------------------------------------------

--
-- Tabellenstruktur für Tabelle `global-DEFAULT_PRODUCT-1-Region81-InstanceFiles`
--

CREATE TABLE IF NOT EXISTS `global-DEFAULT_PRODUCT-1-Region81-InstanceFiles` (
  `id` bigint(20) unsigned NOT NULL AUTO_INCREMENT,
  `globalId` varchar(32) NOT NULL,
  `version` int(10) unsigned NOT NULL,
  `idLanguages` int(10) unsigned NOT NULL DEFAULT '1',
  `idRegionInstances` bigint(20) unsigned NOT NULL,
  `idFiles` bigint(20) unsigned NOT NULL,
  `displayOption` varchar(64) DEFAULT NULL,
  `idFields` bigint(20) unsigned NOT NULL,
  PRIMARY KEY (`id`),
  KEY `globalId` (`globalId`),
  KEY `idRegionInstances` (`idRegionInstances`),
  KEY `idFiles` (`idFiles`)
) ENGINE=InnoDB DEFAULT CHARSET=utf8 ROW_FORMAT=COMPACT AUTO_INCREMENT=1 ;

--
-- Daten für Tabelle `global-DEFAULT_PRODUCT-1-Region81-InstanceFiles`
--


-- --------------------------------------------------------

--
-- Tabellenstruktur für Tabelle `global-DEFAULT_PRODUCT-1-Region81-Instances`
--

CREATE TABLE IF NOT EXISTS `global-DEFAULT_PRODUCT-1-Region81-Instances` (
  `id` bigint(20) unsigned NOT NULL AUTO_INCREMENT,
  `globalId` varchar(32) NOT NULL,
  `version` int(10) unsigned NOT NULL,
  `idLanguages` int(10) unsigned NOT NULL DEFAULT '1',
  `sortPosition` int(10) unsigned NOT NULL,
  `shop_block_title` varchar(255) NOT NULL,
  `shop_block_description` text NOT NULL,
  PRIMARY KEY (`id`),
  KEY `globalId` (`globalId`)
) ENGINE=InnoDB DEFAULT CHARSET=utf8 ROW_FORMAT=COMPACT AUTO_INCREMENT=1 ;

--
-- Daten für Tabelle `global-DEFAULT_PRODUCT-1-Region81-Instances`
--


-- --------------------------------------------------------

--
-- Tabellenstruktur für Tabelle `global-DEFAULT_PRODUCT-1-Region82-InstanceMultiFields`
--

CREATE TABLE IF NOT EXISTS `global-DEFAULT_PRODUCT-1-Region82-InstanceMultiFields` (
  `id` bigint(20) unsigned NOT NULL AUTO_INCREMENT,
  `globalId` varchar(32) NOT NULL,
  `version` int(10) unsigned NOT NULL,
  `idLanguages` int(10) unsigned NOT NULL DEFAULT '1',
  `idRegionInstances` bigint(20) unsigned NOT NULL,
  `idRelation` bigint(20) unsigned NOT NULL,
  `value` varchar(255) DEFAULT NULL,
  `idFields` bigint(20) unsigned NOT NULL,
  PRIMARY KEY (`id`),
  KEY `idRegionInstances` (`idRegionInstances`),
  KEY `globalId` (`globalId`)
) ENGINE=InnoDB DEFAULT CHARSET=utf8 ROW_FORMAT=COMPACT AUTO_INCREMENT=1 ;

--
-- Daten für Tabelle `global-DEFAULT_PRODUCT-1-Region82-InstanceMultiFields`
--


-- --------------------------------------------------------

--
-- Tabellenstruktur für Tabelle `global-DEFAULT_PRODUCT-1-Region82-Instances`
--

CREATE TABLE IF NOT EXISTS `global-DEFAULT_PRODUCT-1-Region82-Instances` (
  `id` bigint(20) unsigned NOT NULL AUTO_INCREMENT,
  `globalId` varchar(32) NOT NULL,
  `version` int(10) unsigned NOT NULL,
  `idLanguages` int(10) unsigned NOT NULL DEFAULT '1',
  `sortPosition` int(10) unsigned NOT NULL,
  `shop_price_material_id` varchar(64) DEFAULT NULL,
  `shop_price_material_info` varchar(255) DEFAULT NULL,
  PRIMARY KEY (`id`),
  KEY `globalId` (`globalId`)
) ENGINE=InnoDB DEFAULT CHARSET=utf8 ROW_FORMAT=COMPACT AUTO_INCREMENT=1 ;

--
-- Daten für Tabelle `global-DEFAULT_PRODUCT-1-Region82-Instances`
--


-- --------------------------------------------------------

--
-- Tabellenstruktur für Tabelle `global-DEFAULT_PRODUCT_OVERVIEW-1-InstanceFiles`
--

CREATE TABLE IF NOT EXISTS `global-DEFAULT_PRODUCT_OVERVIEW-1-InstanceFiles` (
  `id` bigint(20) unsigned NOT NULL AUTO_INCREMENT,
  `globalId` varchar(32) NOT NULL,
  `version` int(10) unsigned NOT NULL,
  `idLanguages` int(10) unsigned NOT NULL DEFAULT '1',
  `sortPosition` int(10) unsigned NOT NULL,
  `idFiles` bigint(20) unsigned NOT NULL,
  `displayOption` varchar(64) DEFAULT NULL,
  `idFields` bigint(20) unsigned NOT NULL,
  PRIMARY KEY (`id`),
  KEY `idFiles` (`idFiles`),
  KEY `globalId` (`globalId`)
) ENGINE=InnoDB DEFAULT CHARSET=utf8 ROW_FORMAT=COMPACT AUTO_INCREMENT=1 ;

--
-- Daten für Tabelle `global-DEFAULT_PRODUCT_OVERVIEW-1-InstanceFiles`
--


-- --------------------------------------------------------

--
-- Tabellenstruktur für Tabelle `global-DEFAULT_PRODUCT_OVERVIEW-1-InstanceMultiFields`
--

CREATE TABLE IF NOT EXISTS `global-DEFAULT_PRODUCT_OVERVIEW-1-InstanceMultiFields` (
  `id` bigint(20) unsigned NOT NULL AUTO_INCREMENT,
  `globalId` varchar(32) NOT NULL,
  `version` int(10) unsigned NOT NULL,
  `idLanguages` int(10) unsigned NOT NULL DEFAULT '1',
  `idRelation` bigint(20) unsigned NOT NULL,
  `value` varchar(255) DEFAULT NULL,
  `idFields` bigint(20) unsigned NOT NULL,
  PRIMARY KEY (`id`),
  KEY `globalId` (`globalId`)
) ENGINE=InnoDB DEFAULT CHARSET=utf8 ROW_FORMAT=COMPACT AUTO_INCREMENT=1 ;

--
-- Daten für Tabelle `global-DEFAULT_PRODUCT_OVERVIEW-1-InstanceMultiFields`
--


-- --------------------------------------------------------

--
-- Tabellenstruktur für Tabelle `global-DEFAULT_PRODUCT_OVERVIEW-1-Instances`
--

CREATE TABLE IF NOT EXISTS `global-DEFAULT_PRODUCT_OVERVIEW-1-Instances` (
  `id` bigint(20) unsigned NOT NULL AUTO_INCREMENT,
  `globalId` varchar(32) NOT NULL,
  `version` int(10) unsigned NOT NULL,
  `idLanguages` int(10) unsigned NOT NULL DEFAULT '1',
  `idUsers` bigint(20) unsigned NOT NULL,
  `articletitle` varchar(255) DEFAULT NULL,
  `slogan` varchar(255) DEFAULT NULL,
  `shortdescription` text,
  `description` text NOT NULL,
  `header_embed_code` text,
  `contact` varchar(255) DEFAULT NULL,
  `creator` bigint(20) unsigned NOT NULL,
  `created` timestamp NULL DEFAULT NULL,
  `changed` timestamp NOT NULL DEFAULT CURRENT_TIMESTAMP ON UPDATE CURRENT_TIMESTAMP,
  PRIMARY KEY (`id`),
  KEY `globalId` (`globalId`)
) ENGINE=InnoDB DEFAULT CHARSET=utf8 ROW_FORMAT=COMPACT AUTO_INCREMENT=1 ;

--
-- Daten für Tabelle `global-DEFAULT_PRODUCT_OVERVIEW-1-Instances`
--


-- --------------------------------------------------------

--
-- Tabellenstruktur für Tabelle `global-DEFAULT_PRODUCT_OVERVIEW-1-Region14-InstanceFiles`
--

CREATE TABLE IF NOT EXISTS `global-DEFAULT_PRODUCT_OVERVIEW-1-Region14-InstanceFiles` (
  `id` bigint(20) unsigned NOT NULL AUTO_INCREMENT,
  `globalId` varchar(32) NOT NULL,
  `version` int(10) unsigned NOT NULL,
  `idLanguages` int(10) unsigned NOT NULL DEFAULT '1',
  `idRegionInstances` bigint(20) unsigned NOT NULL,
  `idFiles` bigint(20) unsigned NOT NULL,
  `displayOption` varchar(64) DEFAULT NULL,
  `idFields` bigint(20) unsigned NOT NULL,
  PRIMARY KEY (`id`),
  KEY `idRegionInstances` (`idRegionInstances`),
  KEY `idFiles` (`idFiles`),
  KEY `globalId` (`globalId`)
) ENGINE=InnoDB DEFAULT CHARSET=utf8 ROW_FORMAT=COMPACT AUTO_INCREMENT=1 ;

--
-- Daten für Tabelle `global-DEFAULT_PRODUCT_OVERVIEW-1-Region14-InstanceFiles`
--


-- --------------------------------------------------------

--
-- Tabellenstruktur für Tabelle `global-DEFAULT_PRODUCT_OVERVIEW-1-Region14-Instances`
--

CREATE TABLE IF NOT EXISTS `global-DEFAULT_PRODUCT_OVERVIEW-1-Region14-Instances` (
  `id` bigint(20) unsigned NOT NULL AUTO_INCREMENT,
  `globalId` varchar(32) NOT NULL,
  `version` int(10) unsigned NOT NULL,
  `idLanguages` int(10) unsigned NOT NULL DEFAULT '1',
  `sortPosition` int(10) unsigned NOT NULL,
  `sidebar_title` varchar(255) DEFAULT NULL,
  `sidebar_description` text,
  PRIMARY KEY (`id`),
  KEY `globalId` (`globalId`)
) ENGINE=InnoDB DEFAULT CHARSET=utf8 ROW_FORMAT=COMPACT AUTO_INCREMENT=1 ;

--
-- Daten für Tabelle `global-DEFAULT_PRODUCT_OVERVIEW-1-Region14-Instances`
--


-- --------------------------------------------------------

--
-- Tabellenstruktur für Tabelle `global-DEFAULT_PRODUCT_OVERVIEW-1-Region15-Instances`
--

CREATE TABLE IF NOT EXISTS `global-DEFAULT_PRODUCT_OVERVIEW-1-Region15-Instances` (
  `id` bigint(20) unsigned NOT NULL AUTO_INCREMENT,
  `globalId` varchar(32) NOT NULL,
  `version` int(10) unsigned NOT NULL,
  `idLanguages` int(10) unsigned NOT NULL DEFAULT '1',
  `sortPosition` int(10) unsigned NOT NULL,
  `entry_title` varchar(255) DEFAULT NULL,
  `entry_category` bigint(20) unsigned DEFAULT NULL,
  `entry_label` bigint(20) unsigned DEFAULT NULL,
  `entry_viewtype` bigint(20) unsigned DEFAULT NULL,
  `entry_number` bigint(20) unsigned DEFAULT NULL,
  `entry_sorttype` bigint(20) unsigned DEFAULT NULL,
  `entry_sortorder` bigint(20) unsigned DEFAULT NULL,
  `entry_depth` bigint(20) unsigned DEFAULT NULL,
  PRIMARY KEY (`id`),
  KEY `globalId` (`globalId`)
) ENGINE=InnoDB DEFAULT CHARSET=utf8 ROW_FORMAT=COMPACT AUTO_INCREMENT=1 ;

--
-- Daten für Tabelle `global-DEFAULT_PRODUCT_OVERVIEW-1-Region15-Instances`
--


-- --------------------------------------------------------

--
-- Tabellenstruktur für Tabelle `globalCategories`
--

CREATE TABLE IF NOT EXISTS `globalCategories` (
  `id` bigint(20) unsigned NOT NULL AUTO_INCREMENT,
  `globalId` varchar(32) NOT NULL,
  `version` int(10) unsigned NOT NULL,
  `idLanguages` int(10) unsigned NOT NULL DEFAULT '1',
  `category` bigint(20) unsigned NOT NULL,
  `idUsers` bigint(20) unsigned NOT NULL,
  `creator` bigint(20) unsigned NOT NULL,
  `created` timestamp NULL DEFAULT NULL,
  `changed` timestamp NOT NULL DEFAULT CURRENT_TIMESTAMP ON UPDATE CURRENT_TIMESTAMP,
  PRIMARY KEY (`id`),
  KEY `globalId` (`globalId`),
  KEY `version` (`version`)
) ENGINE=InnoDB DEFAULT CHARSET=utf8 AUTO_INCREMENT=1 ;

--
-- Daten für Tabelle `globalCategories`
--


-- --------------------------------------------------------

--
-- Tabellenstruktur für Tabelle `globalContacts`
--

CREATE TABLE IF NOT EXISTS `globalContacts` (
  `id` bigint(20) unsigned NOT NULL AUTO_INCREMENT,
  `globalId` varchar(32) NOT NULL,
  `version` int(10) unsigned NOT NULL,
  `idLanguages` int(10) unsigned NOT NULL DEFAULT '1',
  `sortPosition` int(10) unsigned NOT NULL,
  `idContacts` bigint(20) unsigned NOT NULL,
  `idFields` bigint(20) unsigned NOT NULL,
  `creator` bigint(20) unsigned NOT NULL,
  `created` timestamp NOT NULL DEFAULT CURRENT_TIMESTAMP,
  PRIMARY KEY (`id`),
  KEY `version` (`version`),
  KEY `globalId` (`globalId`),
  KEY `globalId_2` (`globalId`,`version`,`idLanguages`)
) ENGINE=InnoDB DEFAULT CHARSET=utf8 AUTO_INCREMENT=1 ;

--
-- Daten für Tabelle `globalContacts`
--


-- --------------------------------------------------------

--
-- Tabellenstruktur für Tabelle `globalDatetimes`
--

CREATE TABLE IF NOT EXISTS `globalDatetimes` (
  `id` bigint(20) unsigned NOT NULL AUTO_INCREMENT,
  `globalId` varchar(32) NOT NULL,
  `version` int(10) unsigned NOT NULL,
  `idLanguages` int(10) unsigned NOT NULL DEFAULT '1',
  `datetime` varchar(64) DEFAULT NULL,
  `idUsers` bigint(20) unsigned NOT NULL,
  `creator` bigint(20) unsigned NOT NULL,
  `created` timestamp NULL DEFAULT NULL,
  `changed` timestamp NOT NULL DEFAULT CURRENT_TIMESTAMP ON UPDATE CURRENT_TIMESTAMP,
  PRIMARY KEY (`id`),
  UNIQUE KEY `globalId_2` (`globalId`,`version`,`idLanguages`),
  KEY `globalId` (`globalId`)
) ENGINE=InnoDB DEFAULT CHARSET=utf8 AUTO_INCREMENT=1 ;

--
-- Daten für Tabelle `globalDatetimes`
--


-- --------------------------------------------------------

--
-- Tabellenstruktur für Tabelle `globalExternals`
--

CREATE TABLE IF NOT EXISTS `globalExternals` (
  `id` bigint(20) unsigned NOT NULL AUTO_INCREMENT,
  `globalId` varchar(32) NOT NULL,
  `version` int(10) unsigned NOT NULL,
  `idLanguages` int(10) unsigned NOT NULL DEFAULT '1',
  `external` varchar(255) NOT NULL,
  `idUsers` bigint(20) unsigned NOT NULL,
  `creator` bigint(20) unsigned NOT NULL,
  `created` timestamp NULL DEFAULT NULL,
  `changed` timestamp NOT NULL DEFAULT CURRENT_TIMESTAMP ON UPDATE CURRENT_TIMESTAMP,
  PRIMARY KEY (`id`),
  KEY `globalId` (`globalId`)
) ENGINE=InnoDB DEFAULT CHARSET=utf8 AUTO_INCREMENT=1 ;

--
-- Daten für Tabelle `globalExternals`
--


-- --------------------------------------------------------

--
-- Tabellenstruktur für Tabelle `globalInternalLinks`
--

CREATE TABLE IF NOT EXISTS `globalInternalLinks` (
  `id` bigint(20) unsigned NOT NULL AUTO_INCREMENT,
  `globalId` varchar(32) NOT NULL,
  `version` int(10) unsigned NOT NULL,
  `idLanguages` int(10) unsigned NOT NULL DEFAULT '1',
  `idFields` int(10) unsigned NOT NULL DEFAULT '120',
  `sortPosition` int(10) NOT NULL,
  `linkedGlobalId` varchar(32) NOT NULL,
  `idUsers` bigint(20) unsigned NOT NULL,
  `creator` bigint(20) unsigned NOT NULL,
  `created` timestamp NULL DEFAULT NULL,
  `changed` timestamp NOT NULL DEFAULT CURRENT_TIMESTAMP ON UPDATE CURRENT_TIMESTAMP,
  PRIMARY KEY (`id`),
  KEY `globalId` (`globalId`),
  KEY `version` (`version`),
  KEY `linkedGlobalId` (`linkedGlobalId`)
) ENGINE=InnoDB DEFAULT CHARSET=utf8 AUTO_INCREMENT=1 ;

--
-- Daten für Tabelle `globalInternalLinks`
--


-- --------------------------------------------------------

--
-- Tabellenstruktur für Tabelle `globalLabels`
--

CREATE TABLE IF NOT EXISTS `globalLabels` (
  `id` bigint(20) unsigned NOT NULL AUTO_INCREMENT,
  `globalId` varchar(32) NOT NULL,
  `version` int(10) unsigned NOT NULL,
  `idLanguages` int(10) unsigned NOT NULL DEFAULT '1',
  `label` bigint(20) unsigned NOT NULL,
  `idUsers` bigint(20) unsigned NOT NULL,
  `creator` bigint(20) unsigned NOT NULL,
  `created` timestamp NULL DEFAULT NULL,
  `changed` timestamp NOT NULL DEFAULT CURRENT_TIMESTAMP ON UPDATE CURRENT_TIMESTAMP,
  PRIMARY KEY (`id`),
  KEY `globalId` (`globalId`),
  KEY `version` (`version`),
  KEY `globalId_2` (`globalId`,`version`)
) ENGINE=InnoDB DEFAULT CHARSET=utf8 AUTO_INCREMENT=1 ;

--
-- Daten für Tabelle `globalLabels`
--


-- --------------------------------------------------------

--
-- Tabellenstruktur für Tabelle `globalLinks`
--

CREATE TABLE IF NOT EXISTS `globalLinks` (
  `id` bigint(20) unsigned NOT NULL AUTO_INCREMENT,
  `idGlobals` bigint(20) unsigned NOT NULL,
  `globalId` varchar(32) NOT NULL COMMENT 'linked global',
  PRIMARY KEY (`id`),
  KEY `idGlobals` (`idGlobals`),
  KEY `globalId` (`globalId`)
) ENGINE=InnoDB DEFAULT CHARSET=utf8 AUTO_INCREMENT=1 ;

--
-- Daten für Tabelle `globalLinks`
--


-- --------------------------------------------------------

--
-- Tabellenstruktur für Tabelle `globalProperties`
--

CREATE TABLE IF NOT EXISTS `globalProperties` (
  `id` bigint(20) unsigned NOT NULL AUTO_INCREMENT,
  `globalId` varchar(32) NOT NULL,
  `version` int(10) unsigned NOT NULL,
  `idLanguages` int(10) unsigned NOT NULL,
  `idLanguageFallbacks` int(10) unsigned DEFAULT '0',
  `idGenericForms` bigint(20) unsigned NOT NULL,
  `idTemplates` bigint(20) NOT NULL,
  `idGlobalTypes` bigint(20) unsigned NOT NULL,
  `showInNavigation` smallint(5) unsigned NOT NULL DEFAULT '0',
  `idUsers` bigint(20) unsigned NOT NULL,
  `creator` bigint(20) unsigned NOT NULL,
  `publisher` bigint(20) unsigned NOT NULL,
  `created` timestamp NULL DEFAULT NULL,
  `changed` timestamp NOT NULL DEFAULT CURRENT_TIMESTAMP ON UPDATE CURRENT_TIMESTAMP,
  `published` timestamp NULL DEFAULT NULL,
  `idStatus` bigint(20) unsigned NOT NULL DEFAULT '0',
  PRIMARY KEY (`id`),
  UNIQUE KEY `globalId_2` (`globalId`,`version`,`idLanguages`),
  KEY `globalId` (`globalId`),
  KEY `version` (`version`),
  KEY `idLanguages` (`idLanguages`),
  KEY `publisher` (`publisher`),
  KEY `creator` (`creator`),
  KEY `idUsers` (`idUsers`)
) ENGINE=InnoDB DEFAULT CHARSET=utf8 AUTO_INCREMENT=1 ;

--
-- Daten für Tabelle `globalProperties`
--


-- --------------------------------------------------------

--
-- Tabellenstruktur für Tabelle `globals`
--

CREATE TABLE IF NOT EXISTS `globals` (
  `id` bigint(20) unsigned NOT NULL AUTO_INCREMENT,
  `idParent` bigint(20) unsigned NOT NULL,
  `idParentTypes` bigint(20) unsigned NOT NULL,
  `isStartGlobal` tinyint(1) NOT NULL DEFAULT '0',
  `idUsers` bigint(20) unsigned NOT NULL,
  `sortPosition` bigint(20) unsigned NOT NULL,
  `sortTimestamp` timestamp NULL DEFAULT NULL,
  `globalId` varchar(32) NOT NULL,
  `version` int(10) unsigned NOT NULL,
  `creator` bigint(20) unsigned NOT NULL,
  `created` timestamp NULL DEFAULT NULL,
  `changed` timestamp NOT NULL DEFAULT CURRENT_TIMESTAMP ON UPDATE CURRENT_TIMESTAMP,
  PRIMARY KEY (`id`),
  KEY `version` (`version`),
  KEY `globalId` (`globalId`),
  KEY `globalId_2` (`globalId`,`version`)
) ENGINE=InnoDB DEFAULT CHARSET=utf8 AUTO_INCREMENT=1 ;

--
-- Daten für Tabelle `globals`
--


-- --------------------------------------------------------

--
-- Tabellenstruktur für Tabelle `globalShopstates`
--

CREATE TABLE IF NOT EXISTS `globalShopstates` (
  `id` bigint(20) unsigned NOT NULL AUTO_INCREMENT,
  `globalId` varchar(32) NOT NULL,
  `version` int(10) unsigned NOT NULL,
  `idLanguages` int(10) unsigned NOT NULL DEFAULT '1',
  `shop_state` int(10) unsigned DEFAULT NULL,
  `idUsers` bigint(20) unsigned NOT NULL,
  `creator` bigint(20) unsigned NOT NULL,
  `created` timestamp NULL DEFAULT NULL,
  `changed` timestamp NOT NULL DEFAULT CURRENT_TIMESTAMP ON UPDATE CURRENT_TIMESTAMP,
  PRIMARY KEY (`id`),
  UNIQUE KEY `globalId_2` (`globalId`,`version`,`idLanguages`),
  KEY `globalId` (`globalId`)
) ENGINE=InnoDB  DEFAULT CHARSET=utf8 AUTO_INCREMENT=4 ;

--
-- Daten für Tabelle `globalShopstates`
--

INSERT INTO `globalShopstates` (`id`, `globalId`, `version`, `idLanguages`, `shop_state`, `idUsers`, `creator`, `created`, `changed`) VALUES
(1, '4b58626062fd8', 1, 1, 2, 3, 3, '2010-06-25 11:07:48', '2010-07-05 12:30:25'),
(2, '4b6aa33ede16d', 1, 1, 2, 3, 3, '2010-07-05 10:51:58', '2010-09-06 16:49:35'),
(3, '4b6aa33ede16d', 1, 2, 1, 3, 3, '2010-07-27 12:15:39', '2010-08-26 16:06:51');

-- --------------------------------------------------------

--
-- Tabellenstruktur für Tabelle `globalTitles`
--

CREATE TABLE IF NOT EXISTS `globalTitles` (
  `id` bigint(20) unsigned NOT NULL AUTO_INCREMENT,
  `globalId` varchar(32) NOT NULL,
  `version` int(10) unsigned NOT NULL,
  `idLanguages` int(10) unsigned NOT NULL DEFAULT '1',
  `title` varchar(255) NOT NULL,
  `idUsers` bigint(20) unsigned NOT NULL,
  `creator` bigint(20) unsigned NOT NULL,
  `created` timestamp NULL DEFAULT NULL,
  `changed` timestamp NOT NULL DEFAULT CURRENT_TIMESTAMP ON UPDATE CURRENT_TIMESTAMP,
  PRIMARY KEY (`id`),
  UNIQUE KEY `globalId_2` (`globalId`,`version`,`idLanguages`),
  KEY `globalId` (`globalId`)
) ENGINE=InnoDB DEFAULT CHARSET=utf8 AUTO_INCREMENT=1 ;

--
-- Daten für Tabelle `globalTitles`
--


-- --------------------------------------------------------

--
-- Tabellenstruktur für Tabelle `globalTypePageTypes`
--

CREATE TABLE IF NOT EXISTS `globalTypePageTypes` (
  `idGlobalTypes` bigint(20) unsigned NOT NULL,
  `idPageTypes` bigint(20) unsigned NOT NULL,
  PRIMARY KEY (`idGlobalTypes`,`idPageTypes`),
  KEY `idPageTypes` (`idPageTypes`)
) ENGINE=InnoDB DEFAULT CHARSET=utf8;

--
-- Daten für Tabelle `globalTypePageTypes`
--

INSERT INTO `globalTypePageTypes` (`idGlobalTypes`, `idPageTypes`) VALUES
(1, 7),
(2, 7),
(3, 7),
(6, 8),
(7, 8),
(8, 10),
(9, 10),
(10, 11),
(11, 11);

-- --------------------------------------------------------

--
-- Tabellenstruktur für Tabelle `globalTypes`
--

CREATE TABLE IF NOT EXISTS `globalTypes` (
  `id` bigint(20) unsigned NOT NULL AUTO_INCREMENT,
  `idRootLevelGroups` int(10) unsigned NOT NULL,
  `title` varchar(255) NOT NULL,
  `element` tinyint(1) NOT NULL DEFAULT '0',
  `startelement` tinyint(1) NOT NULL DEFAULT '0',
  PRIMARY KEY (`id`),
  KEY `global` (`element`),
  KEY `startglobal` (`startelement`)
) ENGINE=InnoDB  DEFAULT CHARSET=utf8 AUTO_INCREMENT=12 ;

--
-- Daten für Tabelle `globalTypes`
--

INSERT INTO `globalTypes` (`id`, `idRootLevelGroups`, `title`, `element`, `startelement`) VALUES
(1, 9, 'product', 1, 1),
(2, 9, 'product_link', 0, 0),
(3, 9, 'product_overview', 0, 1),
(4, 8, 'content', 1, 1),
(5, 8, 'content_overview', 0, 1),
(6, 10, 'press', 1, 1),
(7, 10, 'press_overview', 0, 1),
(8, 11, 'course', 1, 1),
(9, 11, 'course_overview', 0, 1),
(10, 13, 'event', 1, 1),
(11, 13, 'event_overview', 0, 1);

-- --------------------------------------------------------

--
-- Tabellenstruktur für Tabelle `globalTypeTitles`
--

CREATE TABLE IF NOT EXISTS `globalTypeTitles` (
  `id` bigint(20) unsigned NOT NULL AUTO_INCREMENT,
  `idGlobalTypes` bigint(20) unsigned NOT NULL,
  `idLanguages` int(10) unsigned NOT NULL DEFAULT '1',
  `title` varchar(100) NOT NULL,
  PRIMARY KEY (`id`),
  KEY `idGlobalTypes` (`idGlobalTypes`)
) ENGINE=InnoDB  DEFAULT CHARSET=utf8 AUTO_INCREMENT=23 ;

--
-- Daten für Tabelle `globalTypeTitles`
--

INSERT INTO `globalTypeTitles` (`id`, `idGlobalTypes`, `idLanguages`, `title`) VALUES
(1, 1, 1, 'Produkt'),
(2, 2, 1, 'Verlinkung'),
(3, 3, 1, 'Übersicht'),
(4, 4, 1, 'Seite'),
(5, 5, 1, 'Übersicht'),
(6, 6, 1, 'Presse'),
(7, 7, 1, 'Übersicht'),
(8, 8, 1, 'Kurs'),
(9, 9, 1, 'Übersicht'),
(10, 10, 1, 'Event'),
(11, 11, 1, 'Übersicht'),
(12, 1, 2, 'Product'),
(13, 2, 2, 'Link'),
(14, 3, 2, 'Overview'),
(15, 4, 2, 'Page'),
(16, 5, 2, 'Overview'),
(17, 6, 2, 'Press'),
(18, 7, 2, 'Overview'),
(19, 8, 2, 'Course'),
(20, 9, 2, 'Overview'),
(21, 10, 2, 'Event'),
(22, 11, 2, 'Overview');

-- --------------------------------------------------------

--
-- Tabellenstruktur für Tabelle `globalVideos`
--

CREATE TABLE IF NOT EXISTS `globalVideos` (
  `id` bigint(20) unsigned NOT NULL AUTO_INCREMENT,
  `globalId` varchar(32) NOT NULL,
  `version` int(10) unsigned NOT NULL,
  `idLanguages` int(10) unsigned NOT NULL DEFAULT '1',
  `userId` varchar(32) NOT NULL,
  `videoId` varchar(64) NOT NULL,
  `title` varchar(255) NOT NULL,
  `thumb` varchar(255) NOT NULL,
  `idVideoTypes` int(10) unsigned NOT NULL,
  `creator` bigint(20) unsigned NOT NULL,
  `created` timestamp NULL DEFAULT CURRENT_TIMESTAMP ON UPDATE CURRENT_TIMESTAMP,
  PRIMARY KEY (`id`),
  KEY `globalId` (`globalId`),
  KEY `version` (`version`)
) ENGINE=InnoDB DEFAULT CHARSET=utf8 ROW_FORMAT=COMPACT AUTO_INCREMENT=1 ;

--
-- Daten für Tabelle `globalVideos`
--


-- --------------------------------------------------------

--
-- Tabellenstruktur für Tabelle `groupGroupTypes`
--

CREATE TABLE IF NOT EXISTS `groupGroupTypes` (
  `idGroups` bigint(20) unsigned NOT NULL,
  `idGroupTypes` bigint(20) unsigned NOT NULL,
  PRIMARY KEY (`idGroups`,`idGroupTypes`),
  KEY `idGroupTypes` (`idGroupTypes`)
) ENGINE=InnoDB DEFAULT CHARSET=utf8;

--
-- Daten für Tabelle `groupGroupTypes`
--


-- --------------------------------------------------------

--
-- Tabellenstruktur für Tabelle `groupPermissions`
--

CREATE TABLE IF NOT EXISTS `groupPermissions` (
  `idGroups` bigint(20) unsigned NOT NULL,
  `idLanguages` bigint(20) unsigned NOT NULL,
  `idPermissions` bigint(20) unsigned NOT NULL,
  PRIMARY KEY (`idGroups`,`idLanguages`,`idPermissions`),
  KEY `idPermissions` (`idPermissions`)
) ENGINE=InnoDB DEFAULT CHARSET=utf8;

--
-- Daten für Tabelle `groupPermissions`
--

INSERT INTO `groupPermissions` (`idGroups`, `idLanguages`, `idPermissions`) VALUES
(1, 0, 1),
(2, 0, 1),
(3, 0, 1),
(5, 0, 1),
(6, 0, 1),
(7, 0, 1),
(8, 0, 1),
(35, 0, 1),
(36, 0, 1),
(37, 0, 1),
(38, 0, 1),
(39, 0, 1),
(40, 0, 1),
(41, 0, 1),
(147, 0, 1),
(148, 0, 1),
(155, 0, 1),
(156, 0, 1),
(157, 0, 1),
(158, 0, 1),
(1, 0, 2),
(2, 0, 2),
(3, 0, 2),
(5, 0, 2),
(6, 0, 2),
(7, 0, 2),
(35, 0, 2),
(36, 0, 2),
(37, 0, 2),
(38, 0, 2),
(39, 0, 2),
(40, 0, 2),
(41, 0, 2),
(155, 0, 2),
(156, 0, 2),
(157, 0, 2),
(158, 0, 2),
(1, 0, 3),
(2, 0, 3),
(3, 0, 3),
(5, 0, 3),
(6, 0, 3),
(7, 0, 3),
(35, 0, 3),
(36, 0, 3),
(37, 0, 3),
(38, 0, 3),
(39, 0, 3),
(40, 0, 3),
(41, 0, 3),
(155, 0, 3),
(156, 0, 3),
(157, 0, 3),
(158, 0, 3),
(1, 0, 4),
(5, 0, 4),
(7, 0, 4),
(35, 0, 4),
(37, 0, 4),
(39, 0, 4),
(41, 0, 4),
(155, 0, 4),
(157, 0, 4),
(1, 0, 5),
(2, 0, 5),
(3, 0, 5),
(5, 0, 5),
(6, 0, 5),
(7, 0, 5),
(35, 0, 5),
(36, 0, 5),
(37, 0, 5),
(38, 0, 5),
(39, 0, 5),
(40, 0, 5),
(41, 0, 5),
(155, 0, 5),
(156, 0, 5),
(157, 0, 5),
(158, 0, 5),
(1, 0, 6),
(2, 0, 6),
(3, 0, 6),
(5, 0, 6),
(6, 0, 6),
(7, 0, 6),
(35, 0, 6),
(36, 0, 6),
(37, 0, 6),
(38, 0, 6),
(39, 0, 6),
(40, 0, 6),
(41, 0, 6),
(155, 0, 6),
(156, 0, 6),
(157, 0, 6),
(158, 0, 6),
(1, 0, 7),
(5, 0, 7),
(7, 0, 7),
(35, 0, 7),
(37, 0, 7),
(39, 0, 7),
(41, 0, 7),
(155, 0, 7),
(157, 0, 7);

-- --------------------------------------------------------

--
-- Tabellenstruktur für Tabelle `groups`
--

CREATE TABLE IF NOT EXISTS `groups` (
  `id` bigint(20) unsigned NOT NULL AUTO_INCREMENT,
  `title` varchar(255) NOT NULL,
  `key` varchar(64) NOT NULL,
  `description` text,
  `idGroupTypes` bigint(20) unsigned DEFAULT NULL,
  `creator` bigint(20) unsigned NOT NULL,
  `idUsers` bigint(20) unsigned NOT NULL COMMENT 'Person, letzte Änderung',
  `created` timestamp NULL DEFAULT NULL,
  `changed` timestamp NOT NULL DEFAULT CURRENT_TIMESTAMP,
  PRIMARY KEY (`id`)
) ENGINE=InnoDB  DEFAULT CHARSET=utf8 AUTO_INCREMENT=159 ;

--
-- Daten für Tabelle `groups`
--

INSERT INTO `groups` (`id`, `title`, `key`, `description`, `idGroupTypes`, `creator`, `idUsers`, `created`, `changed`) VALUES
(1, 'Admin', 'admin', '', NULL, 3, 3, '2009-10-16 11:48:44', '2010-06-15 11:29:27'),
(2, 'Content Manager', 'content_manager', '', NULL, 3, 3, '2009-10-16 11:58:37', '2010-06-15 11:28:24'),
(3, 'Media Manager', 'media_manager', '', NULL, 3, 3, '2009-10-16 12:02:54', '2010-06-15 12:34:16'),
(5, 'Content Administrator', 'content_admin', '', NULL, 1, 2, '2009-10-20 08:36:41', '2010-12-03 11:57:23'),
(6, 'Product Manager', 'product_manager', '', NULL, 1, 3, '2009-10-20 08:38:33', '2010-06-07 16:26:24'),
(7, 'Product Administrator', 'product_admin', '', NULL, 1, 3, '2009-10-20 08:38:58', '2010-06-15 11:31:20'),
(8, 'Portal Default', 'portal_com', '', NULL, 3, 29, '2010-06-07 15:32:51', '2011-02-16 09:50:13'),
(35, 'Press Administrator', 'press_admin', '', NULL, 3, 3, '2010-06-08 15:27:15', '2010-06-15 11:30:19'),
(36, 'Press Manager', 'press_manager', '', NULL, 3, 3, '2010-06-08 15:28:11', '2010-06-08 15:28:11'),
(37, 'Course Administrator', 'course_admin', '', NULL, 3, 3, '2010-06-08 15:32:16', '2010-06-15 11:29:46'),
(38, 'Course Manager', 'course_manager', '', NULL, 3, 3, '2010-06-08 15:32:37', '2010-06-15 11:28:34'),
(39, 'Event Administrator', 'event_admin', '', NULL, 3, 3, '2010-06-08 16:07:39', '2010-06-15 11:30:04'),
(40, 'Event Manager', 'event_manager', '', NULL, 3, 3, '2010-06-08 16:08:06', '2010-06-08 16:08:06'),
(41, 'Media Administrator', 'media_admin', '', NULL, 3, 3, '2010-06-08 16:08:36', '2010-06-15 11:30:12'),
(147, 'Website Downloads', 'website_downloads', '', NULL, 3, 3, '2010-06-22 10:18:33', '2010-06-22 10:18:33'),
(148, 'Website', 'website', '', NULL, 3, 3, '2010-06-23 15:52:30', '2010-06-23 15:52:30'),
(155, 'Contact Administrator', 'contact_admin', '', NULL, 2, 2, '2011-01-05 16:18:53', '2011-01-05 16:20:26'),
(156, 'Contact Manager', 'contact_manager', '', NULL, 2, 2, '2011-01-05 16:20:05', '2011-01-05 16:20:35'),
(157, 'Location Administrator', 'location_admin', '', NULL, 2, 2, '2011-01-05 16:21:07', '2011-01-05 16:21:07'),
(158, 'Location Manager', 'location_manager', '', NULL, 2, 2, '2011-01-05 16:21:25', '2011-01-05 16:21:25');

-- --------------------------------------------------------

--
-- Tabellenstruktur für Tabelle `groupTypes`
--

CREATE TABLE IF NOT EXISTS `groupTypes` (
  `id` bigint(20) unsigned NOT NULL AUTO_INCREMENT,
  `title` varchar(255) NOT NULL,
  PRIMARY KEY (`id`)
) ENGINE=InnoDB  DEFAULT CHARSET=utf8 COMMENT='Typen für Gruppen CMS,...' AUTO_INCREMENT=3 ;

--
-- Daten für Tabelle `groupTypes`
--

INSERT INTO `groupTypes` (`id`, `title`) VALUES
(1, 'frontend'),
(2, 'backend');

-- --------------------------------------------------------

--
-- Tabellenstruktur für Tabelle `guiTexts`
--

CREATE TABLE IF NOT EXISTS `guiTexts` (
  `id` bigint(20) unsigned NOT NULL AUTO_INCREMENT,
  `idLanguanges` int(10) unsigned NOT NULL DEFAULT '1',
  `guiId` varchar(32) NOT NULL,
  `description` text NOT NULL,
  PRIMARY KEY (`id`),
  KEY `idLanguanges` (`idLanguanges`)
) ENGINE=InnoDB DEFAULT CHARSET=utf8 COMMENT='Table for multilanguage GUI' AUTO_INCREMENT=1 ;

--
-- Daten für Tabelle `guiTexts`
--


-- --------------------------------------------------------

--
-- Tabellenstruktur für Tabelle `languages`
--

CREATE TABLE IF NOT EXISTS `languages` (
  `id` int(10) unsigned NOT NULL AUTO_INCREMENT,
  `languageCode` varchar(5) NOT NULL,
  `title` varchar(255) NOT NULL,
  `isFallback` tinyint(1) NOT NULL DEFAULT '0',
  `sortOrder` int(10) unsigned NOT NULL,
  PRIMARY KEY (`id`)
) ENGINE=InnoDB  DEFAULT CHARSET=utf8 AUTO_INCREMENT=28 ;

--
-- Daten für Tabelle `languages`
--

INSERT INTO `languages` (`id`, `languageCode`, `title`, `isFallback`, `sortOrder`) VALUES
(1, 'DE', 'Deutsch', 1, 1),
(2, 'EN', 'English', 1, 2);

-- --------------------------------------------------------

--
-- Tabellenstruktur für Tabelle `localizations`
--

CREATE TABLE IF NOT EXISTS `localizations` (
  `id` int(10) unsigned NOT NULL AUTO_INCREMENT,
  `localization` varchar(32) NOT NULL,
  PRIMARY KEY (`id`)
) ENGINE=InnoDB  DEFAULT CHARSET=utf8 AUTO_INCREMENT=17 ;

--
-- Daten für Tabelle `localizations`
--

INSERT INTO `localizations` (`id`, `localization`) VALUES
(1, 'de_AT'),
(2, 'de_CH'),
(3, 'de_DE'),
(4, 'de_LI'),
(5, 'en_AS'),
(6, 'en_AU'),
(7, 'en_GB'),
(8, 'en_IN'),
(9, 'en_NZ'),
(10, 'en_US'),
(11, 'es_CO'),
(12, 'es_ES'),
(13, 'es_MX'),
(14, 'es_US'),
(15, 'fr_CH'),
(16, 'fr_FR');

-- --------------------------------------------------------

--
-- Tabellenstruktur für Tabelle `location-DEFAULT_LOCATION-1-InstanceFiles`
--

CREATE TABLE IF NOT EXISTS `location-DEFAULT_LOCATION-1-InstanceFiles` (
  `id` bigint(20) unsigned NOT NULL AUTO_INCREMENT,
  `idLocations` bigint(20) unsigned NOT NULL,
  `idFiles` bigint(20) unsigned NOT NULL,
  `idFields` bigint(20) unsigned NOT NULL,
  PRIMARY KEY (`id`),
  KEY `idFiles` (`idFiles`),
  KEY `idLocations` (`idLocations`)
) ENGINE=InnoDB DEFAULT CHARSET=utf8 ROW_FORMAT=COMPACT AUTO_INCREMENT=1 ;

--
-- Daten für Tabelle `location-DEFAULT_LOCATION-1-InstanceFiles`
--


-- --------------------------------------------------------

--
-- Tabellenstruktur für Tabelle `location-DEFAULT_LOCATION-1-InstanceMultiFields`
--

CREATE TABLE IF NOT EXISTS `location-DEFAULT_LOCATION-1-InstanceMultiFields` (
  `id` bigint(20) unsigned NOT NULL AUTO_INCREMENT,
  `idLocations` bigint(20) unsigned NOT NULL,
  `idRelation` bigint(20) unsigned NOT NULL,
  `value` varchar(255) DEFAULT NULL,
  `idFields` bigint(20) unsigned NOT NULL,
  PRIMARY KEY (`id`),
  KEY `idLocations` (`idLocations`)
) ENGINE=InnoDB DEFAULT CHARSET=utf8 ROW_FORMAT=COMPACT AUTO_INCREMENT=1 ;

--
-- Daten für Tabelle `location-DEFAULT_LOCATION-1-InstanceMultiFields`
--


-- --------------------------------------------------------

--
-- Tabellenstruktur für Tabelle `location-DEFAULT_LOCATION-1-Instances`
--

CREATE TABLE IF NOT EXISTS `location-DEFAULT_LOCATION-1-Instances` (
  `id` bigint(20) unsigned NOT NULL AUTO_INCREMENT,
  `idLocations` bigint(20) unsigned NOT NULL,
  `idUsers` bigint(20) unsigned NOT NULL,
  `creator` bigint(20) unsigned NOT NULL,
  `created` timestamp NULL DEFAULT NULL,
  `changed` timestamp NOT NULL DEFAULT CURRENT_TIMESTAMP ON UPDATE CURRENT_TIMESTAMP,
  PRIMARY KEY (`id`),
  KEY `idLocations` (`idLocations`)
) ENGINE=InnoDB DEFAULT CHARSET=utf8 ROW_FORMAT=COMPACT AUTO_INCREMENT=1 ;

--
-- Daten für Tabelle `location-DEFAULT_LOCATION-1-Instances`
--


-- --------------------------------------------------------

--
-- Tabellenstruktur für Tabelle `locations`
--

CREATE TABLE IF NOT EXISTS `locations` (
  `id` bigint(20) unsigned NOT NULL AUTO_INCREMENT,
  `idGenericForms` bigint(20) unsigned NOT NULL,
  `idUsers` bigint(20) unsigned NOT NULL COMMENT 'Person, letzte Änderung',
  `creator` bigint(20) unsigned NOT NULL,
  `idUnits` bigint(20) unsigned NOT NULL,
  `position` bigint(20) unsigned DEFAULT NULL,
  `phone` varchar(128) DEFAULT NULL,
  `mobile` varchar(128) DEFAULT NULL,
  `fax` varchar(128) DEFAULT NULL,
  `email` varchar(128) DEFAULT NULL,
  `website` varchar(128) DEFAULT NULL,
  `name` varchar(255) NOT NULL,
  `created` timestamp NULL DEFAULT NULL,
  `changed` timestamp NOT NULL DEFAULT CURRENT_TIMESTAMP ON UPDATE CURRENT_TIMESTAMP,
  `street` text,
  `state` varchar(128) DEFAULT NULL,
  `city` varchar(128) DEFAULT NULL,
  `country` bigint(20) unsigned DEFAULT NULL,
  `zip` varchar(64) DEFAULT NULL,
  `type` bigint(20) DEFAULT NULL,
  `portal` varchar(100) NOT NULL,
  `comment` varchar(255) DEFAULT NULL,
  `area` varchar(255) NOT NULL,
  `idOldUnits` bigint(20) DEFAULT NULL,
  `function` bigint(20) DEFAULT NULL,
  PRIMARY KEY (`id`)
) ENGINE=InnoDB DEFAULT CHARSET=utf8 AUTO_INCREMENT=1 ;

--
-- Daten für Tabelle `locations`
--


-- --------------------------------------------------------

--
-- Tabellenstruktur für Tabelle `members`
--

CREATE TABLE IF NOT EXISTS `members` (
  `id` bigint(20) unsigned NOT NULL AUTO_INCREMENT,
  `idRootLevels` bigint(20) unsigned NOT NULL,
  `idGenericForms` bigint(20) unsigned NOT NULL,
  `idUsers` bigint(20) unsigned NOT NULL COMMENT 'Person, letzte Änderung',
  `creator` bigint(20) unsigned NOT NULL,
  `status` bigint(20) unsigned NOT NULL,
  `salutation` varchar(255) DEFAULT NULL,
  `title` varchar(255) DEFAULT NULL,
  `fname` varchar(255) NOT NULL,
  `sname` varchar(255) NOT NULL,
  `username` varchar(255) NOT NULL,
  `password` varchar(64) DEFAULT NULL,
  `company` bigint(20) unsigned DEFAULT NULL,
  `phone` varchar(128) DEFAULT NULL,
  `mobile` varchar(128) DEFAULT NULL,
  `fax` varchar(128) DEFAULT NULL,
  `email` varchar(128) DEFAULT NULL,
  `website` varchar(128) DEFAULT NULL,
  `street` text,
  `city` varchar(128) DEFAULT NULL,
  `state` varchar(128) DEFAULT NULL,
  `zip` varchar(64) DEFAULT NULL,
  `country` bigint(20) unsigned DEFAULT NULL,
  `created` timestamp NULL DEFAULT NULL,
  `changed` timestamp NOT NULL DEFAULT CURRENT_TIMESTAMP ON UPDATE CURRENT_TIMESTAMP,
  PRIMARY KEY (`id`)
) ENGINE=InnoDB  DEFAULT CHARSET=utf8 AUTO_INCREMENT=13 ;

--
-- Daten für Tabelle `members`
--

INSERT INTO `members` (`id`, `idRootLevels`, `idGenericForms`, `idUsers`, `creator`, `status`, `salutation`, `title`, `fname`, `sname`, `username`, `password`, `company`, `phone`, `mobile`, `fax`, `email`, `website`, `street`, `city`, `state`, `zip`, `country`, `created`, `changed`) VALUES
(3, 45, 33, 2, 2, 1, '', '', 'Cornelius', 'Hansjakob', '', '', 1, '', '', '', '', '', '', '', '', '', 0, '2011-01-20 20:10:20', '2011-01-20 20:31:31'),
(12, 45, 33, 2, 2, 2, '', '', 'Thomas', 'Schedler', '', NULL, 0, '', '', '', '', '', '', '', '', '', 0, '2011-01-20 20:10:20', '2011-01-20 20:48:47');

-- --------------------------------------------------------

--
-- Tabellenstruktur für Tabelle `modules`
--

CREATE TABLE IF NOT EXISTS `modules` (
  `id` bigint(20) unsigned NOT NULL AUTO_INCREMENT,
  `title` varchar(255) NOT NULL,
  `resourceKey` varchar(64) DEFAULT NULL,
  `cssClass` varchar(64) DEFAULT NULL,
  `order` int(11) DEFAULT NULL,
  `active` tinyint(1) NOT NULL DEFAULT '0',
  PRIMARY KEY (`id`)
) ENGINE=InnoDB  DEFAULT CHARSET=utf8 AUTO_INCREMENT=7 ;

--
-- Daten für Tabelle `modules`
--

INSERT INTO `modules` (`id`, `title`, `resourceKey`, `cssClass`, `order`, `active`) VALUES
(1, 'cms', 'portals', 'navtop', 1, 1),
(2, 'media', 'media', 'navtop', 3, 1),
(3, 'properties', 'settings', 'navtopinnerright', 4, 1),
(4, 'users', 'user_administration', 'navtopinnerright', 5, 1),
(5, 'global', 'global', 'navtop', 2, 0),
(6, 'contacts', 'contacts', 'navtopinnerright', 6, 1);

-- --------------------------------------------------------

--
-- Tabellenstruktur für Tabelle `navigationOptions`
--

CREATE TABLE IF NOT EXISTS `navigationOptions` (
  `id` int(10) unsigned NOT NULL AUTO_INCREMENT,
  `title` varchar(64) NOT NULL,
  `active` tinyint(1) NOT NULL,
  PRIMARY KEY (`id`)
) ENGINE=InnoDB  DEFAULT CHARSET=utf8 AUTO_INCREMENT=5 ;

--
-- Daten für Tabelle `navigationOptions`
--

INSERT INTO `navigationOptions` (`id`, `title`, `active`) VALUES
(1, 'top', 1),
(2, 'left', 0),
(3, 'right', 0),
(4, 'bottom', 1);

-- --------------------------------------------------------

--
-- Tabellenstruktur für Tabelle `navigationOptionTitles`
--

CREATE TABLE IF NOT EXISTS `navigationOptionTitles` (
  `id` int(10) unsigned NOT NULL AUTO_INCREMENT,
  `idNavigationOptions` int(10) unsigned NOT NULL,
  `idLanguages` int(10) unsigned NOT NULL DEFAULT '1',
  `title` varchar(100) NOT NULL,
  PRIMARY KEY (`id`),
  KEY `idProductTypes` (`idNavigationOptions`)
) ENGINE=InnoDB  DEFAULT CHARSET=utf8 AUTO_INCREMENT=9 ;

--
-- Daten für Tabelle `navigationOptionTitles`
--

INSERT INTO `navigationOptionTitles` (`id`, `idNavigationOptions`, `idLanguages`, `title`) VALUES
(1, 1, 1, 'Top-Navigation'),
(2, 2, 1, 'Seiten-Navigation'),
(3, 3, 1, 'Seiten-Navigation'),
(4, 4, 1, 'Footer'),
(5, 1, 2, 'Top navigation'),
(6, 2, 2, 'Side navigation'),
(7, 3, 2, 'Side navigation'),
(8, 4, 2, 'Footer');

-- --------------------------------------------------------

--
-- Tabellenstruktur für Tabelle `page-DEFAULT_COLLECTION-1-InstanceFiles`
--

CREATE TABLE IF NOT EXISTS `page-DEFAULT_COLLECTION-1-InstanceFiles` (
  `id` bigint(20) unsigned NOT NULL AUTO_INCREMENT,
  `pageId` varchar(32) NOT NULL,
  `version` int(10) unsigned NOT NULL,
  `idLanguages` int(10) unsigned NOT NULL DEFAULT '1',
  `sortPosition` int(10) unsigned NOT NULL,
  `idFiles` bigint(20) unsigned NOT NULL,
  `displayOption` varchar(64) DEFAULT NULL,
  `idFields` bigint(20) unsigned NOT NULL,
  PRIMARY KEY (`id`),
  KEY `pageId` (`pageId`),
  KEY `idFiles` (`idFiles`)
) ENGINE=InnoDB DEFAULT CHARSET=utf8 ROW_FORMAT=COMPACT AUTO_INCREMENT=1 ;

--
-- Daten für Tabelle `page-DEFAULT_COLLECTION-1-InstanceFiles`
--


-- --------------------------------------------------------

--
-- Tabellenstruktur für Tabelle `page-DEFAULT_COLLECTION-1-InstanceMultiFields`
--

CREATE TABLE IF NOT EXISTS `page-DEFAULT_COLLECTION-1-InstanceMultiFields` (
  `id` bigint(20) unsigned NOT NULL AUTO_INCREMENT,
  `pageId` varchar(32) NOT NULL,
  `version` int(10) unsigned NOT NULL,
  `idLanguages` int(10) unsigned NOT NULL DEFAULT '1',
  `idRelation` bigint(20) unsigned NOT NULL,
  `value` varchar(255) DEFAULT NULL,
  `idFields` bigint(20) unsigned NOT NULL,
  PRIMARY KEY (`id`),
  KEY `pageId` (`pageId`)
) ENGINE=InnoDB DEFAULT CHARSET=utf8 ROW_FORMAT=COMPACT AUTO_INCREMENT=1 ;

--
-- Daten für Tabelle `page-DEFAULT_COLLECTION-1-InstanceMultiFields`
--


-- --------------------------------------------------------

--
-- Tabellenstruktur für Tabelle `page-DEFAULT_COLLECTION-1-Instances`
--

CREATE TABLE IF NOT EXISTS `page-DEFAULT_COLLECTION-1-Instances` (
  `id` bigint(20) unsigned NOT NULL AUTO_INCREMENT,
  `pageId` varchar(32) NOT NULL,
  `version` int(10) unsigned NOT NULL,
  `idLanguages` int(10) unsigned NOT NULL DEFAULT '1',
  `idUsers` bigint(20) unsigned NOT NULL,
  `articletitle` varchar(255) DEFAULT NULL,
  `collection_title` varchar(255) DEFAULT NULL,
  `shortdescription` text,
  `description` text NOT NULL,
  `header_embed_code` text,
  `contact` varchar(255) DEFAULT NULL,
  `creator` bigint(20) unsigned NOT NULL,
  `created` timestamp NULL DEFAULT NULL,
  `changed` timestamp NOT NULL DEFAULT CURRENT_TIMESTAMP ON UPDATE CURRENT_TIMESTAMP,
  PRIMARY KEY (`id`),
  KEY `pageId` (`pageId`)
) ENGINE=InnoDB DEFAULT CHARSET=utf8 ROW_FORMAT=COMPACT AUTO_INCREMENT=1 ;

--
-- Daten für Tabelle `page-DEFAULT_COLLECTION-1-Instances`
--


-- --------------------------------------------------------

--
-- Tabellenstruktur für Tabelle `page-DEFAULT_COLLECTION-1-Region14-InstanceFiles`
--

CREATE TABLE IF NOT EXISTS `page-DEFAULT_COLLECTION-1-Region14-InstanceFiles` (
  `id` bigint(20) unsigned NOT NULL AUTO_INCREMENT,
  `pageId` varchar(32) NOT NULL,
  `version` int(10) unsigned NOT NULL,
  `idLanguages` int(10) unsigned NOT NULL DEFAULT '1',
  `idRegionInstances` bigint(20) unsigned NOT NULL,
  `idFiles` bigint(20) unsigned NOT NULL,
  `displayOption` varchar(64) DEFAULT NULL,
  `idFields` bigint(20) unsigned NOT NULL,
  PRIMARY KEY (`id`),
  KEY `pageId` (`pageId`),
  KEY `idRegionInstances` (`idRegionInstances`),
  KEY `idFiles` (`idFiles`)
) ENGINE=InnoDB DEFAULT CHARSET=utf8 ROW_FORMAT=COMPACT AUTO_INCREMENT=1 ;

--
-- Daten für Tabelle `page-DEFAULT_COLLECTION-1-Region14-InstanceFiles`
--


-- --------------------------------------------------------

--
-- Tabellenstruktur für Tabelle `page-DEFAULT_COLLECTION-1-Region14-Instances`
--

CREATE TABLE IF NOT EXISTS `page-DEFAULT_COLLECTION-1-Region14-Instances` (
  `id` bigint(20) unsigned NOT NULL AUTO_INCREMENT,
  `pageId` varchar(32) NOT NULL,
  `version` int(10) unsigned NOT NULL,
  `idLanguages` int(10) unsigned NOT NULL DEFAULT '1',
  `sortPosition` int(10) unsigned NOT NULL,
  `sidebar_title` varchar(255) DEFAULT NULL,
  `sidebar_description` text,
  PRIMARY KEY (`id`),
  KEY `pageId` (`pageId`)
) ENGINE=InnoDB DEFAULT CHARSET=utf8 ROW_FORMAT=COMPACT AUTO_INCREMENT=1 ;

--
-- Daten für Tabelle `page-DEFAULT_COLLECTION-1-Region14-Instances`
--


-- --------------------------------------------------------

--
-- Tabellenstruktur für Tabelle `page-DEFAULT_COURSES-1-InstanceFiles`
--

CREATE TABLE IF NOT EXISTS `page-DEFAULT_COURSES-1-InstanceFiles` (
  `id` bigint(20) unsigned NOT NULL AUTO_INCREMENT,
  `pageId` varchar(32) NOT NULL,
  `version` int(10) unsigned NOT NULL,
  `idLanguages` int(10) unsigned NOT NULL DEFAULT '1',
  `sortPosition` int(10) unsigned NOT NULL,
  `idFiles` bigint(20) unsigned NOT NULL,
  `displayOption` varchar(64) DEFAULT NULL,
  `idFields` bigint(20) unsigned NOT NULL,
  PRIMARY KEY (`id`),
  KEY `pageId` (`pageId`),
  KEY `idFiles` (`idFiles`)
) ENGINE=InnoDB DEFAULT CHARSET=utf8 ROW_FORMAT=COMPACT AUTO_INCREMENT=1 ;

--
-- Daten für Tabelle `page-DEFAULT_COURSES-1-InstanceFiles`
--


-- --------------------------------------------------------

--
-- Tabellenstruktur für Tabelle `page-DEFAULT_COURSES-1-InstanceMultiFields`
--

CREATE TABLE IF NOT EXISTS `page-DEFAULT_COURSES-1-InstanceMultiFields` (
  `id` bigint(20) unsigned NOT NULL AUTO_INCREMENT,
  `pageId` varchar(32) NOT NULL,
  `version` int(10) unsigned NOT NULL,
  `idLanguages` int(10) unsigned NOT NULL DEFAULT '1',
  `idRelation` bigint(20) unsigned NOT NULL,
  `value` varchar(255) DEFAULT NULL,
  `idFields` bigint(20) unsigned NOT NULL,
  PRIMARY KEY (`id`),
  KEY `pageId` (`pageId`)
) ENGINE=InnoDB DEFAULT CHARSET=utf8 ROW_FORMAT=COMPACT AUTO_INCREMENT=1 ;

--
-- Daten für Tabelle `page-DEFAULT_COURSES-1-InstanceMultiFields`
--


-- --------------------------------------------------------

--
-- Tabellenstruktur für Tabelle `page-DEFAULT_COURSES-1-Instances`
--

CREATE TABLE IF NOT EXISTS `page-DEFAULT_COURSES-1-Instances` (
  `id` bigint(20) unsigned NOT NULL AUTO_INCREMENT,
  `pageId` varchar(32) NOT NULL,
  `version` int(10) unsigned NOT NULL,
  `idLanguages` int(10) unsigned NOT NULL DEFAULT '1',
  `idUsers` bigint(20) unsigned NOT NULL,
  `articletitle` varchar(255) DEFAULT NULL,
  `entry_title` varchar(255) DEFAULT NULL,
  `entry_point` bigint(20) unsigned DEFAULT NULL,
  `entry_category` bigint(20) unsigned DEFAULT NULL,
  `entry_label` bigint(20) unsigned DEFAULT NULL,
  `shortdescription` text,
  `description` text,
  `contact` varchar(255) DEFAULT NULL,
  `creator` bigint(20) unsigned NOT NULL,
  `created` timestamp NULL DEFAULT NULL,
  `changed` timestamp NOT NULL DEFAULT CURRENT_TIMESTAMP ON UPDATE CURRENT_TIMESTAMP,
  PRIMARY KEY (`id`),
  KEY `pageId` (`pageId`)
) ENGINE=InnoDB DEFAULT CHARSET=utf8 ROW_FORMAT=COMPACT AUTO_INCREMENT=1 ;

--
-- Daten für Tabelle `page-DEFAULT_COURSES-1-Instances`
--


-- --------------------------------------------------------

--
-- Tabellenstruktur für Tabelle `page-DEFAULT_DOWNLOAD_CENTER-1-InstanceFiles`
--

CREATE TABLE IF NOT EXISTS `page-DEFAULT_DOWNLOAD_CENTER-1-InstanceFiles` (
  `id` bigint(20) unsigned NOT NULL AUTO_INCREMENT,
  `pageId` varchar(32) NOT NULL,
  `version` int(10) unsigned NOT NULL,
  `idLanguages` int(10) unsigned NOT NULL DEFAULT '1',
  `sortPosition` int(10) unsigned NOT NULL,
  `idFiles` bigint(20) unsigned NOT NULL,
  `displayOption` varchar(64) DEFAULT NULL,
  `idFields` bigint(20) unsigned NOT NULL,
  PRIMARY KEY (`id`),
  KEY `pageId` (`pageId`),
  KEY `idFiles` (`idFiles`)
) ENGINE=InnoDB DEFAULT CHARSET=utf8 ROW_FORMAT=COMPACT AUTO_INCREMENT=1 ;

--
-- Daten für Tabelle `page-DEFAULT_DOWNLOAD_CENTER-1-InstanceFiles`
--


-- --------------------------------------------------------

--
-- Tabellenstruktur für Tabelle `page-DEFAULT_DOWNLOAD_CENTER-1-InstanceMultiFields`
--

CREATE TABLE IF NOT EXISTS `page-DEFAULT_DOWNLOAD_CENTER-1-InstanceMultiFields` (
  `id` bigint(20) unsigned NOT NULL AUTO_INCREMENT,
  `pageId` varchar(32) NOT NULL,
  `version` int(10) unsigned NOT NULL,
  `idLanguages` int(10) unsigned NOT NULL DEFAULT '1',
  `idRelation` bigint(20) unsigned NOT NULL,
  `value` varchar(255) DEFAULT NULL,
  `idFields` bigint(20) unsigned NOT NULL,
  PRIMARY KEY (`id`),
  KEY `pageId` (`pageId`)
) ENGINE=InnoDB DEFAULT CHARSET=utf8 ROW_FORMAT=COMPACT AUTO_INCREMENT=1 ;

--
-- Daten für Tabelle `page-DEFAULT_DOWNLOAD_CENTER-1-InstanceMultiFields`
--


-- --------------------------------------------------------

--
-- Tabellenstruktur für Tabelle `page-DEFAULT_DOWNLOAD_CENTER-1-Instances`
--

CREATE TABLE IF NOT EXISTS `page-DEFAULT_DOWNLOAD_CENTER-1-Instances` (
  `id` bigint(20) unsigned NOT NULL AUTO_INCREMENT,
  `pageId` varchar(32) NOT NULL,
  `version` int(10) unsigned NOT NULL,
  `idLanguages` int(10) unsigned NOT NULL DEFAULT '1',
  `idUsers` bigint(20) unsigned NOT NULL,
  `articletitle` varchar(255) DEFAULT NULL,
  `entry_title` varchar(255) DEFAULT NULL,
  `entry_point` bigint(20) unsigned DEFAULT NULL,
  `entry_file_tag` bigint(20) unsigned DEFAULT NULL,
  `shortdescription` text,
  `description` text,
  `contact` varchar(255) DEFAULT NULL,
  `creator` bigint(20) unsigned NOT NULL,
  `created` timestamp NULL DEFAULT NULL,
  `changed` timestamp NOT NULL DEFAULT CURRENT_TIMESTAMP ON UPDATE CURRENT_TIMESTAMP,
  PRIMARY KEY (`id`),
  KEY `pageId` (`pageId`)
) ENGINE=InnoDB DEFAULT CHARSET=utf8 ROW_FORMAT=COMPACT AUTO_INCREMENT=1 ;

--
-- Daten für Tabelle `page-DEFAULT_DOWNLOAD_CENTER-1-Instances`
--


-- --------------------------------------------------------

--
-- Tabellenstruktur für Tabelle `page-DEFAULT_EVENT-1-InstanceFiles`
--

CREATE TABLE IF NOT EXISTS `page-DEFAULT_EVENT-1-InstanceFiles` (
  `id` bigint(20) unsigned NOT NULL AUTO_INCREMENT,
  `pageId` varchar(32) NOT NULL,
  `version` int(10) unsigned NOT NULL,
  `idLanguages` int(10) unsigned NOT NULL DEFAULT '1',
  `sortPosition` int(10) unsigned NOT NULL,
  `idFiles` bigint(20) unsigned NOT NULL,
  `displayOption` varchar(64) DEFAULT NULL,
  `idFields` bigint(20) unsigned NOT NULL,
  PRIMARY KEY (`id`),
  KEY `pageId` (`pageId`),
  KEY `idFiles` (`idFiles`)
) ENGINE=InnoDB DEFAULT CHARSET=utf8 ROW_FORMAT=COMPACT AUTO_INCREMENT=1 ;

--
-- Daten für Tabelle `page-DEFAULT_EVENT-1-InstanceFiles`
--


-- --------------------------------------------------------

--
-- Tabellenstruktur für Tabelle `page-DEFAULT_EVENT-1-InstanceMultiFields`
--

CREATE TABLE IF NOT EXISTS `page-DEFAULT_EVENT-1-InstanceMultiFields` (
  `id` bigint(20) unsigned NOT NULL AUTO_INCREMENT,
  `pageId` varchar(32) NOT NULL,
  `version` int(10) unsigned NOT NULL,
  `idLanguages` int(10) unsigned NOT NULL DEFAULT '1',
  `idRelation` bigint(20) unsigned NOT NULL,
  `value` varchar(255) DEFAULT NULL,
  `idFields` bigint(20) unsigned NOT NULL,
  PRIMARY KEY (`id`),
  KEY `pageId` (`pageId`)
) ENGINE=InnoDB DEFAULT CHARSET=utf8 ROW_FORMAT=COMPACT AUTO_INCREMENT=1 ;

--
-- Daten für Tabelle `page-DEFAULT_EVENT-1-InstanceMultiFields`
--


-- --------------------------------------------------------

--
-- Tabellenstruktur für Tabelle `page-DEFAULT_EVENT-1-Instances`
--

CREATE TABLE IF NOT EXISTS `page-DEFAULT_EVENT-1-Instances` (
  `id` bigint(20) unsigned NOT NULL AUTO_INCREMENT,
  `pageId` varchar(32) NOT NULL,
  `version` int(10) unsigned NOT NULL,
  `idLanguages` int(10) unsigned NOT NULL DEFAULT '1',
  `idUsers` bigint(20) unsigned NOT NULL,
  `articletitle` text NOT NULL,
  `description` text,
  `pics_title` varchar(255) DEFAULT NULL,
  `docs_title` varchar(255) DEFAULT '',
  `video_title` varchar(255) DEFAULT NULL,
  `video_embed_code` text,
  `shortdescription` text NOT NULL,
  `event_duration` varchar(255) DEFAULT NULL,
  `event_street` varchar(255) DEFAULT NULL,
  `event_streetnr` varchar(255) DEFAULT NULL,
  `event_plz` varchar(255) DEFAULT NULL,
  `event_city` varchar(255) DEFAULT NULL,
  `event_location` varchar(255) DEFAULT NULL,
  `event_max_members` varchar(255) DEFAULT NULL,
  `event_costs` varchar(255) DEFAULT NULL,
  `event_status` varchar(255) DEFAULT NULL,
  `contact` varchar(255) DEFAULT NULL,
  `creator` bigint(20) unsigned NOT NULL,
  `created` timestamp NULL DEFAULT NULL,
  `changed` timestamp NOT NULL DEFAULT CURRENT_TIMESTAMP ON UPDATE CURRENT_TIMESTAMP,
  PRIMARY KEY (`id`),
  KEY `pageId` (`pageId`)
) ENGINE=InnoDB DEFAULT CHARSET=utf8 ROW_FORMAT=COMPACT AUTO_INCREMENT=1 ;

--
-- Daten für Tabelle `page-DEFAULT_EVENT-1-Instances`
--


-- --------------------------------------------------------

--
-- Tabellenstruktur für Tabelle `page-DEFAULT_EVENTS-1-InstanceFiles`
--

CREATE TABLE IF NOT EXISTS `page-DEFAULT_EVENTS-1-InstanceFiles` (
  `id` bigint(20) unsigned NOT NULL AUTO_INCREMENT,
  `pageId` varchar(32) NOT NULL,
  `version` int(10) unsigned NOT NULL,
  `idLanguages` int(10) unsigned NOT NULL DEFAULT '1',
  `sortPosition` int(10) unsigned NOT NULL,
  `idFiles` bigint(20) unsigned NOT NULL,
  `displayOption` varchar(64) DEFAULT NULL,
  `idFields` bigint(20) unsigned NOT NULL,
  PRIMARY KEY (`id`),
  KEY `pageId` (`pageId`),
  KEY `idFiles` (`idFiles`)
) ENGINE=InnoDB DEFAULT CHARSET=utf8 ROW_FORMAT=COMPACT AUTO_INCREMENT=1 ;

--
-- Daten für Tabelle `page-DEFAULT_EVENTS-1-InstanceFiles`
--


-- --------------------------------------------------------

--
-- Tabellenstruktur für Tabelle `page-DEFAULT_EVENTS-1-InstanceMultiFields`
--

CREATE TABLE IF NOT EXISTS `page-DEFAULT_EVENTS-1-InstanceMultiFields` (
  `id` bigint(20) unsigned NOT NULL AUTO_INCREMENT,
  `pageId` varchar(32) NOT NULL,
  `version` int(10) unsigned NOT NULL,
  `idLanguages` int(10) unsigned NOT NULL DEFAULT '1',
  `idRelation` bigint(20) unsigned NOT NULL,
  `value` varchar(255) DEFAULT NULL,
  `idFields` bigint(20) unsigned NOT NULL,
  PRIMARY KEY (`id`),
  KEY `pageId` (`pageId`)
) ENGINE=InnoDB DEFAULT CHARSET=utf8 ROW_FORMAT=COMPACT AUTO_INCREMENT=1 ;

--
-- Daten für Tabelle `page-DEFAULT_EVENTS-1-InstanceMultiFields`
--


-- --------------------------------------------------------

--
-- Tabellenstruktur für Tabelle `page-DEFAULT_EVENTS-1-Instances`
--

CREATE TABLE IF NOT EXISTS `page-DEFAULT_EVENTS-1-Instances` (
  `id` bigint(20) unsigned NOT NULL AUTO_INCREMENT,
  `pageId` varchar(32) NOT NULL,
  `version` int(10) unsigned NOT NULL,
  `idLanguages` int(10) unsigned NOT NULL DEFAULT '1',
  `idUsers` bigint(20) unsigned NOT NULL,
  `articletitle` varchar(255) DEFAULT NULL,
  `entry_title` varchar(255) DEFAULT NULL,
  `entry_point` bigint(20) unsigned DEFAULT NULL,
  `entry_category` bigint(20) unsigned DEFAULT NULL,
  `entry_label` bigint(20) unsigned DEFAULT NULL,
  `shortdescription` text,
  `description` text,
  `contact` varchar(255) DEFAULT NULL,
  `creator` bigint(20) unsigned NOT NULL,
  `created` timestamp NULL DEFAULT NULL,
  `changed` timestamp NOT NULL DEFAULT CURRENT_TIMESTAMP ON UPDATE CURRENT_TIMESTAMP,
  PRIMARY KEY (`id`),
  KEY `pageId` (`pageId`)
) ENGINE=InnoDB DEFAULT CHARSET=utf8 ROW_FORMAT=COMPACT AUTO_INCREMENT=1 ;

--
-- Daten für Tabelle `page-DEFAULT_EVENTS-1-Instances`
--


-- --------------------------------------------------------

--
-- Tabellenstruktur für Tabelle `page-DEFAULT_EVENT_OVERVIEW-1-InstanceFiles`
--

CREATE TABLE IF NOT EXISTS `page-DEFAULT_EVENT_OVERVIEW-1-InstanceFiles` (
  `id` bigint(20) unsigned NOT NULL AUTO_INCREMENT,
  `pageId` varchar(32) NOT NULL,
  `version` int(10) unsigned NOT NULL,
  `idLanguages` int(10) unsigned NOT NULL DEFAULT '1',
  `sortPosition` int(10) unsigned NOT NULL,
  `idFiles` bigint(20) unsigned NOT NULL,
  `displayOption` varchar(64) DEFAULT NULL,
  `idFields` bigint(20) unsigned NOT NULL,
  PRIMARY KEY (`id`),
  KEY `pageId` (`pageId`),
  KEY `idFiles` (`idFiles`)
) ENGINE=InnoDB DEFAULT CHARSET=utf8 ROW_FORMAT=COMPACT AUTO_INCREMENT=1 ;

--
-- Daten für Tabelle `page-DEFAULT_EVENT_OVERVIEW-1-InstanceFiles`
--


-- --------------------------------------------------------

--
-- Tabellenstruktur für Tabelle `page-DEFAULT_EVENT_OVERVIEW-1-InstanceMultiFields`
--

CREATE TABLE IF NOT EXISTS `page-DEFAULT_EVENT_OVERVIEW-1-InstanceMultiFields` (
  `id` bigint(20) unsigned NOT NULL AUTO_INCREMENT,
  `pageId` varchar(32) NOT NULL,
  `version` int(10) unsigned NOT NULL,
  `idLanguages` int(10) unsigned NOT NULL DEFAULT '1',
  `idRelation` bigint(20) unsigned NOT NULL,
  `value` varchar(255) DEFAULT NULL,
  `idFields` bigint(20) unsigned NOT NULL,
  PRIMARY KEY (`id`),
  KEY `pageId` (`pageId`)
) ENGINE=InnoDB DEFAULT CHARSET=utf8 ROW_FORMAT=COMPACT AUTO_INCREMENT=1 ;

--
-- Daten für Tabelle `page-DEFAULT_EVENT_OVERVIEW-1-InstanceMultiFields`
--


-- --------------------------------------------------------

--
-- Tabellenstruktur für Tabelle `page-DEFAULT_EVENT_OVERVIEW-1-Instances`
--

CREATE TABLE IF NOT EXISTS `page-DEFAULT_EVENT_OVERVIEW-1-Instances` (
  `id` bigint(20) unsigned NOT NULL AUTO_INCREMENT,
  `pageId` varchar(32) NOT NULL,
  `version` int(10) unsigned NOT NULL,
  `idLanguages` int(10) unsigned NOT NULL DEFAULT '1',
  `idUsers` bigint(20) unsigned NOT NULL,
  `shortdescription` text NOT NULL,
  `description` text NOT NULL,
  `contact` varchar(255) DEFAULT NULL,
  `creator` bigint(20) unsigned NOT NULL,
  `created` timestamp NULL DEFAULT NULL,
  `changed` timestamp NOT NULL DEFAULT CURRENT_TIMESTAMP ON UPDATE CURRENT_TIMESTAMP,
  PRIMARY KEY (`id`),
  KEY `pageId` (`pageId`)
) ENGINE=InnoDB DEFAULT CHARSET=utf8 ROW_FORMAT=COMPACT AUTO_INCREMENT=1 ;

--
-- Daten für Tabelle `page-DEFAULT_EVENT_OVERVIEW-1-Instances`
--


-- --------------------------------------------------------

--
-- Tabellenstruktur für Tabelle `page-DEFAULT_EXTERNAL-1-InstanceFiles`
--

CREATE TABLE IF NOT EXISTS `page-DEFAULT_EXTERNAL-1-InstanceFiles` (
  `id` bigint(20) unsigned NOT NULL AUTO_INCREMENT,
  `pageId` varchar(32) NOT NULL,
  `version` int(10) unsigned NOT NULL,
  `idLanguages` int(10) unsigned NOT NULL DEFAULT '1',
  `sortPosition` int(10) unsigned NOT NULL,
  `idFiles` bigint(20) unsigned NOT NULL,
  `displayOption` varchar(64) DEFAULT NULL,
  `idFields` bigint(20) unsigned NOT NULL,
  PRIMARY KEY (`id`),
  KEY `pageId` (`pageId`),
  KEY `idFiles` (`idFiles`)
) ENGINE=InnoDB DEFAULT CHARSET=utf8 ROW_FORMAT=COMPACT AUTO_INCREMENT=1 ;

--
-- Daten für Tabelle `page-DEFAULT_EXTERNAL-1-InstanceFiles`
--


-- --------------------------------------------------------

--
-- Tabellenstruktur für Tabelle `page-DEFAULT_EXTERNAL-1-Instances`
--

CREATE TABLE IF NOT EXISTS `page-DEFAULT_EXTERNAL-1-Instances` (
  `id` bigint(20) unsigned NOT NULL AUTO_INCREMENT,
  `pageId` varchar(32) NOT NULL,
  `version` int(10) unsigned NOT NULL,
  `idLanguages` int(10) unsigned NOT NULL DEFAULT '1',
  `idUsers` bigint(20) unsigned NOT NULL,
  `articletitle` text NOT NULL,
  `description` text,
  `shortdescription` text NOT NULL,
  `contact` varchar(255) DEFAULT NULL,
  `creator` bigint(20) unsigned NOT NULL,
  `created` timestamp NULL DEFAULT NULL,
  `changed` timestamp NOT NULL DEFAULT CURRENT_TIMESTAMP ON UPDATE CURRENT_TIMESTAMP,
  PRIMARY KEY (`id`),
  KEY `pageId` (`pageId`)
) ENGINE=InnoDB  DEFAULT CHARSET=utf8 ROW_FORMAT=COMPACT AUTO_INCREMENT=2 ;

--
-- Daten für Tabelle `page-DEFAULT_EXTERNAL-1-Instances`
--


-- --------------------------------------------------------

--
-- Tabellenstruktur für Tabelle `page-DEFAULT_FORM-1-InstanceFiles`
--

CREATE TABLE IF NOT EXISTS `page-DEFAULT_FORM-1-InstanceFiles` (
  `id` bigint(20) unsigned NOT NULL AUTO_INCREMENT,
  `pageId` varchar(32) NOT NULL,
  `version` int(10) unsigned NOT NULL,
  `idLanguages` int(10) unsigned NOT NULL DEFAULT '1',
  `sortPosition` int(10) unsigned NOT NULL,
  `idFiles` bigint(20) unsigned NOT NULL,
  `displayOption` varchar(64) DEFAULT NULL,
  `idFields` bigint(20) unsigned NOT NULL,
  PRIMARY KEY (`id`),
  KEY `pageId` (`pageId`),
  KEY `idFiles` (`idFiles`)
) ENGINE=InnoDB DEFAULT CHARSET=utf8 ROW_FORMAT=COMPACT AUTO_INCREMENT=1 ;

--
-- Daten für Tabelle `page-DEFAULT_FORM-1-InstanceFiles`
--


-- --------------------------------------------------------

--
-- Tabellenstruktur für Tabelle `page-DEFAULT_FORM-1-InstanceMultiFields`
--

CREATE TABLE IF NOT EXISTS `page-DEFAULT_FORM-1-InstanceMultiFields` (
  `id` bigint(20) unsigned NOT NULL AUTO_INCREMENT,
  `pageId` varchar(32) NOT NULL,
  `version` int(10) unsigned NOT NULL,
  `idLanguages` int(10) unsigned NOT NULL DEFAULT '1',
  `idRelation` bigint(20) unsigned NOT NULL,
  `value` varchar(255) DEFAULT NULL,
  `idFields` bigint(20) unsigned NOT NULL,
  PRIMARY KEY (`id`),
  KEY `pageId` (`pageId`)
) ENGINE=InnoDB DEFAULT CHARSET=utf8 ROW_FORMAT=COMPACT AUTO_INCREMENT=1 ;

--
-- Daten für Tabelle `page-DEFAULT_FORM-1-InstanceMultiFields`
--


-- --------------------------------------------------------

--
-- Tabellenstruktur für Tabelle `page-DEFAULT_FORM-1-Instances`
--

CREATE TABLE IF NOT EXISTS `page-DEFAULT_FORM-1-Instances` (
  `id` bigint(20) unsigned NOT NULL AUTO_INCREMENT,
  `pageId` varchar(32) NOT NULL,
  `version` int(10) unsigned NOT NULL,
  `idLanguages` int(10) unsigned NOT NULL DEFAULT '1',
  `idUsers` bigint(20) unsigned NOT NULL,
  `articletitle` text NOT NULL,
  `description` text,
  `header_embed_code` text,
  `pics_title` varchar(255) DEFAULT NULL,
  `docs_title` varchar(255) DEFAULT '',
  `internal_links_title` varchar(255) DEFAULT NULL,
  `video_title` varchar(255) DEFAULT NULL,
  `video_embed_code` text,
  `shortdescription` text NOT NULL,
  `subject` varchar(255) DEFAULT NULL,
  `sender_name` varchar(255) DEFAULT NULL,
  `sender_mail` varchar(255) DEFAULT NULL,
  `receiver_name` varchar(255) DEFAULT NULL,
  `receiver_mail` varchar(255) DEFAULT NULL,
  `success_message` text,
  `contact` varchar(255) DEFAULT NULL,
  `creator` bigint(20) unsigned NOT NULL,
  `created` timestamp NULL DEFAULT NULL,
  `changed` timestamp NOT NULL DEFAULT CURRENT_TIMESTAMP ON UPDATE CURRENT_TIMESTAMP,
  PRIMARY KEY (`id`),
  KEY `pageId` (`pageId`)
) ENGINE=InnoDB DEFAULT CHARSET=utf8 ROW_FORMAT=COMPACT AUTO_INCREMENT=1 ;

--
-- Daten für Tabelle `page-DEFAULT_FORM-1-Instances`
--


-- --------------------------------------------------------

--
-- Tabellenstruktur für Tabelle `page-DEFAULT_IFRAME-1-InstanceFiles`
--

CREATE TABLE IF NOT EXISTS `page-DEFAULT_IFRAME-1-InstanceFiles` (
  `id` bigint(20) unsigned NOT NULL AUTO_INCREMENT,
  `pageId` varchar(32) NOT NULL,
  `version` int(10) unsigned NOT NULL,
  `idLanguages` int(10) unsigned NOT NULL DEFAULT '1',
  `sortPosition` int(10) unsigned NOT NULL,
  `idFiles` bigint(20) unsigned NOT NULL,
  `displayOption` varchar(64) DEFAULT NULL,
  `idFields` bigint(20) unsigned NOT NULL,
  PRIMARY KEY (`id`),
  KEY `pageId` (`pageId`),
  KEY `idFiles` (`idFiles`)
) ENGINE=InnoDB DEFAULT CHARSET=utf8 ROW_FORMAT=COMPACT AUTO_INCREMENT=1 ;

--
-- Daten für Tabelle `page-DEFAULT_IFRAME-1-InstanceFiles`
--


-- --------------------------------------------------------

--
-- Tabellenstruktur für Tabelle `page-DEFAULT_IFRAME-1-InstanceMultiFields`
--

CREATE TABLE IF NOT EXISTS `page-DEFAULT_IFRAME-1-InstanceMultiFields` (
  `id` bigint(20) unsigned NOT NULL AUTO_INCREMENT,
  `pageId` varchar(32) NOT NULL,
  `version` int(10) unsigned NOT NULL,
  `idLanguages` int(10) unsigned NOT NULL DEFAULT '1',
  `idRelation` bigint(20) unsigned NOT NULL,
  `value` varchar(255) DEFAULT NULL,
  `idFields` bigint(20) unsigned NOT NULL,
  PRIMARY KEY (`id`),
  KEY `pageId` (`pageId`)
) ENGINE=InnoDB DEFAULT CHARSET=utf8 ROW_FORMAT=COMPACT AUTO_INCREMENT=1 ;

--
-- Daten für Tabelle `page-DEFAULT_IFRAME-1-InstanceMultiFields`
--


-- --------------------------------------------------------

--
-- Tabellenstruktur für Tabelle `page-DEFAULT_IFRAME-1-Instances`
--

CREATE TABLE IF NOT EXISTS `page-DEFAULT_IFRAME-1-Instances` (
  `id` bigint(20) unsigned NOT NULL AUTO_INCREMENT,
  `pageId` varchar(32) NOT NULL,
  `version` int(10) unsigned NOT NULL,
  `idLanguages` int(10) unsigned NOT NULL DEFAULT '1',
  `idUsers` bigint(20) unsigned NOT NULL,
  `articletitle` text NOT NULL,
  `iframeWidth` varchar(10) DEFAULT NULL,
  `iframeHeight` varchar(10) DEFAULT NULL,
  `description` text,
  `header_embed_code` text,
  `pics_title` varchar(255) DEFAULT NULL,
  `docs_title` varchar(255) DEFAULT '',
  `internal_links_title` varchar(255) DEFAULT NULL,
  `video_title` varchar(255) DEFAULT NULL,
  `video_embed_code` text,
  `shortdescription` text NOT NULL,
  `contact` varchar(255) DEFAULT NULL,
  `creator` bigint(20) unsigned NOT NULL,
  `created` timestamp NULL DEFAULT NULL,
  `changed` timestamp NOT NULL DEFAULT CURRENT_TIMESTAMP ON UPDATE CURRENT_TIMESTAMP,
  PRIMARY KEY (`id`),
  KEY `pageId` (`pageId`)
) ENGINE=InnoDB DEFAULT CHARSET=utf8 ROW_FORMAT=COMPACT AUTO_INCREMENT=1 ;

--
-- Daten für Tabelle `page-DEFAULT_IFRAME-1-Instances`
--


-- --------------------------------------------------------

--
-- Tabellenstruktur für Tabelle `page-DEFAULT_IFRAME-1-Region11-InstanceFiles`
--

CREATE TABLE IF NOT EXISTS `page-DEFAULT_IFRAME-1-Region11-InstanceFiles` (
  `id` bigint(20) unsigned NOT NULL AUTO_INCREMENT,
  `pageId` varchar(32) NOT NULL,
  `version` int(10) unsigned NOT NULL,
  `idLanguages` int(10) unsigned NOT NULL DEFAULT '1',
  `idRegionInstances` bigint(20) unsigned NOT NULL,
  `idFiles` bigint(20) unsigned NOT NULL,
  `displayOption` varchar(64) DEFAULT NULL,
  `idFields` bigint(20) unsigned NOT NULL,
  PRIMARY KEY (`id`),
  KEY `pageId` (`pageId`),
  KEY `idRegionInstances` (`idRegionInstances`),
  KEY `idFiles` (`idFiles`)
) ENGINE=InnoDB DEFAULT CHARSET=utf8 ROW_FORMAT=COMPACT AUTO_INCREMENT=1 ;

--
-- Daten für Tabelle `page-DEFAULT_IFRAME-1-Region11-InstanceFiles`
--


-- --------------------------------------------------------

--
-- Tabellenstruktur für Tabelle `page-DEFAULT_IFRAME-1-Region11-InstanceMultiFields`
--

CREATE TABLE IF NOT EXISTS `page-DEFAULT_IFRAME-1-Region11-InstanceMultiFields` (
  `id` bigint(20) unsigned NOT NULL AUTO_INCREMENT,
  `pageId` varchar(32) NOT NULL,
  `version` int(10) unsigned NOT NULL,
  `idLanguages` int(10) unsigned NOT NULL DEFAULT '1',
  `idRegionInstances` bigint(20) unsigned NOT NULL,
  `idRelation` bigint(20) unsigned NOT NULL,
  `value` varchar(255) DEFAULT NULL,
  `idFields` bigint(20) unsigned NOT NULL,
  PRIMARY KEY (`id`),
  KEY `pageId` (`pageId`),
  KEY `idRegionInstances` (`idRegionInstances`)
) ENGINE=InnoDB DEFAULT CHARSET=utf8 ROW_FORMAT=COMPACT AUTO_INCREMENT=1 ;

--
-- Daten für Tabelle `page-DEFAULT_IFRAME-1-Region11-InstanceMultiFields`
--


-- --------------------------------------------------------

--
-- Tabellenstruktur für Tabelle `page-DEFAULT_IFRAME-1-Region11-Instances`
--

CREATE TABLE IF NOT EXISTS `page-DEFAULT_IFRAME-1-Region11-Instances` (
  `id` bigint(20) unsigned NOT NULL AUTO_INCREMENT,
  `pageId` varchar(32) NOT NULL,
  `version` int(10) unsigned NOT NULL,
  `idLanguages` int(10) unsigned NOT NULL DEFAULT '1',
  `sortPosition` int(10) unsigned NOT NULL,
  `block_title` varchar(255) DEFAULT NULL,
  `block_description` text,
  PRIMARY KEY (`id`),
  KEY `pageId` (`pageId`)
) ENGINE=InnoDB DEFAULT CHARSET=utf8 ROW_FORMAT=COMPACT AUTO_INCREMENT=1 ;

--
-- Daten für Tabelle `page-DEFAULT_IFRAME-1-Region11-Instances`
--


-- --------------------------------------------------------

--
-- Tabellenstruktur für Tabelle `page-DEFAULT_LOCATION_C-1-InstanceFiles`
--

CREATE TABLE IF NOT EXISTS `page-DEFAULT_LOCATION_C-1-InstanceFiles` (
  `id` bigint(20) unsigned NOT NULL AUTO_INCREMENT,
  `pageId` varchar(32) NOT NULL,
  `version` int(10) unsigned NOT NULL,
  `idLanguages` int(10) unsigned NOT NULL DEFAULT '1',
  `sortPosition` int(10) unsigned NOT NULL,
  `idFiles` bigint(20) unsigned NOT NULL,
  `displayOption` varchar(64) DEFAULT NULL,
  `idFields` bigint(20) unsigned NOT NULL,
  PRIMARY KEY (`id`),
  KEY `pageId` (`pageId`),
  KEY `idFiles` (`idFiles`)
) ENGINE=InnoDB DEFAULT CHARSET=utf8 ROW_FORMAT=COMPACT AUTO_INCREMENT=1 ;

--
-- Daten für Tabelle `page-DEFAULT_LOCATION_C-1-InstanceFiles`
--


-- --------------------------------------------------------

--
-- Tabellenstruktur für Tabelle `page-DEFAULT_LOCATION_C-1-InstanceMultiFields`
--

CREATE TABLE IF NOT EXISTS `page-DEFAULT_LOCATION_C-1-InstanceMultiFields` (
  `id` bigint(20) unsigned NOT NULL AUTO_INCREMENT,
  `pageId` varchar(32) NOT NULL,
  `version` int(10) unsigned NOT NULL,
  `idLanguages` int(10) unsigned NOT NULL DEFAULT '1',
  `idRelation` bigint(20) unsigned NOT NULL,
  `value` varchar(255) DEFAULT NULL,
  `idFields` bigint(20) unsigned NOT NULL,
  PRIMARY KEY (`id`),
  KEY `pageId` (`pageId`)
) ENGINE=InnoDB DEFAULT CHARSET=utf8 ROW_FORMAT=COMPACT AUTO_INCREMENT=1 ;

--
-- Daten für Tabelle `page-DEFAULT_LOCATION_C-1-InstanceMultiFields`
--


-- --------------------------------------------------------

--
-- Tabellenstruktur für Tabelle `page-DEFAULT_LOCATION_C-1-Instances`
--

CREATE TABLE IF NOT EXISTS `page-DEFAULT_LOCATION_C-1-Instances` (
  `id` bigint(20) unsigned NOT NULL AUTO_INCREMENT,
  `pageId` varchar(32) NOT NULL,
  `version` int(10) unsigned NOT NULL,
  `idLanguages` int(10) unsigned NOT NULL DEFAULT '1',
  `idUsers` bigint(20) unsigned NOT NULL,
  `articletitle` text NOT NULL,
  `description` text,
  `entry_title` varchar(255) DEFAULT NULL,
  `entry_location` bigint(20) unsigned DEFAULT NULL,
  `entry_type` bigint(20) unsigned DEFAULT NULL,
  `pics_title` varchar(255) DEFAULT NULL,
  `docs_title` varchar(255) DEFAULT '',
  `internal_links_title` varchar(255) DEFAULT NULL,
  `video_title` varchar(255) DEFAULT NULL,
  `video_embed_code` text,
  `shortdescription` text NOT NULL,
  `contact` varchar(255) DEFAULT NULL,
  `creator` bigint(20) unsigned NOT NULL,
  `created` timestamp NULL DEFAULT NULL,
  `changed` timestamp NOT NULL DEFAULT CURRENT_TIMESTAMP ON UPDATE CURRENT_TIMESTAMP,
  PRIMARY KEY (`id`),
  KEY `pageId` (`pageId`)
) ENGINE=InnoDB DEFAULT CHARSET=utf8 ROW_FORMAT=COMPACT AUTO_INCREMENT=1 ;

--
-- Daten für Tabelle `page-DEFAULT_LOCATION_C-1-Instances`
--


-- --------------------------------------------------------

--
-- Tabellenstruktur für Tabelle `page-DEFAULT_OVERVIEW-1-InstanceFiles`
--

CREATE TABLE IF NOT EXISTS `page-DEFAULT_OVERVIEW-1-InstanceFiles` (
  `id` bigint(20) unsigned NOT NULL AUTO_INCREMENT,
  `pageId` varchar(32) NOT NULL,
  `version` int(10) unsigned NOT NULL,
  `idLanguages` int(10) unsigned NOT NULL DEFAULT '1',
  `sortPosition` int(10) unsigned NOT NULL,
  `idFiles` bigint(20) unsigned NOT NULL,
  `displayOption` varchar(64) DEFAULT NULL,
  `idFields` bigint(20) unsigned NOT NULL,
  PRIMARY KEY (`id`),
  KEY `pageId` (`pageId`),
  KEY `idFiles` (`idFiles`)
) ENGINE=InnoDB DEFAULT CHARSET=utf8 ROW_FORMAT=COMPACT AUTO_INCREMENT=1 ;

--
-- Daten für Tabelle `page-DEFAULT_OVERVIEW-1-InstanceFiles`
--


-- --------------------------------------------------------

--
-- Tabellenstruktur für Tabelle `page-DEFAULT_OVERVIEW-1-InstanceMultiFields`
--

CREATE TABLE IF NOT EXISTS `page-DEFAULT_OVERVIEW-1-InstanceMultiFields` (
  `id` bigint(20) unsigned NOT NULL AUTO_INCREMENT,
  `pageId` varchar(32) NOT NULL,
  `version` int(10) unsigned NOT NULL,
  `idLanguages` int(10) unsigned NOT NULL DEFAULT '1',
  `idRelation` bigint(20) unsigned NOT NULL,
  `value` varchar(255) DEFAULT NULL,
  `idFields` bigint(20) unsigned NOT NULL,
  PRIMARY KEY (`id`),
  KEY `pageId` (`pageId`)
) ENGINE=InnoDB DEFAULT CHARSET=utf8 ROW_FORMAT=COMPACT AUTO_INCREMENT=1 ;

--
-- Daten für Tabelle `page-DEFAULT_OVERVIEW-1-InstanceMultiFields`
--


-- --------------------------------------------------------

--
-- Tabellenstruktur für Tabelle `page-DEFAULT_OVERVIEW-1-Instances`
--

CREATE TABLE IF NOT EXISTS `page-DEFAULT_OVERVIEW-1-Instances` (
  `id` bigint(20) unsigned NOT NULL AUTO_INCREMENT,
  `pageId` varchar(32) NOT NULL,
  `version` int(10) unsigned NOT NULL,
  `idLanguages` int(10) unsigned NOT NULL DEFAULT '1',
  `idUsers` bigint(20) unsigned NOT NULL,
  `articletitle` varchar(255) DEFAULT NULL,
  `shortdescription` text,
  `description` text NOT NULL,
  `header_embed_code` text,
  `contact` varchar(255) DEFAULT NULL,
  `creator` bigint(20) unsigned NOT NULL,
  `created` timestamp NULL DEFAULT NULL,
  `changed` timestamp NOT NULL DEFAULT CURRENT_TIMESTAMP ON UPDATE CURRENT_TIMESTAMP,
  PRIMARY KEY (`id`),
  KEY `pageId` (`pageId`)
) ENGINE=InnoDB DEFAULT CHARSET=utf8 ROW_FORMAT=COMPACT AUTO_INCREMENT=1 ;

--
-- Daten für Tabelle `page-DEFAULT_OVERVIEW-1-Instances`
--


-- --------------------------------------------------------

--
-- Tabellenstruktur für Tabelle `page-DEFAULT_OVERVIEW-1-Region14-InstanceFiles`
--

CREATE TABLE IF NOT EXISTS `page-DEFAULT_OVERVIEW-1-Region14-InstanceFiles` (
  `id` bigint(20) unsigned NOT NULL AUTO_INCREMENT,
  `pageId` varchar(32) NOT NULL,
  `version` int(10) unsigned NOT NULL,
  `idLanguages` int(10) unsigned NOT NULL DEFAULT '1',
  `idRegionInstances` bigint(20) unsigned NOT NULL,
  `idFiles` bigint(20) unsigned NOT NULL,
  `displayOption` varchar(64) DEFAULT NULL,
  `idFields` bigint(20) unsigned NOT NULL,
  PRIMARY KEY (`id`),
  KEY `pageId` (`pageId`),
  KEY `idRegionInstances` (`idRegionInstances`),
  KEY `idFiles` (`idFiles`)
) ENGINE=InnoDB DEFAULT CHARSET=utf8 ROW_FORMAT=COMPACT AUTO_INCREMENT=1 ;

--
-- Daten für Tabelle `page-DEFAULT_OVERVIEW-1-Region14-InstanceFiles`
--


-- --------------------------------------------------------

--
-- Tabellenstruktur für Tabelle `page-DEFAULT_OVERVIEW-1-Region14-Instances`
--

CREATE TABLE IF NOT EXISTS `page-DEFAULT_OVERVIEW-1-Region14-Instances` (
  `id` bigint(20) unsigned NOT NULL AUTO_INCREMENT,
  `pageId` varchar(32) NOT NULL,
  `version` int(10) unsigned NOT NULL,
  `idLanguages` int(10) unsigned NOT NULL DEFAULT '1',
  `sortPosition` int(10) unsigned NOT NULL,
  `sidebar_title` varchar(255) DEFAULT NULL,
  `sidebar_description` text,
  PRIMARY KEY (`id`),
  KEY `pageId` (`pageId`)
) ENGINE=InnoDB DEFAULT CHARSET=utf8 ROW_FORMAT=COMPACT AUTO_INCREMENT=1 ;

--
-- Daten für Tabelle `page-DEFAULT_OVERVIEW-1-Region14-Instances`
--


-- --------------------------------------------------------

--
-- Tabellenstruktur für Tabelle `page-DEFAULT_OVERVIEW-1-Region15-Instances`
--

CREATE TABLE IF NOT EXISTS `page-DEFAULT_OVERVIEW-1-Region15-Instances` (
  `id` bigint(20) unsigned NOT NULL AUTO_INCREMENT,
  `pageId` varchar(32) NOT NULL,
  `version` int(10) unsigned NOT NULL,
  `idLanguages` int(10) unsigned NOT NULL DEFAULT '1',
  `sortPosition` int(10) unsigned NOT NULL,
  `entry_title` varchar(255) DEFAULT NULL,
  `entry_category` bigint(20) unsigned DEFAULT NULL,
  `entry_label` bigint(20) unsigned DEFAULT NULL,
  `entry_viewtype` bigint(20) unsigned DEFAULT NULL,
  `entry_number` bigint(20) unsigned DEFAULT NULL,
  `entry_sorttype` bigint(20) unsigned DEFAULT NULL,
  `entry_sortorder` bigint(20) unsigned DEFAULT NULL,
  `entry_depth` bigint(20) unsigned DEFAULT NULL,
  PRIMARY KEY (`id`),
  KEY `pageId` (`pageId`)
) ENGINE=InnoDB DEFAULT CHARSET=utf8 ROW_FORMAT=COMPACT AUTO_INCREMENT=1 ;

--
-- Daten für Tabelle `page-DEFAULT_OVERVIEW-1-Region15-Instances`
--


-- --------------------------------------------------------

--
-- Tabellenstruktur für Tabelle `page-DEFAULT_PAGE_1-1-InstanceFiles`
--

CREATE TABLE IF NOT EXISTS `page-DEFAULT_PAGE_1-1-InstanceFiles` (
  `id` bigint(20) unsigned NOT NULL AUTO_INCREMENT,
  `pageId` varchar(32) NOT NULL,
  `version` int(10) unsigned NOT NULL,
  `idLanguages` int(10) unsigned NOT NULL DEFAULT '1',
  `sortPosition` int(10) unsigned NOT NULL,
  `idFiles` bigint(20) unsigned NOT NULL,
  `displayOption` varchar(64) DEFAULT NULL,
  `idFields` bigint(20) unsigned NOT NULL,
  PRIMARY KEY (`id`),
  KEY `pageId` (`pageId`),
  KEY `idFiles` (`idFiles`)
) ENGINE=InnoDB DEFAULT CHARSET=utf8 ROW_FORMAT=COMPACT AUTO_INCREMENT=1 ;

--
-- Daten für Tabelle `page-DEFAULT_PAGE_1-1-InstanceFiles`
--


-- --------------------------------------------------------

--
-- Tabellenstruktur für Tabelle `page-DEFAULT_PAGE_1-1-InstanceMultiFields`
--

CREATE TABLE IF NOT EXISTS `page-DEFAULT_PAGE_1-1-InstanceMultiFields` (
  `id` bigint(20) unsigned NOT NULL AUTO_INCREMENT,
  `pageId` varchar(32) NOT NULL,
  `version` int(10) unsigned NOT NULL,
  `idLanguages` int(10) unsigned NOT NULL DEFAULT '1',
  `idRelation` bigint(20) unsigned NOT NULL,
  `value` varchar(255) DEFAULT NULL,
  `idFields` bigint(20) unsigned NOT NULL,
  PRIMARY KEY (`id`),
  KEY `pageId` (`pageId`)
) ENGINE=InnoDB DEFAULT CHARSET=utf8 ROW_FORMAT=COMPACT AUTO_INCREMENT=1 ;

--
-- Daten für Tabelle `page-DEFAULT_PAGE_1-1-InstanceMultiFields`
--


-- --------------------------------------------------------

--
-- Tabellenstruktur für Tabelle `page-DEFAULT_PAGE_1-1-Instances`
--

CREATE TABLE IF NOT EXISTS `page-DEFAULT_PAGE_1-1-Instances` (
  `id` bigint(20) unsigned NOT NULL AUTO_INCREMENT,
  `pageId` varchar(32) NOT NULL,
  `version` int(10) unsigned NOT NULL,
  `idLanguages` int(10) unsigned NOT NULL DEFAULT '1',
  `idUsers` bigint(20) unsigned NOT NULL,
  `articletitle` text NOT NULL,
  `description` text,
  `header_embed_code` text,
  `pics_title` varchar(255) DEFAULT NULL,
  `docs_title` varchar(255) DEFAULT '',
  `internal_links_title` varchar(255) DEFAULT NULL,
  `video_title` varchar(255) DEFAULT NULL,
  `video_embed_code` text,
  `shortdescription` text NOT NULL,
  `contact` varchar(255) DEFAULT NULL,
  `creator` bigint(20) unsigned NOT NULL,
  `created` timestamp NULL DEFAULT NULL,
  `changed` timestamp NOT NULL DEFAULT CURRENT_TIMESTAMP ON UPDATE CURRENT_TIMESTAMP,
  PRIMARY KEY (`id`),
  KEY `pageId` (`pageId`)
) ENGINE=InnoDB  DEFAULT CHARSET=utf8 ROW_FORMAT=COMPACT AUTO_INCREMENT=207 ;

--
-- Daten für Tabelle `page-DEFAULT_PAGE_1-1-Instances`
--

INSERT INTO `page-DEFAULT_PAGE_1-1-Instances` (`id`, `pageId`, `version`, `idLanguages`, `idUsers`, `articletitle`, `description`, `header_embed_code`, `pics_title`, `docs_title`, `internal_links_title`, `video_title`, `video_embed_code`, `shortdescription`, `contact`, `creator`, `created`, `changed`) VALUES
(205, '4d5a440d3de7b', 1, 1, 2, '', '', NULL, '', '', '', '', '', '', '', 2, '2011-02-15 10:14:53', '2011-02-15 10:14:53');

-- --------------------------------------------------------

--
-- Tabellenstruktur für Tabelle `page-DEFAULT_PAGE_1-1-Region11-InstanceFiles`
--

CREATE TABLE IF NOT EXISTS `page-DEFAULT_PAGE_1-1-Region11-InstanceFiles` (
  `id` bigint(20) unsigned NOT NULL AUTO_INCREMENT,
  `pageId` varchar(32) NOT NULL,
  `version` int(10) unsigned NOT NULL,
  `idLanguages` int(10) unsigned NOT NULL DEFAULT '1',
  `idRegionInstances` bigint(20) unsigned NOT NULL,
  `idFiles` bigint(20) unsigned NOT NULL,
  `displayOption` varchar(64) DEFAULT NULL,
  `idFields` bigint(20) unsigned NOT NULL,
  PRIMARY KEY (`id`),
  KEY `pageId` (`pageId`),
  KEY `idRegionInstances` (`idRegionInstances`),
  KEY `idFiles` (`idFiles`)
) ENGINE=InnoDB DEFAULT CHARSET=utf8 ROW_FORMAT=COMPACT AUTO_INCREMENT=1 ;

--
-- Daten für Tabelle `page-DEFAULT_PAGE_1-1-Region11-InstanceFiles`
--


-- --------------------------------------------------------

--
-- Tabellenstruktur für Tabelle `page-DEFAULT_PAGE_1-1-Region11-InstanceMultiFields`
--

CREATE TABLE IF NOT EXISTS `page-DEFAULT_PAGE_1-1-Region11-InstanceMultiFields` (
  `id` bigint(20) unsigned NOT NULL AUTO_INCREMENT,
  `pageId` varchar(32) NOT NULL,
  `version` int(10) unsigned NOT NULL,
  `idLanguages` int(10) unsigned NOT NULL DEFAULT '1',
  `idRegionInstances` bigint(20) unsigned NOT NULL,
  `idRelation` bigint(20) unsigned NOT NULL,
  `value` varchar(255) DEFAULT NULL,
  `idFields` bigint(20) unsigned NOT NULL,
  PRIMARY KEY (`id`),
  KEY `pageId` (`pageId`),
  KEY `idRegionInstances` (`idRegionInstances`)
) ENGINE=InnoDB DEFAULT CHARSET=utf8 ROW_FORMAT=COMPACT AUTO_INCREMENT=1 ;

--
-- Daten für Tabelle `page-DEFAULT_PAGE_1-1-Region11-InstanceMultiFields`
--


-- --------------------------------------------------------

--
-- Tabellenstruktur für Tabelle `page-DEFAULT_PAGE_1-1-Region11-Instances`
--

CREATE TABLE IF NOT EXISTS `page-DEFAULT_PAGE_1-1-Region11-Instances` (
  `id` bigint(20) unsigned NOT NULL AUTO_INCREMENT,
  `pageId` varchar(32) NOT NULL,
  `version` int(10) unsigned NOT NULL,
  `idLanguages` int(10) unsigned NOT NULL DEFAULT '1',
  `sortPosition` int(10) unsigned NOT NULL,
  `block_title` varchar(255) DEFAULT NULL,
  `block_description` text,
  PRIMARY KEY (`id`),
  KEY `pageId` (`pageId`)
) ENGINE=InnoDB  DEFAULT CHARSET=utf8 ROW_FORMAT=COMPACT AUTO_INCREMENT=481 ;

--
-- Daten für Tabelle `page-DEFAULT_PAGE_1-1-Region11-Instances`
--

INSERT INTO `page-DEFAULT_PAGE_1-1-Region11-Instances` (`id`, `pageId`, `version`, `idLanguages`, `sortPosition`, `block_title`, `block_description`) VALUES
(479, '4d5a440d3de7b', 1, 1, 1, '', '');

-- --------------------------------------------------------

--
-- Tabellenstruktur für Tabelle `page-DEFAULT_PAGE_1-1-Region14-InstanceFiles`
--

CREATE TABLE IF NOT EXISTS `page-DEFAULT_PAGE_1-1-Region14-InstanceFiles` (
  `id` bigint(20) unsigned NOT NULL AUTO_INCREMENT,
  `pageId` varchar(32) NOT NULL,
  `version` int(10) unsigned NOT NULL,
  `idLanguages` int(10) unsigned NOT NULL DEFAULT '1',
  `idRegionInstances` bigint(20) unsigned NOT NULL,
  `idFiles` bigint(20) unsigned NOT NULL,
  `displayOption` varchar(64) DEFAULT NULL,
  `idFields` bigint(20) unsigned NOT NULL,
  PRIMARY KEY (`id`),
  KEY `pageId` (`pageId`),
  KEY `idRegionInstances` (`idRegionInstances`),
  KEY `idFiles` (`idFiles`)
) ENGINE=InnoDB DEFAULT CHARSET=utf8 ROW_FORMAT=COMPACT AUTO_INCREMENT=1 ;

--
-- Daten für Tabelle `page-DEFAULT_PAGE_1-1-Region14-InstanceFiles`
--


-- --------------------------------------------------------

--
-- Tabellenstruktur für Tabelle `page-DEFAULT_PAGE_1-1-Region14-Instances`
--

CREATE TABLE IF NOT EXISTS `page-DEFAULT_PAGE_1-1-Region14-Instances` (
  `id` bigint(20) unsigned NOT NULL AUTO_INCREMENT,
  `pageId` varchar(32) NOT NULL,
  `version` int(10) unsigned NOT NULL,
  `idLanguages` int(10) unsigned NOT NULL DEFAULT '1',
  `sortPosition` int(10) unsigned NOT NULL,
  `sidebar_title` varchar(255) DEFAULT NULL,
  `sidebar_description` text,
  PRIMARY KEY (`id`),
  KEY `pageId` (`pageId`)
) ENGINE=InnoDB DEFAULT CHARSET=utf8 ROW_FORMAT=COMPACT AUTO_INCREMENT=1 ;

--
-- Daten für Tabelle `page-DEFAULT_PAGE_1-1-Region14-Instances`
--


-- --------------------------------------------------------

--
-- Tabellenstruktur für Tabelle `page-DEFAULT_PAGE_1-1-Region71-InstanceFiles`
--

CREATE TABLE IF NOT EXISTS `page-DEFAULT_PAGE_1-1-Region71-InstanceFiles` (
  `id` bigint(20) unsigned NOT NULL AUTO_INCREMENT,
  `pageId` varchar(32) NOT NULL,
  `version` int(10) unsigned NOT NULL,
  `idLanguages` int(10) unsigned NOT NULL DEFAULT '1',
  `idRegionInstances` bigint(20) unsigned NOT NULL,
  `idFiles` bigint(20) unsigned NOT NULL,
  `displayOption` varchar(64) DEFAULT NULL,
  `idFields` bigint(20) unsigned NOT NULL,
  PRIMARY KEY (`id`),
  KEY `globalId` (`pageId`),
  KEY `idRegionInstances` (`idRegionInstances`),
  KEY `idFiles` (`idFiles`)
) ENGINE=InnoDB DEFAULT CHARSET=utf8 ROW_FORMAT=COMPACT AUTO_INCREMENT=1 ;

--
-- Daten für Tabelle `page-DEFAULT_PAGE_1-1-Region71-InstanceFiles`
--


-- --------------------------------------------------------

--
-- Tabellenstruktur für Tabelle `page-DEFAULT_PAGE_1-1-Region71-Instances`
--

CREATE TABLE IF NOT EXISTS `page-DEFAULT_PAGE_1-1-Region71-Instances` (
  `id` bigint(20) unsigned NOT NULL AUTO_INCREMENT,
  `pageId` varchar(32) NOT NULL,
  `version` int(10) unsigned NOT NULL,
  `idLanguages` int(10) unsigned NOT NULL DEFAULT '1',
  `sortPosition` int(10) unsigned NOT NULL,
  `docs_title` varchar(255) NOT NULL,
  PRIMARY KEY (`id`),
  KEY `globalId` (`pageId`)
) ENGINE=InnoDB DEFAULT CHARSET=utf8 ROW_FORMAT=COMPACT AUTO_INCREMENT=1 ;

--
-- Daten für Tabelle `page-DEFAULT_PAGE_1-1-Region71-Instances`
--


-- --------------------------------------------------------

--
-- Tabellenstruktur für Tabelle `page-DEFAULT_PRESS_AREA-1-InstanceFiles`
--

CREATE TABLE IF NOT EXISTS `page-DEFAULT_PRESS_AREA-1-InstanceFiles` (
  `id` bigint(20) unsigned NOT NULL AUTO_INCREMENT,
  `pageId` varchar(32) NOT NULL,
  `version` int(10) unsigned NOT NULL,
  `idLanguages` int(10) unsigned NOT NULL DEFAULT '1',
  `sortPosition` int(10) unsigned NOT NULL,
  `idFiles` bigint(20) unsigned NOT NULL,
  `displayOption` varchar(64) DEFAULT NULL,
  `idFields` bigint(20) unsigned NOT NULL,
  PRIMARY KEY (`id`),
  KEY `pageId` (`pageId`),
  KEY `idFiles` (`idFiles`)
) ENGINE=InnoDB DEFAULT CHARSET=utf8 ROW_FORMAT=COMPACT AUTO_INCREMENT=1 ;

--
-- Daten für Tabelle `page-DEFAULT_PRESS_AREA-1-InstanceFiles`
--


-- --------------------------------------------------------

--
-- Tabellenstruktur für Tabelle `page-DEFAULT_PRESS_AREA-1-InstanceMultiFields`
--

CREATE TABLE IF NOT EXISTS `page-DEFAULT_PRESS_AREA-1-InstanceMultiFields` (
  `id` bigint(20) unsigned NOT NULL AUTO_INCREMENT,
  `pageId` varchar(32) NOT NULL,
  `version` int(10) unsigned NOT NULL,
  `idLanguages` int(10) unsigned NOT NULL DEFAULT '1',
  `idRelation` bigint(20) unsigned NOT NULL,
  `value` varchar(255) DEFAULT NULL,
  `idFields` bigint(20) unsigned NOT NULL,
  PRIMARY KEY (`id`),
  KEY `pageId` (`pageId`)
) ENGINE=InnoDB DEFAULT CHARSET=utf8 ROW_FORMAT=COMPACT AUTO_INCREMENT=1 ;

--
-- Daten für Tabelle `page-DEFAULT_PRESS_AREA-1-InstanceMultiFields`
--


-- --------------------------------------------------------

--
-- Tabellenstruktur für Tabelle `page-DEFAULT_PRESS_AREA-1-Instances`
--

CREATE TABLE IF NOT EXISTS `page-DEFAULT_PRESS_AREA-1-Instances` (
  `id` bigint(20) unsigned NOT NULL AUTO_INCREMENT,
  `pageId` varchar(32) NOT NULL,
  `version` int(10) unsigned NOT NULL,
  `idLanguages` int(10) unsigned NOT NULL DEFAULT '1',
  `idUsers` bigint(20) unsigned NOT NULL,
  `articletitle` varchar(255) DEFAULT NULL,
  `entry_title` varchar(255) DEFAULT NULL,
  `entry_point` bigint(20) unsigned DEFAULT NULL,
  `entry_category` bigint(20) unsigned DEFAULT NULL,
  `entry_label` bigint(20) unsigned DEFAULT NULL,
  `shortdescription` text,
  `description` text,
  `contact` varchar(255) DEFAULT NULL,
  `creator` bigint(20) unsigned NOT NULL,
  `created` timestamp NULL DEFAULT NULL,
  `changed` timestamp NOT NULL DEFAULT CURRENT_TIMESTAMP ON UPDATE CURRENT_TIMESTAMP,
  PRIMARY KEY (`id`),
  KEY `pageId` (`pageId`)
) ENGINE=InnoDB DEFAULT CHARSET=utf8 ROW_FORMAT=COMPACT AUTO_INCREMENT=1 ;

--
-- Daten für Tabelle `page-DEFAULT_PRESS_AREA-1-Instances`
--


-- --------------------------------------------------------

--
-- Tabellenstruktur für Tabelle `page-DEFAULT_PROCESS-1-InstanceFiles`
--

CREATE TABLE IF NOT EXISTS `page-DEFAULT_PROCESS-1-InstanceFiles` (
  `id` bigint(20) unsigned NOT NULL AUTO_INCREMENT,
  `pageId` varchar(32) NOT NULL,
  `version` int(10) unsigned NOT NULL,
  `idLanguages` int(10) unsigned NOT NULL DEFAULT '1',
  `sortPosition` int(10) unsigned NOT NULL,
  `idFiles` bigint(20) unsigned NOT NULL,
  `displayOption` varchar(64) DEFAULT NULL,
  `idFields` bigint(20) unsigned NOT NULL,
  PRIMARY KEY (`id`),
  KEY `pageId` (`pageId`),
  KEY `idFiles` (`idFiles`)
) ENGINE=InnoDB DEFAULT CHARSET=utf8 ROW_FORMAT=COMPACT AUTO_INCREMENT=1 ;

--
-- Daten für Tabelle `page-DEFAULT_PROCESS-1-InstanceFiles`
--


-- --------------------------------------------------------

--
-- Tabellenstruktur für Tabelle `page-DEFAULT_PROCESS-1-InstanceMultiFields`
--

CREATE TABLE IF NOT EXISTS `page-DEFAULT_PROCESS-1-InstanceMultiFields` (
  `id` bigint(20) unsigned NOT NULL AUTO_INCREMENT,
  `pageId` varchar(32) NOT NULL,
  `version` int(10) unsigned NOT NULL,
  `idLanguages` int(10) unsigned NOT NULL DEFAULT '1',
  `idRelation` bigint(20) unsigned NOT NULL,
  `value` varchar(255) DEFAULT NULL,
  `idFields` bigint(20) unsigned NOT NULL,
  PRIMARY KEY (`id`),
  KEY `pageId` (`pageId`)
) ENGINE=InnoDB DEFAULT CHARSET=utf8 ROW_FORMAT=COMPACT AUTO_INCREMENT=1 ;

--
-- Daten für Tabelle `page-DEFAULT_PROCESS-1-InstanceMultiFields`
--


-- --------------------------------------------------------

--
-- Tabellenstruktur für Tabelle `page-DEFAULT_PROCESS-1-Instances`
--

CREATE TABLE IF NOT EXISTS `page-DEFAULT_PROCESS-1-Instances` (
  `id` bigint(20) unsigned NOT NULL AUTO_INCREMENT,
  `pageId` varchar(32) NOT NULL,
  `version` int(10) unsigned NOT NULL,
  `idLanguages` int(10) unsigned NOT NULL DEFAULT '1',
  `idUsers` bigint(20) unsigned NOT NULL,
  `description` text,
  `shortdescription` text,
  `department` varchar(255) DEFAULT NULL,
  `position` varchar(255) DEFAULT NULL,
  `content_responsible` varchar(255) DEFAULT NULL,
  `organizational_responsible` varchar(255) DEFAULT NULL,
  `process_inputs` text,
  `process_output` text,
  `process_indicator` text,
  `process_instructions` text,
  `process_techniques` text,
  `creator` bigint(20) unsigned NOT NULL,
  `created` timestamp NULL DEFAULT NULL,
  `changed` timestamp NOT NULL DEFAULT CURRENT_TIMESTAMP ON UPDATE CURRENT_TIMESTAMP,
  PRIMARY KEY (`id`),
  KEY `pageId` (`pageId`)
) ENGINE=InnoDB DEFAULT CHARSET=utf8 ROW_FORMAT=COMPACT AUTO_INCREMENT=1 ;

--
-- Daten für Tabelle `page-DEFAULT_PROCESS-1-Instances`
--


-- --------------------------------------------------------

--
-- Tabellenstruktur für Tabelle `page-DEFAULT_PROCESS-1-Region27-Instances`
--

CREATE TABLE IF NOT EXISTS `page-DEFAULT_PROCESS-1-Region27-Instances` (
  `id` bigint(20) unsigned NOT NULL AUTO_INCREMENT,
  `pageId` varchar(32) NOT NULL,
  `version` int(10) unsigned NOT NULL,
  `idLanguages` int(10) unsigned NOT NULL DEFAULT '1',
  `sortPosition` int(10) unsigned NOT NULL,
  `instruction_title` varchar(255) DEFAULT NULL,
  `instruction_description` text,
  PRIMARY KEY (`id`),
  KEY `pageId` (`pageId`)
) ENGINE=InnoDB DEFAULT CHARSET=utf8 ROW_FORMAT=COMPACT AUTO_INCREMENT=1 ;

--
-- Daten für Tabelle `page-DEFAULT_PROCESS-1-Region27-Instances`
--


-- --------------------------------------------------------

--
-- Tabellenstruktur für Tabelle `page-DEFAULT_PROCESS-1-Region29-Instances`
--

CREATE TABLE IF NOT EXISTS `page-DEFAULT_PROCESS-1-Region29-Instances` (
  `id` bigint(20) unsigned NOT NULL AUTO_INCREMENT,
  `pageId` varchar(32) NOT NULL,
  `version` int(10) unsigned NOT NULL,
  `idLanguages` int(10) unsigned NOT NULL DEFAULT '1',
  `sortPosition` int(10) unsigned NOT NULL,
  `steps_title` varchar(255) DEFAULT NULL,
  `steps_text` text,
  `steps_who` varchar(255) DEFAULT NULL,
  PRIMARY KEY (`id`),
  KEY `pageId` (`pageId`)
) ENGINE=InnoDB DEFAULT CHARSET=utf8 ROW_FORMAT=COMPACT AUTO_INCREMENT=1 ;

--
-- Daten für Tabelle `page-DEFAULT_PROCESS-1-Region29-Instances`
--


-- --------------------------------------------------------

--
-- Tabellenstruktur für Tabelle `page-DEFAULT_PROCESS-1-Region32-Instances`
--

CREATE TABLE IF NOT EXISTS `page-DEFAULT_PROCESS-1-Region32-Instances` (
  `id` bigint(20) unsigned NOT NULL AUTO_INCREMENT,
  `pageId` varchar(32) NOT NULL,
  `version` int(10) unsigned NOT NULL,
  `idLanguages` int(10) unsigned NOT NULL DEFAULT '1',
  `sortPosition` int(10) unsigned NOT NULL,
  `risk_description` text NOT NULL,
  `risk_measure` text NOT NULL,
  PRIMARY KEY (`id`),
  KEY `pageId` (`pageId`)
) ENGINE=InnoDB DEFAULT CHARSET=utf8 ROW_FORMAT=COMPACT AUTO_INCREMENT=1 ;

--
-- Daten für Tabelle `page-DEFAULT_PROCESS-1-Region32-Instances`
--


-- --------------------------------------------------------

--
-- Tabellenstruktur für Tabelle `page-DEFAULT_PROCESS-1-Region33-Instances`
--

CREATE TABLE IF NOT EXISTS `page-DEFAULT_PROCESS-1-Region33-Instances` (
  `id` bigint(20) unsigned NOT NULL AUTO_INCREMENT,
  `pageId` varchar(32) NOT NULL,
  `version` int(10) unsigned NOT NULL,
  `idLanguages` int(10) unsigned NOT NULL DEFAULT '1',
  `sortPosition` int(10) unsigned NOT NULL,
  `rule_title` varchar(255) DEFAULT NULL,
  `rule_text` text,
  PRIMARY KEY (`id`),
  KEY `pageId` (`pageId`)
) ENGINE=InnoDB DEFAULT CHARSET=utf8 ROW_FORMAT=COMPACT AUTO_INCREMENT=1 ;

--
-- Daten für Tabelle `page-DEFAULT_PROCESS-1-Region33-Instances`
--


-- --------------------------------------------------------

--
-- Tabellenstruktur für Tabelle `page-DEFAULT_PRODUCT_TREE-1-InstanceFiles`
--

CREATE TABLE IF NOT EXISTS `page-DEFAULT_PRODUCT_TREE-1-InstanceFiles` (
  `id` bigint(20) unsigned NOT NULL AUTO_INCREMENT,
  `pageId` varchar(32) NOT NULL,
  `version` int(10) unsigned NOT NULL,
  `idLanguages` int(10) unsigned NOT NULL DEFAULT '1',
  `sortPosition` int(10) unsigned NOT NULL,
  `idFiles` bigint(20) unsigned NOT NULL,
  `displayOption` varchar(64) DEFAULT NULL,
  `idFields` bigint(20) unsigned NOT NULL,
  PRIMARY KEY (`id`),
  KEY `pageId` (`pageId`),
  KEY `idFiles` (`idFiles`)
) ENGINE=InnoDB DEFAULT CHARSET=utf8 ROW_FORMAT=COMPACT AUTO_INCREMENT=1 ;

--
-- Daten für Tabelle `page-DEFAULT_PRODUCT_TREE-1-InstanceFiles`
--


-- --------------------------------------------------------

--
-- Tabellenstruktur für Tabelle `page-DEFAULT_PRODUCT_TREE-1-InstanceMultiFields`
--

CREATE TABLE IF NOT EXISTS `page-DEFAULT_PRODUCT_TREE-1-InstanceMultiFields` (
  `id` bigint(20) unsigned NOT NULL AUTO_INCREMENT,
  `pageId` varchar(32) NOT NULL,
  `version` int(10) unsigned NOT NULL,
  `idLanguages` int(10) unsigned NOT NULL DEFAULT '1',
  `idRelation` bigint(20) unsigned NOT NULL,
  `value` varchar(255) DEFAULT NULL,
  `idFields` bigint(20) unsigned NOT NULL,
  PRIMARY KEY (`id`),
  KEY `pageId` (`pageId`)
) ENGINE=InnoDB DEFAULT CHARSET=utf8 ROW_FORMAT=COMPACT AUTO_INCREMENT=1 ;

--
-- Daten für Tabelle `page-DEFAULT_PRODUCT_TREE-1-InstanceMultiFields`
--


-- --------------------------------------------------------

--
-- Tabellenstruktur für Tabelle `page-DEFAULT_PRODUCT_TREE-1-Instances`
--

CREATE TABLE IF NOT EXISTS `page-DEFAULT_PRODUCT_TREE-1-Instances` (
  `id` bigint(20) unsigned NOT NULL AUTO_INCREMENT,
  `pageId` varchar(32) NOT NULL,
  `version` int(10) unsigned NOT NULL,
  `idLanguages` int(10) unsigned NOT NULL DEFAULT '1',
  `idUsers` bigint(20) unsigned NOT NULL,
  `articletitle` varchar(255) DEFAULT NULL,
  `entry_title` varchar(255) DEFAULT NULL,
  `entry_point` bigint(20) unsigned DEFAULT NULL,
  `entry_category` bigint(20) unsigned DEFAULT NULL,
  `entry_label` bigint(20) unsigned DEFAULT NULL,
  `entry_sorttype` bigint(20) unsigned DEFAULT NULL,
  `entry_pic_tag` bigint(20) unsigned DEFAULT NULL,
  `shortdescription` text,
  `description` text,
  `contact` varchar(255) DEFAULT NULL,
  `creator` bigint(20) unsigned NOT NULL,
  `created` timestamp NULL DEFAULT NULL,
  `changed` timestamp NOT NULL DEFAULT CURRENT_TIMESTAMP ON UPDATE CURRENT_TIMESTAMP,
  PRIMARY KEY (`id`),
  KEY `pageId` (`pageId`)
) ENGINE=InnoDB DEFAULT CHARSET=utf8 ROW_FORMAT=COMPACT AUTO_INCREMENT=1 ;

--
-- Daten für Tabelle `page-DEFAULT_PRODUCT_TREE-1-Instances`
--


-- --------------------------------------------------------

--
-- Tabellenstruktur für Tabelle `page-DEFAULT_STARTPAGE-1-InstanceFiles`
--

CREATE TABLE IF NOT EXISTS `page-DEFAULT_STARTPAGE-1-InstanceFiles` (
  `id` bigint(20) unsigned NOT NULL AUTO_INCREMENT,
  `pageId` varchar(32) NOT NULL,
  `version` int(10) unsigned NOT NULL,
  `idLanguages` int(10) unsigned NOT NULL DEFAULT '1',
  `sortPosition` int(10) unsigned NOT NULL,
  `idFiles` bigint(20) unsigned NOT NULL,
  `displayOption` varchar(64) DEFAULT NULL,
  `idFields` bigint(20) unsigned NOT NULL,
  PRIMARY KEY (`id`),
  KEY `pageId` (`pageId`),
  KEY `idFiles` (`idFiles`)
) ENGINE=InnoDB DEFAULT CHARSET=utf8 ROW_FORMAT=COMPACT AUTO_INCREMENT=1 ;

--
-- Daten für Tabelle `page-DEFAULT_STARTPAGE-1-InstanceFiles`
--


-- --------------------------------------------------------

--
-- Tabellenstruktur für Tabelle `page-DEFAULT_STARTPAGE-1-Instances`
--

CREATE TABLE IF NOT EXISTS `page-DEFAULT_STARTPAGE-1-Instances` (
  `id` bigint(20) unsigned NOT NULL AUTO_INCREMENT,
  `pageId` varchar(32) NOT NULL,
  `version` int(10) unsigned NOT NULL,
  `idLanguages` int(10) unsigned NOT NULL DEFAULT '1',
  `idUsers` bigint(20) unsigned NOT NULL,
  `articletitle` varchar(255) DEFAULT NULL,
  `description` text,
  `shortdescription` text,
  `header_embed_code` text,
  `global_entry_title` varchar(255) DEFAULT NULL,
  `global_entry_point` bigint(20) unsigned NOT NULL,
  `global_entry_category` bigint(20) unsigned NOT NULL,
  `global_entry_label` bigint(20) unsigned NOT NULL,
  `global_entry_nav_point` bigint(20) unsigned NOT NULL,
  `top_title` text,
  `top_category` text,
  `top_label` text,
  `top_number` text,
  `top_sorttype` text,
  `top_sortorder` text,
  `banner_title` text,
  `banner_description` text,
  `creator` bigint(20) unsigned NOT NULL,
  `created` timestamp NULL DEFAULT NULL,
  `changed` timestamp NOT NULL DEFAULT CURRENT_TIMESTAMP ON UPDATE CURRENT_TIMESTAMP,
  PRIMARY KEY (`id`),
  KEY `pageId` (`pageId`)
) ENGINE=InnoDB DEFAULT CHARSET=utf8 ROW_FORMAT=COMPACT AUTO_INCREMENT=1 ;

--
-- Daten für Tabelle `page-DEFAULT_STARTPAGE-1-Instances`
--


-- --------------------------------------------------------

--
-- Tabellenstruktur für Tabelle `page-DEFAULT_STARTPAGE-1-Region11-InstanceFiles`
--

CREATE TABLE IF NOT EXISTS `page-DEFAULT_STARTPAGE-1-Region11-InstanceFiles` (
  `id` bigint(20) unsigned NOT NULL AUTO_INCREMENT,
  `pageId` varchar(32) NOT NULL,
  `version` int(10) unsigned NOT NULL,
  `idLanguages` int(10) unsigned NOT NULL DEFAULT '1',
  `idRegionInstances` bigint(20) unsigned NOT NULL,
  `idFiles` bigint(20) unsigned NOT NULL,
  `displayOption` varchar(64) DEFAULT NULL,
  `idFields` bigint(20) unsigned NOT NULL,
  PRIMARY KEY (`id`),
  KEY `pageId` (`pageId`),
  KEY `idRegionInstances` (`idRegionInstances`),
  KEY `idFiles` (`idFiles`)
) ENGINE=InnoDB DEFAULT CHARSET=utf8 ROW_FORMAT=COMPACT AUTO_INCREMENT=1 ;

--
-- Daten für Tabelle `page-DEFAULT_STARTPAGE-1-Region11-InstanceFiles`
--


-- --------------------------------------------------------

--
-- Tabellenstruktur für Tabelle `page-DEFAULT_STARTPAGE-1-Region11-InstanceMultiFields`
--

CREATE TABLE IF NOT EXISTS `page-DEFAULT_STARTPAGE-1-Region11-InstanceMultiFields` (
  `id` bigint(20) unsigned NOT NULL AUTO_INCREMENT,
  `pageId` varchar(32) NOT NULL,
  `version` int(10) unsigned NOT NULL,
  `idLanguages` int(10) unsigned NOT NULL DEFAULT '1',
  `idRegionInstances` bigint(20) unsigned NOT NULL,
  `idRelation` bigint(20) unsigned NOT NULL,
  `value` varchar(255) DEFAULT NULL,
  `idFields` bigint(20) unsigned NOT NULL,
  PRIMARY KEY (`id`),
  KEY `pageId` (`pageId`),
  KEY `idRegionInstances` (`idRegionInstances`)
) ENGINE=InnoDB DEFAULT CHARSET=utf8 ROW_FORMAT=COMPACT AUTO_INCREMENT=1 ;

--
-- Daten für Tabelle `page-DEFAULT_STARTPAGE-1-Region11-InstanceMultiFields`
--


-- --------------------------------------------------------

--
-- Tabellenstruktur für Tabelle `page-DEFAULT_STARTPAGE-1-Region11-Instances`
--

CREATE TABLE IF NOT EXISTS `page-DEFAULT_STARTPAGE-1-Region11-Instances` (
  `id` bigint(20) unsigned NOT NULL AUTO_INCREMENT,
  `pageId` varchar(32) NOT NULL,
  `version` int(10) unsigned NOT NULL,
  `idLanguages` int(10) unsigned NOT NULL DEFAULT '1',
  `sortPosition` int(10) unsigned NOT NULL,
  `block_title` varchar(255) DEFAULT NULL,
  `block_description` text,
  PRIMARY KEY (`id`),
  KEY `pageId` (`pageId`)
) ENGINE=InnoDB DEFAULT CHARSET=utf8 ROW_FORMAT=COMPACT AUTO_INCREMENT=1 ;

--
-- Daten für Tabelle `page-DEFAULT_STARTPAGE-1-Region11-Instances`
--


-- --------------------------------------------------------

--
-- Tabellenstruktur für Tabelle `page-DEFAULT_STARTPAGE-1-Region17-Instances`
--

CREATE TABLE IF NOT EXISTS `page-DEFAULT_STARTPAGE-1-Region17-Instances` (
  `id` bigint(20) unsigned NOT NULL AUTO_INCREMENT,
  `pageId` varchar(32) NOT NULL,
  `version` int(10) unsigned NOT NULL,
  `idLanguages` int(10) unsigned NOT NULL DEFAULT '1',
  `sortPosition` int(10) unsigned NOT NULL,
  `entry_title` varchar(255) DEFAULT NULL,
  `entry_nav_point` bigint(20) unsigned DEFAULT NULL,
  `entry_category` bigint(20) unsigned DEFAULT NULL,
  `entry_label` bigint(20) unsigned DEFAULT NULL,
  `entry_number` bigint(20) unsigned DEFAULT NULL,
  `entry_sorttype` bigint(20) unsigned DEFAULT NULL,
  `entry_sortorder` bigint(20) unsigned DEFAULT NULL,
  PRIMARY KEY (`id`),
  KEY `pageId` (`pageId`)
) ENGINE=InnoDB DEFAULT CHARSET=utf8 ROW_FORMAT=COMPACT AUTO_INCREMENT=1 ;

--
-- Daten für Tabelle `page-DEFAULT_STARTPAGE-1-Region17-Instances`
--


-- --------------------------------------------------------

--
-- Tabellenstruktur für Tabelle `page-DEFAULT_STARTPAGE-1-Region83-InstanceFiles`
--

CREATE TABLE IF NOT EXISTS `page-DEFAULT_STARTPAGE-1-Region83-InstanceFiles` (
  `id` bigint(20) unsigned NOT NULL AUTO_INCREMENT,
  `pageId` varchar(32) NOT NULL,
  `version` int(10) unsigned NOT NULL,
  `idLanguages` int(10) unsigned NOT NULL DEFAULT '1',
  `idRegionInstances` bigint(20) unsigned NOT NULL,
  `idFiles` bigint(20) unsigned NOT NULL,
  `displayOption` varchar(64) DEFAULT NULL,
  `idFields` bigint(20) unsigned NOT NULL,
  PRIMARY KEY (`id`),
  KEY `pageId` (`pageId`),
  KEY `idRegionInstances` (`idRegionInstances`),
  KEY `idFiles` (`idFiles`)
) ENGINE=InnoDB DEFAULT CHARSET=utf8 ROW_FORMAT=COMPACT AUTO_INCREMENT=1 ;

--
-- Daten für Tabelle `page-DEFAULT_STARTPAGE-1-Region83-InstanceFiles`
--


-- --------------------------------------------------------

--
-- Tabellenstruktur für Tabelle `page-DEFAULT_STARTPAGE-1-Region83-Instances`
--

CREATE TABLE IF NOT EXISTS `page-DEFAULT_STARTPAGE-1-Region83-Instances` (
  `id` bigint(20) unsigned NOT NULL AUTO_INCREMENT,
  `pageId` varchar(32) NOT NULL,
  `version` int(10) unsigned NOT NULL,
  `idLanguages` int(10) unsigned NOT NULL DEFAULT '1',
  `sortPosition` int(10) unsigned NOT NULL,
  `header_link` varchar(128) DEFAULT NULL,
  PRIMARY KEY (`id`),
  KEY `pageId` (`pageId`)
) ENGINE=InnoDB DEFAULT CHARSET=utf8 ROW_FORMAT=COMPACT AUTO_INCREMENT=1 ;

--
-- Daten für Tabelle `page-DEFAULT_STARTPAGE-1-Region83-Instances`
--


-- --------------------------------------------------------

--
-- Tabellenstruktur für Tabelle `page-DEFAULT_STARTPAGE-1-Region84-Instances`
--

CREATE TABLE IF NOT EXISTS `page-DEFAULT_STARTPAGE-1-Region84-Instances` (
  `id` bigint(20) unsigned NOT NULL AUTO_INCREMENT,
  `pageId` varchar(32) NOT NULL,
  `version` int(10) unsigned NOT NULL,
  `idLanguages` int(10) unsigned NOT NULL DEFAULT '1',
  `sortPosition` int(10) unsigned NOT NULL,
  `global_entry_title` varchar(255) DEFAULT NULL,
  `global_entry_point` bigint(20) unsigned DEFAULT NULL,
  `global_entry_category` bigint(20) unsigned DEFAULT NULL,
  `global_entry_label` bigint(20) unsigned DEFAULT NULL,
  `global_entry_nav_point` bigint(20) unsigned DEFAULT NULL,
  `global_entry_sorttype` bigint(20) unsigned DEFAULT NULL,
  `global_entry_sortorder` bigint(20) unsigned DEFAULT NULL,
  `global_entry_number` int(10) unsigned DEFAULT NULL,
  PRIMARY KEY (`id`),
  KEY `pageId` (`pageId`)
) ENGINE=InnoDB  DEFAULT CHARSET=utf8 ROW_FORMAT=COMPACT AUTO_INCREMENT=18 ;

--
-- Daten für Tabelle `page-DEFAULT_STARTPAGE-1-Region84-Instances`
--

INSERT INTO `page-DEFAULT_STARTPAGE-1-Region84-Instances` (`id`, `pageId`, `version`, `idLanguages`, `sortPosition`, `global_entry_title`, `global_entry_point`, `global_entry_category`, `global_entry_label`, `global_entry_nav_point`, `global_entry_sorttype`, `global_entry_sortorder`, `global_entry_number`) VALUES
(10, '4c04daad4cf9d', 1, 10, 1, '', 0, 0, 0, 0, 0, 0, 0),
(11, '4c2323a6ab141', 1, 10, 1, 'Products Overview', 17, 0, 56, 150, 16, 0, 8),
(12, '4c2323a6ab141', 1, 10, 2, 'Product Specials', 17, 0, 267, 150, 18, 0, 3),
(13, '4c7f62416533b', 1, 8, 1, '', 0, 0, 0, 0, 0, 0, 0),
(14, '4b4d8dc9a138f', 1, 1, 1, '', 0, 0, 0, 0, 0, 0, 0),
(16, '4cb6f63761180', 1, 5, 1, '', 0, 0, 0, 0, 0, 0, 0),
(17, '4d22f41eb02b5', 1, 10, 1, '', 0, 0, 0, 0, 0, 0, 0);

-- --------------------------------------------------------

--
-- Tabellenstruktur für Tabelle `pageCategories`
--

CREATE TABLE IF NOT EXISTS `pageCategories` (
  `id` bigint(20) unsigned NOT NULL AUTO_INCREMENT,
  `pageId` varchar(32) NOT NULL,
  `version` int(10) unsigned NOT NULL,
  `idLanguages` int(10) unsigned NOT NULL DEFAULT '1',
  `category` bigint(20) unsigned NOT NULL,
  `idUsers` bigint(20) unsigned NOT NULL,
  `creator` bigint(20) unsigned NOT NULL,
  `created` timestamp NULL DEFAULT NULL,
  `changed` timestamp NOT NULL DEFAULT CURRENT_TIMESTAMP ON UPDATE CURRENT_TIMESTAMP,
  PRIMARY KEY (`id`),
  KEY `pageId` (`pageId`),
  KEY `version` (`version`)
) ENGINE=InnoDB DEFAULT CHARSET=utf8 AUTO_INCREMENT=1 ;

--
-- Daten für Tabelle `pageCategories`
--


-- --------------------------------------------------------

--
-- Tabellenstruktur für Tabelle `pageCollections`
--

CREATE TABLE IF NOT EXISTS `pageCollections` (
  `id` bigint(20) unsigned NOT NULL AUTO_INCREMENT,
  `pageId` varchar(32) NOT NULL,
  `version` int(10) unsigned NOT NULL,
  `idLanguages` int(10) unsigned NOT NULL DEFAULT '1',
  `sortPosition` int(10) NOT NULL,
  `collectedPageId` varchar(255) NOT NULL,
  `idUsers` bigint(20) unsigned NOT NULL,
  `creator` bigint(20) unsigned NOT NULL,
  `created` timestamp NULL DEFAULT NULL,
  `changed` timestamp NOT NULL DEFAULT CURRENT_TIMESTAMP ON UPDATE CURRENT_TIMESTAMP,
  PRIMARY KEY (`id`),
  KEY `pageId` (`pageId`),
  KEY `version` (`version`)
) ENGINE=InnoDB DEFAULT CHARSET=utf8 AUTO_INCREMENT=1 ;

--
-- Daten für Tabelle `pageCollections`
--


-- --------------------------------------------------------

--
-- Tabellenstruktur für Tabelle `pageContacts`
--

CREATE TABLE IF NOT EXISTS `pageContacts` (
  `id` bigint(20) unsigned NOT NULL AUTO_INCREMENT,
  `pageId` varchar(32) NOT NULL,
  `version` int(10) unsigned NOT NULL,
  `idLanguages` int(10) unsigned NOT NULL DEFAULT '1',
  `sortPosition` int(10) unsigned NOT NULL,
  `idContacts` bigint(20) unsigned NOT NULL,
  `idFields` bigint(20) unsigned NOT NULL,
  `creator` bigint(20) unsigned NOT NULL,
  `created` timestamp NOT NULL DEFAULT CURRENT_TIMESTAMP,
  PRIMARY KEY (`id`),
  KEY `pageId` (`pageId`),
  KEY `version` (`version`),
  KEY `pageId_2` (`pageId`,`version`)
) ENGINE=InnoDB DEFAULT CHARSET=utf8 AUTO_INCREMENT=1 ;

--
-- Daten für Tabelle `pageContacts`
--


-- --------------------------------------------------------

--
-- Tabellenstruktur für Tabelle `pageDatetimes`
--

CREATE TABLE IF NOT EXISTS `pageDatetimes` (
  `id` bigint(20) unsigned NOT NULL AUTO_INCREMENT,
  `pageId` varchar(32) NOT NULL,
  `version` int(10) unsigned NOT NULL,
  `idLanguages` int(10) unsigned NOT NULL DEFAULT '1',
  `datetime` varchar(255) DEFAULT NULL,
  `idUsers` bigint(20) unsigned NOT NULL,
  `creator` bigint(20) unsigned NOT NULL,
  `created` timestamp NULL DEFAULT NULL,
  `changed` timestamp NOT NULL DEFAULT CURRENT_TIMESTAMP ON UPDATE CURRENT_TIMESTAMP,
  PRIMARY KEY (`id`),
  KEY `pageId` (`pageId`),
  KEY `version` (`version`),
  KEY `pageId_2` (`pageId`,`version`)
) ENGINE=InnoDB DEFAULT CHARSET=utf8 AUTO_INCREMENT=1 ;

--
-- Daten für Tabelle `pageDatetimes`
--


-- --------------------------------------------------------

--
-- Tabellenstruktur für Tabelle `pageExternals`
--

CREATE TABLE IF NOT EXISTS `pageExternals` (
  `id` bigint(20) unsigned NOT NULL AUTO_INCREMENT,
  `pageId` varchar(32) NOT NULL,
  `version` int(10) unsigned NOT NULL,
  `idLanguages` int(10) unsigned NOT NULL DEFAULT '1',
  `external` varchar(255) NOT NULL,
  `idUsers` bigint(20) unsigned NOT NULL,
  `creator` bigint(20) unsigned NOT NULL,
  `created` timestamp NULL DEFAULT NULL,
  `changed` timestamp NOT NULL DEFAULT CURRENT_TIMESTAMP ON UPDATE CURRENT_TIMESTAMP,
  PRIMARY KEY (`id`),
  KEY `pageId` (`pageId`)
) ENGINE=InnoDB  DEFAULT CHARSET=utf8 AUTO_INCREMENT=2 ;

--
-- Daten für Tabelle `pageExternals`
--


-- --------------------------------------------------------

--
-- Tabellenstruktur für Tabelle `pageGmaps`
--

CREATE TABLE IF NOT EXISTS `pageGmaps` (
  `id` bigint(20) unsigned NOT NULL AUTO_INCREMENT,
  `pageId` varchar(32) NOT NULL,
  `version` int(10) unsigned NOT NULL,
  `idLanguages` int(10) unsigned NOT NULL DEFAULT '1',
  `latitude` varchar(255) NOT NULL,
  `longitude` varchar(255) NOT NULL,
  `creator` bigint(20) unsigned NOT NULL,
  `created` timestamp NULL DEFAULT NULL,
  `changed` timestamp NOT NULL DEFAULT CURRENT_TIMESTAMP ON UPDATE CURRENT_TIMESTAMP,
  PRIMARY KEY (`id`),
  KEY `pageId` (`pageId`),
  KEY `version` (`version`)
) ENGINE=InnoDB DEFAULT CHARSET=utf8 AUTO_INCREMENT=1 ;

--
-- Daten für Tabelle `pageGmaps`
--


-- --------------------------------------------------------

--
-- Tabellenstruktur für Tabelle `pageIframes`
--

CREATE TABLE IF NOT EXISTS `pageIframes` (
  `id` bigint(20) unsigned NOT NULL AUTO_INCREMENT,
  `pageId` varchar(32) NOT NULL,
  `version` int(10) unsigned NOT NULL,
  `idLanguages` int(10) unsigned NOT NULL DEFAULT '1',
  `iframe` varchar(255) NOT NULL,
  `idUsers` bigint(20) unsigned NOT NULL,
  `creator` bigint(20) unsigned NOT NULL,
  `created` timestamp NULL DEFAULT NULL,
  `changed` timestamp NOT NULL DEFAULT CURRENT_TIMESTAMP ON UPDATE CURRENT_TIMESTAMP,
  PRIMARY KEY (`id`),
  KEY `pageId` (`pageId`)
) ENGINE=InnoDB DEFAULT CHARSET=utf8 AUTO_INCREMENT=1 ;

--
-- Daten für Tabelle `pageIframes`
--


-- --------------------------------------------------------

--
-- Tabellenstruktur für Tabelle `pageInternalLinks`
--

CREATE TABLE IF NOT EXISTS `pageInternalLinks` (
  `id` bigint(20) unsigned NOT NULL AUTO_INCREMENT,
  `pageId` varchar(32) NOT NULL,
  `version` int(10) unsigned NOT NULL,
  `idLanguages` int(10) unsigned NOT NULL DEFAULT '1',
  `idFields` int(10) unsigned NOT NULL DEFAULT '120',
  `sortPosition` int(10) NOT NULL,
  `linkedPageId` varchar(32) NOT NULL,
  `idUsers` bigint(20) unsigned NOT NULL,
  `creator` bigint(20) unsigned NOT NULL,
  `created` timestamp NULL DEFAULT NULL,
  `changed` timestamp NOT NULL DEFAULT CURRENT_TIMESTAMP ON UPDATE CURRENT_TIMESTAMP,
  PRIMARY KEY (`id`),
  KEY `pageId` (`pageId`),
  KEY `version` (`version`),
  KEY `linkedPageId` (`linkedPageId`)
) ENGINE=InnoDB DEFAULT CHARSET=utf8 AUTO_INCREMENT=1 ;

--
-- Daten für Tabelle `pageInternalLinks`
--


-- --------------------------------------------------------

--
-- Tabellenstruktur für Tabelle `pageLabels`
--

CREATE TABLE IF NOT EXISTS `pageLabels` (
  `id` bigint(20) unsigned NOT NULL AUTO_INCREMENT,
  `pageId` varchar(32) NOT NULL,
  `version` int(10) unsigned NOT NULL,
  `idLanguages` int(10) unsigned NOT NULL DEFAULT '1',
  `label` bigint(20) unsigned NOT NULL,
  `idUsers` bigint(20) unsigned NOT NULL,
  `creator` bigint(20) unsigned NOT NULL,
  `created` timestamp NULL DEFAULT NULL,
  `changed` timestamp NOT NULL DEFAULT CURRENT_TIMESTAMP ON UPDATE CURRENT_TIMESTAMP,
  PRIMARY KEY (`id`),
  KEY `pageId` (`pageId`),
  KEY `version` (`version`),
  KEY `pageId_2` (`pageId`,`version`)
) ENGINE=InnoDB DEFAULT CHARSET=utf8 AUTO_INCREMENT=1 ;

--
-- Daten für Tabelle `pageLabels`
--


-- --------------------------------------------------------

--
-- Tabellenstruktur für Tabelle `pageLinks`
--

CREATE TABLE IF NOT EXISTS `pageLinks` (
  `id` bigint(20) unsigned NOT NULL AUTO_INCREMENT,
  `idPages` bigint(20) unsigned NOT NULL,
  `pageId` varchar(32) NOT NULL COMMENT 'linked page',
  PRIMARY KEY (`id`),
  KEY `idPages` (`idPages`),
  KEY `pageId` (`pageId`)
) ENGINE=InnoDB DEFAULT CHARSET=utf8 AUTO_INCREMENT=1 ;

--
-- Daten für Tabelle `pageLinks`
--


-- --------------------------------------------------------

--
-- Tabellenstruktur für Tabelle `pagePermissions`
--

CREATE TABLE IF NOT EXISTS `pagePermissions` (
  `id` bigint(20) unsigned NOT NULL AUTO_INCREMENT,
  `idPages` bigint(20) unsigned NOT NULL,
  `idPermissions` bigint(20) unsigned NOT NULL,
  `idGroups` bigint(20) unsigned NOT NULL,
  PRIMARY KEY (`id`)
) ENGINE=InnoDB DEFAULT CHARSET=utf8 AUTO_INCREMENT=1 ;

--
-- Daten für Tabelle `pagePermissions`
--


-- --------------------------------------------------------

--
-- Tabellenstruktur für Tabelle `pageProperties`
--

CREATE TABLE IF NOT EXISTS `pageProperties` (
  `id` bigint(20) unsigned NOT NULL AUTO_INCREMENT,
  `pageId` varchar(32) NOT NULL,
  `version` int(10) unsigned NOT NULL,
  `idLanguages` int(10) unsigned NOT NULL,
  `idGenericForms` bigint(20) unsigned NOT NULL,
  `idTemplates` bigint(20) NOT NULL,
  `idPageTypes` bigint(20) unsigned NOT NULL,
  `showInNavigation` smallint(5) unsigned NOT NULL DEFAULT '0',
  `idDestination` bigint(20) unsigned DEFAULT '0',
  `idUsers` bigint(20) unsigned NOT NULL,
  `creator` bigint(20) unsigned NOT NULL,
  `publisher` bigint(20) unsigned NOT NULL,
  `created` timestamp NULL DEFAULT NULL,
  `changed` timestamp NOT NULL DEFAULT CURRENT_TIMESTAMP ON UPDATE CURRENT_TIMESTAMP,
  `published` timestamp NULL DEFAULT NULL,
  `idStatus` bigint(20) unsigned NOT NULL DEFAULT '0',
  PRIMARY KEY (`id`),
  UNIQUE KEY `pageId_2` (`pageId`,`version`,`idLanguages`),
  KEY `version` (`version`),
  KEY `idLanguages` (`idLanguages`),
  KEY `publisher` (`publisher`),
  KEY `creator` (`creator`),
  KEY `idUsers` (`idUsers`),
  KEY `pageId` (`pageId`)
) ENGINE=InnoDB  DEFAULT CHARSET=utf8 AUTO_INCREMENT=3 ;

--
-- Daten für Tabelle `pageProperties`
--

INSERT INTO `pageProperties` (`id`, `pageId`, `version`, `idLanguages`, `idGenericForms`, `idTemplates`, `idPageTypes`, `showInNavigation`, `idDestination`, `idUsers`, `creator`, `publisher`, `created`, `changed`, `published`, `idStatus`) VALUES
(1, '4d5a440d3de7b', 1, 1, 8, 3, 1, 1, 0, 2, 2, 2, '2011-02-15 10:16:09', '2011-02-15 10:16:09', '2011-02-15 10:16:09', 2);

-- --------------------------------------------------------

--
-- Tabellenstruktur für Tabelle `pageRegistrations`
--

CREATE TABLE IF NOT EXISTS `pageRegistrations` (
  `id` bigint(20) unsigned NOT NULL AUTO_INCREMENT,
  `idRootLevels` bigint(20) unsigned NOT NULL,
  `idPage` bigint(20) unsigned NOT NULL,
  `subject` varchar(255) NOT NULL,
  `salutation` varchar(255) DEFAULT NULL,
  `title` varchar(255) DEFAULT NULL,
  `fname` varchar(255) DEFAULT NULL,
  `sname` varchar(255) DEFAULT NULL,
  `company` varchar(255) DEFAULT NULL,
  `email` varchar(255) DEFAULT NULL,
  `phone` varchar(255) DEFAULT NULL,
  `fax` varchar(255) DEFAULT NULL,
  `function` varchar(255) DEFAULT NULL,
  `type` varchar(255) DEFAULT NULL,
  `street` varchar(255) DEFAULT NULL,
  `zip` varchar(255) DEFAULT NULL,
  `city` varchar(255) DEFAULT NULL,
  `state` varchar(255) DEFAULT NULL,
  `country` bigint(20) unsigned DEFAULT NULL COMMENT 'id of category',
  `attachment` varchar(255) DEFAULT NULL,
  `message` text,
  `checkLegalnotes` tinyint(1) NOT NULL DEFAULT '0',
  `created` timestamp NOT NULL DEFAULT CURRENT_TIMESTAMP ON UPDATE CURRENT_TIMESTAMP,
  PRIMARY KEY (`id`)
) ENGINE=InnoDB  DEFAULT CHARSET=utf8 AUTO_INCREMENT=24 ;

--
-- Daten für Tabelle `pageRegistrations`
--

INSERT INTO `pageRegistrations` (`id`, `idRootLevels`, `idPage`, `subject`, `salutation`, `title`, `fname`, `sname`, `company`, `email`, `phone`, `fax`, `function`, `type`, `street`, `zip`, `city`, `state`, `country`, `attachment`, `message`, `checkLegalnotes`, `created`) VALUES
(1, 1, 21, '', NULL, NULL, 'Cornelius', 'Hansjakob', NULL, 'c00n@gmx.at', NULL, NULL, NULL, NULL, NULL, NULL, NULL, NULL, NULL, NULL, NULL, 0, '2010-04-07 16:44:35'),
(2, 1, 21, '', NULL, NULL, 'Conny', 'HansiTest', NULL, 'c00n@gmx.at', NULL, NULL, NULL, NULL, NULL, NULL, NULL, NULL, NULL, 'rockpc_pc1_4bbc9b0e665e7.pdf', NULL, 0, '2010-04-07 16:47:44'),
(3, 1, 64, '', 'Herr', NULL, 'Conny', 'Hansi', NULL, 'c00n@gmx.at', '05574 / 90609-0', NULL, NULL, 'Privatperson', NULL, NULL, NULL, NULL, 328, NULL, 'Das ist ein TEST', 0, '2010-04-08 11:06:55'),
(4, 1, 64, '', 'Herr', NULL, 'Conny', 'Hansi', NULL, 'c00n@gmx.at', '05574 / 90609-0', NULL, NULL, 'Student', NULL, NULL, NULL, NULL, 328, NULL, 'TEST', 1, '2010-04-08 14:01:32'),
(5, 1, 21, '', NULL, NULL, 'Conny', 'Hansi', NULL, 'c00n@gmx.at', NULL, NULL, NULL, NULL, NULL, NULL, NULL, NULL, NULL, NULL, NULL, 0, '2010-04-09 08:35:12'),
(6, 1, 84, '', NULL, NULL, 'Thomas', 'Schedler', NULL, 'thomas.schedler@gmail.com', NULL, NULL, NULL, NULL, NULL, NULL, NULL, NULL, NULL, NULL, NULL, 0, '2010-04-15 10:09:27'),
(7, 1, 132, '', NULL, NULL, 'Thomas', 'Schedler', NULL, 'thomas.schedler@gmail.com', NULL, NULL, NULL, NULL, NULL, NULL, NULL, NULL, NULL, NULL, NULL, 0, '2010-04-15 14:42:35'),
(8, 1, 132, '', NULL, NULL, 'Thomas', 'Schedler', NULL, 'thomas.schedler@gmail.com', NULL, NULL, NULL, NULL, NULL, NULL, NULL, NULL, NULL, NULL, NULL, 0, '2010-04-15 14:45:40'),
(9, 1, 132, '', NULL, NULL, 'Thomas', 'Schedler', 'Massive Art GmbH', 'thomas.schedler@massiveart.com', '004369916609012', '004369916609012', NULL, NULL, NULL, NULL, NULL, NULL, NULL, NULL, NULL, 0, '2010-04-16 10:15:34'),
(10, 13, 163, '', NULL, NULL, 'Thomas', 'Schedler', NULL, 'thomas.schedler@massiveart.com', NULL, NULL, NULL, NULL, NULL, NULL, NULL, NULL, NULL, NULL, NULL, 0, '2010-09-21 19:06:23'),
(11, 13, 163, '', NULL, NULL, 'Thomas', 'Schedler', NULL, 'thomas.schedler@massiveart.com', NULL, NULL, NULL, NULL, NULL, NULL, NULL, NULL, NULL, NULL, NULL, 1, '2010-09-21 19:14:27'),
(12, 13, 163, '', NULL, NULL, 'Thomas', 'Schedler', NULL, 'thomas.schedler@massiveart.com', NULL, NULL, NULL, NULL, NULL, NULL, NULL, NULL, NULL, NULL, NULL, 0, '2010-09-21 19:23:49'),
(13, 13, 163, '', NULL, NULL, 'Thomas', 'Schädler', NULL, 'thomas.schedler@massiveart.com', NULL, NULL, NULL, NULL, NULL, NULL, NULL, NULL, NULL, NULL, NULL, 0, '2010-09-21 19:25:21'),
(14, 13, 163, '', NULL, NULL, 'Thomas', 'Schädler', NULL, 'thomas.schedler@massiveart.com', NULL, NULL, NULL, NULL, NULL, NULL, NULL, NULL, NULL, NULL, NULL, 1, '2010-09-21 19:30:50'),
(15, 13, 163, '', NULL, NULL, 'Thomas', 'Schädler', NULL, 'thomas.schedler@massiveart.com', NULL, NULL, NULL, NULL, NULL, NULL, NULL, NULL, NULL, NULL, NULL, 1, '2010-09-21 19:32:12'),
(16, 13, 163, '', NULL, NULL, 'Thomas', 'Schädler', NULL, 'thomas.schedler@massiveart.com', NULL, NULL, NULL, NULL, NULL, NULL, NULL, NULL, NULL, NULL, NULL, 1, '2010-09-21 20:02:25'),
(17, 13, 163, '', NULL, NULL, 'Thomas', 'Schädler', NULL, 'thomas.schedler@massiveart.com', NULL, NULL, NULL, NULL, NULL, NULL, NULL, NULL, NULL, NULL, NULL, 1, '2010-09-21 20:02:46'),
(18, 13, 163, '', NULL, NULL, 'Thomas', 'Schädler', NULL, 'thomas.schedler@massiveart.com', NULL, NULL, NULL, NULL, NULL, NULL, NULL, NULL, NULL, NULL, NULL, 1, '2010-09-21 20:03:39'),
(19, 1, 132, 'Kursanfrage Implantatprothetik: Mit SR Phonares zum Erfolg (12.05.2011 - 13.05.2011, Massive Art - Arlbergstraße 119 - 6900 Bregenz - Österreich)', 'Herr', 'Dr.', 'Ralph', 'Geiger', 'MA', 'ra.g@gmail.com', NULL, NULL, NULL, NULL, NULL, NULL, NULL, NULL, NULL, NULL, NULL, 0, '2010-10-15 10:39:54'),
(20, 1, 132, 'Kursanfrage Implantatprothetik: Mit SR Phonares zum Erfolg (12.05.2011 - 13.05.2011, Massive Art - Arlbergstraße 119 - 6900 Bregenz - Österreich)', NULL, NULL, 'Leo', 'Hager', NULL, 'l.h@gmail.com', NULL, NULL, NULL, NULL, NULL, NULL, NULL, NULL, NULL, NULL, NULL, 0, '2010-10-15 10:48:16'),
(21, 1, 169, 'Kontaktanfrage', NULL, NULL, 'Thomas', 'Schedler', NULL, 'thomas.schedler@massiveart.com', NULL, NULL, NULL, NULL, NULL, NULL, NULL, NULL, NULL, NULL, 'These letters are: Swedish/Finnish - Å,å,Ä,ä,Ö,ö\r\nDanish/Norwegian - Å,å,Æ,æ,Ø,ø', 0, '2010-11-30 09:50:12'),
(22, 1, 169, 'Kontaktanfrage', NULL, NULL, 'Thomas', 'Schedler', NULL, 'thomas.schedler@massiveart.com', NULL, NULL, NULL, NULL, NULL, NULL, NULL, NULL, NULL, NULL, 'These letters are: Swedish/Finnish - Å,å,Ä,ä,Ö,ö Danish/Norwegian - Å,å,Æ,æ,Ø,ø', 0, '2010-11-30 17:43:37'),
(23, 1, 169, 'Kontaktanfrage', NULL, NULL, 'Thomas', 'Schedler', NULL, 'thomas.schedler@massiveart.com', NULL, NULL, NULL, NULL, NULL, NULL, NULL, NULL, NULL, NULL, 'These letters are: Swedish/Finnish - Å,å,Ä,ä,Ö,ö Danish/Norwegian - Å,å,Æ,æ,Ø,ø', 0, '2010-11-30 17:48:52');

-- --------------------------------------------------------

--
-- Tabellenstruktur für Tabelle `pageRegistrationsSpecialForm`
--

CREATE TABLE IF NOT EXISTS `pageRegistrationsSpecialForm` (
  `id` bigint(20) unsigned NOT NULL AUTO_INCREMENT,
  `idRootLevels` bigint(20) unsigned NOT NULL,
  `idPage` bigint(20) unsigned NOT NULL,
  `subject` varchar(255) DEFAULT NULL,
  `full_name` varchar(255) NOT NULL,
  `tax_code_of_the_participating_staff` varchar(255) DEFAULT NULL,
  `job` varchar(255) DEFAULT NULL,
  `company_name_header` varchar(255) DEFAULT NULL,
  `street` varchar(255) DEFAULT NULL,
  `street_number` varchar(255) DEFAULT NULL,
  `zip` varchar(255) DEFAULT NULL,
  `city` varchar(255) DEFAULT NULL,
  `province` varchar(255) DEFAULT NULL,
  `phone` varchar(255) DEFAULT NULL,
  `fax` varchar(255) DEFAULT NULL,
  `tax_number` varchar(255) DEFAULT NULL,
  `vat_number` varchar(255) DEFAULT NULL,
  `email_internet` varchar(255) DEFAULT NULL,
  `studio` varchar(255) DEFAULT NULL,
  `b_company_name_or_full_name` varchar(255) DEFAULT NULL,
  `b_street` varchar(255) DEFAULT NULL,
  `b_street_number` varchar(255) DEFAULT NULL,
  `b_zip` varchar(255) DEFAULT NULL,
  `b_city` varchar(255) DEFAULT NULL,
  `b_province` varchar(255) DEFAULT NULL,
  `b_phone` varchar(255) DEFAULT NULL,
  `b_fax` varchar(255) DEFAULT NULL,
  `b_tax_number` varchar(255) DEFAULT NULL,
  `b_vat_number` varchar(255) DEFAULT NULL,
  `b_studio` varchar(255) DEFAULT NULL,
  `bank_name` varchar(255) DEFAULT NULL,
  `iban` varchar(255) DEFAULT NULL,
  `hotel` varchar(255) DEFAULT NULL,
  `arrival_date` varchar(255) DEFAULT NULL,
  `departure_date` varchar(255) DEFAULT NULL,
  `checkLegalnotes` tinyint(1) NOT NULL DEFAULT '0',
  `created` timestamp NOT NULL DEFAULT CURRENT_TIMESTAMP ON UPDATE CURRENT_TIMESTAMP,
  PRIMARY KEY (`id`)
) ENGINE=InnoDB  DEFAULT CHARSET=utf8 AUTO_INCREMENT=7 ;

--
-- Daten für Tabelle `pageRegistrationsSpecialForm`
--

INSERT INTO `pageRegistrationsSpecialForm` (`id`, `idRootLevels`, `idPage`, `subject`, `full_name`, `tax_code_of_the_participating_staff`, `job`, `company_name_header`, `street`, `street_number`, `zip`, `city`, `province`, `phone`, `fax`, `tax_number`, `vat_number`, `email_internet`, `studio`, `b_company_name_or_full_name`, `b_street`, `b_street_number`, `b_zip`, `b_city`, `b_province`, `b_phone`, `b_fax`, `b_tax_number`, `b_vat_number`, `b_studio`, `bank_name`, `iban`, `hotel`, `arrival_date`, `departure_date`, `checkLegalnotes`, `created`) VALUES
(1, 1, 84, NULL, 'Max Müller', 'tax code', 'odontologist;dental;other', 'massive art', 'Sebastianstraße', '13', '6850', 'Dornbirn', 'Vorarlberg', '05572996699', '05572996699-1', 'tax-num', 'vat-num', 'massivart.at', 'studio;studio_workshop;laboratory', 'b massive art', 'b Sebastianstraße', 'b 13', 'b 6850', 'b Dornbirn', 'b Vorarlberg', 'b 05572996699', 'b 05572996699-1', 'b tax-num', 'b vat-num', 'b_studio;b_studio_workshop;b_laboratory;b_private_address', 'Royal Bank of Scotland', '0409aflkja000', 'single_room', NULL, NULL, 0, '2010-10-14 17:53:15'),
(2, 1, 84, ' Tipps und Tricks (15.04.2011 - 16.04.2011, Massive Art - Arlbergstraße 119 - 6900 Bregenz - Österreich)', 'Max Müller', 'tax code', 'odontologist;dental;other', 'massive art', 'Sebastianstraße', '13', '6850', 'Dornbirn', 'Vorarlberg', '05572996699', '05572996699-1', 'tax-num', 'vat-num', 'massivart.at', 'studio;studio_workshop;laboratory', 'b massive art', 'b Sebastianstraße', 'b 13', 'b 6850', 'b Dornbirn', 'b Vorarlberg', 'b 05572996699', 'b 05572996699-1', 'b tax-num', 'b vat-num', 'b_studio;b_studio_workshop;b_laboratory;b_private_address', 'Royal Bank of Scotland', '0409aflkja000', 'double_room', '28. Februar 2010', '30. Mai 2010', 0, '2010-10-14 18:57:42'),
(3, 1, 84, ' Tipps und Tricks (15.04.2011 - 16.04.2011, Massive Art - Arlbergstraße 119 - 6900 Bregenz - Österreich)', 'Max Müller', 'tax code', 'odontologist', 'massive art', 'Sebastianstraße', '13', '6850', 'Dornbirn', 'Vorarlberg', '05572996699', '05572996699-1', 'tax-num', 'vat-num', NULL, 'studio', 'b massive art', 'b Sebastianstraße', 'b 13', 'b 6850', 'b Dornbirn', 'b Vorarlberg', 'b 05572996699', NULL, 'b tax-num', 'b vat-num', 'b_laboratory', 'Royal Bank of Scotland', '0409aflkja000', 'double_room', '28. Februar 2010', '30. Mai 2010', 1, '2010-10-15 09:49:49'),
(4, 21, 84, ' Tipps und Tricks (14.11.2010 - 16.11.2010, Massive Art - Arlbergstraße 119 - 6900 Bregenz - Austria)', 'Max Müller', 'tax code', 'other', 'massive art', 'Sebastianstraße', '13', '6850', 'Dornbirn', 'Vorarlberg', '05572996699', '05572996699-1', 'tax-num', 'vat-num', 'massivart.at', 'studio;studio_workshop', 'b massive art', 'b Sebastianstraße', 'b 13', 'b 6850', 'b Dornbirn', 'b Vorarlberg', 'b 05572996699', 'b 05572996699-1', 'b tax-num', 'b vat-num', 'b_studio;b_private_address', 'Royal Bank of Scotland', '0409aflkja000', 'no_room', '28. Februar 2010', '30. Mai 2010', 1, '2010-10-15 09:58:45'),
(5, 21, 84, ' Tipps und Tricks (14.11.2010 - 16.11.2010, Massive Art - Arlbergstraße 119 - 6900 Bregenz - Austria)', 'Max Müller', 'tax code', 'odontologist;dental;other', 'massive art', 'Sebastianstraße', '13', '6850', 'Dornbirn', 'Vorarlberg', '05572996699', '05572996699-1', 'tax-num', 'vat-num', 'massivart.at', 'studio;studio_workshop;laboratory', 'b massive art', 'b Sebastianstraße', 'b 13', 'b 6850', 'b Dornbirn', 'b Vorarlberg', 'b 05572996699', 'b 05572996699-1', 'b tax-num', 'b vat-num', 'b_studio;b_studio_workshop;b_laboratory;b_private_address', 'Royal Bank of Scotland', '0409aflkja000', 'matrimonial_room', '28. Februar 2010', '30. Mai 2010', 0, '2010-10-15 10:23:58'),
(6, 21, 84, 'Kursanfrage Tipps und Tricks (14.11.2010 - 16.11.2010, Massive Art - Arlbergstraße 119 - 6900 Bregenz - Austria)', 'Max Müller', 'tax code', 'odontologist', 'massive art', 'Sebastianstraße', '13', '6850', 'Dornbirn', 'Vorarlberg', '05572996699', '05572996699-1', 'tax-num', 'vat-num', 'massivart.at', 'studio', 'b massive art', 'b Sebastianstraße', 'b 13', 'b 6850', 'b Dornbirn', 'b Vorarlberg', 'b 05572996699', 'b 05572996699-1', 'b tax-num', 'b vat-num', 'b_studio_workshop', 'Royal Bank of Scotland', '0409aflkja000', 'no_room', NULL, NULL, 1, '2010-10-15 10:56:15');

-- --------------------------------------------------------

--
-- Tabellenstruktur für Tabelle `pages`
--

CREATE TABLE IF NOT EXISTS `pages` (
  `id` bigint(20) unsigned NOT NULL AUTO_INCREMENT,
  `isStartPage` tinyint(1) NOT NULL DEFAULT '0',
  `idParent` bigint(20) unsigned NOT NULL,
  `idParentTypes` bigint(20) unsigned NOT NULL,
  `idUsers` bigint(20) unsigned NOT NULL,
  `sortPosition` bigint(20) unsigned NOT NULL,
  `sortTimestamp` timestamp NULL DEFAULT NULL,
  `pageId` varchar(32) NOT NULL,
  `version` int(10) unsigned NOT NULL,
  `creator` bigint(20) unsigned NOT NULL,
  `created` timestamp NULL DEFAULT NULL,
  `changed` timestamp NOT NULL DEFAULT CURRENT_TIMESTAMP ON UPDATE CURRENT_TIMESTAMP,
  PRIMARY KEY (`id`),
  KEY `pageId` (`pageId`),
  KEY `version` (`version`)
) ENGINE=InnoDB  DEFAULT CHARSET=utf8 AUTO_INCREMENT=3 ;

--
-- Daten für Tabelle `pages`
--

INSERT INTO `pages` (`id`, `isStartPage`, `idParent`, `idParentTypes`, `idUsers`, `sortPosition`, `sortTimestamp`, `pageId`, `version`, `creator`, `created`, `changed`) VALUES
(1, 1, 1, 1, 2, 0, '2011-02-15 10:15:05', '4d5a440d3de7b', 1, 2, '2011-02-15 10:15:05', '2011-02-15 10:15:05');

-- --------------------------------------------------------

--
-- Tabellenstruktur für Tabelle `pageTargets`
--

CREATE TABLE IF NOT EXISTS `pageTargets` (
  `id` bigint(20) unsigned NOT NULL AUTO_INCREMENT,
  `pageId` varchar(32) NOT NULL,
  `version` int(10) unsigned NOT NULL,
  `idLanguages` int(10) unsigned NOT NULL DEFAULT '1',
  `target` varchar(255) NOT NULL,
  `idUsers` bigint(20) unsigned NOT NULL,
  `creator` bigint(20) unsigned NOT NULL,
  `created` timestamp NULL DEFAULT NULL,
  `changed` timestamp NOT NULL DEFAULT CURRENT_TIMESTAMP ON UPDATE CURRENT_TIMESTAMP,
  PRIMARY KEY (`id`),
  KEY `pageId` (`pageId`)
) ENGINE=InnoDB  DEFAULT CHARSET=utf8 AUTO_INCREMENT=5 ;

--
-- Daten für Tabelle `pageTargets`
--


-- --------------------------------------------------------

--
-- Tabellenstruktur für Tabelle `pageTitles`
--

CREATE TABLE IF NOT EXISTS `pageTitles` (
  `id` bigint(20) unsigned NOT NULL AUTO_INCREMENT,
  `pageId` varchar(32) NOT NULL,
  `version` int(10) unsigned NOT NULL,
  `idLanguages` int(10) unsigned NOT NULL DEFAULT '1',
  `title` varchar(255) NOT NULL,
  `idUsers` bigint(20) unsigned NOT NULL,
  `creator` bigint(20) unsigned NOT NULL,
  `created` timestamp NULL DEFAULT NULL,
  `changed` timestamp NOT NULL DEFAULT CURRENT_TIMESTAMP ON UPDATE CURRENT_TIMESTAMP,
  PRIMARY KEY (`id`),
  KEY `pageId` (`pageId`)
) ENGINE=InnoDB  DEFAULT CHARSET=utf8 AUTO_INCREMENT=408 ;

--
-- Daten für Tabelle `pageTitles`
--

INSERT INTO `pageTitles` (`id`, `pageId`, `version`, `idLanguages`, `title`, `idUsers`, `creator`, `created`, `changed`) VALUES
(404, '4d5a440d3de7b', 1, 1, 'Home', 2, 2, '2011-02-15 10:14:53', '2011-02-15 10:14:53'),
(405, '4d5a440d3de7b', 1, 0, 'Home', 2, 2, '2011-02-15 10:14:53', '2011-02-15 10:14:53');

-- --------------------------------------------------------

--
-- Tabellenstruktur für Tabelle `pageTypes`
--

CREATE TABLE IF NOT EXISTS `pageTypes` (
  `id` bigint(20) unsigned NOT NULL AUTO_INCREMENT,
  `title` varchar(255) NOT NULL,
  `page` tinyint(1) NOT NULL DEFAULT '0',
  `startpage` tinyint(1) NOT NULL DEFAULT '0',
  `active` tinyint(1) NOT NULL DEFAULT '0',
  PRIMARY KEY (`id`),
  KEY `page` (`page`),
  KEY `startpage` (`startpage`)
) ENGINE=InnoDB  DEFAULT CHARSET=utf8 AUTO_INCREMENT=14 ;

--
-- Daten für Tabelle `pageTypes`
--

INSERT INTO `pageTypes` (`id`, `title`, `page`, `startpage`, `active`) VALUES
(1, 'page', 1, 1, 1),
(2, 'link', 1, 1, 1),
(3, 'overview', 0, 1, 1),
(4, 'external', 1, 1, 1),
(5, 'process', 1, 1, 0),
(6, 'collection', 0, 1, 0),
(7, 'product_tree', 0, 1, 0),
(8, 'press_area', 0, 1, 0),
(9, 'iframe', 1, 0, 1),
(10, 'courses', 0, 1, 0),
(11, 'events', 0, 1, 0),
(12, 'download_center', 0, 1, 0),
(13, 'sitemap', 1, 0, 1);

-- --------------------------------------------------------

--
-- Tabellenstruktur für Tabelle `pageTypeTitles`
--

CREATE TABLE IF NOT EXISTS `pageTypeTitles` (
  `id` bigint(20) unsigned NOT NULL AUTO_INCREMENT,
  `idPageTypes` bigint(20) unsigned NOT NULL,
  `idLanguages` int(10) unsigned NOT NULL DEFAULT '1',
  `title` varchar(100) NOT NULL,
  PRIMARY KEY (`id`)
) ENGINE=InnoDB  DEFAULT CHARSET=utf8 AUTO_INCREMENT=27 ;

--
-- Daten für Tabelle `pageTypeTitles`
--

INSERT INTO `pageTypeTitles` (`id`, `idPageTypes`, `idLanguages`, `title`) VALUES
(1, 1, 1, 'Standardseite'),
(2, 2, 1, 'Interne Verlinkung'),
(3, 3, 1, 'Übersicht'),
(4, 4, 1, 'Externe Verlinkung'),
(5, 5, 1, 'Prozessablauf'),
(6, 6, 1, 'Kollektion'),
(7, 7, 1, '﻿﻿Produktbaum'),
(8, 8, 1, 'Pressebereich'),
(9, 9, 1, 'Iframe'),
(10, 10, 1, 'Kurse'),
(11, 11, 1, 'Veranstaltungen'),
(12, 1, 2, 'Default page'),
(13, 2, 2, 'Internal link'),
(14, 3, 2, 'Overview'),
(15, 4, 2, 'External link'),
(16, 5, 2, 'Process'),
(17, 6, 2, 'Collection'),
(18, 7, 2, 'Product tree'),
(19, 8, 2, 'Press area'),
(20, 9, 2, 'Iframe'),
(21, 10, 2, 'Courses'),
(22, 11, 2, 'Events'),
(23, 12, 1, 'Download Center'),
(24, 12, 2, 'Download Center'),
(25, 13, 1, 'Sitemap'),
(26, 13, 2, 'Sitemap');

-- --------------------------------------------------------

--
-- Tabellenstruktur für Tabelle `pageVideos`
--

CREATE TABLE IF NOT EXISTS `pageVideos` (
  `id` bigint(20) unsigned NOT NULL AUTO_INCREMENT,
  `pageId` varchar(32) NOT NULL,
  `version` int(10) unsigned NOT NULL,
  `idLanguages` int(10) unsigned NOT NULL DEFAULT '1',
  `userId` varchar(32) NOT NULL,
  `videoId` varchar(64) NOT NULL,
  `title` varchar(255) NOT NULL,
  `thumb` varchar(255) NOT NULL,
  `idVideoTypes` int(10) unsigned NOT NULL,
  `creator` bigint(20) unsigned NOT NULL,
  `created` timestamp NULL DEFAULT CURRENT_TIMESTAMP ON UPDATE CURRENT_TIMESTAMP,
  PRIMARY KEY (`id`),
  KEY `pageId` (`pageId`),
  KEY `version` (`version`)
) ENGINE=InnoDB DEFAULT CHARSET=utf8 ROW_FORMAT=COMPACT AUTO_INCREMENT=1 ;

--
-- Daten für Tabelle `pageVideos`
--


-- --------------------------------------------------------

--
-- Tabellenstruktur für Tabelle `parentTypes`
--

CREATE TABLE IF NOT EXISTS `parentTypes` (
  `id` bigint(20) unsigned NOT NULL AUTO_INCREMENT,
  `title` varchar(255) NOT NULL,
  PRIMARY KEY (`id`)
) ENGINE=InnoDB  DEFAULT CHARSET=utf8 AUTO_INCREMENT=3 ;

--
-- Daten für Tabelle `parentTypes`
--

INSERT INTO `parentTypes` (`id`, `title`) VALUES
(1, 'rootLevel'),
(2, 'folder');

-- --------------------------------------------------------

--
-- Tabellenstruktur für Tabelle `pathReplacers`
--

CREATE TABLE IF NOT EXISTS `pathReplacers` (
  `id` bigint(20) unsigned NOT NULL AUTO_INCREMENT,
  `idLanguages` int(10) unsigned NOT NULL DEFAULT '1',
  `from` varchar(255) NOT NULL,
  `to` varchar(255) NOT NULL,
  PRIMARY KEY (`id`)
) ENGINE=InnoDB  DEFAULT CHARSET=utf8 AUTO_INCREMENT=223 ;

--
-- Daten für Tabelle `pathReplacers`
--

INSERT INTO `pathReplacers` (`id`, `idLanguages`, `from`, `to`) VALUES
(1, 1, 'ä', 'ae'),
(2, 1, 'ö', 'oe'),
(3, 1, 'ü', 'ue'),
(4, 1, 'ß', 'ss'),
(5, 1, 'Ä', 'Ae'),
(6, 1, 'Ö', 'Oe'),
(7, 1, 'Ü', 'Ue'),
(8, 1, '&', 'und'),
(9, 2, '&', 'and'),
(10, 4, 'ä', 'ae'),
(11, 4, 'ö', 'oe'),
(12, 4, 'ü', 'ue'),
(13, 4, 'ß', 'ss'),
(14, 4, 'Ä', 'Ae'),
(15, 4, 'Ö', 'Oe'),
(16, 4, 'Ü', 'Ue'),
(17, 4, '&', 'und'),
(18, 3, 'Á', 'A'),
(19, 3, 'á', 'a'),
(20, 3, 'ç', 'c'),
(21, 3, 'É', 'E'),
(22, 3, 'é', 'e'),
(23, 3, 'Í', 'I'),
(24, 3, 'í', 'i'),
(25, 3, 'Ñ', 'N'),
(26, 3, 'ñ', 'n'),
(27, 3, 'Ó', 'O'),
(28, 3, 'ó', 'o'),
(29, 3, 'Ú', 'u'),
(30, 3, 'ú', 'u'),
(31, 3, 'ü', 'u'),
(32, 3, 'ª', 'a'),
(33, 3, 'º', 'o'),
(34, 14, 'Á', 'A'),
(35, 14, 'á', 'a'),
(36, 14, 'ç', 'c'),
(37, 14, 'É', 'E'),
(38, 14, 'é', 'e'),
(39, 14, 'Í', 'I'),
(40, 14, 'í', 'i'),
(41, 14, 'Ñ', 'N'),
(42, 14, 'ñ', 'n'),
(43, 14, 'Ó', 'O'),
(44, 14, 'ó', 'o'),
(45, 14, 'Ú', 'u'),
(46, 14, 'ú', 'u'),
(47, 14, 'ü', 'u'),
(48, 14, 'ª', 'a'),
(49, 14, 'º', 'o'),
(50, 15, 'Á', 'A'),
(51, 15, 'á', 'a'),
(52, 15, 'ç', 'c'),
(53, 15, 'É', 'E'),
(54, 15, 'é', 'e'),
(55, 15, 'Í', 'I'),
(56, 15, 'í', 'i'),
(57, 15, 'Ñ', 'N'),
(58, 15, 'ñ', 'n'),
(59, 15, 'Ó', 'O'),
(60, 15, 'ó', 'o'),
(61, 15, 'Ú', 'u'),
(62, 15, 'ú', 'u'),
(63, 15, 'ü', 'u'),
(64, 15, 'ª', 'a'),
(65, 15, 'º', 'o'),
(66, 27, 'Á', 'A'),
(67, 27, 'á', 'a'),
(68, 27, 'ç', 'c'),
(69, 27, 'É', 'E'),
(70, 27, 'é', 'e'),
(71, 27, 'Í', 'I'),
(72, 27, 'í', 'i'),
(73, 27, 'Ñ', 'N'),
(74, 27, 'ñ', 'n'),
(75, 27, 'Ó', 'O'),
(76, 27, 'ó', 'o'),
(77, 27, 'Ú', 'u'),
(78, 27, 'ú', 'u'),
(79, 27, 'ü', 'u'),
(80, 27, 'ª', 'a'),
(81, 27, 'º', 'o'),
(82, 6, 'À', 'A'),
(83, 6, 'à', 'a'),
(84, 6, 'Â', 'A'),
(85, 6, 'â', 'a'),
(86, 6, 'Æ', 'AE'),
(87, 6, 'æ', 'ae'),
(88, 6, 'Ç', 'C'),
(89, 6, 'ç', 'c'),
(90, 6, 'È', 'E'),
(91, 6, 'è', 'e'),
(92, 6, 'É', 'E'),
(93, 6, 'é', 'e'),
(94, 6, 'Ê', 'E'),
(95, 6, 'ê', 'e'),
(96, 6, 'Ë', 'E'),
(97, 6, 'ë', 'e'),
(98, 6, 'Î', 'I'),
(99, 6, 'î', 'i'),
(100, 6, 'Ï', 'I'),
(101, 6, 'ï', 'i'),
(102, 6, 'Ô', 'O'),
(103, 6, 'ô', 'o'),
(104, 6, 'Œ', 'OE'),
(105, 6, 'œ', 'oe'),
(106, 6, 'Ù', 'U'),
(107, 6, 'ù', 'u'),
(108, 6, 'Û', 'U'),
(109, 6, 'û', 'u'),
(110, 6, 'Ÿ', 'Y'),
(111, 6, 'ÿ', 'y'),
(112, 7, 'Ą', 'A'),
(113, 7, 'ą', 'a'),
(114, 7, 'Ć', 'C'),
(115, 7, 'ć', 'c'),
(116, 7, 'Ę', 'E'),
(117, 7, 'ę', 'e'),
(118, 7, 'Ł', 'L'),
(119, 7, 'ł', 'l'),
(120, 7, 'Ń', 'N'),
(121, 7, 'ń', 'n'),
(122, 7, 'Ó', 'O'),
(123, 7, 'ó', 'o'),
(124, 7, 'Ś', 'S'),
(125, 7, 'ś', 's'),
(126, 7, 'Ź', 'Z'),
(127, 7, 'ź', 'z'),
(128, 7, 'Ż', 'Z'),
(129, 7, 'ż', 'z'),
(132, 26, 'Ć', 'C'),
(133, 26, 'ć', 'c'),
(134, 26, 'Č', 'C'),
(135, 26, 'č', 'c'),
(136, 26, 'Đ', 'D'),
(137, 26, 'đ', 'd'),
(138, 26, 'Š', 'S'),
(139, 26, 'š', 's'),
(140, 26, 'Ž', 'Z'),
(141, 26, 'ž', 'z'),
(142, 18, 'Â', 'A'),
(143, 18, 'â', 'a'),
(144, 18, 'Ã', 'A'),
(145, 18, 'ã', 'a'),
(146, 18, 'Ç', 'C'),
(147, 18, 'ç', 'c'),
(148, 18, 'Ê', 'E'),
(149, 18, 'ê', 'e'),
(150, 18, 'Ó', 'O'),
(151, 18, 'ó', 'o'),
(152, 18, 'Ô', 'O'),
(153, 18, 'ô', 'o'),
(154, 18, 'Õ', 'O'),
(155, 18, 'õ', 'o'),
(157, 18, 'ü', 'u'),
(158, 18, 'Á', 'A'),
(159, 18, 'á', 'a'),
(160, 18, 'É', 'E'),
(161, 18, 'é', 'e'),
(162, 18, 'Í', 'I'),
(163, 18, 'í', 'i'),
(164, 18, 'Ó', 'O'),
(165, 18, 'ó', 'o'),
(166, 18, 'Ú', 'u'),
(167, 18, 'ú', 'u'),
(168, 3, 'Ç', 'C'),
(169, 14, 'Ç', 'C'),
(170, 15, 'Ç', 'C'),
(171, 27, 'Ç', 'C'),
(172, 9, 'Æ', 'AE'),
(173, 9, 'æ', 'ae'),
(174, 9, 'Ø', 'O'),
(175, 9, 'ø', 'o'),
(176, 9, 'Å', 'A'),
(177, 9, 'å', 'a'),
(182, 22, 'Č', 'C'),
(183, 22, 'č', 'c'),
(184, 22, 'Š', 'S'),
(185, 22, 'š', 's'),
(186, 22, 'Ž', 'Z'),
(187, 22, 'ž', 'z'),
(188, 24, 'â', 'a'),
(189, 24, 'Ç', 'C'),
(190, 24, 'ç', 'c'),
(191, 24, 'Ğ', 'G'),
(192, 24, 'ğ', 'g'),
(193, 24, 'İ', 'I'),
(194, 24, 'ı', 'i'),
(195, 24, 'î', 'i'),
(196, 24, 'Ö', 'O'),
(197, 24, 'ö', 'o'),
(198, 24, 'Ş', 'S'),
(199, 24, 'ş', 's'),
(200, 24, 'Ü', 'U'),
(201, 24, 'ü', 'u'),
(203, 5, 'À', 'A'),
(204, 5, 'à', 'a'),
(205, 5, 'È', 'E'),
(206, 5, 'è', 'e'),
(207, 5, 'É', 'E'),
(208, 5, 'é', 'e'),
(209, 5, 'Ì', 'I'),
(210, 5, 'ì', 'i'),
(211, 5, 'Í', 'I'),
(212, 5, 'í', 'i'),
(213, 5, 'Ï', 'I'),
(214, 5, 'ï', 'i'),
(215, 5, 'Ò', 'O'),
(216, 5, 'ò', 'o'),
(217, 5, 'Ó', 'O'),
(218, 5, 'ó', 'o'),
(219, 5, 'Ù', 'U'),
(220, 5, 'ù', 'u'),
(221, 5, 'Ú', 'U'),
(222, 5, 'ú', 'u');

-- --------------------------------------------------------

--
-- Tabellenstruktur für Tabelle `permissions`
--

CREATE TABLE IF NOT EXISTS `permissions` (
  `id` bigint(20) unsigned NOT NULL AUTO_INCREMENT,
  `title` varchar(255) NOT NULL,
  `description` text,
  PRIMARY KEY (`id`)
) ENGINE=InnoDB  DEFAULT CHARSET=utf8 AUTO_INCREMENT=8 ;

--
-- Daten für Tabelle `permissions`
--

INSERT INTO `permissions` (`id`, `title`, `description`) VALUES
(1, 'view', 'Der Datensatz darf visualisiert werden'),
(2, 'add', 'Ein neuer Datensatz darf erzeugt werden'),
(3, 'update', 'Der Datensatz darf verändert werden'),
(4, 'delete', 'Der Datensatz darf gelöscht werden'),
(5, 'archive', 'Der Datensatz darf archiviert werden'),
(6, 'live', 'Live schalten'),
(7, 'security', NULL);

-- --------------------------------------------------------

--
-- Tabellenstruktur für Tabelle `properties`
--

CREATE TABLE IF NOT EXISTS `properties` (
  `id` int(10) unsigned NOT NULL AUTO_INCREMENT,
  `title` varchar(255) NOT NULL,
  PRIMARY KEY (`id`)
) ENGINE=InnoDB  DEFAULT CHARSET=utf8 AUTO_INCREMENT=2 ;

--
-- Daten für Tabelle `properties`
--

INSERT INTO `properties` (`id`, `title`) VALUES
(1, 'Url');

-- --------------------------------------------------------

--
-- Tabellenstruktur für Tabelle `regionFields`
--

CREATE TABLE IF NOT EXISTS `regionFields` (
  `id` bigint(20) NOT NULL AUTO_INCREMENT,
  `idRegions` bigint(20) NOT NULL,
  `idFields` bigint(20) NOT NULL,
  `order` int(10) NOT NULL,
  PRIMARY KEY (`id`),
  KEY `idRegions` (`idRegions`),
  KEY `idFields` (`idFields`)
) ENGINE=InnoDB  DEFAULT CHARSET=utf8 AUTO_INCREMENT=275 ;

--
-- Daten für Tabelle `regionFields`
--

INSERT INTO `regionFields` (`id`, `idRegions`, `idFields`, `order`) VALUES
(1, 1, 1, 1),
(2, 1, 1, 1),
(3, 1, 2, 2),
(4, 2, 3, 1),
(5, 2, 4, 2),
(6, 3, 5, 1),
(7, 4, 6, 1),
(8, 5, 7, 2),
(9, 6, 8, 2),
(10, 8, 10, 2),
(11, 9, 11, 1),
(12, 10, 17, 1),
(13, 11, 18, 2),
(14, 11, 19, 3),
(15, 11, 20, 1),
(16, 9, 21, 5),
(17, 9, 22, 3),
(18, 12, 23, 1),
(19, 12, 24, 4),
(20, 5, 25, 1),
(21, 6, 26, 1),
(22, 2, 27, 4),
(23, 13, 28, 1),
(24, 14, 29, 3),
(25, 14, 30, 1),
(26, 15, 31, 5),
(27, 15, 34, 3),
(28, 15, 37, 1),
(29, 2, 40, 1),
(30, 16, 41, 4),
(31, 16, 42, 2),
(32, 16, 43, 1),
(33, 17, 44, 5),
(34, 17, 45, 2),
(35, 17, 46, 1),
(36, 15, 47, 6),
(37, 15, 48, 7),
(38, 16, 49, 5),
(39, 16, 50, 6),
(40, 17, 51, 6),
(41, 17, 52, 7),
(42, 17, 53, 3),
(43, 12, 54, 3),
(44, 8, 55, 1),
(45, 9, 56, 4),
(46, 15, 59, 2),
(47, 15, 60, 4),
(48, 16, 61, 3),
(49, 17, 62, 4),
(50, 99999999, 64, 2),
(51, 18, 65, 3),
(52, 18, 66, 4),
(53, 19, 67, 1),
(54, 19, 68, 2),
(55, 20, 69, 2),
(56, 20, 70, 3),
(57, 20, 71, 4),
(58, 20, 72, 5),
(59, 20, 73, 1),
(60, 19, 74, 3),
(61, 19, 75, 4),
(62, 18, 76, 1),
(63, 18, 77, 2),
(64, 18, 78, 5),
(65, 21, 79, 1),
(66, 21, 80, 2),
(67, 21, 81, 3),
(68, 21, 82, 4),
(69, 21, 83, 5),
(70, 21, 84, 6),
(71, 22, 85, 1),
(72, 9, 86, 2),
(73, 19, 87, 5),
(74, 23, 88, 2),
(75, 23, 89, 3),
(76, 23, 90, 1),
(77, 24, 91, 1),
(78, 24, 92, 2),
(79, 25, 93, 2),
(80, 25000, 94, 1),
(81, 15, 95, 8),
(82, 25, 96, 1),
(83, 26, 1, 1),
(84, 27, 97, 1),
(85, 27, 98, 2),
(86, 26, 99, 2),
(87, 26, 100, 3),
(88, 26, 101, 4),
(89, 26, 102, 5),
(90, 26, 103, 6),
(91, 28, 108, 1),
(92, 26, 27, 7),
(93, 29, 104, 1),
(94, 29, 105, 2),
(95, 30, 106, 1),
(96, 29, 107, 3),
(97, 31, 109, 1),
(98, 32, 110, 1),
(99, 32, 113, 2),
(101, 35, 115, 1),
(102, 33, 111, 1),
(103, 33, 112, 1),
(104, 36, 116, 1),
(105, 37, 117, 1),
(106, 38, 118, 1),
(107, 39, 119, 1),
(108, 39, 120, 2),
(109, 40, 121, 1),
(110, 40, 122, 2),
(111, 41, 86, 2),
(113, 41, 22, 3),
(115, 41, 56, 4),
(116, 41, 21, 5),
(117, 42, 6, 1),
(119, 43, 5, 1),
(120, 44, 7, 1),
(121, 45, 20, 1),
(122, 45, 18, 2),
(123, 45, 19, 3),
(125, 46, 23, 1),
(126, 46, 54, 3),
(127, 46, 24, 4),
(128, 47, 26, 1),
(129, 47, 129, 2),
(130, 48, 119, 1),
(131, 48, 120, 2),
(132, 49, 55, 1),
(133, 49, 10, 2),
(134, 50, 124, 1),
(135, 50, 125, 2),
(136, 51, 126, 1),
(137, 51, 127, 2),
(138, 14, 128, 2),
(139, 52, 46, 1),
(140, 52, 130, 2),
(141, 52, 131, 3),
(142, 52, 132, 4),
(143, 10, 133, 2),
(144, 41, 11, 1),
(145, 53, 3, 1),
(146, 53, 4, 3),
(147, 53, 27, 4),
(148, 53, 134, 2),
(149, 54, 46, 1),
(150, 54, 137, 2),
(151, 54, 136, 3),
(152, 54, 135, 4),
(153, 55, 7, 2),
(154, 55, 25, 1),
(155, 56, 138, 1),
(156, 56, 139, 3),
(157, 56, 140, 4),
(158, 56, 141, 7),
(159, 57, 142, 1),
(160, 57, 143, 2),
(161, 57, 144, 3),
(162, 57, 145, 4),
(163, 57, 146, 5),
(165, 58, 147, 1),
(169, 58, 148, 2),
(170, 58, 149, 3),
(171, 12, 150, 2),
(172, 60, 79, 1),
(173, 60, 80, 2),
(174, 60, 81, 3),
(175, 60, 82, 4),
(176, 60, 83, 5),
(177, 59, 151, 1),
(178, 59, 152, 2),
(179, 59, 153, 3),
(180, 59, 154, 4),
(181, 61, 155, 5),
(182, 61, 156, 1),
(183, 61, 157, 4),
(184, 61, 159, 2),
(185, 61, 158, 3),
(186, 46, 150, 2),
(187, 52, 161, 5),
(189, 52, 160, 6),
(190, 62, 162, 2),
(191, 62, 163, 3),
(192, 63, 164, 1),
(193, 63, 165, 2),
(194, 64, 166, 1),
(195, 64, 167, 2),
(196, 62, 168, 1),
(197, 64, 169, 4),
(198, 65, 170, 1),
(199, 66, 46, 1),
(200, 66, 171, 2),
(201, 66, 172, 3),
(202, 2, 173, 3),
(203, 67, 174, 1),
(204, 21, 175, 7),
(205, 56, 176, 8),
(206, 56, 177, 2),
(207, 68, 46, 1),
(208, 68, 180, 2),
(209, 68, 179, 3),
(210, 68, 178, 4),
(211, 56, 181, 5),
(212, 56, 182, 6),
(213, 69, 93, 1),
(214, 69, 139, 2),
(215, 69, 140, 3),
(216, 70, 46, 1),
(217, 70, 185, 2),
(218, 70, 184, 3),
(219, 70, 183, 4),
(220, 71, 8, 2),
(221, 71, 26, 1),
(222, 72, 10, 2),
(223, 72, 55, 1),
(224, 73, 22, 1),
(225, 73, 56, 2),
(226, 74, 46, 1),
(227, 74, 186, 2),
(228, 74, 187, 3),
(229, 75, 188, 1),
(230, 76, 189, 1),
(231, 77, 190, 2),
(232, 77, 191, 1),
(233, 78, 192, 1),
(234, 79, 193, 1),
(235, 80, 194, 1),
(236, 80, 195, 2),
(237, 81, 199, 1),
(238, 81, 198, 2),
(239, 81, 196, 3),
(240, 81, 197, 4),
(241, 82, 200, 1),
(242, 82, 201, 2),
(244, 83, 203, 1),
(245, 83, 204, 2),
(246, 84, 142, 1),
(247, 84, 143, 2),
(248, 84, 144, 3),
(249, 84, 145, 4),
(250, 84, 146, 5),
(251, 84, 205, 6),
(252, 84, 206, 7),
(253, 84, 207, 8),
(254, 64, 208, 3),
(255, 85, 209, 1),
(256, 86, 76, 1),
(257, 86, 77, 2),
(258, 86, 65, 3),
(259, 86, 66, 4),
(260, 86, 210, 5),
(261, 86, 211, 6),
(262, 86, 212, 7),
(263, 86, 214, 8),
(264, 86, 213, 9),
(265, 87, 151, 1),
(266, 87, 211, 2),
(267, 87, 212, 3),
(268, 87, 213, 4),
(269, 88, 82, 5),
(270, 88, 79, 1),
(271, 88, 80, 2),
(272, 88, 81, 3),
(273, 88, 83, 4),
(274, 25, 215, 3);

-- --------------------------------------------------------

--
-- Tabellenstruktur für Tabelle `regions`
--

CREATE TABLE IF NOT EXISTS `regions` (
  `id` bigint(20) unsigned NOT NULL AUTO_INCREMENT,
  `idRegionTypes` bigint(20) unsigned NOT NULL,
  `columns` int(10) NOT NULL COMMENT 'size of region',
  `isTemplate` tinyint(1) NOT NULL DEFAULT '0' COMMENT 'indicates, whether this region should be multiusable - needed later on for tempalte editor',
  `collapsable` tinyint(1) NOT NULL DEFAULT '1',
  `isCollapsed` tinyint(1) NOT NULL DEFAULT '1',
  `position` varchar(255) DEFAULT NULL,
  `isMultiply` tinyint(1) NOT NULL DEFAULT '0',
  `multiplyRegion` tinyint(1) NOT NULL DEFAULT '0',
  PRIMARY KEY (`id`)
) ENGINE=InnoDB  DEFAULT CHARSET=utf8 AUTO_INCREMENT=89 ;

--
-- Daten für Tabelle `regions`
--

INSERT INTO `regions` (`id`, `idRegionTypes`, `columns`, `isTemplate`, `collapsable`, `isCollapsed`, `position`, `isMultiply`, `multiplyRegion`) VALUES
(1, 1, 9, 0, 0, 1, NULL, 0, 0),
(2, 1, 9, 0, 0, 1, NULL, 0, 0),
(3, 1, 9, 0, 1, 1, NULL, 0, 0),
(4, 1, 9, 0, 1, 1, NULL, 0, 0),
(5, 1, 9, 0, 1, 0, NULL, 0, 0),
(6, 1, 9, 0, 1, 0, NULL, 0, 0),
(8, 1, 9, 0, 1, 0, NULL, 0, 0),
(9, 1, 3, 0, 1, 1, 'right', 0, 0),
(10, 1, 12, 0, 0, 1, NULL, 0, 0),
(11, 1, 9, 0, 1, 0, NULL, 1, 1),
(12, 1, 9, 0, 1, 0, NULL, 0, 0),
(13, 1, 12, 0, 0, 1, NULL, 0, 0),
(14, 1, 9, 0, 1, 0, NULL, 1, 1),
(15, 2, 9, 0, 1, 0, NULL, 1, 1),
(16, 2, 9, 0, 1, 1, NULL, 0, 0),
(17, 2, 9, 0, 1, 0, NULL, 1, 1),
(18, 1, 12, 0, 0, 1, NULL, 0, 0),
(19, 1, 9, 0, 1, 1, NULL, 0, 0),
(20, 1, 9, 0, 1, 1, NULL, 0, 0),
(21, 1, 12, 0, 1, 1, NULL, 0, 0),
(22, 1, 9, 0, 1, 1, NULL, 0, 0),
(23, 1, 9, 0, 1, 0, NULL, 0, 0),
(24, 1, 9, 0, 1, 0, NULL, 0, 0),
(25, 1, 9, 0, 0, 1, NULL, 0, 0),
(26, 1, 9, 0, 0, 1, NULL, 0, 0),
(27, 1, 9, 0, 1, 1, NULL, 1, 0),
(28, 1, 9, 0, 1, 1, NULL, 0, 0),
(29, 1, 9, 0, 1, 0, NULL, 1, 0),
(30, 1, 9, 0, 1, 0, NULL, 0, 0),
(31, 1, 9, 0, 1, 0, NULL, 0, 0),
(32, 1, 9, 0, 1, 0, NULL, 1, 1),
(33, 1, 9, 0, 1, 1, NULL, 1, 0),
(34, 1, 9, 0, 1, 0, NULL, 0, 0),
(35, 1, 9, 0, 1, 0, NULL, 0, 0),
(36, 1, 9, 0, 1, 0, NULL, 0, 0),
(37, 1, 9, 0, 1, 0, NULL, 0, 0),
(38, 1, 9, 0, 1, 1, NULL, 0, 0),
(39, 1, 9, 0, 1, 0, NULL, 0, 0),
(40, 1, 9, 0, 1, 0, NULL, 0, 0),
(41, 1, 3, 0, 1, 1, 'right', 0, 0),
(42, 1, 9, 0, 1, 1, NULL, 0, 0),
(43, 1, 9, 0, 1, 1, NULL, 0, 0),
(44, 1, 9, 0, 1, 0, NULL, 0, 0),
(45, 1, 9, 0, 1, 0, NULL, 1, 1),
(46, 1, 9, 0, 1, 0, NULL, 0, 0),
(47, 1, 9, 0, 1, 0, NULL, 1, 1),
(48, 1, 9, 0, 1, 0, NULL, 0, 0),
(49, 1, 9, 0, 1, 0, NULL, 0, 0),
(50, 1, 9, 0, 1, 0, NULL, 1, 1),
(51, 1, 9, 0, 1, 0, NULL, 1, 1),
(52, 2, 9, 0, 0, 1, NULL, 0, 0),
(53, 1, 9, 0, 0, 1, NULL, 0, 0),
(54, 2, 9, 0, 0, 1, NULL, 0, 0),
(55, 1, 9, 0, 1, 0, NULL, 0, 0),
(56, 1, 9, 0, 1, 0, NULL, 1, 1),
(57, 2, 9, 0, 0, 1, NULL, 0, 0),
(58, 1, 9, 0, 0, 1, NULL, 0, 0),
(59, 1, 12, 0, 0, 1, NULL, 0, 0),
(60, 1, 12, 0, 1, 1, NULL, 0, 0),
(61, 1, 12, 0, 1, 1, NULL, 0, 0),
(62, 1, 9, 0, 1, 1, NULL, 0, 0),
(63, 1, 9, 0, 1, 1, NULL, 0, 0),
(64, 1, 9, 0, 1, 1, NULL, 0, 0),
(65, 1, 9, 0, 1, 0, NULL, 0, 0),
(66, 2, 9, 0, 0, 1, NULL, 0, 0),
(67, 1, 9, 0, 1, 0, NULL, 0, 0),
(68, 2, 9, 0, 0, 1, NULL, 0, 0),
(69, 1, 9, 0, 1, 1, NULL, 0, 0),
(70, 2, 9, 0, 0, 1, NULL, 0, 0),
(71, 1, 9, 0, 1, 0, NULL, 1, 1),
(72, 1, 9, 0, 1, 1, NULL, 0, 0),
(73, 1, 3, 0, 1, 1, 'right', 0, 0),
(74, 2, 9, 0, 0, 1, NULL, 0, 0),
(75, 1, 9, 0, 1, 0, NULL, 0, 0),
(76, 1, 9, 0, 0, 1, NULL, 1, 1),
(77, 1, 9, 0, 1, 0, NULL, 0, 0),
(78, 1, 3, 0, 0, 1, 'right', 0, 0),
(79, 1, 9, 0, 1, 1, NULL, 0, 0),
(80, 1, 9, 0, 1, 0, NULL, 0, 0),
(81, 1, 9, 0, 1, 0, NULL, 1, 1),
(82, 1, 9, 0, 0, 1, NULL, 1, 1),
(83, 1, 9, 0, 1, 0, NULL, 1, 1),
(84, 2, 9, 0, 1, 0, NULL, 1, 1),
(85, 1, 9, 0, 1, 0, NULL, 0, 0),
(86, 1, 12, 0, 0, 1, NULL, 0, 0),
(87, 1, 12, 0, 0, 1, NULL, 0, 0),
(88, 1, 12, 0, 1, 1, NULL, 0, 0);

-- --------------------------------------------------------

--
-- Tabellenstruktur für Tabelle `regionTitles`
--

CREATE TABLE IF NOT EXISTS `regionTitles` (
  `id` bigint(20) unsigned NOT NULL AUTO_INCREMENT,
  `idRegions` bigint(20) unsigned NOT NULL,
  `idLanguages` int(10) unsigned NOT NULL DEFAULT '1',
  `title` varchar(500) DEFAULT NULL,
  PRIMARY KEY (`id`),
  KEY `idRegions` (`idRegions`)
) ENGINE=InnoDB  DEFAULT CHARSET=utf8 AUTO_INCREMENT=191 ;

--
-- Daten für Tabelle `regionTitles`
--

INSERT INTO `regionTitles` (`id`, `idRegions`, `idLanguages`, `title`) VALUES
(1, 1, 1, 'Allgemeine Informationen'),
(2, 2, 1, 'Allgemeine Informationen'),
(3, 3, 1, 'Titelbild'),
(4, 4, 1, 'Artikel'),
(5, 5, 1, 'Bildergalerie'),
(6, 6, 1, 'Dokumente'),
(8, 8, 1, 'Auszug'),
(9, 9, 1, 'Layout, Kategorien & Tags'),
(10, 10, 1, 'Allgemeine Informationen'),
(11, 11, 1, 'Textblock'),
(12, 12, 1, 'Video'),
(13, 13, 1, 'Link auf Seite im Portal'),
(14, 14, 1, 'Sidebar'),
(15, 15, 1, 'Definitionen'),
(16, 16, 1, 'Portal Top'),
(17, 17, 1, 'Artikel'),
(18, 18, 1, 'Allgemeine Kontaktinformationen'),
(19, 19, 1, 'Veranstaltungsinformationen'),
(20, 20, 1, 'Veranstaltungsort'),
(21, 21, 1, 'Kontaktdetails'),
(22, 22, 1, 'Vortragende'),
(23, 23, 1, 'Banner klein'),
(24, 24, 1, 'Headerbereich'),
(25, 25, 1, 'Externer Link'),
(26, 1, 2, 'General information'),
(27, 2, 2, 'General information'),
(28, 26, 1, 'Allgemeine Informationen'),
(29, 27, 1, 'Prozessanweisung'),
(30, 28, 1, 'Prozessgrafik'),
(31, 29, 1, 'Prozessschritt'),
(32, 30, 1, 'Kurzbeschreibung'),
(33, 31, 1, 'Prozessinputs / Informationen / Ressourcen'),
(34, 32, 1, 'Prozessrisiken'),
(35, 33, 1, 'Vorschriften'),
(36, 34, 1, 'Prozessoutputs / Ergebnisse / Kunden'),
(37, 35, 1, 'Messgößen'),
(38, 36, 1, 'Vorschriften / Richtlinien / Sicherheit'),
(39, 37, 1, 'Methoden / Verfahren / IT Tools'),
(40, 38, 1, 'Google Maps'),
(41, 39, 1, 'Interne Links'),
(42, 40, 1, 'Kollektion'),
(43, 41, 1, 'Kategorien, Etiketten und Tags'),
(44, 41, 2, 'Categories, labels and tags'),
(45, 42, 1, 'Artikel'),
(47, 43, 1, 'Titelbild'),
(48, 43, 2, 'Title picture'),
(49, 44, 1, 'Bildergalerie'),
(50, 44, 2, 'Pictures'),
(51, 45, 1, 'Textblock'),
(53, 46, 1, 'Video'),
(54, 46, 2, 'Video'),
(55, 47, 1, 'Dokumente'),
(56, 47, 2, 'Documents'),
(57, 48, 1, 'Interne Links'),
(59, 49, 1, 'Auszug'),
(60, 49, 2, 'Abstract'),
(62, 50, 1, 'Externe Links'),
(63, 50, 2, 'External links'),
(64, 51, 1, 'Titelbild & Slogan'),
(65, 52, 1, 'Produktbaum'),
(66, 53, 1, 'Allgemeine Informationen'),
(67, 53, 2, 'General information'),
(68, 54, 1, 'Pressebereich'),
(69, 54, 2, 'Press area'),
(70, 55, 1, 'Hochauflösende Bilder'),
(71, 56, 1, 'Events'),
(72, 57, 1, 'Produkt-Karussell'),
(73, 58, 1, 'Iframe'),
(74, 59, 1, 'Allgemeine Standortinformationen'),
(75, 60, 1, 'Standortdetails'),
(76, 61, 1, 'Adresse'),
(77, 62, 1, 'Absender'),
(78, 63, 1, 'Empfänger'),
(79, 64, 1, 'Formular'),
(80, 65, 1, 'Titel für externe Links'),
(81, 66, 1, 'Filteroptionen'),
(82, 67, 1, 'Bild für Karussell'),
(83, 68, 1, 'Kurse'),
(84, 69, 1, 'Veranstaltungsinformationen'),
(85, 70, 1, 'Veranstaltungen'),
(86, 1, 2, 'General information'),
(87, 2, 2, 'General information'),
(88, 3, 2, 'Title image'),
(89, 4, 2, 'Article'),
(90, 5, 2, 'Image gallery'),
(91, 6, 2, 'Documents'),
(92, 8, 2, 'Excerpt'),
(93, 9, 2, 'Layout, Categories & Tags'),
(94, 10, 2, 'General information'),
(95, 11, 2, 'Text block'),
(96, 12, 2, 'Video'),
(97, 13, 2, 'Link to a page in portal'),
(98, 14, 2, 'Sidebar'),
(99, 15, 2, 'Definitions'),
(100, 16, 2, 'Portal Top'),
(101, 17, 2, 'Article'),
(102, 18, 2, 'General contact information'),
(103, 19, 2, 'Event information'),
(104, 20, 2, 'Event location'),
(105, 21, 2, 'Contact details'),
(106, 22, 2, 'Presentator'),
(107, 23, 2, 'Banner small'),
(108, 24, 2, 'Header area'),
(109, 25, 2, 'External link'),
(110, 26, 2, 'General information'),
(111, 27, 2, 'Process instruction'),
(112, 28, 2, 'Process graphics'),
(113, 29, 2, 'Process unit'),
(114, 30, 2, 'Short description'),
(115, 31, 2, 'Process inputs / information / ressources'),
(116, 32, 2, 'Process risks'),
(117, 33, 2, 'Instructions'),
(118, 34, 2, 'Prozess outputs / results / clients'),
(119, 35, 2, 'Measurement categories'),
(120, 36, 2, 'Regulation / guidelines / safety'),
(121, 37, 2, 'Methods / actions / IT tools'),
(122, 38, 2, 'Google Maps'),
(123, 39, 2, 'Internal links'),
(124, 40, 2, 'Collection'),
(126, 42, 2, 'Article'),
(127, 43, 2, 'Title image'),
(128, 44, 2, 'Image gallery'),
(129, 45, 2, 'Text block'),
(130, 46, 2, 'Video'),
(131, 47, 2, 'Documents'),
(132, 48, 2, 'Internal links'),
(133, 49, 2, 'Excerpt'),
(134, 50, 2, 'External links'),
(135, 51, 2, 'Title image & slogan'),
(136, 52, 2, 'Product tree'),
(137, 53, 2, 'General information'),
(138, 54, 2, 'Press area'),
(139, 55, 2, 'High resoletion images'),
(140, 56, 2, 'Events'),
(141, 57, 2, 'Product-carousel'),
(142, 58, 2, 'Iframe'),
(143, 59, 2, 'General location information'),
(144, 60, 2, 'Location details'),
(145, 61, 2, 'Address'),
(146, 62, 2, 'Sender'),
(147, 63, 2, 'Recipient'),
(148, 64, 2, 'Form'),
(149, 65, 2, 'Title for external links'),
(150, 66, 2, 'Filter options'),
(151, 67, 2, 'Image for carousel'),
(152, 68, 2, 'Courses'),
(153, 69, 2, 'Event information'),
(154, 70, 2, 'Events'),
(155, 71, 1, 'Dokumente'),
(156, 71, 2, 'Documents'),
(157, 72, 1, 'Auszug'),
(158, 72, 2, 'Excerpt'),
(159, 73, 1, 'Kategorien & Etiketten'),
(160, 73, 2, 'Categories & Labels'),
(161, 74, 1, 'Download Center'),
(162, 74, 2, 'Download Center'),
(163, 75, 1, 'Bilder'),
(164, 75, 2, 'Images'),
(165, 76, 1, 'SAP Material Numbers'),
(166, 76, 2, 'SAP Material Numbers'),
(167, 77, 1, 'Dokumente'),
(168, 77, 2, 'Documents'),
(169, 78, 1, 'Shop Status'),
(170, 78, 2, 'Shop Status'),
(171, 79, 1, 'Artikel'),
(172, 79, 2, 'Article'),
(173, 80, 1, 'Interne Links'),
(174, 80, 2, 'Internal links'),
(175, 81, 1, 'Textblock'),
(176, 81, 2, 'Text block'),
(177, 82, 1, 'Price Reference Material'),
(178, 82, 2, 'Price Reference Material'),
(179, 83, 1, 'Titelbild & Url'),
(180, 83, 2, 'Title image & URL'),
(181, 84, 1, 'Produkte'),
(182, 84, 2, 'Products'),
(183, 85, 1, 'Titel für Textblöcke'),
(184, 85, 2, 'Title for text blocks'),
(185, 88, 1, 'Kontaktdetails'),
(186, 88, 2, 'Contact details'),
(187, 86, 1, 'Allgemeine Benutzerinformationen'),
(188, 86, 2, 'General users information'),
(189, 87, 1, 'Allgemeine Firmeninformationen'),
(190, 87, 2, 'General company information');

-- --------------------------------------------------------

--
-- Tabellenstruktur für Tabelle `regionTypes`
--

CREATE TABLE IF NOT EXISTS `regionTypes` (
  `id` bigint(20) unsigned NOT NULL AUTO_INCREMENT,
  `title` varchar(255) NOT NULL,
  PRIMARY KEY (`id`)
) ENGINE=InnoDB  DEFAULT CHARSET=utf8 AUTO_INCREMENT=3 ;

--
-- Daten für Tabelle `regionTypes`
--

INSERT INTO `regionTypes` (`id`, `title`) VALUES
(1, 'content'),
(2, 'config');

-- --------------------------------------------------------

--
-- Tabellenstruktur für Tabelle `renderedFiles`
--

CREATE TABLE IF NOT EXISTS `renderedFiles` (
  `id` bigint(20) unsigned NOT NULL,
  `idFiles` bigint(20) unsigned NOT NULL,
  `folder` varchar(255) NOT NULL,
  PRIMARY KEY (`id`)
) ENGINE=InnoDB DEFAULT CHARSET=utf8;

--
-- Daten für Tabelle `renderedFiles`
--


-- --------------------------------------------------------

--
-- Tabellenstruktur für Tabelle `resourceGroups`
--

CREATE TABLE IF NOT EXISTS `resourceGroups` (
  `idResources` bigint(20) unsigned NOT NULL,
  `idGroups` bigint(20) unsigned NOT NULL,
  PRIMARY KEY (`idResources`,`idGroups`),
  KEY `idGroups` (`idGroups`)
) ENGINE=InnoDB DEFAULT CHARSET=utf8;

--
-- Daten für Tabelle `resourceGroups`
--

INSERT INTO `resourceGroups` (`idResources`, `idGroups`) VALUES
(1, 1),
(2, 1),
(3, 1),
(5, 1),
(6, 1),
(7, 1),
(8, 1),
(1, 2),
(2, 3),
(1, 5),
(5, 5),
(8, 5),
(7, 6),
(5, 7),
(7, 7),
(8, 7),
(1, 8),
(5, 35),
(7, 35),
(8, 35),
(7, 36),
(5, 37),
(7, 37),
(8, 37),
(7, 38),
(5, 39),
(7, 39),
(8, 39),
(7, 40),
(2, 41),
(8, 155),
(8, 156),
(8, 157),
(8, 158);

-- --------------------------------------------------------

--
-- Tabellenstruktur für Tabelle `resources`
--

CREATE TABLE IF NOT EXISTS `resources` (
  `id` bigint(20) unsigned NOT NULL AUTO_INCREMENT,
  `title` varchar(255) NOT NULL,
  `key` varchar(64) NOT NULL,
  `creator` bigint(20) unsigned NOT NULL,
  `idUsers` bigint(20) unsigned NOT NULL COMMENT 'Person, letzte Änderung',
  `created` timestamp NULL DEFAULT NULL,
  `changed` timestamp NOT NULL DEFAULT CURRENT_TIMESTAMP,
  PRIMARY KEY (`id`)
) ENGINE=InnoDB  DEFAULT CHARSET=utf8 AUTO_INCREMENT=9 ;

--
-- Daten für Tabelle `resources`
--

INSERT INTO `resources` (`id`, `title`, `key`, `creator`, `idUsers`, `created`, `changed`) VALUES
(1, 'Portals', 'portals', 3, 2, '2009-10-08 12:15:10', '2010-08-18 08:32:24'),
(2, 'Media', 'media', 3, 3, '2009-10-08 12:15:10', '2010-11-23 15:37:55'),
(3, 'User administration', 'user_administration', 3, 3, '2009-10-19 11:32:23', '2009-10-19 11:57:15'),
(5, 'Settings', 'settings', 3, 3, '2009-10-19 11:55:40', '2010-06-11 11:45:17'),
(6, 'Settings - System Internal', 'settings-system_internal', 3, 3, '2009-10-19 11:58:54', '2009-10-19 14:50:43'),
(7, 'Global', 'global', 3, 3, '2010-06-07 15:27:55', '2010-06-11 11:44:49'),
(8, 'Contacts', 'contacts', 2, 2, '2011-01-05 16:15:23', '2011-01-20 10:02:27');

-- --------------------------------------------------------

--
-- Tabellenstruktur für Tabelle `rootLevelGroupPermissions`
--

CREATE TABLE IF NOT EXISTS `rootLevelGroupPermissions` (
  `id` bigint(20) unsigned NOT NULL AUTO_INCREMENT,
  `idRootLevelGroups` int(10) unsigned NOT NULL,
  `idGroups` bigint(20) unsigned DEFAULT NULL,
  `idPermissions` bigint(20) unsigned DEFAULT NULL,
  PRIMARY KEY (`id`),
  KEY `idRootLevelGroups` (`idRootLevelGroups`)
) ENGINE=InnoDB DEFAULT CHARSET=utf8 AUTO_INCREMENT=1 ;

--
-- Daten für Tabelle `rootLevelGroupPermissions`
--


-- --------------------------------------------------------

--
-- Tabellenstruktur für Tabelle `rootLevelGroups`
--

CREATE TABLE IF NOT EXISTS `rootLevelGroups` (
  `id` int(10) unsigned NOT NULL AUTO_INCREMENT,
  `name` varchar(64) NOT NULL,
  PRIMARY KEY (`id`)
) ENGINE=InnoDB  DEFAULT CHARSET=utf8 AUTO_INCREMENT=15 ;

--
-- Daten für Tabelle `rootLevelGroups`
--

INSERT INTO `rootLevelGroups` (`id`, `name`) VALUES
(1, 'portal'),
(2, 'file'),
(3, 'category'),
(4, 'contact'),
(5, 'user'),
(6, 'group'),
(7, 'resource'),
(8, 'content'),
(9, 'product'),
(10, 'press'),
(11, 'course'),
(12, 'location'),
(13, 'event'),
(14, 'tradeinfonet');

-- --------------------------------------------------------

--
-- Tabellenstruktur für Tabelle `rootLevelGroupTitles`
--

CREATE TABLE IF NOT EXISTS `rootLevelGroupTitles` (
  `id` int(10) unsigned NOT NULL AUTO_INCREMENT,
  `idRootLevelGroups` int(10) unsigned NOT NULL,
  `idLanguages` int(10) unsigned NOT NULL DEFAULT '1',
  `title` varchar(500) DEFAULT NULL,
  PRIMARY KEY (`id`),
  KEY `idRootLevelGroups` (`idRootLevelGroups`)
) ENGINE=InnoDB  DEFAULT CHARSET=utf8 ROW_FORMAT=COMPACT AUTO_INCREMENT=7 ;

--
-- Daten für Tabelle `rootLevelGroupTitles`
--

INSERT INTO `rootLevelGroupTitles` (`id`, `idRootLevelGroups`, `idLanguages`, `title`) VALUES
(1, 9, 1, 'Produkte'),
(2, 9, 2, 'Products'),
(5, 14, 1, 'Trade Infonet'),
(6, 14, 2, 'Trade Infonet');

-- --------------------------------------------------------

--
-- Tabellenstruktur für Tabelle `rootLevelLanguages`
--

CREATE TABLE IF NOT EXISTS `rootLevelLanguages` (
  `idRootLevels` bigint(20) unsigned NOT NULL,
  `idLanguages` int(10) unsigned NOT NULL,
  `idLocalizations` int(10) unsigned NOT NULL,
  `isFallback` tinyint(1) NOT NULL,
  `order` int(10) unsigned NOT NULL,
  PRIMARY KEY (`idRootLevels`,`idLanguages`),
  KEY `idLanguages` (`idLanguages`),
  KEY `idLocalizations` (`idLocalizations`)
) ENGINE=InnoDB DEFAULT CHARSET=utf8;

--
-- Daten für Tabelle `rootLevelLanguages`
--

INSERT INTO `rootLevelLanguages` (`idRootLevels`, `idLanguages`, `idLocalizations`, `isFallback`, `order`) VALUES
(1, 1, 4, 0, 1),
(1, 2, 4, 1, 2);

-- --------------------------------------------------------

--
-- Tabellenstruktur für Tabelle `rootLevelMaintenances`
--

CREATE TABLE IF NOT EXISTS `rootLevelMaintenances` (
  `id` bigint(20) unsigned NOT NULL AUTO_INCREMENT,
  `idRootLevels` bigint(20) unsigned NOT NULL,
  `idLanguages` bigint(20) unsigned DEFAULT NULL,
  `isMaintenance` tinyint(1) NOT NULL DEFAULT '0',
  `maintenance_startdate` varchar(30) DEFAULT NULL,
  `maintenance_enddate` varchar(30) DEFAULT NULL,
  `maintenance_url` varchar(255) DEFAULT NULL,
  `changed` timestamp NOT NULL DEFAULT CURRENT_TIMESTAMP ON UPDATE CURRENT_TIMESTAMP,
  PRIMARY KEY (`id`),
  KEY `idRootLevels` (`idRootLevels`)
) ENGINE=InnoDB  DEFAULT CHARSET=utf8 AUTO_INCREMENT=2 ;

--
-- Daten für Tabelle `rootLevelMaintenances`
--

INSERT INTO `rootLevelMaintenances` (`id`, `idRootLevels`, `idLanguages`, `isMaintenance`, `maintenance_startdate`, `maintenance_enddate`, `maintenance_url`, `changed`) VALUES
(1, 1, NULL, 0, '16.12.2010 11:00', '16.12.2010 11:15', '/de/impressum-test', '2010-12-17 09:45:53');

-- --------------------------------------------------------

--
-- Tabellenstruktur für Tabelle `rootLevelPermissions`
--

CREATE TABLE IF NOT EXISTS `rootLevelPermissions` (
  `idRootLevels` bigint(20) unsigned NOT NULL,
  `zone` int(10) unsigned NOT NULL DEFAULT '1' COMMENT '1 => ZOOLU, 2 => Website, 3 ... ???',
  `idGroups` bigint(20) unsigned NOT NULL,
  PRIMARY KEY (`idRootLevels`,`idGroups`),
  KEY `idGroups` (`idGroups`)
) ENGINE=InnoDB DEFAULT CHARSET=utf8;

--
-- Daten für Tabelle `rootLevelPermissions`
--

INSERT INTO `rootLevelPermissions` (`idRootLevels`, `zone`, `idGroups`) VALUES
(1, 1, 8),
(2, 1, 3),
(2, 1, 41),
(3, 1, 3),
(3, 1, 41),
(5, 1, 1),
(5, 1, 5),
(5, 1, 7),
(5, 1, 35),
(5, 1, 37),
(5, 1, 39),
(5, 1, 155),
(5, 1, 156),
(5, 1, 157),
(5, 1, 158),
(11, 1, 6),
(11, 1, 7),
(12, 1, 6),
(12, 1, 7),
(15, 1, 35),
(15, 1, 36),
(17, 1, 37),
(17, 1, 38),
(18, 1, 3),
(18, 1, 41),
(19, 1, 1),
(20, 1, 39),
(20, 1, 40);

-- --------------------------------------------------------

--
-- Tabellenstruktur für Tabelle `rootLevels`
--

CREATE TABLE IF NOT EXISTS `rootLevels` (
  `id` bigint(20) unsigned NOT NULL AUTO_INCREMENT,
  `idRootLevelTypes` int(10) unsigned NOT NULL,
  `idRootLevelGroups` int(10) unsigned NOT NULL,
  `idModules` bigint(20) unsigned NOT NULL,
  `isSecure` tinyint(1) NOT NULL DEFAULT '0' COMMENT 'flag for the web security',
  `href` varchar(64) DEFAULT NULL,
  `idThemes` bigint(20) unsigned DEFAULT NULL,
  `order` int(10) unsigned NOT NULL,
  `active` tinyint(1) NOT NULL DEFAULT '1',
  PRIMARY KEY (`id`),
  KEY `idRootLevelTypes` (`idRootLevelTypes`),
  KEY `idRootLevelGroups` (`idRootLevelGroups`)
) ENGINE=InnoDB  DEFAULT CHARSET=utf8 ROW_FORMAT=COMPACT AUTO_INCREMENT=21 ;

--
-- Daten für Tabelle `rootLevels`
--

INSERT INTO `rootLevels` (`id`, `idRootLevelTypes`, `idRootLevelGroups`, `idModules`, `isSecure`, `href`, `idThemes`, `order`, `active`) VALUES
(1, 1, 1, 1, 0, NULL, 1, 1, 1),
(2, 2, 2, 2, 0, NULL, NULL, 1, 1),
(3, 3, 2, 2, 0, NULL, NULL, 2, 1),
(4, 4, 3, 3, 0, NULL, NULL, 1, 1),
(5, 5, 4, 6, 0, '/zoolu/contacts/', NULL, 1, 1),
(6, 6, 3, 3, 0, NULL, NULL, 4, 1),
(7, 7, 3, 3, 0, NULL, NULL, 5, 1),
(8, 8, 5, 4, 0, NULL, NULL, 3, 1),
(9, 9, 6, 4, 0, NULL, NULL, 2, 1),
(10, 10, 7, 4, 0, NULL, NULL, 1, 1),
(11, 11, 9, 5, 0, '/zoolu/global/index/list', NULL, 3, 0),
(12, 11, 9, 5, 0, '/zoolu/global/', NULL, 2, 0),
(15, 11, 10, 5, 0, '/zoolu/global/', NULL, 4, 0),
(16, 11, 8, 5, 0, '/zoolu/global/', NULL, 1, 0),
(17, 11, 11, 5, 0, '/zoolu/global/', NULL, 1, 0),
(18, 12, 2, 2, 0, NULL, NULL, 3, 1),
(19, 13, 12, 6, 0, '/zoolu/contacts/', NULL, 2, 0),
(20, 11, 13, 5, 0, '/zoolu/global/', NULL, 1, 0);

-- --------------------------------------------------------

--
-- Tabellenstruktur für Tabelle `rootLevelTitles`
--

CREATE TABLE IF NOT EXISTS `rootLevelTitles` (
  `id` bigint(20) unsigned NOT NULL AUTO_INCREMENT,
  `idRootLevels` bigint(20) unsigned NOT NULL,
  `idLanguages` int(10) unsigned NOT NULL DEFAULT '1',
  `title` varchar(500) DEFAULT NULL,
  PRIMARY KEY (`id`),
  KEY `rootLevelTitles_ibfk_1` (`idRootLevels`)
) ENGINE=InnoDB  DEFAULT CHARSET=utf8 ROW_FORMAT=COMPACT AUTO_INCREMENT=41 ;

--
-- Daten für Tabelle `rootLevelTitles`
--

INSERT INTO `rootLevelTitles` (`id`, `idRootLevels`, `idLanguages`, `title`) VALUES
(1, 1, 1, 'Zoolu Default'),
(2, 2, 1, 'Bilder'),
(3, 3, 1, 'Dokumente'),
(4, 5, 1, 'Kontakte'),
(5, 4, 1, 'Kategorien'),
(6, 6, 1, 'Eigene Etiketten'),
(7, 7, 1, 'System Interne'),
(8, 8, 1, 'Benutzer'),
(9, 9, 1, 'Gruppen / Rollen'),
(10, 10, 1, 'Ressourcen'),
(11, 1, 2, 'Zoolu Default'),
(12, 11, 1, 'Alle Produkte'),
(13, 12, 1, 'Produktbaum'),
(18, 11, 2, 'All Products'),
(19, 12, 2, 'Product-Tree'),
(20, 2, 2, 'Images'),
(21, 3, 2, 'Documents'),
(22, 5, 2, 'Contacts'),
(23, 4, 2, 'Categories'),
(24, 6, 2, 'Custom flags'),
(25, 7, 2, 'System internals'),
(26, 8, 2, 'Users'),
(27, 9, 2, 'Groups'),
(28, 10, 2, 'Resources'),
(29, 15, 1, 'Presse'),
(30, 15, 2, 'Press'),
(31, 16, 1, 'Inhalte'),
(32, 16, 2, 'Content'),
(33, 17, 1, 'Kurse'),
(34, 18, 1, 'Videos'),
(35, 18, 2, 'Videos'),
(36, 19, 1, 'Standorte'),
(37, 19, 2, 'Locations'),
(38, 20, 1, 'Veranstaltungen'),
(39, 17, 2, 'Courses'),
(40, 20, 2, 'Events');

-- --------------------------------------------------------

--
-- Tabellenstruktur für Tabelle `rootLevelTypes`
--

CREATE TABLE IF NOT EXISTS `rootLevelTypes` (
  `id` int(10) unsigned NOT NULL AUTO_INCREMENT,
  `title` varchar(255) NOT NULL,
  PRIMARY KEY (`id`)
) ENGINE=InnoDB  DEFAULT CHARSET=utf8 AUTO_INCREMENT=17 ;

--
-- Daten für Tabelle `rootLevelTypes`
--

INSERT INTO `rootLevelTypes` (`id`, `title`) VALUES
(1, 'portals'),
(2, 'images'),
(3, 'documents'),
(4, 'categories'),
(5, 'contacts'),
(6, 'labels'),
(7, 'systeminternals'),
(8, 'users'),
(9, 'groups'),
(10, 'resources'),
(11, 'global'),
(12, 'videos'),
(13, 'locations'),
(14, 'shops'),
(15, 'members'),
(16, 'companies');

-- --------------------------------------------------------

--
-- Tabellenstruktur für Tabelle `rootLevelUrls`
--

CREATE TABLE IF NOT EXISTS `rootLevelUrls` (
  `id` bigint(20) unsigned NOT NULL AUTO_INCREMENT,
  `idRootLevels` bigint(20) unsigned NOT NULL,
  `idEnvironments` int(10) unsigned NOT NULL,
  `isMain` tinyint(1) NOT NULL DEFAULT '0',
  `url` varchar(128) NOT NULL COMMENT 'without "www" in front',
  `idLanguages` int(10) unsigned NOT NULL DEFAULT '1',
  `analyticsKey` varchar(64) DEFAULT NULL,
  `mapsKey` varchar(128) DEFAULT NULL,
  `idUsers` bigint(20) unsigned NOT NULL,
  `creator` bigint(20) unsigned NOT NULL,
  `created` timestamp NULL DEFAULT NULL,
  `changed` timestamp NOT NULL DEFAULT CURRENT_TIMESTAMP,
  PRIMARY KEY (`id`),
  KEY `idRootLevels` (`idRootLevels`),
  KEY `idEnvironments` (`idEnvironments`),
  KEY `url` (`url`)
) ENGINE=InnoDB  DEFAULT CHARSET=utf8 AUTO_INCREMENT=4 ;

--
-- Daten für Tabelle `rootLevelUrls`
--

INSERT INTO `rootLevelUrls` (`id`, `idRootLevels`, `idEnvironments`, `isMain`, `url`, `idLanguages`, `analyticsKey`, `mapsKey`, `idUsers`, `creator`, `created`, `changed`) VALUES
(1, 1, 3, 1, 'dev.zoolu.area51.at', 1, NULL, 'ABQIAAAAuHONMei_wmASLdi5Q2Db3xQLuxzDG4wDERDBvzvY5KfjENHZIxR7EcVZD_SBQVVbGZKEGUEQw6Zc7Q', 3, 3, '2011-02-15 14:07:18', '2009-10-15 15:09:23');

-- --------------------------------------------------------

--
-- Tabellenstruktur für Tabelle `searchFieldTypes`
--

CREATE TABLE IF NOT EXISTS `searchFieldTypes` (
  `id` int(10) unsigned NOT NULL AUTO_INCREMENT,
  `title` varchar(255) NOT NULL,
  `description` text,
  PRIMARY KEY (`id`)
) ENGINE=InnoDB  DEFAULT CHARSET=utf8 ROW_FORMAT=COMPACT AUTO_INCREMENT=7 ;

--
-- Daten für Tabelle `searchFieldTypes`
--

INSERT INTO `searchFieldTypes` (`id`, `title`, `description`) VALUES
(1, 'None', NULL),
(2, 'Keyword', 'Keyword fields are stored and indexed, meaning that they can be searched as well as displayed in search results. They are not split up into separate words by tokenization. Enumerated database fields usually translate well to Keyword fields in Zend_Search_Lucene.'),
(3, 'UnIndexed', 'UnIndexed fields are not searchable, but they are returned with search hits. Database timestamps, primary keys, file system paths, and other external identifiers are good candidates for UnIndexed fields.'),
(4, 'Binary', 'Binary fields are not tokenized or indexed, but are stored for retrieval with search hits. They can be used to store any data encoded as a binary string, such as an image icon.'),
(5, 'Text', 'Text fields are stored, indexed, and tokenized. Text fields are appropriate for storing information like subjects and titles that need to be searchable as well as returned with search results.'),
(6, 'UnStored', 'UnStored fields are tokenized and indexed, but not stored in the index. Large amounts of text are best indexed using this type of field. Storing data creates a larger index on disk, so if you need to search but not redisplay the data, use an UnStored field. UnStored fields are practical when using a Zend_Search_Lucene index in combination with a relational database. You can index large data fields with UnStored fields for searching, and retrieve them from your relational database by using a separate field as an identifier.');

-- --------------------------------------------------------

--
-- Tabellenstruktur für Tabelle `sortTypes`
--

CREATE TABLE IF NOT EXISTS `sortTypes` (
  `id` bigint(20) unsigned NOT NULL AUTO_INCREMENT,
  `title` varchar(255) NOT NULL,
  PRIMARY KEY (`id`)
) ENGINE=InnoDB DEFAULT CHARSET=utf8 AUTO_INCREMENT=1 ;

--
-- Daten für Tabelle `sortTypes`
--


-- --------------------------------------------------------

--
-- Tabellenstruktur für Tabelle `status`
--

CREATE TABLE IF NOT EXISTS `status` (
  `id` bigint(20) unsigned NOT NULL AUTO_INCREMENT,
  `title` varchar(255) NOT NULL,
  PRIMARY KEY (`id`)
) ENGINE=InnoDB  DEFAULT CHARSET=utf8 AUTO_INCREMENT=3 ;

--
-- Daten für Tabelle `status`
--

INSERT INTO `status` (`id`, `title`) VALUES
(1, 'test'),
(2, 'live');

-- --------------------------------------------------------

--
-- Tabellenstruktur für Tabelle `statusTitles`
--

CREATE TABLE IF NOT EXISTS `statusTitles` (
  `id` bigint(20) unsigned NOT NULL AUTO_INCREMENT,
  `idStatus` bigint(20) unsigned NOT NULL,
  `idLanguages` int(10) unsigned NOT NULL DEFAULT '1',
  `title` varchar(100) NOT NULL,
  PRIMARY KEY (`id`),
  KEY `idStatus` (`idStatus`)
) ENGINE=InnoDB  DEFAULT CHARSET=utf8 AUTO_INCREMENT=5 ;

--
-- Daten für Tabelle `statusTitles`
--

INSERT INTO `statusTitles` (`id`, `idStatus`, `idLanguages`, `title`) VALUES
(1, 1, 1, 'Test'),
(2, 2, 1, 'Veröffentlicht'),
(3, 1, 2, 'Test'),
(4, 2, 2, 'Published');

-- --------------------------------------------------------

--
-- Tabellenstruktur für Tabelle `tabRegions`
--

CREATE TABLE IF NOT EXISTS `tabRegions` (
  `id` bigint(20) NOT NULL AUTO_INCREMENT,
  `idTabs` bigint(20) NOT NULL,
  `idRegions` bigint(20) NOT NULL,
  `order` int(10) NOT NULL,
  PRIMARY KEY (`id`)
) ENGINE=InnoDB  DEFAULT CHARSET=utf8 AUTO_INCREMENT=266 ;

--
-- Daten für Tabelle `tabRegions`
--

INSERT INTO `tabRegions` (`id`, `idTabs`, `idRegions`, `order`) VALUES
(1, 1, 1, 1),
(2, 2, 2, 1),
(3, 2, 3, 4),
(4, 2, 4, 6),
(5, 2, 5, 9),
(6, 2, 6, 10),
(8, 2, 8, 12),
(9, 2, 9, 0),
(10, 5, 10, 1),
(15, 2, 11, 7),
(16, 2, 12, 8),
(17, 6, 13, 1),
(18, 7, 2, 1),
(19, 7, 9, 0),
(20, 7, 14, 6),
(21, 7, 15, 4),
(22, 8, 2, 1),
(23, 8, 9, 0),
(24, 8, 11, 8),
(25, 8, 16, 3),
(26, 8, 17, 9),
(47, 7, 8, 11),
(48, 7, 3, 4),
(49, 7, 4, 7),
(50, 9, 10, 1),
(51, 11, 2, 1),
(52, 11, 3, 4),
(53, 11, 4, 8),
(54, 11, 5, 10),
(55, 11, 6, 11),
(57, 11, 8, 3),
(58, 11, 9, 0),
(60, 11, 12, 9),
(61, 10, 18, 1),
(62, 11, 19, 5),
(63, 11, 20, 6),
(64, 10, 21, 3),
(65, 11, 22, 7),
(66, 12, 2, 1),
(67, 12, 3, 4),
(68, 12, 4, 6),
(69, 12, 8, 2),
(70, 12, 9, 0),
(71, 8, 23, 6),
(72, 8, 3, 4),
(73, 8, 4, 7),
(74, 2, 24, 2),
(75, 8, 24, 2),
(79, 14, 26, 1),
(80, 15, 27, 2),
(81, 16, 28, 1),
(82, 17, 29, 4),
(83, 14, 30, 2),
(84, 14, 31, 3),
(85, 18, 32, 1),
(86, 19, 33, 6),
(87, 14, 34, 4),
(88, 14, 35, 5),
(89, 14, 36, 6),
(90, 14, 37, 7),
(91, 2, 38, 3),
(92, 2, 39, 11),
(93, 7, 40, 5),
(94, 20, 41, 2),
(95, 20, 42, 7),
(96, 20, 43, 4),
(97, 20, 44, 11),
(98, 20, 45, 9),
(99, 20, 46, 10),
(100, 20, 47, 12),
(101, 20, 48, 13),
(102, 20, 49, 3),
(103, 20, 50, 15),
(104, 20, 2, 1),
(105, 21, 41, 0),
(106, 21, 2, 1),
(107, 21, 43, 3),
(108, 21, 15, 5),
(109, 21, 14, 6),
(110, 21, 4, 4),
(111, 21, 8, 2),
(112, 20, 51, 6),
(113, 22, 9, 0),
(114, 22, 2, 1),
(118, 22, 8, 11),
(119, 22, 52, 5),
(121, 23, 9, 0),
(122, 23, 53, 1),
(124, 23, 3, 4),
(125, 23, 4, 6),
(126, 23, 11, 7),
(128, 23, 55, 9),
(129, 23, 6, 10),
(131, 23, 8, 2),
(132, 24, 2, 1),
(133, 24, 9, 0),
(134, 24, 14, 6),
(135, 24, 15, 5),
(136, 24, 8, 2),
(137, 24, 3, 3),
(138, 24, 4, 4),
(141, 25, 9, 0),
(142, 25, 2, 1),
(143, 25, 8, 11),
(144, 25, 54, 5),
(146, 26, 9, 0),
(147, 26, 2, 1),
(150, 26, 3, 4),
(151, 26, 4, 6),
(152, 26, 11, 7),
(154, 26, 5, 9),
(155, 26, 6, 10),
(157, 26, 8, 2),
(158, 27, 9, 0),
(159, 27, 2, 1),
(160, 27, 8, 2),
(161, 27, 3, 3),
(162, 27, 4, 4),
(163, 27, 15, 5),
(164, 27, 14, 6),
(165, 26, 56, 8),
(166, 8, 57, 10),
(167, 28, 58, 2),
(168, 13, 25, 1),
(169, 28, 9, 0),
(170, 28, 3, 3),
(171, 28, 4, 4),
(172, 28, 11, 5),
(173, 28, 12, 6),
(174, 28, 5, 7),
(175, 28, 6, 8),
(176, 28, 8, 9),
(177, 28, 2, 1),
(178, 29, 59, 1),
(179, 29, 60, 3),
(180, 29, 61, 2),
(181, 10, 61, 2),
(195, 31, 2, 1),
(196, 31, 3, 4),
(197, 31, 4, 6),
(198, 31, 5, 9),
(199, 31, 6, 10),
(201, 31, 8, 12),
(202, 31, 9, 0),
(204, 31, 12, 8),
(205, 31, 24, 2),
(207, 31, 39, 11),
(209, 30, 62, 1),
(210, 30, 63, 2),
(211, 30, 64, 3),
(212, 23, 50, 12),
(213, 23, 65, 11),
(214, 32, 2, 1),
(215, 32, 3, 3),
(216, 32, 4, 4),
(217, 32, 5, 6),
(218, 32, 6, 7),
(220, 32, 8, 9),
(221, 32, 9, 0),
(223, 32, 12, 5),
(226, 32, 39, 8),
(227, 32, 66, 2),
(228, 20, 67, 5),
(229, 33, 9, 0),
(230, 33, 2, 1),
(231, 33, 8, 11),
(232, 33, 68, 5),
(233, 12, 15, 8),
(234, 12, 14, 10),
(235, 11, 69, 2),
(236, 34, 9, 0),
(237, 34, 2, 1),
(238, 34, 8, 11),
(239, 34, 70, 5),
(240, 2, 71, 10),
(241, 13, 72, 2),
(242, 13, 73, 0),
(243, 35, 9, 0),
(244, 35, 2, 1),
(245, 35, 8, 11),
(246, 35, 74, 5),
(247, 35, 4, 7),
(250, 36, 76, 1),
(255, 20, 65, 14),
(256, 36, 82, 2),
(257, 8, 83, 5),
(258, 8, 84, 11),
(259, 20, 85, 8),
(260, 37, 86, 1),
(261, 37, 88, 3),
(262, 37, 61, 2),
(263, 38, 87, 1),
(264, 38, 88, 3),
(265, 38, 61, 2);

-- --------------------------------------------------------

--
-- Tabellenstruktur für Tabelle `tabs`
--

CREATE TABLE IF NOT EXISTS `tabs` (
  `id` bigint(20) NOT NULL AUTO_INCREMENT,
  `color` char(7) CHARACTER SET latin1 DEFAULT NULL,
  PRIMARY KEY (`id`)
) ENGINE=InnoDB  DEFAULT CHARSET=utf8 AUTO_INCREMENT=39 ;

--
-- Daten für Tabelle `tabs`
--

INSERT INTO `tabs` (`id`, `color`) VALUES
(1, NULL),
(2, NULL),
(3, NULL),
(4, NULL),
(5, NULL),
(6, NULL),
(7, NULL),
(8, NULL),
(9, NULL),
(10, NULL),
(11, NULL),
(12, NULL),
(13, NULL),
(14, NULL),
(15, NULL),
(16, NULL),
(17, NULL),
(18, NULL),
(19, NULL),
(20, NULL),
(21, NULL),
(22, NULL),
(23, NULL),
(24, NULL),
(25, NULL),
(26, NULL),
(27, NULL),
(28, NULL),
(29, NULL),
(30, NULL),
(31, NULL),
(32, NULL),
(33, NULL),
(34, NULL),
(35, NULL),
(36, NULL),
(37, NULL),
(38, NULL);

-- --------------------------------------------------------

--
-- Tabellenstruktur für Tabelle `tabTitles`
--

CREATE TABLE IF NOT EXISTS `tabTitles` (
  `id` bigint(20) NOT NULL AUTO_INCREMENT,
  `idTabs` bigint(20) NOT NULL,
  `idLanguages` bigint(20) NOT NULL,
  `title` varchar(255) NOT NULL,
  PRIMARY KEY (`id`)
) ENGINE=InnoDB  DEFAULT CHARSET=utf8 AUTO_INCREMENT=23 ;

--
-- Daten für Tabelle `tabTitles`
--

INSERT INTO `tabTitles` (`id`, `idTabs`, `idLanguages`, `title`) VALUES
(1, 14, 1, 'Übersicht'),
(2, 15, 1, 'Anweisung'),
(3, 16, 1, 'Ablauf'),
(4, 17, 1, 'Schritte'),
(5, 18, 1, 'Risiken'),
(6, 19, 1, 'Vorschriften / Richtlinien / Sicherheit'),
(7, 30, 1, 'Konfiguration'),
(8, 31, 1, 'Allgemein'),
(9, 26, 1, 'Allgemein'),
(10, 14, 2, 'Overview'),
(11, 15, 2, 'Statement'),
(12, 16, 2, 'Process'),
(13, 17, 2, 'Steps'),
(14, 18, 2, 'Risks'),
(15, 19, 2, 'Rules / regulations / safety'),
(16, 30, 2, 'Configuration'),
(17, 31, 2, 'General'),
(18, 26, 2, 'General'),
(19, 20, 1, 'Allgemein'),
(20, 20, 2, 'General'),
(21, 36, 1, 'Shop'),
(22, 36, 2, 'Shop');

-- --------------------------------------------------------

--
-- Tabellenstruktur für Tabelle `tagFiles`
--

CREATE TABLE IF NOT EXISTS `tagFiles` (
  `idTags` bigint(20) unsigned NOT NULL,
  `fileId` varchar(32) NOT NULL,
  `version` int(10) unsigned NOT NULL,
  `idLanguages` int(10) unsigned NOT NULL DEFAULT '1',
  PRIMARY KEY (`idTags`,`fileId`,`version`,`idLanguages`),
  KEY `idTags` (`idTags`),
  KEY `idFiles` (`fileId`)
) ENGINE=InnoDB DEFAULT CHARSET=utf8;

--
-- Daten für Tabelle `tagFiles`
--

INSERT INTO `tagFiles` (`idTags`, `fileId`, `version`, `idLanguages`) VALUES
(1, '1', 1, 1),
(1, '1', 1, 2),
(1, '2', 1, 1),
(1, '2', 1, 2),
(1, '2', 1, 10),
(1, '28', 1, 1),
(1, '3', 1, 1),
(1, '3', 1, 2),
(1, '39', 1, 1),
(1, '39', 1, 2),
(1, '55', 1, 2),
(1, '66', 1, 1),
(1, '67', 1, 1),
(1, '67', 1, 2),
(2, '29', 1, 1),
(4, '15', 1, 2),
(14, '15', 1, 2),
(14, '39', 1, 2),
(15, '39', 1, 1),
(18, '81', 1, 1),
(18, '82', 1, 1),
(19, '83', 1, 1);

-- --------------------------------------------------------

--
-- Tabellenstruktur für Tabelle `tagFolders`
--

CREATE TABLE IF NOT EXISTS `tagFolders` (
  `idTags` bigint(20) unsigned NOT NULL,
  `folderId` varchar(32) NOT NULL,
  `version` int(10) unsigned NOT NULL,
  `idLanguages` int(10) unsigned NOT NULL DEFAULT '1',
  PRIMARY KEY (`idTags`,`folderId`,`version`,`idLanguages`),
  KEY `idTags` (`idTags`),
  KEY `idFolders` (`folderId`)
) ENGINE=InnoDB DEFAULT CHARSET=utf8;

--
-- Daten für Tabelle `tagFolders`
--


-- --------------------------------------------------------

--
-- Tabellenstruktur für Tabelle `tagGlobals`
--

CREATE TABLE IF NOT EXISTS `tagGlobals` (
  `idTags` bigint(20) unsigned NOT NULL,
  `globalId` varchar(32) NOT NULL,
  `version` int(10) unsigned NOT NULL,
  `idLanguages` int(10) unsigned NOT NULL DEFAULT '1',
  PRIMARY KEY (`idTags`,`globalId`,`version`,`idLanguages`),
  KEY `idTags` (`idTags`)
) ENGINE=InnoDB DEFAULT CHARSET=utf8;

--
-- Daten für Tabelle `tagGlobals`
--

INSERT INTO `tagGlobals` (`idTags`, `globalId`, `version`, `idLanguages`) VALUES
(1, '4afa92c061f69', 1, 1),
(1, '4afa935fd7c1c', 1, 1),
(1, '4b5860fc08fe4', 1, 1),
(1, '4b5860fc08fe4', 1, 4),
(1, '4b6aa33ede16d', 1, 1),
(1, '4b6aa33ede16d', 1, 4),
(2, '4afa92c061f69', 1, 1),
(2, '4afa935fd7c1c', 1, 1),
(2, '4b5860fc08fe4', 1, 1),
(2, '4b5860fc08fe4', 1, 4),
(3, '4b5860fc08fe4', 1, 1),
(3, '4b5860fc08fe4', 1, 4),
(13, '4afa935fd7c1c', 1, 1);

-- --------------------------------------------------------

--
-- Tabellenstruktur für Tabelle `tagPages`
--

CREATE TABLE IF NOT EXISTS `tagPages` (
  `idTags` bigint(20) unsigned NOT NULL,
  `pageId` varchar(32) NOT NULL,
  `version` int(10) unsigned NOT NULL,
  `idLanguages` int(10) unsigned NOT NULL DEFAULT '1',
  PRIMARY KEY (`idTags`,`pageId`,`version`,`idLanguages`),
  KEY `idTags` (`idTags`)
) ENGINE=InnoDB DEFAULT CHARSET=utf8;

--
-- Daten für Tabelle `tagPages`
--

INSERT INTO `tagPages` (`idTags`, `pageId`, `version`, `idLanguages`) VALUES
(1, '4a115ca65d8bb', 1, 1),
(1, '4c1b47d6cce0a', 1, 1),
(2, '4a681b0f66d2a', 1, 1),
(2, '4afade313b767', 1, 1),
(3, '4a115ca65d8bb', 1, 1),
(3, '4a681b0f66d2a', 1, 1),
(3, '4afade313b767', 1, 1),
(4, '4a112157d69eb', 1, 1),
(4, '4a115ca65d8bb', 1, 1),
(4, '4a115ca65d8bb', 1, 2),
(5, '4a112157d69eb', 1, 1),
(6, '4a115ca65d8bb', 1, 1),
(10, '4a681b0f66d2a', 1, 1),
(20, '4b4dc2ac5fba0', 1, 1);

-- --------------------------------------------------------

--
-- Tabellenstruktur für Tabelle `tags`
--

CREATE TABLE IF NOT EXISTS `tags` (
  `id` bigint(20) unsigned NOT NULL AUTO_INCREMENT,
  `title` varchar(255) NOT NULL,
  PRIMARY KEY (`id`)
) ENGINE=InnoDB DEFAULT CHARSET=utf8 AUTO_INCREMENT=1 ;

--
-- Daten für Tabelle `tags`
--


-- --------------------------------------------------------

--
-- Tabellenstruktur für Tabelle `templateExcludedFields`
--

CREATE TABLE IF NOT EXISTS `templateExcludedFields` (
  `id` bigint(20) unsigned NOT NULL AUTO_INCREMENT,
  `idTemplates` bigint(20) unsigned NOT NULL,
  `idFields` bigint(20) unsigned NOT NULL,
  PRIMARY KEY (`id`),
  KEY `templateExcludedFields_ibfk_1` (`idTemplates`)
) ENGINE=InnoDB  DEFAULT CHARSET=utf8 ROW_FORMAT=COMPACT AUTO_INCREMENT=99 ;

--
-- Daten für Tabelle `templateExcludedFields`
--

INSERT INTO `templateExcludedFields` (`id`, `idTemplates`, `idFields`) VALUES
(1, 1, 40),
(2, 2, 3),
(3, 2, 4000),
(4, 4, 3),
(5, 4, 4000),
(6, 3, 3),
(8, 5, 40),
(9, 6, 40),
(10, 7, 40),
(11, 3, 86),
(12, 4, 86),
(13, 6, 86),
(14, 8, 3),
(15, 8, 4),
(16, 8, 86),
(17, 10, 3),
(18, 11, 40),
(19, 12, 3),
(20, 13, 3),
(21, 14, 40),
(22, 17, 40),
(23, 13, 22),
(24, 13, 56),
(25, 19, 22),
(26, 19, 56),
(27, 19, 3),
(28, 20, 40),
(29, 22, 3),
(30, 22, 86),
(31, 23, 11),
(32, 23, 40),
(33, 24, 40),
(34, 25, 3),
(35, 25, 4000),
(36, 26, 40),
(37, 27, 40),
(38, 28, 40),
(39, 1, 173),
(40, 2, 173),
(41, 3, 173),
(42, 4, 173),
(43, 5, 173),
(44, 6, 173),
(45, 7, 173),
(46, 8, 173),
(47, 9, 173),
(48, 10, 173),
(50, 13, 173),
(51, 15, 173),
(52, 16, 173),
(53, 17, 173),
(54, 18, 173),
(55, 19, 173),
(56, 20, 173),
(57, 21, 173),
(58, 22, 173),
(59, 23, 173),
(60, 24, 173),
(61, 25, 173),
(62, 26, 173),
(63, 27, 173),
(64, 28, 173),
(66, 29, 22),
(67, 29, 56),
(68, 29, 3),
(69, 29, 173),
(70, 16, 3),
(71, 18, 3),
(72, 21, 3),
(73, 30, 40),
(74, 30, 173),
(75, 31, 40),
(76, 31, 173),
(77, 32, 173),
(78, 32, 3),
(79, 33, 22),
(81, 33, 3),
(82, 33, 173),
(83, 34, 40),
(84, 34, 173),
(85, 35, 3),
(86, 35, 22),
(87, 35, 56),
(88, 35, 173),
(89, 36, 3),
(90, 37, 40),
(91, 37, 173),
(92, 37, 22),
(93, 37, 56),
(94, 25, 208),
(95, 26, 208),
(96, 27, 208),
(97, 38, 40),
(98, 38, 173);

-- --------------------------------------------------------

--
-- Tabellenstruktur für Tabelle `templateExcludedRegions`
--

CREATE TABLE IF NOT EXISTS `templateExcludedRegions` (
  `id` bigint(20) unsigned NOT NULL AUTO_INCREMENT,
  `idTemplates` bigint(20) unsigned NOT NULL,
  `idRegions` bigint(20) unsigned NOT NULL,
  PRIMARY KEY (`id`),
  KEY `templateExcludedRegions_ibfk_1` (`idTemplates`)
) ENGINE=InnoDB  DEFAULT CHARSET=utf8 AUTO_INCREMENT=45 ;

--
-- Daten für Tabelle `templateExcludedRegions`
--

INSERT INTO `templateExcludedRegions` (`id`, `idTemplates`, `idRegions`) VALUES
(1, 3, 16),
(2, 3, 23),
(3, 3, 11),
(4, 1, 24),
(5, 2, 24),
(6, 3, 24),
(7, 10, 15),
(8, 4, 40),
(9, 22, 24),
(10, 22, 16),
(11, 22, 11),
(12, 22, 23),
(13, 26, 24),
(14, 25, 24),
(15, 27, 24),
(16, 1, 38),
(17, 2, 38),
(18, 5, 38),
(19, 6, 38),
(20, 30, 24),
(21, 31, 19),
(22, 31, 20),
(23, 31, 22),
(24, 31, 12),
(25, 31, 5),
(26, 31, 6),
(27, 34, 24),
(28, 34, 38),
(29, 1, 71),
(30, 2, 71),
(31, 5, 71),
(32, 6, 71),
(33, 30, 71),
(34, 34, 6),
(35, 37, 24),
(36, 37, 38),
(37, 37, 6),
(38, 37, 11),
(39, 37, 12),
(40, 37, 5),
(41, 37, 71),
(42, 37, 39),
(43, 3, 57),
(44, 3, 84);

-- --------------------------------------------------------

--
-- Tabellenstruktur für Tabelle `templateRegionProperties`
--

CREATE TABLE IF NOT EXISTS `templateRegionProperties` (
  `id` bigint(20) unsigned NOT NULL AUTO_INCREMENT,
  `idTemplates` bigint(20) unsigned NOT NULL,
  `idRegions` bigint(20) unsigned NOT NULL,
  `order` int(10) DEFAULT NULL,
  `collapsable` tinyint(1) DEFAULT NULL,
  `isCollapsed` tinyint(1) DEFAULT NULL,
  PRIMARY KEY (`id`),
  KEY `templateRegionProperties_ibfk_1` (`idTemplates`)
) ENGINE=InnoDB DEFAULT CHARSET=utf8 AUTO_INCREMENT=1 ;

--
-- Daten für Tabelle `templateRegionProperties`
--


-- --------------------------------------------------------

--
-- Tabellenstruktur für Tabelle `templates`
--

CREATE TABLE IF NOT EXISTS `templates` (
  `id` bigint(20) unsigned NOT NULL AUTO_INCREMENT,
  `genericFormId` varchar(32) NOT NULL,
  `filename` varchar(255) NOT NULL,
  `thumbnail` varchar(255) NOT NULL,
  `active` tinyint(1) NOT NULL DEFAULT '1',
  PRIMARY KEY (`id`)
) ENGINE=InnoDB  DEFAULT CHARSET=utf8 AUTO_INCREMENT=39 ;

--
-- Daten für Tabelle `templates`
--

INSERT INTO `templates` (`id`, `genericFormId`, `filename`, `thumbnail`, `active`) VALUES
(1, 'DEFAULT_PAGE_1', 'template_1.php', 'template_01.jpg', 1),
(2, 'DEFAULT_PAGE_1', 'template_1.php', 'template_01.jpg', 1),
(3, 'DEFAULT_STARTPAGE', 'template_startpage.php', 'template_startpage.jpg', 1),
(4, 'DEFAULT_OVERVIEW', 'template_overview.php', 'template_overview.jpg', 1),
(5, 'DEFAULT_PAGE_1', 'template_video.php', 'template_video.jpg', 0),
(6, 'DEFAULT_PAGE_1', 'template_text.php', 'template_text.jpg', 0),
(7, 'DEFAULT_EVENT', 'template_event.php', 'template_event-detail.jpg', 0),
(8, 'DEFAULT_EVENT_OVERVIEW', 'template_event_overview.php', 'template_event-overview.jpg', 0),
(9, 'DEFAULT_PROCESS', 'template_process.php', 'template_process.jpg', 1),
(10, 'DEFAULT_COLLECTION', 'template_collection.php', 'template_collection.jpg', 1),
(11, 'DEFAULT_PRODUCT', 'template_product.php', 'template_product.jpg', 1),
(12, 'DEFAULT_PRODUCT_OVERVIEW', 'template_product_overview.php', 'template_product_overview.jpg', 1),
(13, 'DEFAULT_PRODUCT_TREE', 'template_product_tree.php', 'template_product_tree.jpg', 1),
(14, 'DEFAULT_PRODUCT', 'template_product_2_columned.php', 'template_product_2_columned.jpg', 1),
(15, 'DEFAULT_CONTENT', 'template_content.php', 'template_content.jpg', 0),
(16, 'DEFAULT_CONTENT_OVERVIEW', 'template_content_overview.php', 'template_content_overview.jpg', 0),
(17, 'DEFAULT_PRESS', 'template_press.php', 'template_press.jpg', 1),
(18, 'DEFAULT_PRESS_OVERVIEW', 'template_press_overview.php', 'template_press_overview.jpg', 1),
(19, 'DEFAULT_PRESS_AREA', 'template_press_area.php', 'template_press_area.jpg', 1),
(20, 'DEFAULT_COURSE', 'template_course.php', 'template_course.jpg', 1),
(21, 'DEFAULT_COURSE_OVERVIEW', 'template_course_overview.php', 'template_course_overview.jpg', 1),
(22, 'DEFAULT_STARTPAGE', 'template_product_startpage.php', 'template_product_startpage.jpg', 1),
(23, 'DEFAULT_IFRAME', 'template_iframe.php', 'template_iframe.jpg', 1),
(24, 'DEFAULT_PRODUCT', 'template_product_downloads.php', 'template_product_downloads.jpg', 1),
(25, 'DEFAULT_FORM', 'template_form.php', 'template_form.jpg', 1),
(26, 'DEFAULT_FORM', 'template_form.php', 'template_form.jpg', 1),
(27, 'DEFAULT_FORM', 'template_job.php', 'template_job.jpg', 1),
(28, 'DEFAULT_LOCATION_C', 'template_location.php', 'template_location.jpg', 1),
(29, 'DEFAULT_COURSES', 'template_courses.php', 'template_courses.jpg', 1),
(30, 'DEFAULT_PAGE_1', 'template_headquarters.php', 'template_headquarters.jpg', 1),
(31, 'DEFAULT_EVENT', 'template_event.php', 'template_event-detail.jpg', 1),
(32, 'DEFAULT_EVENT_OVERVIEW', 'template_event_overview.php', 'template_event-overview.jpg', 1),
(33, 'DEFAULT_EVENTS', 'template_events.php', 'template_events.jpg', 1),
(34, 'DEFAULT_PAGE_1', 'template_downloads.php', 'template_downloads.jpg', 1),
(35, 'DEFAULT_DOWNLOAD_CENTER', 'template_download_center.php', 'template_download_center.jpg', 1),
(36, 'DEFAULT_PRODUCT_OVERVIEW', 'template_product_overview_deep.php', 'template_product_overview_deep.jpg', 1),
(37, 'DEFAULT_PAGE_1', 'template_sitemap.php', 'template_sitemap.jpg', 1),
(38, 'DEFAULT_LOCATION_C', 'template_location_province.php', 'template_location.jpg', 1);

-- --------------------------------------------------------

--
-- Tabellenstruktur für Tabelle `templateTitles`
--

CREATE TABLE IF NOT EXISTS `templateTitles` (
  `id` bigint(20) unsigned NOT NULL AUTO_INCREMENT,
  `idTemplates` bigint(20) unsigned NOT NULL,
  `idLanguages` int(10) unsigned NOT NULL DEFAULT '1',
  `title` varchar(255) DEFAULT NULL,
  PRIMARY KEY (`id`),
  KEY `templateTitles_ibfk_1` (`idTemplates`)
) ENGINE=InnoDB  DEFAULT CHARSET=utf8 AUTO_INCREMENT=90 ;

--
-- Daten für Tabelle `templateTitles`
--

INSERT INTO `templateTitles` (`id`, `idTemplates`, `idLanguages`, `title`) VALUES
(1, 1, 1, 'Standardseite'),
(2, 2, 1, 'Startseite'),
(3, 3, 1, 'Portal Startseite'),
(4, 4, 1, 'Übersicht'),
(5, 5, 1, 'Template Video'),
(6, 6, 1, 'Template Text'),
(7, 7, 1, 'Veranstaltung'),
(8, 8, 1, 'Übersicht Veranstaltung'),
(9, 9, 1, 'Prozess'),
(10, 10, 1, 'Kollektion'),
(11, 11, 1, 'Produkt (einspaltig)'),
(12, 12, 1, 'Produkt Übersicht'),
(13, 13, 1, 'Produktbaum'),
(14, 14, 1, 'Produkt (zweispaltig)'),
(15, 15, 1, 'Inhalt'),
(16, 16, 1, 'Übersicht'),
(17, 17, 1, 'Pressemitteilung'),
(18, 18, 1, 'Presseübersicht'),
(19, 19, 1, 'Pressebereich'),
(20, 20, 1, 'Kurs'),
(21, 21, 1, 'Kursübersicht'),
(22, 22, 1, 'Produkt Startseite'),
(23, 24, 1, 'Produkt Downloads'),
(24, 25, 1, 'Formular'),
(25, 26, 1, 'Formular'),
(26, 27, 1, 'Job'),
(27, 28, 1, 'Kontakte'),
(28, 29, 1, 'Kurse'),
(29, 30, 1, 'Standort'),
(30, 31, 1, 'Veranstaltung'),
(31, 32, 1, 'Übersicht Veranstaltung'),
(32, 33, 1, 'Veranstaltungen'),
(50, 1, 2, 'Standardpage'),
(51, 2, 2, 'Startpage'),
(52, 3, 2, 'Portal Startpage'),
(53, 4, 2, 'Overview'),
(54, 5, 2, 'Template Video'),
(55, 6, 2, 'Template Text'),
(56, 7, 2, 'Event'),
(57, 8, 2, 'Overview Event'),
(58, 9, 2, 'Process'),
(59, 10, 2, 'Collection'),
(60, 11, 2, 'Product (1 column)'),
(61, 12, 2, 'Product Overview'),
(62, 13, 2, 'Product Tree'),
(63, 14, 2, 'Product (2 columns)'),
(64, 15, 2, 'Content'),
(65, 16, 2, 'Overview'),
(66, 17, 2, 'Press'),
(67, 18, 2, 'Press Overview'),
(68, 19, 2, 'Press area'),
(69, 20, 2, 'Courses'),
(70, 21, 2, 'Courses Overview'),
(71, 22, 2, 'Product startpage'),
(72, 24, 2, 'Product Downloads'),
(73, 25, 2, 'Form'),
(74, 26, 2, 'Form'),
(75, 27, 2, 'Jobs'),
(76, 28, 2, 'Contacts'),
(77, 29, 2, 'Courses'),
(78, 30, 2, 'Location'),
(79, 31, 2, 'Event'),
(80, 34, 1, 'Downloads'),
(81, 34, 2, 'Downloads'),
(82, 35, 1, 'Download Center'),
(83, 35, 2, 'Download Center'),
(84, 36, 1, 'Produkt Übersicht (2. Ebene)'),
(85, 36, 2, 'Product Overview (2. Layer)'),
(86, 37, 1, 'Sitemap'),
(87, 37, 2, 'Sitemap'),
(88, 38, 1, 'Kontakte (Bundesland)'),
(89, 38, 2, 'Contacts (Province)');

-- --------------------------------------------------------

--
-- Tabellenstruktur für Tabelle `templateTypes`
--

CREATE TABLE IF NOT EXISTS `templateTypes` (
  `id` int(10) unsigned NOT NULL AUTO_INCREMENT,
  `idTemplates` bigint(20) unsigned NOT NULL,
  `idTypes` bigint(20) unsigned NOT NULL,
  PRIMARY KEY (`id`)
) ENGINE=InnoDB  DEFAULT CHARSET=utf8 AUTO_INCREMENT=42 ;

--
-- Daten für Tabelle `templateTypes`
--

INSERT INTO `templateTypes` (`id`, `idTemplates`, `idTypes`) VALUES
(2, 1, 2),
(3, 2, 1),
(5, 4, 3),
(6, 3, 4),
(7, 5, 2),
(8, 6, 2),
(9, 7, 2),
(10, 8, 3),
(11, 10, 5),
(12, 11, 6),
(13, 12, 8),
(14, 13, 7),
(15, 14, 6),
(16, 15, 9),
(17, 16, 10),
(18, 17, 11),
(19, 18, 12),
(20, 19, 13),
(21, 20, 14),
(22, 21, 15),
(23, 22, 1),
(24, 24, 6),
(25, 25, 1),
(26, 26, 2),
(27, 27, 2),
(28, 28, 2),
(29, 29, 16),
(30, 30, 2),
(31, 31, 17),
(32, 32, 18),
(33, 33, 19),
(34, 34, 2),
(35, 35, 20),
(38, 36, 8),
(39, 37, 2),
(40, 37, 21),
(41, 38, 2);

-- --------------------------------------------------------

--
-- Tabellenstruktur für Tabelle `themes`
--

CREATE TABLE IF NOT EXISTS `themes` (
  `id` bigint(20) unsigned NOT NULL AUTO_INCREMENT,
  `title` varchar(255) NOT NULL,
  `path` varchar(255) NOT NULL,
  `idUsers` bigint(20) unsigned NOT NULL,
  `creator` bigint(20) unsigned NOT NULL,
  `created` timestamp NULL DEFAULT NULL,
  `changed` timestamp NOT NULL DEFAULT CURRENT_TIMESTAMP,
  PRIMARY KEY (`id`)
) ENGINE=InnoDB  DEFAULT CHARSET=utf8 AUTO_INCREMENT=3 ;

--
-- Daten für Tabelle `themes`
--

INSERT INTO `themes` (`id`, `title`, `path`, `idUsers`, `creator`, `created`, `changed`) VALUES
(1, 'Default', 'default', 2, 2, '2009-05-07 09:18:38', '2009-05-07 08:48:35');

-- --------------------------------------------------------

--
-- Tabellenstruktur für Tabelle `types`
--

CREATE TABLE IF NOT EXISTS `types` (
  `id` bigint(20) unsigned NOT NULL AUTO_INCREMENT,
  `title` varchar(255) NOT NULL,
  PRIMARY KEY (`id`)
) ENGINE=InnoDB  DEFAULT CHARSET=utf8 AUTO_INCREMENT=22 ;

--
-- Daten für Tabelle `types`
--

INSERT INTO `types` (`id`, `title`) VALUES
(1, 'startpage'),
(2, 'page'),
(3, 'overview'),
(4, 'portal_startpage'),
(5, 'collection'),
(6, 'product'),
(7, 'product_tree'),
(8, 'product_overview'),
(9, 'content'),
(10, 'content_overview'),
(11, 'press'),
(12, 'press_overview'),
(13, 'press_area'),
(14, 'course'),
(15, 'course_overview'),
(16, 'courses'),
(17, 'event'),
(18, 'event_overview'),
(19, 'events'),
(20, 'download_center'),
(21, 'sitemap');

-- --------------------------------------------------------

--
-- Tabellenstruktur für Tabelle `unitCodes`
--

CREATE TABLE IF NOT EXISTS `unitCodes` (
  `id` bigint(20) unsigned NOT NULL AUTO_INCREMENT,
  `idUnits` bigint(20) unsigned NOT NULL,
  `idLanguages` int(10) unsigned NOT NULL DEFAULT '1',
  `code` varchar(64) DEFAULT NULL,
  `idUsers` bigint(20) unsigned NOT NULL,
  `changed` timestamp NOT NULL DEFAULT CURRENT_TIMESTAMP ON UPDATE CURRENT_TIMESTAMP,
  PRIMARY KEY (`id`),
  KEY `idCategories` (`idUnits`)
) ENGINE=InnoDB DEFAULT CHARSET=utf8 ROW_FORMAT=COMPACT AUTO_INCREMENT=1 ;

--
-- Daten für Tabelle `unitCodes`
--


-- --------------------------------------------------------

--
-- Tabellenstruktur für Tabelle `units`
--

CREATE TABLE IF NOT EXISTS `units` (
  `id` bigint(20) unsigned NOT NULL AUTO_INCREMENT,
  `idGenericForms` bigint(20) unsigned NOT NULL,
  `idRootLevels` bigint(20) unsigned NOT NULL,
  `idParentUnit` bigint(20) unsigned NOT NULL DEFAULT '0',
  `idRootUnit` bigint(20) unsigned DEFAULT NULL,
  `lft` int(10) unsigned DEFAULT NULL,
  `rgt` int(10) unsigned DEFAULT NULL,
  `depth` int(10) unsigned DEFAULT NULL,
  PRIMARY KEY (`id`),
  KEY `lft` (`lft`),
  KEY `rgt` (`rgt`),
  KEY `idRootCategory` (`idRootUnit`)
) ENGINE=InnoDB DEFAULT CHARSET=utf8 ROW_FORMAT=COMPACT AUTO_INCREMENT=1 ;

--
-- Daten für Tabelle `units`
--


-- --------------------------------------------------------

--
-- Tabellenstruktur für Tabelle `unitTitles`
--

CREATE TABLE IF NOT EXISTS `unitTitles` (
  `id` bigint(20) unsigned NOT NULL AUTO_INCREMENT,
  `idUnits` bigint(20) unsigned NOT NULL,
  `idLanguages` int(10) unsigned NOT NULL DEFAULT '1',
  `title` varchar(500) DEFAULT NULL,
  PRIMARY KEY (`id`),
  KEY `idUnits` (`idUnits`)
) ENGINE=InnoDB DEFAULT CHARSET=utf8 ROW_FORMAT=COMPACT AUTO_INCREMENT=1 ;

--
-- Daten für Tabelle `unitTitles`
--


-- --------------------------------------------------------

--
-- Tabellenstruktur für Tabelle `urls`
--

CREATE TABLE IF NOT EXISTS `urls` (
  `id` bigint(20) unsigned NOT NULL AUTO_INCREMENT,
  `relationId` varchar(32) NOT NULL,
  `version` int(10) unsigned NOT NULL,
  `idUrlTypes` int(10) unsigned NOT NULL DEFAULT '1',
  `isMain` tinyint(1) unsigned NOT NULL,
  `idLanguages` int(10) unsigned NOT NULL DEFAULT '1',
  `idParent` bigint(20) unsigned DEFAULT NULL,
  `idParentTypes` int(10) unsigned DEFAULT NULL,
  `url` varchar(255) NOT NULL,
  `idUsers` bigint(20) unsigned NOT NULL,
  `creator` bigint(20) unsigned NOT NULL,
  `created` timestamp NULL DEFAULT NULL,
  `changed` timestamp NOT NULL DEFAULT CURRENT_TIMESTAMP ON UPDATE CURRENT_TIMESTAMP,
  PRIMARY KEY (`id`),
  KEY `relationId` (`relationId`,`version`,`idUrlTypes`,`idLanguages`),
  KEY `relationId_2` (`relationId`),
  KEY `url` (`url`)
) ENGINE=InnoDB  DEFAULT CHARSET=utf8 ROW_FORMAT=COMPACT AUTO_INCREMENT=3 ;

--
-- Daten für Tabelle `urls`
--

INSERT INTO `urls` (`id`, `relationId`, `version`, `idUrlTypes`, `isMain`, `idLanguages`, `idParent`, `idParentTypes`, `url`, `idUsers`, `creator`, `created`, `changed`) VALUES
(1, '4d5a440d3de7b', 1, 1, 1, 1, NULL, NULL, '', 2, 2, '2011-02-15 10:16:21', '2011-02-15 10:16:21');

-- --------------------------------------------------------

--
-- Tabellenstruktur für Tabelle `urlTypes`
--

CREATE TABLE IF NOT EXISTS `urlTypes` (
  `id` int(10) unsigned NOT NULL AUTO_INCREMENT,
  `title` varchar(255) NOT NULL,
  PRIMARY KEY (`id`)
) ENGINE=InnoDB  DEFAULT CHARSET=utf8 AUTO_INCREMENT=3 ;

--
-- Daten für Tabelle `urlTypes`
--

INSERT INTO `urlTypes` (`id`, `title`) VALUES
(1, 'pages'),
(2, 'globals');

-- --------------------------------------------------------

--
-- Tabellenstruktur für Tabelle `userGroups`
--

CREATE TABLE IF NOT EXISTS `userGroups` (
  `idUsers` bigint(20) NOT NULL,
  `idGroups` bigint(20) NOT NULL,
  PRIMARY KEY (`idUsers`,`idGroups`)
) ENGINE=InnoDB DEFAULT CHARSET=utf8;

--
-- Daten für Tabelle `userGroups`
--

INSERT INTO `userGroups` (`idUsers`, `idGroups`) VALUES
(0, 1),
(1, 1),
(1, 2),
(1, 3),
(1, 5),
(1, 6),
(1, 7),
(1, 8),
(1, 10),
(1, 11),
(1, 12),
(1, 13),
(1, 14),
(1, 16),
(1, 17),
(1, 18),
(1, 19),
(1, 20),
(1, 21),
(1, 22),
(1, 23),
(1, 24),
(1, 25),
(1, 26),
(1, 27),
(1, 28),
(1, 29),
(1, 30),
(1, 31),
(1, 32),
(1, 33),
(1, 34),
(1, 35),
(1, 36),
(1, 37),
(1, 38),
(1, 39),
(1, 40),
(1, 41),
(1, 70),
(2, 1),
(2, 5),
(2, 7),
(2, 8),
(2, 10),
(2, 11),
(2, 12),
(2, 13),
(2, 14),
(2, 16),
(2, 17),
(2, 18),
(2, 19),
(2, 20),
(2, 21),
(2, 22),
(2, 23),
(2, 24),
(2, 25),
(2, 26),
(2, 27),
(2, 28),
(2, 29),
(2, 30),
(2, 31),
(2, 32),
(2, 33),
(2, 34),
(2, 35),
(2, 37),
(2, 39),
(2, 41),
(2, 42),
(2, 44),
(2, 147),
(2, 148),
(2, 154),
(2, 155),
(2, 157),
(3, 1),
(3, 5),
(3, 7),
(3, 8),
(3, 10),
(3, 11),
(3, 12),
(3, 13),
(3, 14),
(3, 16),
(3, 17),
(3, 18),
(3, 19),
(3, 20),
(3, 21),
(3, 22),
(3, 23),
(3, 24),
(3, 25),
(3, 26),
(3, 27),
(3, 28),
(3, 29),
(3, 30),
(3, 31),
(3, 32),
(3, 33),
(3, 34),
(3, 35),
(3, 37),
(3, 39),
(3, 41),
(3, 147),
(3, 148),
(4, 1),
(4, 2),
(4, 3),
(4, 4),
(4, 5),
(4, 6),
(4, 7),
(5, 1),
(5, 3),
(6, 1),
(8, 1),
(8, 5),
(8, 7),
(8, 8),
(8, 35),
(8, 37),
(8, 39),
(8, 41),
(8, 148),
(11, 1),
(12, 2),
(12, 3),
(13, 3),
(13, 5),
(14, 2),
(14, 5),
(15, 3),
(16, 3),
(17, 3),
(18, 5),
(19, 2),
(19, 3),
(19, 14),
(19, 43),
(19, 80),
(19, 106),
(19, 131),
(19, 148),
(20, 1),
(20, 2),
(20, 3),
(20, 4),
(20, 5),
(20, 6),
(20, 7),
(21, 1),
(21, 2),
(21, 3),
(21, 4),
(21, 5),
(21, 6),
(21, 7),
(22, 1),
(22, 3),
(22, 5),
(22, 6),
(22, 7),
(23, 1),
(23, 5),
(23, 7),
(23, 8),
(23, 14),
(23, 35),
(23, 37),
(23, 39),
(23, 41),
(23, 42),
(23, 43),
(23, 80),
(23, 86),
(23, 112),
(23, 131),
(24, 1),
(24, 2),
(24, 3),
(24, 5),
(24, 6),
(24, 7),
(24, 8),
(24, 35),
(24, 36),
(24, 37),
(24, 38),
(24, 40),
(24, 41),
(24, 107),
(24, 147),
(24, 148),
(25, 42),
(25, 43),
(25, 80),
(25, 106),
(25, 131),
(26, 1),
(26, 3),
(26, 5),
(26, 7),
(26, 8),
(26, 35),
(26, 37),
(26, 39),
(26, 41),
(26, 147),
(26, 148),
(26, 155),
(26, 156),
(26, 157),
(27, 1),
(27, 5),
(27, 8),
(27, 41),
(27, 148),
(27, 155),
(28, 1),
(28, 3),
(28, 5),
(28, 7),
(28, 35),
(28, 37),
(28, 39),
(28, 41),
(28, 148),
(28, 155),
(28, 157),
(29, 1),
(29, 3),
(29, 5),
(29, 7),
(29, 8),
(29, 35),
(29, 37),
(29, 39),
(29, 41),
(29, 148),
(29, 155),
(29, 157);

-- --------------------------------------------------------

--
-- Tabellenstruktur für Tabelle `userProfiles`
--

CREATE TABLE IF NOT EXISTS `userProfiles` (
  `id` bigint(20) unsigned NOT NULL,
  `idUsers` bigint(20) unsigned NOT NULL,
  PRIMARY KEY (`id`)
) ENGINE=InnoDB DEFAULT CHARSET=utf8;

--
-- Daten für Tabelle `userProfiles`
--


-- --------------------------------------------------------

--
-- Tabellenstruktur für Tabelle `users`
--

CREATE TABLE IF NOT EXISTS `users` (
  `id` int(10) unsigned NOT NULL AUTO_INCREMENT,
  `idLanguages` int(10) unsigned NOT NULL DEFAULT '1',
  `username` varchar(64) NOT NULL,
  `password` varchar(64) NOT NULL,
  `fname` varchar(255) NOT NULL,
  `sname` varchar(255) NOT NULL,
  `creator` bigint(20) unsigned NOT NULL,
  `idUsers` bigint(20) unsigned NOT NULL COMMENT 'Person, letzte Änderung',
  `created` timestamp NULL DEFAULT NULL,
  `changed` timestamp NOT NULL DEFAULT CURRENT_TIMESTAMP,
  PRIMARY KEY (`id`),
  KEY `username` (`username`)
) ENGINE=InnoDB  DEFAULT CHARSET=utf8 AUTO_INCREMENT=30 ;

--
-- Daten für Tabelle `users`
--

INSERT INTO `users` (`id`, `idLanguages`, `username`, `password`, `fname`, `sname`, `creator`, `idUsers`, `created`, `changed`) VALUES
(29, 1, 'admin', '21232f297a57a5a743894a0e4a801fc3', 'Admin', 'Admin', 28, 29, '2011-02-15 17:01:05', '2011-02-16 09:50:38');

-- --------------------------------------------------------

--
-- Tabellenstruktur für Tabelle `validators`
--

CREATE TABLE IF NOT EXISTS `validators` (
  `id` bigint(20) unsigned NOT NULL AUTO_INCREMENT,
  `title` varchar(255) NOT NULL,
  PRIMARY KEY (`id`)
) ENGINE=InnoDB  DEFAULT CHARSET=utf8 AUTO_INCREMENT=20 ;

--
-- Daten für Tabelle `validators`
--

INSERT INTO `validators` (`id`, `title`) VALUES
(1, 'Alnum'),
(2, 'Alpha'),
(3, 'Barcode'),
(4, 'Between'),
(5, 'Ccnum'),
(6, 'Date'),
(7, 'Digits'),
(8, 'EmailAddress'),
(9, 'Float'),
(10, 'GreaterThan'),
(11, 'Hex'),
(12, 'Hostname'),
(13, 'InArray'),
(14, 'Int'),
(15, 'Ip'),
(16, 'LessThan'),
(17, 'NotEmpty'),
(18, 'Regex'),
(19, 'StringLength');

-- --------------------------------------------------------

--
-- Tabellenstruktur für Tabelle `videoTypes`
--

CREATE TABLE IF NOT EXISTS `videoTypes` (
  `id` bigint(20) unsigned NOT NULL AUTO_INCREMENT,
  `title` varchar(255) NOT NULL,
  PRIMARY KEY (`id`)
) ENGINE=InnoDB  DEFAULT CHARSET=utf8 AUTO_INCREMENT=3 ;

--
-- Daten für Tabelle `videoTypes`
--

INSERT INTO `videoTypes` (`id`, `title`) VALUES
(1, 'Vimeo'),
(2, 'Youtube');

-- --------------------------------------------------------

--
-- Tabellenstruktur für Tabelle `virtualFolderTypes`
--

CREATE TABLE IF NOT EXISTS `virtualFolderTypes` (
  `id` int(10) unsigned NOT NULL AUTO_INCREMENT,
  `title` varchar(20) NOT NULL,
  PRIMARY KEY (`id`)
) ENGINE=InnoDB  DEFAULT CHARSET=utf8 AUTO_INCREMENT=3 ;

--
-- Daten für Tabelle `virtualFolderTypes`
--

INSERT INTO `virtualFolderTypes` (`id`, `title`) VALUES
(1, 'shallow'),
(2, 'deep');

--
-- Constraints der exportierten Tabellen
--

--
-- Constraints der Tabelle `categoryCodes`
--
ALTER TABLE `categoryCodes`
  ADD CONSTRAINT `categoryCodes_ibfk_1` FOREIGN KEY (`idCategories`) REFERENCES `categories` (`id`) ON DELETE CASCADE;

--
-- Constraints der Tabelle `categoryTitles`
--
ALTER TABLE `categoryTitles`
  ADD CONSTRAINT `categoryTitles_ibfk_1` FOREIGN KEY (`idCategories`) REFERENCES `categories` (`id`) ON DELETE CASCADE;

--
-- Constraints der Tabelle `contact-DEFAULT_CONTACT-1-InstanceFiles`
--
ALTER TABLE `contact-DEFAULT_CONTACT-1-InstanceFiles`
  ADD CONSTRAINT `contact-DEFAULT_CONTACT-1-InstanceFiles_ibfk_1` FOREIGN KEY (`idContacts`) REFERENCES `contacts` (`id`) ON DELETE CASCADE,
  ADD CONSTRAINT `contact-DEFAULT_CONTACT-1-InstanceFiles_ibfk_2` FOREIGN KEY (`idFiles`) REFERENCES `files` (`id`) ON DELETE CASCADE;

--
-- Constraints der Tabelle `contact-DEFAULT_CONTACT-1-InstanceMultiFields`
--
ALTER TABLE `contact-DEFAULT_CONTACT-1-InstanceMultiFields`
  ADD CONSTRAINT `contact-DEFAULT_CONTACT-1-InstanceMultiFields_ibfk_1` FOREIGN KEY (`idContacts`) REFERENCES `contacts` (`id`) ON DELETE CASCADE;

--
-- Constraints der Tabelle `contact-DEFAULT_CONTACT-1-Instances`
--
ALTER TABLE `contact-DEFAULT_CONTACT-1-Instances`
  ADD CONSTRAINT `contact-DEFAULT_CONTACT-1-Instances_ibfk_1` FOREIGN KEY (`idContacts`) REFERENCES `contacts` (`id`) ON DELETE CASCADE;

--
-- Constraints der Tabelle `fieldPermissions`
--
ALTER TABLE `fieldPermissions`
  ADD CONSTRAINT `fieldPermissions_ibfk_1` FOREIGN KEY (`idFields`) REFERENCES `fields` (`id`) ON DELETE CASCADE,
  ADD CONSTRAINT `fieldPermissions_ibfk_2` FOREIGN KEY (`idPermissions`) REFERENCES `permissions` (`id`) ON DELETE CASCADE,
  ADD CONSTRAINT `fieldPermissions_ibfk_3` FOREIGN KEY (`idGroups`) REFERENCES `groups` (`id`) ON DELETE CASCADE;

--
-- Constraints der Tabelle `fileAttributes`
--
ALTER TABLE `fileAttributes`
  ADD CONSTRAINT `fileAttributes_ibfk_1` FOREIGN KEY (`idFiles`) REFERENCES `files` (`id`) ON DELETE CASCADE;

--
-- Constraints der Tabelle `fileTitles`
--
ALTER TABLE `fileTitles`
  ADD CONSTRAINT `fileTitles_ibfk_1` FOREIGN KEY (`idFiles`) REFERENCES `files` (`id`) ON DELETE CASCADE;

--
-- Constraints der Tabelle `fileVersions`
--
ALTER TABLE `fileVersions`
  ADD CONSTRAINT `fileVersions_ibfk_1` FOREIGN KEY (`idFiles`) REFERENCES `files` (`id`) ON DELETE CASCADE;

--
-- Constraints der Tabelle `folder-DEFAULT_FOLDER-1-Instances`
--
ALTER TABLE `folder-DEFAULT_FOLDER-1-Instances`
  ADD CONSTRAINT `folder-DEFAULT_FOLDER-1-Instances_ibfk_1` FOREIGN KEY (`folderId`) REFERENCES `folders` (`folderId`) ON DELETE CASCADE;

--
-- Constraints der Tabelle `folderPermissions`
--
ALTER TABLE `folderPermissions`
  ADD CONSTRAINT `folderPermissions_ibfk_1` FOREIGN KEY (`idFolders`) REFERENCES `folders` (`id`) ON DELETE CASCADE,
  ADD CONSTRAINT `folderPermissions_ibfk_2` FOREIGN KEY (`idGroups`) REFERENCES `groups` (`id`) ON DELETE CASCADE;

--
-- Constraints der Tabelle `folderProperties`
--
ALTER TABLE `folderProperties`
  ADD CONSTRAINT `folderProperties_ibfk_1` FOREIGN KEY (`folderId`) REFERENCES `folders` (`folderId`) ON DELETE CASCADE;

--
-- Constraints der Tabelle `folderTitles`
--
ALTER TABLE `folderTitles`
  ADD CONSTRAINT `folderTitles_ibfk_1` FOREIGN KEY (`folderId`) REFERENCES `folders` (`folderId`) ON DELETE CASCADE;

--
-- Constraints der Tabelle `genericFormTitles`
--
ALTER TABLE `genericFormTitles`
  ADD CONSTRAINT `genericFormTitles_ibfk_1` FOREIGN KEY (`idGenericForms`) REFERENCES `genericForms` (`id`) ON DELETE CASCADE;

--
-- Constraints der Tabelle `global-DEFAULT_COURSE-1-InstanceFiles`
--
ALTER TABLE `global-DEFAULT_COURSE-1-InstanceFiles`
  ADD CONSTRAINT `global-DEFAULT_COURSE-1-InstanceFiles_ibfk_1` FOREIGN KEY (`globalId`) REFERENCES `globals` (`globalId`) ON DELETE CASCADE,
  ADD CONSTRAINT `global-DEFAULT_COURSE-1-InstanceFiles_ibfk_2` FOREIGN KEY (`idFiles`) REFERENCES `files` (`id`) ON DELETE CASCADE;

--
-- Constraints der Tabelle `global-DEFAULT_COURSE-1-InstanceMultiFields`
--
ALTER TABLE `global-DEFAULT_COURSE-1-InstanceMultiFields`
  ADD CONSTRAINT `global-DEFAULT_COURSE-1-InstanceMultiFields_ibfk_1` FOREIGN KEY (`globalId`) REFERENCES `globals` (`globalId`) ON DELETE CASCADE;

--
-- Constraints der Tabelle `global-DEFAULT_COURSE-1-Instances`
--
ALTER TABLE `global-DEFAULT_COURSE-1-Instances`
  ADD CONSTRAINT `global-DEFAULT_COURSE-1-Instances_ibfk_1` FOREIGN KEY (`globalId`) REFERENCES `globals` (`globalId`) ON DELETE CASCADE;

--
-- Constraints der Tabelle `global-DEFAULT_COURSE-1-Region11-InstanceFiles`
--
ALTER TABLE `global-DEFAULT_COURSE-1-Region11-InstanceFiles`
  ADD CONSTRAINT `global-DEFAULT_COURSE-1-Region11-InstanceFiles_ibfk_1` FOREIGN KEY (`globalId`) REFERENCES `globals` (`globalId`) ON DELETE CASCADE,
  ADD CONSTRAINT `global-DEFAULT_COURSE-1-Region11-InstanceFiles_ibfk_2` FOREIGN KEY (`idRegionInstances`) REFERENCES `global-DEFAULT_COURSE-1-Region11-Instances` (`id`) ON DELETE CASCADE,
  ADD CONSTRAINT `global-DEFAULT_COURSE-1-Region11-InstanceFiles_ibfk_3` FOREIGN KEY (`idFiles`) REFERENCES `files` (`id`) ON DELETE CASCADE;

--
-- Constraints der Tabelle `global-DEFAULT_COURSE-1-Region11-InstanceMultiFields`
--
ALTER TABLE `global-DEFAULT_COURSE-1-Region11-InstanceMultiFields`
  ADD CONSTRAINT `global-DEFAULT_COURSE-1-Region11-InstanceMultiFields_ibfk_1` FOREIGN KEY (`globalId`) REFERENCES `globals` (`globalId`) ON DELETE CASCADE,
  ADD CONSTRAINT `global-DEFAULT_COURSE-1-Region11-InstanceMultiFields_ibfk_2` FOREIGN KEY (`idRegionInstances`) REFERENCES `global-DEFAULT_COURSE-1-Region11-Instances` (`id`) ON DELETE CASCADE;

--
-- Constraints der Tabelle `global-DEFAULT_COURSE-1-Region11-Instances`
--
ALTER TABLE `global-DEFAULT_COURSE-1-Region11-Instances`
  ADD CONSTRAINT `global-DEFAULT_COURSE-1-Region11-Instances_ibfk_1` FOREIGN KEY (`globalId`) REFERENCES `globals` (`globalId`) ON DELETE CASCADE;

--
-- Constraints der Tabelle `global-DEFAULT_COURSE-1-Region14-InstanceFiles`
--
ALTER TABLE `global-DEFAULT_COURSE-1-Region14-InstanceFiles`
  ADD CONSTRAINT `global-DEFAULT_COURSE-1-Region14-InstanceFiles_ibfk_1` FOREIGN KEY (`globalId`) REFERENCES `globals` (`globalId`) ON DELETE CASCADE,
  ADD CONSTRAINT `global-DEFAULT_COURSE-1-Region14-InstanceFiles_ibfk_2` FOREIGN KEY (`idRegionInstances`) REFERENCES `global-DEFAULT_COURSE-1-Region14-Instances` (`id`) ON DELETE CASCADE,
  ADD CONSTRAINT `global-DEFAULT_COURSE-1-Region14-InstanceFiles_ibfk_3` FOREIGN KEY (`idFiles`) REFERENCES `files` (`id`) ON DELETE CASCADE;

--
-- Constraints der Tabelle `global-DEFAULT_COURSE-1-Region14-Instances`
--
ALTER TABLE `global-DEFAULT_COURSE-1-Region14-Instances`
  ADD CONSTRAINT `global-DEFAULT_COURSE-1-Region14-Instances_ibfk_1` FOREIGN KEY (`globalId`) REFERENCES `globals` (`globalId`) ON DELETE CASCADE;

--
-- Constraints der Tabelle `global-DEFAULT_COURSE-1-Region56-InstanceMultiFields`
--
ALTER TABLE `global-DEFAULT_COURSE-1-Region56-InstanceMultiFields`
  ADD CONSTRAINT `global-DEFAULT_COURSE-1-Region56-InstanceMultiFields_ibfk_1` FOREIGN KEY (`globalId`) REFERENCES `globals` (`globalId`) ON DELETE CASCADE,
  ADD CONSTRAINT `global-DEFAULT_COURSE-1-Region56-InstanceMultiFields_ibfk_2` FOREIGN KEY (`idRegionInstances`) REFERENCES `global-DEFAULT_COURSE-1-Region56-Instances` (`id`) ON DELETE CASCADE;

--
-- Constraints der Tabelle `global-DEFAULT_COURSE-1-Region56-Instances`
--
ALTER TABLE `global-DEFAULT_COURSE-1-Region56-Instances`
  ADD CONSTRAINT `global-DEFAULT_COURSE-1-Region56-Instances_ibfk_1` FOREIGN KEY (`globalId`) REFERENCES `globals` (`globalId`) ON DELETE CASCADE;

--
-- Constraints der Tabelle `global-DEFAULT_COURSE_OVERVIEW-1-InstanceFiles`
--
ALTER TABLE `global-DEFAULT_COURSE_OVERVIEW-1-InstanceFiles`
  ADD CONSTRAINT `global-DEFAULT_COURSE_OVERVIEW-1-InstanceFiles_ibfk_1` FOREIGN KEY (`globalId`) REFERENCES `globals` (`globalId`) ON DELETE CASCADE,
  ADD CONSTRAINT `global-DEFAULT_COURSE_OVERVIEW-1-InstanceFiles_ibfk_2` FOREIGN KEY (`idFiles`) REFERENCES `files` (`id`) ON DELETE CASCADE;

--
-- Constraints der Tabelle `global-DEFAULT_COURSE_OVERVIEW-1-InstanceMultiFields`
--
ALTER TABLE `global-DEFAULT_COURSE_OVERVIEW-1-InstanceMultiFields`
  ADD CONSTRAINT `global-DEFAULT_COURSE_OVERVIEW-1-InstanceMultiFields_ibfk_1` FOREIGN KEY (`globalId`) REFERENCES `globals` (`globalId`) ON DELETE CASCADE;

--
-- Constraints der Tabelle `global-DEFAULT_COURSE_OVERVIEW-1-Instances`
--
ALTER TABLE `global-DEFAULT_COURSE_OVERVIEW-1-Instances`
  ADD CONSTRAINT `global-DEFAULT_COURSE_OVERVIEW-1-Instances_ibfk_1` FOREIGN KEY (`globalId`) REFERENCES `globals` (`globalId`) ON DELETE CASCADE;

--
-- Constraints der Tabelle `global-DEFAULT_COURSE_OVERVIEW-1-Region14-InstanceFiles`
--
ALTER TABLE `global-DEFAULT_COURSE_OVERVIEW-1-Region14-InstanceFiles`
  ADD CONSTRAINT `global-DEFAULT_COURSE_OVERVIEW-1-Region14-InstanceFiles_ibfk_1` FOREIGN KEY (`idFiles`) REFERENCES `files` (`id`) ON DELETE CASCADE,
  ADD CONSTRAINT `global-DEFAULT_COURSE_OVERVIEW-1-Region14-InstanceFiles_ibfk_2` FOREIGN KEY (`globalId`) REFERENCES `globals` (`globalId`) ON DELETE CASCADE,
  ADD CONSTRAINT `global-DEFAULT_COURSE_OVERVIEW-1-Region14-InstanceFiles_ibfk_3` FOREIGN KEY (`idRegionInstances`) REFERENCES `global-DEFAULT_COURSE_OVERVIEW-1-Region14-Instances` (`id`) ON DELETE CASCADE;

--
-- Constraints der Tabelle `global-DEFAULT_COURSE_OVERVIEW-1-Region14-Instances`
--
ALTER TABLE `global-DEFAULT_COURSE_OVERVIEW-1-Region14-Instances`
  ADD CONSTRAINT `global-DEFAULT_COURSE_OVERVIEW-1-Region14-Instances_ibfk_1` FOREIGN KEY (`globalId`) REFERENCES `globals` (`globalId`) ON DELETE CASCADE;

--
-- Constraints der Tabelle `global-DEFAULT_COURSE_OVERVIEW-1-Region15-Instances`
--
ALTER TABLE `global-DEFAULT_COURSE_OVERVIEW-1-Region15-Instances`
  ADD CONSTRAINT `global-DEFAULT_COURSE_OVERVIEW-1-Region15-Instances_ibfk_1` FOREIGN KEY (`globalId`) REFERENCES `globals` (`globalId`) ON DELETE CASCADE;

--
-- Constraints der Tabelle `global-DEFAULT_EVENT-1-InstanceFiles`
--
ALTER TABLE `global-DEFAULT_EVENT-1-InstanceFiles`
  ADD CONSTRAINT `global-DEFAULT_EVENT-1-InstanceFiles_ibfk_1` FOREIGN KEY (`globalId`) REFERENCES `globals` (`globalId`) ON DELETE CASCADE,
  ADD CONSTRAINT `global-DEFAULT_EVENT-1-InstanceFiles_ibfk_2` FOREIGN KEY (`idFiles`) REFERENCES `files` (`id`) ON DELETE CASCADE;

--
-- Constraints der Tabelle `global-DEFAULT_EVENT-1-InstanceMultiFields`
--
ALTER TABLE `global-DEFAULT_EVENT-1-InstanceMultiFields`
  ADD CONSTRAINT `global-DEFAULT_EVENT-1-InstanceMultiFields_ibfk_1` FOREIGN KEY (`globalId`) REFERENCES `globals` (`globalId`) ON DELETE CASCADE;

--
-- Constraints der Tabelle `global-DEFAULT_EVENT-1-Instances`
--
ALTER TABLE `global-DEFAULT_EVENT-1-Instances`
  ADD CONSTRAINT `global-DEFAULT_EVENT-1-Instances_ibfk_1` FOREIGN KEY (`globalId`) REFERENCES `globals` (`globalId`) ON DELETE CASCADE;

--
-- Constraints der Tabelle `global-DEFAULT_EVENT_OVERVIEW-1-InstanceFiles`
--
ALTER TABLE `global-DEFAULT_EVENT_OVERVIEW-1-InstanceFiles`
  ADD CONSTRAINT `global-DEFAULT_EVENT_OVERVIEW-1-InstanceFiles_ibfk_1` FOREIGN KEY (`globalId`) REFERENCES `globals` (`globalId`) ON DELETE CASCADE,
  ADD CONSTRAINT `global-DEFAULT_EVENT_OVERVIEW-1-InstanceFiles_ibfk_2` FOREIGN KEY (`idFiles`) REFERENCES `files` (`id`) ON DELETE CASCADE;

--
-- Constraints der Tabelle `global-DEFAULT_EVENT_OVERVIEW-1-InstanceMultiFields`
--
ALTER TABLE `global-DEFAULT_EVENT_OVERVIEW-1-InstanceMultiFields`
  ADD CONSTRAINT `global-DEFAULT_EVENT_OVERVIEW-1-InstanceMultiFields_ibfk_1` FOREIGN KEY (`globalId`) REFERENCES `globals` (`globalId`) ON DELETE CASCADE;

--
-- Constraints der Tabelle `global-DEFAULT_EVENT_OVERVIEW-1-Instances`
--
ALTER TABLE `global-DEFAULT_EVENT_OVERVIEW-1-Instances`
  ADD CONSTRAINT `global-DEFAULT_EVENT_OVERVIEW-1-Instances_ibfk_1` FOREIGN KEY (`globalId`) REFERENCES `globals` (`globalId`) ON DELETE CASCADE;

--
-- Constraints der Tabelle `global-DEFAULT_EVENT_OVERVIEW-1-Region14-InstanceFiles`
--
ALTER TABLE `global-DEFAULT_EVENT_OVERVIEW-1-Region14-InstanceFiles`
  ADD CONSTRAINT `global-DEFAULT_EVENT_OVERVIEW-1-Region14-InstanceFiles_ibfk_1` FOREIGN KEY (`globalId`) REFERENCES `globals` (`globalId`) ON DELETE CASCADE,
  ADD CONSTRAINT `global-DEFAULT_EVENT_OVERVIEW-1-Region14-InstanceFiles_ibfk_2` FOREIGN KEY (`idRegionInstances`) REFERENCES `global-DEFAULT_EVENT_OVERVIEW-1-Region14-Instances` (`id`) ON DELETE CASCADE,
  ADD CONSTRAINT `global-DEFAULT_EVENT_OVERVIEW-1-Region14-InstanceFiles_ibfk_3` FOREIGN KEY (`idFiles`) REFERENCES `files` (`id`) ON DELETE CASCADE;

--
-- Constraints der Tabelle `global-DEFAULT_EVENT_OVERVIEW-1-Region14-Instances`
--
ALTER TABLE `global-DEFAULT_EVENT_OVERVIEW-1-Region14-Instances`
  ADD CONSTRAINT `global-DEFAULT_EVENT_OVERVIEW-1-Region14-Instances_ibfk_1` FOREIGN KEY (`globalId`) REFERENCES `globals` (`globalId`) ON DELETE CASCADE;

--
-- Constraints der Tabelle `global-DEFAULT_EVENT_OVERVIEW-1-Region15-Instances`
--
ALTER TABLE `global-DEFAULT_EVENT_OVERVIEW-1-Region15-Instances`
  ADD CONSTRAINT `global-DEFAULT_EVENT_OVERVIEW-1-Region15-Instances_ibfk_1` FOREIGN KEY (`globalId`) REFERENCES `globals` (`globalId`) ON DELETE CASCADE;

--
-- Constraints der Tabelle `global-DEFAULT_PRESS-1-InstanceFiles`
--
ALTER TABLE `global-DEFAULT_PRESS-1-InstanceFiles`
  ADD CONSTRAINT `global-DEFAULT_PRESS-1-InstanceFiles_ibfk_1` FOREIGN KEY (`globalId`) REFERENCES `globals` (`globalId`) ON DELETE CASCADE,
  ADD CONSTRAINT `global-DEFAULT_PRESS-1-InstanceFiles_ibfk_2` FOREIGN KEY (`idFiles`) REFERENCES `files` (`id`) ON DELETE CASCADE;

--
-- Constraints der Tabelle `global-DEFAULT_PRESS-1-InstanceMultiFields`
--
ALTER TABLE `global-DEFAULT_PRESS-1-InstanceMultiFields`
  ADD CONSTRAINT `global-DEFAULT_PRESS-1-InstanceMultiFields_ibfk_1` FOREIGN KEY (`globalId`) REFERENCES `globals` (`globalId`) ON DELETE CASCADE;

--
-- Constraints der Tabelle `global-DEFAULT_PRESS-1-Instances`
--
ALTER TABLE `global-DEFAULT_PRESS-1-Instances`
  ADD CONSTRAINT `global-DEFAULT_PRESS-1-Instances_ibfk_1` FOREIGN KEY (`globalId`) REFERENCES `globals` (`globalId`) ON DELETE CASCADE;

--
-- Constraints der Tabelle `global-DEFAULT_PRESS-1-Region11-InstanceFiles`
--
ALTER TABLE `global-DEFAULT_PRESS-1-Region11-InstanceFiles`
  ADD CONSTRAINT `global-DEFAULT_PRESS-1-Region11-InstanceFiles_ibfk_1` FOREIGN KEY (`globalId`) REFERENCES `globals` (`globalId`) ON DELETE CASCADE,
  ADD CONSTRAINT `global-DEFAULT_PRESS-1-Region11-InstanceFiles_ibfk_2` FOREIGN KEY (`idRegionInstances`) REFERENCES `global-DEFAULT_PRESS-1-Region11-Instances` (`id`) ON DELETE CASCADE,
  ADD CONSTRAINT `global-DEFAULT_PRESS-1-Region11-InstanceFiles_ibfk_3` FOREIGN KEY (`idFiles`) REFERENCES `files` (`id`) ON DELETE CASCADE;

--
-- Constraints der Tabelle `global-DEFAULT_PRESS-1-Region11-InstanceMultiFields`
--
ALTER TABLE `global-DEFAULT_PRESS-1-Region11-InstanceMultiFields`
  ADD CONSTRAINT `global-DEFAULT_PRESS-1-Region11-InstanceMultiFields_ibfk_1` FOREIGN KEY (`globalId`) REFERENCES `globals` (`globalId`) ON DELETE CASCADE,
  ADD CONSTRAINT `global-DEFAULT_PRESS-1-Region11-InstanceMultiFields_ibfk_2` FOREIGN KEY (`idRegionInstances`) REFERENCES `global-DEFAULT_PRESS-1-Region11-Instances` (`id`) ON DELETE CASCADE;

--
-- Constraints der Tabelle `global-DEFAULT_PRESS-1-Region11-Instances`
--
ALTER TABLE `global-DEFAULT_PRESS-1-Region11-Instances`
  ADD CONSTRAINT `global-DEFAULT_PRESS-1-Region11-Instances_ibfk_1` FOREIGN KEY (`globalId`) REFERENCES `globals` (`globalId`) ON DELETE CASCADE;

--
-- Constraints der Tabelle `global-DEFAULT_PRESS-1-Region14-InstanceFiles`
--
ALTER TABLE `global-DEFAULT_PRESS-1-Region14-InstanceFiles`
  ADD CONSTRAINT `global-DEFAULT_PRESS-1-Region14-InstanceFiles_ibfk_1` FOREIGN KEY (`globalId`) REFERENCES `globals` (`globalId`) ON DELETE CASCADE,
  ADD CONSTRAINT `global-DEFAULT_PRESS-1-Region14-InstanceFiles_ibfk_2` FOREIGN KEY (`idRegionInstances`) REFERENCES `global-DEFAULT_PRESS-1-Region14-Instances` (`id`) ON DELETE CASCADE,
  ADD CONSTRAINT `global-DEFAULT_PRESS-1-Region14-InstanceFiles_ibfk_3` FOREIGN KEY (`idFiles`) REFERENCES `files` (`id`) ON DELETE CASCADE;

--
-- Constraints der Tabelle `global-DEFAULT_PRESS-1-Region14-Instances`
--
ALTER TABLE `global-DEFAULT_PRESS-1-Region14-Instances`
  ADD CONSTRAINT `global-DEFAULT_PRESS-1-Region14-Instances_ibfk_1` FOREIGN KEY (`globalId`) REFERENCES `globals` (`globalId`) ON DELETE CASCADE;

--
-- Constraints der Tabelle `global-DEFAULT_PRESS-1-Region50-Instances`
--
ALTER TABLE `global-DEFAULT_PRESS-1-Region50-Instances`
  ADD CONSTRAINT `global-DEFAULT_PRESS-1-Region50-Instances_ibfk_1` FOREIGN KEY (`globalId`) REFERENCES `globals` (`globalId`) ON DELETE CASCADE;

--
-- Constraints der Tabelle `global-DEFAULT_PRESS_OVERVIEW-1-InstanceFiles`
--
ALTER TABLE `global-DEFAULT_PRESS_OVERVIEW-1-InstanceFiles`
  ADD CONSTRAINT `global-DEFAULT_PRESS_OVERVIEW-1-InstanceFiles_ibfk_1` FOREIGN KEY (`globalId`) REFERENCES `globals` (`globalId`) ON DELETE CASCADE,
  ADD CONSTRAINT `global-DEFAULT_PRESS_OVERVIEW-1-InstanceFiles_ibfk_2` FOREIGN KEY (`idFiles`) REFERENCES `files` (`id`) ON DELETE CASCADE;

--
-- Constraints der Tabelle `global-DEFAULT_PRESS_OVERVIEW-1-InstanceMultiFields`
--
ALTER TABLE `global-DEFAULT_PRESS_OVERVIEW-1-InstanceMultiFields`
  ADD CONSTRAINT `global-DEFAULT_PRESS_OVERVIEW-1-InstanceMultiFields_ibfk_1` FOREIGN KEY (`globalId`) REFERENCES `globals` (`globalId`) ON DELETE CASCADE;

--
-- Constraints der Tabelle `global-DEFAULT_PRESS_OVERVIEW-1-Instances`
--
ALTER TABLE `global-DEFAULT_PRESS_OVERVIEW-1-Instances`
  ADD CONSTRAINT `global-DEFAULT_PRESS_OVERVIEW-1-Instances_ibfk_1` FOREIGN KEY (`globalId`) REFERENCES `globals` (`globalId`) ON DELETE CASCADE;

--
-- Constraints der Tabelle `global-DEFAULT_PRESS_OVERVIEW-1-Region14-InstanceFiles`
--
ALTER TABLE `global-DEFAULT_PRESS_OVERVIEW-1-Region14-InstanceFiles`
  ADD CONSTRAINT `global-DEFAULT_PRESS_OVERVIEW-1-Region14-InstanceFiles_ibfk_1` FOREIGN KEY (`globalId`) REFERENCES `globals` (`globalId`) ON DELETE CASCADE,
  ADD CONSTRAINT `global-DEFAULT_PRESS_OVERVIEW-1-Region14-InstanceFiles_ibfk_2` FOREIGN KEY (`idRegionInstances`) REFERENCES `global-DEFAULT_PRESS_OVERVIEW-1-Region14-Instances` (`id`),
  ADD CONSTRAINT `global-DEFAULT_PRESS_OVERVIEW-1-Region14-InstanceFiles_ibfk_3` FOREIGN KEY (`idFiles`) REFERENCES `files` (`id`) ON DELETE CASCADE;

--
-- Constraints der Tabelle `global-DEFAULT_PRESS_OVERVIEW-1-Region14-Instances`
--
ALTER TABLE `global-DEFAULT_PRESS_OVERVIEW-1-Region14-Instances`
  ADD CONSTRAINT `global-DEFAULT_PRESS_OVERVIEW-1-Region14-Instances_ibfk_1` FOREIGN KEY (`globalId`) REFERENCES `globals` (`globalId`) ON DELETE CASCADE;

--
-- Constraints der Tabelle `global-DEFAULT_PRESS_OVERVIEW-1-Region15-Instances`
--
ALTER TABLE `global-DEFAULT_PRESS_OVERVIEW-1-Region15-Instances`
  ADD CONSTRAINT `global-DEFAULT_PRESS_OVERVIEW-1-Region15-Instances_ibfk_1` FOREIGN KEY (`globalId`) REFERENCES `globals` (`globalId`) ON DELETE CASCADE;

--
-- Constraints der Tabelle `global-DEFAULT_PRODUCT-1-InstanceFiles`
--
ALTER TABLE `global-DEFAULT_PRODUCT-1-InstanceFiles`
  ADD CONSTRAINT `global-DEFAULT_PRODUCT-1-InstanceFiles_ibfk_1` FOREIGN KEY (`globalId`) REFERENCES `globals` (`globalId`) ON DELETE CASCADE,
  ADD CONSTRAINT `global-DEFAULT_PRODUCT-1-InstanceFiles_ibfk_2` FOREIGN KEY (`idFiles`) REFERENCES `files` (`id`) ON DELETE CASCADE;

--
-- Constraints der Tabelle `global-DEFAULT_PRODUCT-1-Instances`
--
ALTER TABLE `global-DEFAULT_PRODUCT-1-Instances`
  ADD CONSTRAINT `global-DEFAULT_PRODUCT-1-Instances_ibfk_1` FOREIGN KEY (`globalId`) REFERENCES `globals` (`globalId`) ON DELETE CASCADE;

--
-- Constraints der Tabelle `global-DEFAULT_PRODUCT-1-Region45-InstanceFiles`
--
ALTER TABLE `global-DEFAULT_PRODUCT-1-Region45-InstanceFiles`
  ADD CONSTRAINT `global-DEFAULT_PRODUCT-1-Region45-InstanceFiles_ibfk_1` FOREIGN KEY (`globalId`) REFERENCES `globals` (`globalId`) ON DELETE CASCADE,
  ADD CONSTRAINT `global-DEFAULT_PRODUCT-1-Region45-InstanceFiles_ibfk_2` FOREIGN KEY (`idRegionInstances`) REFERENCES `global-DEFAULT_PRODUCT-1-Region45-Instances` (`id`) ON DELETE CASCADE,
  ADD CONSTRAINT `global-DEFAULT_PRODUCT-1-Region45-InstanceFiles_ibfk_3` FOREIGN KEY (`idFiles`) REFERENCES `files` (`id`) ON DELETE CASCADE;

--
-- Constraints der Tabelle `global-DEFAULT_PRODUCT-1-Region45-Instances`
--
ALTER TABLE `global-DEFAULT_PRODUCT-1-Region45-Instances`
  ADD CONSTRAINT `global-DEFAULT_PRODUCT-1-Region45-Instances_ibfk_1` FOREIGN KEY (`globalId`) REFERENCES `globals` (`globalId`) ON DELETE CASCADE;

--
-- Constraints der Tabelle `global-DEFAULT_PRODUCT-1-Region47-InstanceFileFilters`
--
ALTER TABLE `global-DEFAULT_PRODUCT-1-Region47-InstanceFileFilters`
  ADD CONSTRAINT `global-DEFAULT_PRODUCT-1-Region47-InstanceFileFilters_ibfk_1` FOREIGN KEY (`globalId`) REFERENCES `globals` (`globalId`) ON DELETE CASCADE,
  ADD CONSTRAINT `global-DEFAULT_PRODUCT-1-Region47-InstanceFileFilters_ibfk_2` FOREIGN KEY (`idRegionInstances`) REFERENCES `global-DEFAULT_PRODUCT-1-Region47-Instances` (`id`) ON DELETE CASCADE;

--
-- Constraints der Tabelle `global-DEFAULT_PRODUCT-1-Region47-InstanceFiles`
--
ALTER TABLE `global-DEFAULT_PRODUCT-1-Region47-InstanceFiles`
  ADD CONSTRAINT `global-DEFAULT_PRODUCT-1-Region47-InstanceFiles_ibfk_1` FOREIGN KEY (`globalId`) REFERENCES `globals` (`globalId`) ON DELETE CASCADE,
  ADD CONSTRAINT `global-DEFAULT_PRODUCT-1-Region47-InstanceFiles_ibfk_2` FOREIGN KEY (`idRegionInstances`) REFERENCES `global-DEFAULT_PRODUCT-1-Region47-Instances` (`id`) ON DELETE CASCADE,
  ADD CONSTRAINT `global-DEFAULT_PRODUCT-1-Region47-InstanceFiles_ibfk_3` FOREIGN KEY (`idFiles`) REFERENCES `files` (`id`) ON DELETE CASCADE;

--
-- Constraints der Tabelle `global-DEFAULT_PRODUCT-1-Region47-Instances`
--
ALTER TABLE `global-DEFAULT_PRODUCT-1-Region47-Instances`
  ADD CONSTRAINT `global-DEFAULT_PRODUCT-1-Region47-Instances_ibfk_1` FOREIGN KEY (`globalId`) REFERENCES `globals` (`globalId`) ON DELETE CASCADE;

--
-- Constraints der Tabelle `global-DEFAULT_PRODUCT-1-Region50-Instances`
--
ALTER TABLE `global-DEFAULT_PRODUCT-1-Region50-Instances`
  ADD CONSTRAINT `global-DEFAULT_PRODUCT-1-Region50-Instances_ibfk_1` FOREIGN KEY (`globalId`) REFERENCES `globals` (`globalId`) ON DELETE CASCADE;

--
-- Constraints der Tabelle `global-DEFAULT_PRODUCT-1-Region51-InstanceFiles`
--
ALTER TABLE `global-DEFAULT_PRODUCT-1-Region51-InstanceFiles`
  ADD CONSTRAINT `global-DEFAULT_PRODUCT-1-Region51-InstanceFiles_ibfk_1` FOREIGN KEY (`globalId`) REFERENCES `globals` (`globalId`) ON DELETE CASCADE,
  ADD CONSTRAINT `global-DEFAULT_PRODUCT-1-Region51-InstanceFiles_ibfk_2` FOREIGN KEY (`idRegionInstances`) REFERENCES `global-DEFAULT_PRODUCT-1-Region51-Instances` (`id`) ON DELETE CASCADE,
  ADD CONSTRAINT `global-DEFAULT_PRODUCT-1-Region51-InstanceFiles_ibfk_3` FOREIGN KEY (`idFiles`) REFERENCES `files` (`id`) ON DELETE CASCADE;

--
-- Constraints der Tabelle `global-DEFAULT_PRODUCT-1-Region51-Instances`
--
ALTER TABLE `global-DEFAULT_PRODUCT-1-Region51-Instances`
  ADD CONSTRAINT `global-DEFAULT_PRODUCT-1-Region51-Instances_ibfk_1` FOREIGN KEY (`globalId`) REFERENCES `globals` (`globalId`) ON DELETE CASCADE;

--
-- Constraints der Tabelle `global-DEFAULT_PRODUCT-1-Region76-Instances`
--
ALTER TABLE `global-DEFAULT_PRODUCT-1-Region76-Instances`
  ADD CONSTRAINT `global-DEFAULT_PRODUCT-1-Region76-Instances_ibfk_1` FOREIGN KEY (`globalId`) REFERENCES `globals` (`globalId`) ON DELETE CASCADE;

--
-- Constraints der Tabelle `global-DEFAULT_PRODUCT-1-Region81-InstanceFiles`
--
ALTER TABLE `global-DEFAULT_PRODUCT-1-Region81-InstanceFiles`
  ADD CONSTRAINT `global-DEFAULT_PRODUCT-1-Region81-InstanceFiles_ibfk_1` FOREIGN KEY (`globalId`) REFERENCES `globals` (`globalId`) ON DELETE CASCADE,
  ADD CONSTRAINT `global-DEFAULT_PRODUCT-1-Region81-InstanceFiles_ibfk_2` FOREIGN KEY (`idRegionInstances`) REFERENCES `global-DEFAULT_PRODUCT-1-Region81-Instances` (`id`) ON DELETE CASCADE,
  ADD CONSTRAINT `global-DEFAULT_PRODUCT-1-Region81-InstanceFiles_ibfk_3` FOREIGN KEY (`idFiles`) REFERENCES `files` (`id`) ON DELETE CASCADE;

--
-- Constraints der Tabelle `global-DEFAULT_PRODUCT-1-Region81-Instances`
--
ALTER TABLE `global-DEFAULT_PRODUCT-1-Region81-Instances`
  ADD CONSTRAINT `global-DEFAULT_PRODUCT-1-Region81-Instances_ibfk_1` FOREIGN KEY (`globalId`) REFERENCES `globals` (`globalId`) ON DELETE CASCADE;

--
-- Constraints der Tabelle `global-DEFAULT_PRODUCT-1-Region82-InstanceMultiFields`
--
ALTER TABLE `global-DEFAULT_PRODUCT-1-Region82-InstanceMultiFields`
  ADD CONSTRAINT `global-DEFAULT_PRODUCT-1-Region82-InstanceMultiFields_ibfk_1` FOREIGN KEY (`globalId`) REFERENCES `globals` (`globalId`) ON DELETE CASCADE,
  ADD CONSTRAINT `global-DEFAULT_PRODUCT-1-Region82-InstanceMultiFields_ibfk_2` FOREIGN KEY (`idRegionInstances`) REFERENCES `global-DEFAULT_PRODUCT-1-Region82-Instances` (`id`) ON DELETE CASCADE;

--
-- Constraints der Tabelle `global-DEFAULT_PRODUCT-1-Region82-Instances`
--
ALTER TABLE `global-DEFAULT_PRODUCT-1-Region82-Instances`
  ADD CONSTRAINT `global-DEFAULT_PRODUCT-1-Region82-Instances_ibfk_1` FOREIGN KEY (`globalId`) REFERENCES `globals` (`globalId`) ON DELETE CASCADE;

--
-- Constraints der Tabelle `global-DEFAULT_PRODUCT_OVERVIEW-1-InstanceFiles`
--
ALTER TABLE `global-DEFAULT_PRODUCT_OVERVIEW-1-InstanceFiles`
  ADD CONSTRAINT `global-DEFAULT_PRODUCT_OVERVIEW-1-InstanceFiles_ibfk_1` FOREIGN KEY (`globalId`) REFERENCES `globals` (`globalId`) ON DELETE CASCADE,
  ADD CONSTRAINT `global-DEFAULT_PRODUCT_OVERVIEW-1-InstanceFiles_ibfk_2` FOREIGN KEY (`idFiles`) REFERENCES `files` (`id`) ON DELETE CASCADE;

--
-- Constraints der Tabelle `global-DEFAULT_PRODUCT_OVERVIEW-1-InstanceMultiFields`
--
ALTER TABLE `global-DEFAULT_PRODUCT_OVERVIEW-1-InstanceMultiFields`
  ADD CONSTRAINT `global-DEFAULT_PRODUCT_OVERVIEW-1-InstanceMultiFields_ibfk_1` FOREIGN KEY (`globalId`) REFERENCES `globals` (`globalId`) ON DELETE CASCADE;

--
-- Constraints der Tabelle `global-DEFAULT_PRODUCT_OVERVIEW-1-Instances`
--
ALTER TABLE `global-DEFAULT_PRODUCT_OVERVIEW-1-Instances`
  ADD CONSTRAINT `global-DEFAULT_PRODUCT_OVERVIEW-1-Instances_ibfk_1` FOREIGN KEY (`globalId`) REFERENCES `globals` (`globalId`) ON DELETE CASCADE;

--
-- Constraints der Tabelle `global-DEFAULT_PRODUCT_OVERVIEW-1-Region14-InstanceFiles`
--
ALTER TABLE `global-DEFAULT_PRODUCT_OVERVIEW-1-Region14-InstanceFiles`
  ADD CONSTRAINT `global-DEFAULT_PRODUCT_OVERVIEW-1-Region14-InstanceFiles_ibfk_4` FOREIGN KEY (`globalId`) REFERENCES `globals` (`globalId`) ON DELETE CASCADE,
  ADD CONSTRAINT `global-DEFAULT_PRODUCT_OVERVIEW-1-Region14-InstanceFiles_ibfk_5` FOREIGN KEY (`idRegionInstances`) REFERENCES `global-DEFAULT_PRODUCT_OVERVIEW-1-Region14-Instances` (`id`) ON DELETE CASCADE,
  ADD CONSTRAINT `global-DEFAULT_PRODUCT_OVERVIEW-1-Region14-InstanceFiles_ibfk_6` FOREIGN KEY (`idFiles`) REFERENCES `files` (`id`) ON DELETE CASCADE;

--
-- Constraints der Tabelle `global-DEFAULT_PRODUCT_OVERVIEW-1-Region14-Instances`
--
ALTER TABLE `global-DEFAULT_PRODUCT_OVERVIEW-1-Region14-Instances`
  ADD CONSTRAINT `global-DEFAULT_PRODUCT_OVERVIEW-1-Region14-Instances_ibfk_1` FOREIGN KEY (`globalId`) REFERENCES `globals` (`globalId`) ON DELETE CASCADE;

--
-- Constraints der Tabelle `global-DEFAULT_PRODUCT_OVERVIEW-1-Region15-Instances`
--
ALTER TABLE `global-DEFAULT_PRODUCT_OVERVIEW-1-Region15-Instances`
  ADD CONSTRAINT `global-DEFAULT_PRODUCT_OVERVIEW-1-Region15-Instances_ibfk_1` FOREIGN KEY (`globalId`) REFERENCES `globals` (`globalId`) ON DELETE CASCADE;

--
-- Constraints der Tabelle `globalCategories`
--
ALTER TABLE `globalCategories`
  ADD CONSTRAINT `globalCategories_ibfk_1` FOREIGN KEY (`globalId`) REFERENCES `globals` (`globalId`) ON DELETE CASCADE;

--
-- Constraints der Tabelle `globalContacts`
--
ALTER TABLE `globalContacts`
  ADD CONSTRAINT `globalContacts_ibfk_1` FOREIGN KEY (`globalId`) REFERENCES `globals` (`globalId`) ON DELETE CASCADE;

--
-- Constraints der Tabelle `globalDatetimes`
--
ALTER TABLE `globalDatetimes`
  ADD CONSTRAINT `globalDatetimes_ibfk_1` FOREIGN KEY (`globalId`) REFERENCES `globals` (`globalId`) ON DELETE CASCADE;

--
-- Constraints der Tabelle `globalExternals`
--
ALTER TABLE `globalExternals`
  ADD CONSTRAINT `globalExternals_ibfk_1` FOREIGN KEY (`globalId`) REFERENCES `globals` (`globalId`) ON DELETE CASCADE;

--
-- Constraints der Tabelle `globalInternalLinks`
--
ALTER TABLE `globalInternalLinks`
  ADD CONSTRAINT `globalInternalLinks_ibfk_1` FOREIGN KEY (`globalId`) REFERENCES `globals` (`globalId`) ON DELETE CASCADE,
  ADD CONSTRAINT `globalInternalLinks_ibfk_2` FOREIGN KEY (`linkedGlobalId`) REFERENCES `globals` (`globalId`) ON DELETE CASCADE;

--
-- Constraints der Tabelle `globalLabels`
--
ALTER TABLE `globalLabels`
  ADD CONSTRAINT `globalLabels_ibfk_1` FOREIGN KEY (`globalId`) REFERENCES `globals` (`globalId`) ON DELETE CASCADE;

--
-- Constraints der Tabelle `globalLinks`
--
ALTER TABLE `globalLinks`
  ADD CONSTRAINT `globalLinks_ibfk_1` FOREIGN KEY (`idGlobals`) REFERENCES `globals` (`id`) ON DELETE CASCADE,
  ADD CONSTRAINT `globalLinks_ibfk_2` FOREIGN KEY (`globalId`) REFERENCES `globals` (`globalId`) ON DELETE CASCADE;

--
-- Constraints der Tabelle `globalProperties`
--
ALTER TABLE `globalProperties`
  ADD CONSTRAINT `globalProperties_ibfk_1` FOREIGN KEY (`globalId`) REFERENCES `globals` (`globalId`) ON DELETE CASCADE;

--
-- Constraints der Tabelle `globalTitles`
--
ALTER TABLE `globalTitles`
  ADD CONSTRAINT `globalTitles_ibfk_1` FOREIGN KEY (`globalId`) REFERENCES `globals` (`globalId`) ON DELETE CASCADE;

--
-- Constraints der Tabelle `globalTypePageTypes`
--
ALTER TABLE `globalTypePageTypes`
  ADD CONSTRAINT `globalTypePageTypes_ibfk_2` FOREIGN KEY (`idPageTypes`) REFERENCES `pageTypes` (`id`) ON DELETE CASCADE,
  ADD CONSTRAINT `globalTypePageTypes_ibfk_3` FOREIGN KEY (`idGlobalTypes`) REFERENCES `globalTypes` (`id`) ON DELETE CASCADE;

--
-- Constraints der Tabelle `globalVideos`
--
ALTER TABLE `globalVideos`
  ADD CONSTRAINT `globalVideos_ibfk_1` FOREIGN KEY (`globalId`) REFERENCES `globals` (`globalId`) ON DELETE CASCADE;

--
-- Constraints der Tabelle `groupGroupTypes`
--
ALTER TABLE `groupGroupTypes`
  ADD CONSTRAINT `groupGroupTypes_ibfk_1` FOREIGN KEY (`idGroups`) REFERENCES `groups` (`id`) ON DELETE CASCADE,
  ADD CONSTRAINT `groupGroupTypes_ibfk_2` FOREIGN KEY (`idGroupTypes`) REFERENCES `groupTypes` (`id`) ON DELETE CASCADE;

--
-- Constraints der Tabelle `groupPermissions`
--
ALTER TABLE `groupPermissions`
  ADD CONSTRAINT `groupPermissions_ibfk_1` FOREIGN KEY (`idGroups`) REFERENCES `groups` (`id`) ON DELETE CASCADE,
  ADD CONSTRAINT `groupPermissions_ibfk_2` FOREIGN KEY (`idPermissions`) REFERENCES `permissions` (`id`) ON DELETE CASCADE;

--
-- Constraints der Tabelle `location-DEFAULT_LOCATION-1-InstanceFiles`
--
ALTER TABLE `location-DEFAULT_LOCATION-1-InstanceFiles`
  ADD CONSTRAINT `location-DEFAULT_LOCATION-1-InstanceFiles_ibfk_1` FOREIGN KEY (`idLocations`) REFERENCES `locations` (`id`) ON DELETE CASCADE,
  ADD CONSTRAINT `location-DEFAULT_LOCATION-1-InstanceFiles_ibfk_2` FOREIGN KEY (`idFiles`) REFERENCES `files` (`id`) ON DELETE CASCADE;

--
-- Constraints der Tabelle `location-DEFAULT_LOCATION-1-InstanceMultiFields`
--
ALTER TABLE `location-DEFAULT_LOCATION-1-InstanceMultiFields`
  ADD CONSTRAINT `location-DEFAULT_LOCATION-1-InstanceMultiFields_ibfk_1` FOREIGN KEY (`idLocations`) REFERENCES `locations` (`id`) ON DELETE CASCADE;

--
-- Constraints der Tabelle `location-DEFAULT_LOCATION-1-Instances`
--
ALTER TABLE `location-DEFAULT_LOCATION-1-Instances`
  ADD CONSTRAINT `location-DEFAULT_LOCATION-1-Instances_ibfk_1` FOREIGN KEY (`idLocations`) REFERENCES `locations` (`id`) ON DELETE CASCADE;

--
-- Constraints der Tabelle `navigationOptionTitles`
--
ALTER TABLE `navigationOptionTitles`
  ADD CONSTRAINT `navigationOptionTitles_ibfk_1` FOREIGN KEY (`idNavigationOptions`) REFERENCES `navigationOptions` (`id`) ON DELETE CASCADE;

--
-- Constraints der Tabelle `page-DEFAULT_COLLECTION-1-InstanceFiles`
--
ALTER TABLE `page-DEFAULT_COLLECTION-1-InstanceFiles`
  ADD CONSTRAINT `page-DEFAULT_COLLECTION-1-InstanceFiles_ibfk_1` FOREIGN KEY (`idFiles`) REFERENCES `files` (`id`) ON DELETE CASCADE,
  ADD CONSTRAINT `page-DEFAULT_COLLECTION-1-InstanceFiles_ibfk_2` FOREIGN KEY (`pageId`) REFERENCES `pages` (`pageId`) ON DELETE CASCADE;

--
-- Constraints der Tabelle `page-DEFAULT_COLLECTION-1-InstanceMultiFields`
--
ALTER TABLE `page-DEFAULT_COLLECTION-1-InstanceMultiFields`
  ADD CONSTRAINT `page-DEFAULT_COLLECTION-1-InstanceMultiFields_ibfk_1` FOREIGN KEY (`pageId`) REFERENCES `pages` (`pageId`) ON DELETE CASCADE;

--
-- Constraints der Tabelle `page-DEFAULT_COLLECTION-1-Instances`
--
ALTER TABLE `page-DEFAULT_COLLECTION-1-Instances`
  ADD CONSTRAINT `page-DEFAULT_COLLECTION-1-Instances_ibfk_1` FOREIGN KEY (`pageId`) REFERENCES `pages` (`pageId`) ON DELETE CASCADE;

--
-- Constraints der Tabelle `page-DEFAULT_COLLECTION-1-Region14-InstanceFiles`
--
ALTER TABLE `page-DEFAULT_COLLECTION-1-Region14-InstanceFiles`
  ADD CONSTRAINT `page-DEFAULT_COLLECTION-1-Region14-InstanceFiles_ibfk_1` FOREIGN KEY (`pageId`) REFERENCES `pages` (`pageId`) ON DELETE CASCADE,
  ADD CONSTRAINT `page-DEFAULT_COLLECTION-1-Region14-InstanceFiles_ibfk_2` FOREIGN KEY (`idRegionInstances`) REFERENCES `page-DEFAULT_COLLECTION-1-Region14-Instances` (`id`) ON DELETE CASCADE,
  ADD CONSTRAINT `page-DEFAULT_COLLECTION-1-Region14-InstanceFiles_ibfk_3` FOREIGN KEY (`idFiles`) REFERENCES `files` (`id`) ON DELETE CASCADE;

--
-- Constraints der Tabelle `page-DEFAULT_COLLECTION-1-Region14-Instances`
--
ALTER TABLE `page-DEFAULT_COLLECTION-1-Region14-Instances`
  ADD CONSTRAINT `page-DEFAULT_COLLECTION-1-Region14-Instances_ibfk_1` FOREIGN KEY (`pageId`) REFERENCES `pages` (`pageId`) ON DELETE CASCADE;

--
-- Constraints der Tabelle `page-DEFAULT_COURSES-1-InstanceFiles`
--
ALTER TABLE `page-DEFAULT_COURSES-1-InstanceFiles`
  ADD CONSTRAINT `page-DEFAULT_COURSES-1-InstanceFiles_ibfk_1` FOREIGN KEY (`pageId`) REFERENCES `pages` (`pageId`) ON DELETE CASCADE,
  ADD CONSTRAINT `page-DEFAULT_COURSES-1-InstanceFiles_ibfk_2` FOREIGN KEY (`idFiles`) REFERENCES `files` (`id`) ON DELETE CASCADE;

--
-- Constraints der Tabelle `page-DEFAULT_COURSES-1-InstanceMultiFields`
--
ALTER TABLE `page-DEFAULT_COURSES-1-InstanceMultiFields`
  ADD CONSTRAINT `page-DEFAULT_COURSES-1-InstanceMultiFields_ibfk_1` FOREIGN KEY (`pageId`) REFERENCES `pages` (`pageId`) ON DELETE CASCADE;

--
-- Constraints der Tabelle `page-DEFAULT_COURSES-1-Instances`
--
ALTER TABLE `page-DEFAULT_COURSES-1-Instances`
  ADD CONSTRAINT `page-DEFAULT_COURSES-1-Instances_ibfk_1` FOREIGN KEY (`pageId`) REFERENCES `pages` (`pageId`) ON DELETE CASCADE;

--
-- Constraints der Tabelle `page-DEFAULT_DOWNLOAD_CENTER-1-InstanceFiles`
--
ALTER TABLE `page-DEFAULT_DOWNLOAD_CENTER-1-InstanceFiles`
  ADD CONSTRAINT `page-DEFAULT_DOWNLOAD_CENTER-1-InstanceFiles_ibfk_1` FOREIGN KEY (`pageId`) REFERENCES `pages` (`pageId`) ON DELETE CASCADE,
  ADD CONSTRAINT `page-DEFAULT_DOWNLOAD_CENTER-1-InstanceFiles_ibfk_2` FOREIGN KEY (`idFiles`) REFERENCES `files` (`id`) ON DELETE CASCADE;

--
-- Constraints der Tabelle `page-DEFAULT_DOWNLOAD_CENTER-1-InstanceMultiFields`
--
ALTER TABLE `page-DEFAULT_DOWNLOAD_CENTER-1-InstanceMultiFields`
  ADD CONSTRAINT `page-DEFAULT_DOWNLOAD_CENTER-1-InstanceMultiFields_ibfk_1` FOREIGN KEY (`pageId`) REFERENCES `pages` (`pageId`) ON DELETE CASCADE;

--
-- Constraints der Tabelle `page-DEFAULT_DOWNLOAD_CENTER-1-Instances`
--
ALTER TABLE `page-DEFAULT_DOWNLOAD_CENTER-1-Instances`
  ADD CONSTRAINT `page-DEFAULT_DOWNLOAD_CENTER-1-Instances_ibfk_1` FOREIGN KEY (`pageId`) REFERENCES `pages` (`pageId`) ON DELETE CASCADE;

--
-- Constraints der Tabelle `page-DEFAULT_EVENT-1-InstanceFiles`
--
ALTER TABLE `page-DEFAULT_EVENT-1-InstanceFiles`
  ADD CONSTRAINT `page-DEFAULT_EVENT-1-InstanceFiles_ibfk_1` FOREIGN KEY (`pageId`) REFERENCES `pages` (`pageId`) ON DELETE CASCADE,
  ADD CONSTRAINT `page-DEFAULT_EVENT-1-InstanceFiles_ibfk_2` FOREIGN KEY (`idFiles`) REFERENCES `files` (`id`) ON DELETE CASCADE;

--
-- Constraints der Tabelle `page-DEFAULT_EVENT-1-InstanceMultiFields`
--
ALTER TABLE `page-DEFAULT_EVENT-1-InstanceMultiFields`
  ADD CONSTRAINT `page-DEFAULT_EVENT-1-InstanceMultiFields_ibfk_1` FOREIGN KEY (`pageId`) REFERENCES `pages` (`pageId`) ON DELETE CASCADE;

--
-- Constraints der Tabelle `page-DEFAULT_EVENT-1-Instances`
--
ALTER TABLE `page-DEFAULT_EVENT-1-Instances`
  ADD CONSTRAINT `page-DEFAULT_EVENT-1-Instances_ibfk_1` FOREIGN KEY (`pageId`) REFERENCES `pages` (`pageId`) ON DELETE CASCADE;

--
-- Constraints der Tabelle `page-DEFAULT_EVENTS-1-InstanceFiles`
--
ALTER TABLE `page-DEFAULT_EVENTS-1-InstanceFiles`
  ADD CONSTRAINT `page-DEFAULT_EVENTS-1-InstanceFiles_ibfk_1` FOREIGN KEY (`pageId`) REFERENCES `pages` (`pageId`) ON DELETE CASCADE,
  ADD CONSTRAINT `page-DEFAULT_EVENTS-1-InstanceFiles_ibfk_2` FOREIGN KEY (`idFiles`) REFERENCES `files` (`id`) ON DELETE CASCADE;

--
-- Constraints der Tabelle `page-DEFAULT_EVENTS-1-InstanceMultiFields`
--
ALTER TABLE `page-DEFAULT_EVENTS-1-InstanceMultiFields`
  ADD CONSTRAINT `page-DEFAULT_EVENTS-1-InstanceMultiFields_ibfk_1` FOREIGN KEY (`pageId`) REFERENCES `pages` (`pageId`) ON DELETE CASCADE;

--
-- Constraints der Tabelle `page-DEFAULT_EVENTS-1-Instances`
--
ALTER TABLE `page-DEFAULT_EVENTS-1-Instances`
  ADD CONSTRAINT `page-DEFAULT_EVENTS-1-Instances_ibfk_1` FOREIGN KEY (`pageId`) REFERENCES `pages` (`pageId`) ON DELETE CASCADE;

--
-- Constraints der Tabelle `page-DEFAULT_EVENT_OVERVIEW-1-InstanceFiles`
--
ALTER TABLE `page-DEFAULT_EVENT_OVERVIEW-1-InstanceFiles`
  ADD CONSTRAINT `page-DEFAULT_EVENT_OVERVIEW-1-InstanceFiles_ibfk_1` FOREIGN KEY (`pageId`) REFERENCES `pages` (`pageId`) ON DELETE CASCADE,
  ADD CONSTRAINT `page-DEFAULT_EVENT_OVERVIEW-1-InstanceFiles_ibfk_2` FOREIGN KEY (`idFiles`) REFERENCES `files` (`id`) ON DELETE CASCADE;

--
-- Constraints der Tabelle `page-DEFAULT_EVENT_OVERVIEW-1-InstanceMultiFields`
--
ALTER TABLE `page-DEFAULT_EVENT_OVERVIEW-1-InstanceMultiFields`
  ADD CONSTRAINT `page-DEFAULT_EVENT_OVERVIEW-1-InstanceMultiFields_ibfk_1` FOREIGN KEY (`pageId`) REFERENCES `pages` (`pageId`) ON DELETE CASCADE;

--
-- Constraints der Tabelle `page-DEFAULT_EVENT_OVERVIEW-1-Instances`
--
ALTER TABLE `page-DEFAULT_EVENT_OVERVIEW-1-Instances`
  ADD CONSTRAINT `page-DEFAULT_EVENT_OVERVIEW-1-Instances_ibfk_1` FOREIGN KEY (`pageId`) REFERENCES `pages` (`pageId`) ON DELETE CASCADE;

--
-- Constraints der Tabelle `page-DEFAULT_EXTERNAL-1-InstanceFiles`
--
ALTER TABLE `page-DEFAULT_EXTERNAL-1-InstanceFiles`
  ADD CONSTRAINT `page-DEFAULT_EXTERNAL-1-InstanceFiles_ibfk_1` FOREIGN KEY (`pageId`) REFERENCES `pages` (`pageId`) ON DELETE CASCADE,
  ADD CONSTRAINT `page-DEFAULT_EXTERNAL-1-InstanceFiles_ibfk_2` FOREIGN KEY (`idFiles`) REFERENCES `files` (`id`) ON DELETE CASCADE;

--
-- Constraints der Tabelle `page-DEFAULT_EXTERNAL-1-Instances`
--
ALTER TABLE `page-DEFAULT_EXTERNAL-1-Instances`
  ADD CONSTRAINT `page-DEFAULT_EXTERNAL-1-Instances_ibfk_1` FOREIGN KEY (`pageId`) REFERENCES `pages` (`pageId`) ON DELETE CASCADE;

--
-- Constraints der Tabelle `page-DEFAULT_FORM-1-InstanceFiles`
--
ALTER TABLE `page-DEFAULT_FORM-1-InstanceFiles`
  ADD CONSTRAINT `page-DEFAULT_FORM-1-InstanceFiles_ibfk_1` FOREIGN KEY (`pageId`) REFERENCES `pages` (`pageId`) ON DELETE CASCADE,
  ADD CONSTRAINT `page-DEFAULT_FORM-1-InstanceFiles_ibfk_2` FOREIGN KEY (`idFiles`) REFERENCES `files` (`id`) ON DELETE CASCADE;

--
-- Constraints der Tabelle `page-DEFAULT_FORM-1-InstanceMultiFields`
--
ALTER TABLE `page-DEFAULT_FORM-1-InstanceMultiFields`
  ADD CONSTRAINT `page-DEFAULT_FORM-1-InstanceMultiFields_ibfk_1` FOREIGN KEY (`pageId`) REFERENCES `pages` (`pageId`) ON DELETE CASCADE;

--
-- Constraints der Tabelle `page-DEFAULT_FORM-1-Instances`
--
ALTER TABLE `page-DEFAULT_FORM-1-Instances`
  ADD CONSTRAINT `page-DEFAULT_FORM-1-Instances_ibfk_1` FOREIGN KEY (`pageId`) REFERENCES `pages` (`pageId`) ON DELETE CASCADE;

--
-- Constraints der Tabelle `page-DEFAULT_IFRAME-1-InstanceFiles`
--
ALTER TABLE `page-DEFAULT_IFRAME-1-InstanceFiles`
  ADD CONSTRAINT `page-DEFAULT_IFRAME-1-InstanceFiles_ibfk_1` FOREIGN KEY (`pageId`) REFERENCES `pages` (`pageId`) ON DELETE CASCADE,
  ADD CONSTRAINT `page-DEFAULT_IFRAME-1-InstanceFiles_ibfk_2` FOREIGN KEY (`idFiles`) REFERENCES `files` (`id`) ON DELETE CASCADE;

--
-- Constraints der Tabelle `page-DEFAULT_IFRAME-1-InstanceMultiFields`
--
ALTER TABLE `page-DEFAULT_IFRAME-1-InstanceMultiFields`
  ADD CONSTRAINT `page-DEFAULT_IFRAME-1-InstanceMultiFields_ibfk_1` FOREIGN KEY (`pageId`) REFERENCES `pages` (`pageId`) ON DELETE CASCADE;

--
-- Constraints der Tabelle `page-DEFAULT_IFRAME-1-Instances`
--
ALTER TABLE `page-DEFAULT_IFRAME-1-Instances`
  ADD CONSTRAINT `page-DEFAULT_IFRAME-1-Instances_ibfk_1` FOREIGN KEY (`pageId`) REFERENCES `pages` (`pageId`) ON DELETE CASCADE;

--
-- Constraints der Tabelle `page-DEFAULT_IFRAME-1-Region11-InstanceFiles`
--
ALTER TABLE `page-DEFAULT_IFRAME-1-Region11-InstanceFiles`
  ADD CONSTRAINT `page-DEFAULT_IFRAME-1-Region11-InstanceFiles_ibfk_1` FOREIGN KEY (`idRegionInstances`) REFERENCES `page-DEFAULT_IFRAME-1-Region11-Instances` (`id`) ON DELETE CASCADE,
  ADD CONSTRAINT `page-DEFAULT_IFRAME-1-Region11-InstanceFiles_ibfk_2` FOREIGN KEY (`idFiles`) REFERENCES `files` (`id`) ON DELETE CASCADE,
  ADD CONSTRAINT `page-DEFAULT_IFRAME-1-Region11-InstanceFiles_ibfk_3` FOREIGN KEY (`pageId`) REFERENCES `pages` (`pageId`) ON DELETE CASCADE;

--
-- Constraints der Tabelle `page-DEFAULT_IFRAME-1-Region11-InstanceMultiFields`
--
ALTER TABLE `page-DEFAULT_IFRAME-1-Region11-InstanceMultiFields`
  ADD CONSTRAINT `page-DEFAULT_IFRAME-1-Region11-InstanceMultiFields_ibfk_1` FOREIGN KEY (`idRegionInstances`) REFERENCES `page-DEFAULT_IFRAME-1-Region11-Instances` (`id`) ON DELETE CASCADE,
  ADD CONSTRAINT `page-DEFAULT_IFRAME-1-Region11-InstanceMultiFields_ibfk_2` FOREIGN KEY (`pageId`) REFERENCES `pages` (`pageId`) ON DELETE CASCADE;

--
-- Constraints der Tabelle `page-DEFAULT_IFRAME-1-Region11-Instances`
--
ALTER TABLE `page-DEFAULT_IFRAME-1-Region11-Instances`
  ADD CONSTRAINT `page-DEFAULT_IFRAME-1-Region11-Instances_ibfk_1` FOREIGN KEY (`pageId`) REFERENCES `pages` (`pageId`) ON DELETE CASCADE;

--
-- Constraints der Tabelle `page-DEFAULT_LOCATION_C-1-InstanceFiles`
--
ALTER TABLE `page-DEFAULT_LOCATION_C-1-InstanceFiles`
  ADD CONSTRAINT `page-DEFAULT_CONTACT-1-InstanceFiles_ibfk_1` FOREIGN KEY (`pageId`) REFERENCES `pages` (`pageId`) ON DELETE CASCADE,
  ADD CONSTRAINT `page-DEFAULT_CONTACT-1-InstanceFiles_ibfk_2` FOREIGN KEY (`idFiles`) REFERENCES `files` (`id`) ON DELETE CASCADE;

--
-- Constraints der Tabelle `page-DEFAULT_LOCATION_C-1-InstanceMultiFields`
--
ALTER TABLE `page-DEFAULT_LOCATION_C-1-InstanceMultiFields`
  ADD CONSTRAINT `page-DEFAULT_CONTACT-1-InstanceMultiFields_ibfk_1` FOREIGN KEY (`pageId`) REFERENCES `pages` (`pageId`) ON DELETE CASCADE;

--
-- Constraints der Tabelle `page-DEFAULT_LOCATION_C-1-Instances`
--
ALTER TABLE `page-DEFAULT_LOCATION_C-1-Instances`
  ADD CONSTRAINT `page-DEFAULT_CONTACT-1-Instances_ibfk_1` FOREIGN KEY (`pageId`) REFERENCES `pages` (`pageId`) ON DELETE CASCADE;

--
-- Constraints der Tabelle `page-DEFAULT_OVERVIEW-1-InstanceFiles`
--
ALTER TABLE `page-DEFAULT_OVERVIEW-1-InstanceFiles`
  ADD CONSTRAINT `page-DEFAULT_OVERVIEW-1-InstanceFiles_ibfk_1` FOREIGN KEY (`pageId`) REFERENCES `pages` (`pageId`) ON DELETE CASCADE,
  ADD CONSTRAINT `page-DEFAULT_OVERVIEW-1-InstanceFiles_ibfk_2` FOREIGN KEY (`idFiles`) REFERENCES `files` (`id`) ON DELETE CASCADE;

--
-- Constraints der Tabelle `page-DEFAULT_OVERVIEW-1-InstanceMultiFields`
--
ALTER TABLE `page-DEFAULT_OVERVIEW-1-InstanceMultiFields`
  ADD CONSTRAINT `page-DEFAULT_OVERVIEW-1-InstanceMultiFields_ibfk_1` FOREIGN KEY (`pageId`) REFERENCES `pages` (`pageId`) ON DELETE CASCADE;

--
-- Constraints der Tabelle `page-DEFAULT_OVERVIEW-1-Instances`
--
ALTER TABLE `page-DEFAULT_OVERVIEW-1-Instances`
  ADD CONSTRAINT `page-DEFAULT_OVERVIEW-1-Instances_ibfk_1` FOREIGN KEY (`pageId`) REFERENCES `pages` (`pageId`) ON DELETE CASCADE;

--
-- Constraints der Tabelle `page-DEFAULT_OVERVIEW-1-Region14-InstanceFiles`
--
ALTER TABLE `page-DEFAULT_OVERVIEW-1-Region14-InstanceFiles`
  ADD CONSTRAINT `page-DEFAULT_OVERVIEW-1-Region14-InstanceFiles_ibfk_1` FOREIGN KEY (`pageId`) REFERENCES `pages` (`pageId`) ON DELETE CASCADE,
  ADD CONSTRAINT `page-DEFAULT_OVERVIEW-1-Region14-InstanceFiles_ibfk_2` FOREIGN KEY (`idRegionInstances`) REFERENCES `page-DEFAULT_OVERVIEW-1-Region14-Instances` (`id`) ON DELETE CASCADE,
  ADD CONSTRAINT `page-DEFAULT_OVERVIEW-1-Region14-InstanceFiles_ibfk_3` FOREIGN KEY (`idFiles`) REFERENCES `files` (`id`) ON DELETE CASCADE;

--
-- Constraints der Tabelle `page-DEFAULT_OVERVIEW-1-Region14-Instances`
--
ALTER TABLE `page-DEFAULT_OVERVIEW-1-Region14-Instances`
  ADD CONSTRAINT `page-DEFAULT_OVERVIEW-1-Region14-Instances_ibfk_1` FOREIGN KEY (`pageId`) REFERENCES `pages` (`pageId`) ON DELETE CASCADE;

--
-- Constraints der Tabelle `page-DEFAULT_OVERVIEW-1-Region15-Instances`
--
ALTER TABLE `page-DEFAULT_OVERVIEW-1-Region15-Instances`
  ADD CONSTRAINT `page-DEFAULT_OVERVIEW-1-Region15-Instances_ibfk_1` FOREIGN KEY (`pageId`) REFERENCES `pages` (`pageId`) ON DELETE CASCADE;

--
-- Constraints der Tabelle `page-DEFAULT_PAGE_1-1-InstanceFiles`
--
ALTER TABLE `page-DEFAULT_PAGE_1-1-InstanceFiles`
  ADD CONSTRAINT `page-DEFAULT_PAGE_1-1-InstanceFiles_ibfk_1` FOREIGN KEY (`pageId`) REFERENCES `pages` (`pageId`) ON DELETE CASCADE,
  ADD CONSTRAINT `page-DEFAULT_PAGE_1-1-InstanceFiles_ibfk_2` FOREIGN KEY (`idFiles`) REFERENCES `files` (`id`) ON DELETE CASCADE;

--
-- Constraints der Tabelle `page-DEFAULT_PAGE_1-1-InstanceMultiFields`
--
ALTER TABLE `page-DEFAULT_PAGE_1-1-InstanceMultiFields`
  ADD CONSTRAINT `page-DEFAULT_PAGE_1-1-InstanceMultiFields_ibfk_1` FOREIGN KEY (`pageId`) REFERENCES `pages` (`pageId`) ON DELETE CASCADE;

--
-- Constraints der Tabelle `page-DEFAULT_PAGE_1-1-Instances`
--
ALTER TABLE `page-DEFAULT_PAGE_1-1-Instances`
  ADD CONSTRAINT `page-DEFAULT_PAGE_1-1-Instances_ibfk_1` FOREIGN KEY (`pageId`) REFERENCES `pages` (`pageId`) ON DELETE CASCADE;

--
-- Constraints der Tabelle `page-DEFAULT_PAGE_1-1-Region11-InstanceFiles`
--
ALTER TABLE `page-DEFAULT_PAGE_1-1-Region11-InstanceFiles`
  ADD CONSTRAINT `page-DEFAULT_PAGE_1-1-Region11-InstanceFiles_ibfk_1` FOREIGN KEY (`idRegionInstances`) REFERENCES `page-DEFAULT_PAGE_1-1-Region11-Instances` (`id`) ON DELETE CASCADE,
  ADD CONSTRAINT `page-DEFAULT_PAGE_1-1-Region11-InstanceFiles_ibfk_2` FOREIGN KEY (`idFiles`) REFERENCES `files` (`id`) ON DELETE CASCADE,
  ADD CONSTRAINT `page-DEFAULT_PAGE_1-1-Region11-InstanceFiles_ibfk_3` FOREIGN KEY (`pageId`) REFERENCES `pages` (`pageId`) ON DELETE CASCADE;

--
-- Constraints der Tabelle `page-DEFAULT_PAGE_1-1-Region11-InstanceMultiFields`
--
ALTER TABLE `page-DEFAULT_PAGE_1-1-Region11-InstanceMultiFields`
  ADD CONSTRAINT `page-DEFAULT_PAGE_1-1-Region11-InstanceMultiFields_ibfk_1` FOREIGN KEY (`idRegionInstances`) REFERENCES `page-DEFAULT_PAGE_1-1-Region11-Instances` (`id`) ON DELETE CASCADE,
  ADD CONSTRAINT `page-DEFAULT_PAGE_1-1-Region11-InstanceMultiFields_ibfk_2` FOREIGN KEY (`pageId`) REFERENCES `pages` (`pageId`) ON DELETE CASCADE;

--
-- Constraints der Tabelle `page-DEFAULT_PAGE_1-1-Region11-Instances`
--
ALTER TABLE `page-DEFAULT_PAGE_1-1-Region11-Instances`
  ADD CONSTRAINT `page-DEFAULT_PAGE_1-1-Region11-Instances_ibfk_1` FOREIGN KEY (`pageId`) REFERENCES `pages` (`pageId`) ON DELETE CASCADE;

--
-- Constraints der Tabelle `page-DEFAULT_PAGE_1-1-Region14-InstanceFiles`
--
ALTER TABLE `page-DEFAULT_PAGE_1-1-Region14-InstanceFiles`
  ADD CONSTRAINT `page-DEFAULT_PAGE_1-1-Region14-InstanceFiles_ibfk_1` FOREIGN KEY (`pageId`) REFERENCES `pages` (`pageId`) ON DELETE CASCADE,
  ADD CONSTRAINT `page-DEFAULT_PAGE_1-1-Region14-InstanceFiles_ibfk_2` FOREIGN KEY (`idRegionInstances`) REFERENCES `page-DEFAULT_PAGE_1-1-Region14-Instances` (`id`) ON DELETE CASCADE,
  ADD CONSTRAINT `page-DEFAULT_PAGE_1-1-Region14-InstanceFiles_ibfk_3` FOREIGN KEY (`idFiles`) REFERENCES `files` (`id`) ON DELETE CASCADE;

--
-- Constraints der Tabelle `page-DEFAULT_PAGE_1-1-Region14-Instances`
--
ALTER TABLE `page-DEFAULT_PAGE_1-1-Region14-Instances`
  ADD CONSTRAINT `page-DEFAULT_PAGE_1-1-Region14-Instances_ibfk_1` FOREIGN KEY (`pageId`) REFERENCES `pages` (`pageId`) ON DELETE CASCADE;

--
-- Constraints der Tabelle `page-DEFAULT_PAGE_1-1-Region71-InstanceFiles`
--
ALTER TABLE `page-DEFAULT_PAGE_1-1-Region71-InstanceFiles`
  ADD CONSTRAINT `page-DEFAULT_PAGE_1-1-Region71-InstanceFiles_ibfk_1` FOREIGN KEY (`pageId`) REFERENCES `pages` (`pageId`) ON DELETE CASCADE,
  ADD CONSTRAINT `page-DEFAULT_PAGE_1-1-Region71-InstanceFiles_ibfk_2` FOREIGN KEY (`idFiles`) REFERENCES `files` (`id`) ON DELETE CASCADE;

--
-- Constraints der Tabelle `page-DEFAULT_PAGE_1-1-Region71-Instances`
--
ALTER TABLE `page-DEFAULT_PAGE_1-1-Region71-Instances`
  ADD CONSTRAINT `page-DEFAULT_PAGE_1-1-Region71-Instances_ibfk_1` FOREIGN KEY (`pageId`) REFERENCES `pages` (`pageId`) ON DELETE CASCADE;

--
-- Constraints der Tabelle `page-DEFAULT_PRESS_AREA-1-InstanceFiles`
--
ALTER TABLE `page-DEFAULT_PRESS_AREA-1-InstanceFiles`
  ADD CONSTRAINT `page-DEFAULT_PRESS_AREA-1-InstanceFiles_ibfk_1` FOREIGN KEY (`pageId`) REFERENCES `pages` (`pageId`) ON DELETE CASCADE,
  ADD CONSTRAINT `page-DEFAULT_PRESS_AREA-1-InstanceFiles_ibfk_2` FOREIGN KEY (`idFiles`) REFERENCES `files` (`id`) ON DELETE CASCADE;

--
-- Constraints der Tabelle `page-DEFAULT_PRESS_AREA-1-InstanceMultiFields`
--
ALTER TABLE `page-DEFAULT_PRESS_AREA-1-InstanceMultiFields`
  ADD CONSTRAINT `page-DEFAULT_PRESS_AREA-1-InstanceMultiFields_ibfk_1` FOREIGN KEY (`pageId`) REFERENCES `pages` (`pageId`) ON DELETE CASCADE;

--
-- Constraints der Tabelle `page-DEFAULT_PRESS_AREA-1-Instances`
--
ALTER TABLE `page-DEFAULT_PRESS_AREA-1-Instances`
  ADD CONSTRAINT `page-DEFAULT_PRESS_AREA-1-Instances_ibfk_1` FOREIGN KEY (`pageId`) REFERENCES `pages` (`pageId`) ON DELETE CASCADE;

--
-- Constraints der Tabelle `page-DEFAULT_PROCESS-1-InstanceFiles`
--
ALTER TABLE `page-DEFAULT_PROCESS-1-InstanceFiles`
  ADD CONSTRAINT `page-DEFAULT_PROCESS-1-InstanceFiles_ibfk_1` FOREIGN KEY (`pageId`) REFERENCES `pages` (`pageId`) ON DELETE CASCADE,
  ADD CONSTRAINT `page-DEFAULT_PROCESS-1-InstanceFiles_ibfk_2` FOREIGN KEY (`idFiles`) REFERENCES `files` (`id`) ON DELETE CASCADE;

--
-- Constraints der Tabelle `page-DEFAULT_PROCESS-1-InstanceMultiFields`
--
ALTER TABLE `page-DEFAULT_PROCESS-1-InstanceMultiFields`
  ADD CONSTRAINT `page-DEFAULT_PROCESS-1-InstanceMultiFields_ibfk_1` FOREIGN KEY (`pageId`) REFERENCES `pages` (`pageId`) ON DELETE CASCADE;

--
-- Constraints der Tabelle `page-DEFAULT_PROCESS-1-Instances`
--
ALTER TABLE `page-DEFAULT_PROCESS-1-Instances`
  ADD CONSTRAINT `page-DEFAULT_PROCESS-1-Instances_ibfk_1` FOREIGN KEY (`pageId`) REFERENCES `pages` (`pageId`) ON DELETE CASCADE;

--
-- Constraints der Tabelle `page-DEFAULT_PROCESS-1-Region27-Instances`
--
ALTER TABLE `page-DEFAULT_PROCESS-1-Region27-Instances`
  ADD CONSTRAINT `page-DEFAULT_PROCESS-1-Region27-Instances_ibfk_1` FOREIGN KEY (`pageId`) REFERENCES `pages` (`pageId`) ON DELETE CASCADE;

--
-- Constraints der Tabelle `page-DEFAULT_PROCESS-1-Region29-Instances`
--
ALTER TABLE `page-DEFAULT_PROCESS-1-Region29-Instances`
  ADD CONSTRAINT `page-DEFAULT_PROCESS-1-Region29-Instances_ibfk_1` FOREIGN KEY (`pageId`) REFERENCES `pages` (`pageId`) ON DELETE CASCADE;

--
-- Constraints der Tabelle `page-DEFAULT_PROCESS-1-Region32-Instances`
--
ALTER TABLE `page-DEFAULT_PROCESS-1-Region32-Instances`
  ADD CONSTRAINT `page-DEFAULT_PROCESS-1-Region32-Instances_ibfk_1` FOREIGN KEY (`pageId`) REFERENCES `pages` (`pageId`) ON DELETE CASCADE;

--
-- Constraints der Tabelle `page-DEFAULT_PROCESS-1-Region33-Instances`
--
ALTER TABLE `page-DEFAULT_PROCESS-1-Region33-Instances`
  ADD CONSTRAINT `page-DEFAULT_PROCESS-1-Region33-Instances_ibfk_1` FOREIGN KEY (`pageId`) REFERENCES `pages` (`pageId`) ON DELETE CASCADE;

--
-- Constraints der Tabelle `page-DEFAULT_PRODUCT_TREE-1-InstanceFiles`
--
ALTER TABLE `page-DEFAULT_PRODUCT_TREE-1-InstanceFiles`
  ADD CONSTRAINT `page-DEFAULT_PRODUCT_TREE-1-InstanceFiles_ibfk_1` FOREIGN KEY (`pageId`) REFERENCES `pages` (`pageId`) ON DELETE CASCADE,
  ADD CONSTRAINT `page-DEFAULT_PRODUCT_TREE-1-InstanceFiles_ibfk_2` FOREIGN KEY (`idFiles`) REFERENCES `files` (`id`) ON DELETE CASCADE;

--
-- Constraints der Tabelle `page-DEFAULT_PRODUCT_TREE-1-InstanceMultiFields`
--
ALTER TABLE `page-DEFAULT_PRODUCT_TREE-1-InstanceMultiFields`
  ADD CONSTRAINT `page-DEFAULT_PRODUCT_TREE-1-InstanceMultiFields_ibfk_1` FOREIGN KEY (`pageId`) REFERENCES `pages` (`pageId`) ON DELETE CASCADE;

--
-- Constraints der Tabelle `page-DEFAULT_PRODUCT_TREE-1-Instances`
--
ALTER TABLE `page-DEFAULT_PRODUCT_TREE-1-Instances`
  ADD CONSTRAINT `page-DEFAULT_PRODUCT_TREE-1-Instances_ibfk_1` FOREIGN KEY (`pageId`) REFERENCES `pages` (`pageId`) ON DELETE CASCADE;

--
-- Constraints der Tabelle `page-DEFAULT_STARTPAGE-1-InstanceFiles`
--
ALTER TABLE `page-DEFAULT_STARTPAGE-1-InstanceFiles`
  ADD CONSTRAINT `page-DEFAULT_STARTPAGE-1-InstanceFiles_ibfk_1` FOREIGN KEY (`pageId`) REFERENCES `pages` (`pageId`) ON DELETE CASCADE,
  ADD CONSTRAINT `page-DEFAULT_STARTPAGE-1-InstanceFiles_ibfk_2` FOREIGN KEY (`idFiles`) REFERENCES `files` (`id`) ON DELETE CASCADE;

--
-- Constraints der Tabelle `page-DEFAULT_STARTPAGE-1-Instances`
--
ALTER TABLE `page-DEFAULT_STARTPAGE-1-Instances`
  ADD CONSTRAINT `page-DEFAULT_STARTPAGE-1-Instances_ibfk_1` FOREIGN KEY (`pageId`) REFERENCES `pages` (`pageId`) ON DELETE CASCADE;

--
-- Constraints der Tabelle `page-DEFAULT_STARTPAGE-1-Region11-InstanceFiles`
--
ALTER TABLE `page-DEFAULT_STARTPAGE-1-Region11-InstanceFiles`
  ADD CONSTRAINT `page-DEFAULT_STARTPAGE-1-Region11-InstanceFiles_ibfk_1` FOREIGN KEY (`pageId`) REFERENCES `pages` (`pageId`) ON DELETE CASCADE,
  ADD CONSTRAINT `page-DEFAULT_STARTPAGE-1-Region11-InstanceFiles_ibfk_2` FOREIGN KEY (`idFiles`) REFERENCES `files` (`id`) ON DELETE CASCADE,
  ADD CONSTRAINT `page-DEFAULT_STARTPAGE-1-Region11-InstanceFiles_ibfk_3` FOREIGN KEY (`idRegionInstances`) REFERENCES `page-DEFAULT_STARTPAGE-1-Region11-Instances` (`id`) ON DELETE CASCADE;

--
-- Constraints der Tabelle `page-DEFAULT_STARTPAGE-1-Region11-InstanceMultiFields`
--
ALTER TABLE `page-DEFAULT_STARTPAGE-1-Region11-InstanceMultiFields`
  ADD CONSTRAINT `page-DEFAULT_STARTPAGE-1-Region11-InstanceMultiFields_ibfk_1` FOREIGN KEY (`pageId`) REFERENCES `pages` (`pageId`) ON DELETE CASCADE,
  ADD CONSTRAINT `page-DEFAULT_STARTPAGE-1-Region11-InstanceMultiFields_ibfk_2` FOREIGN KEY (`idRegionInstances`) REFERENCES `page-DEFAULT_STARTPAGE-1-Region11-Instances` (`id`) ON DELETE CASCADE;

--
-- Constraints der Tabelle `page-DEFAULT_STARTPAGE-1-Region11-Instances`
--
ALTER TABLE `page-DEFAULT_STARTPAGE-1-Region11-Instances`
  ADD CONSTRAINT `page-DEFAULT_STARTPAGE-1-Region11-Instances_ibfk_1` FOREIGN KEY (`pageId`) REFERENCES `pages` (`pageId`) ON DELETE CASCADE;

--
-- Constraints der Tabelle `page-DEFAULT_STARTPAGE-1-Region17-Instances`
--
ALTER TABLE `page-DEFAULT_STARTPAGE-1-Region17-Instances`
  ADD CONSTRAINT `page-DEFAULT_STARTPAGE-1-Region17-Instances_ibfk_1` FOREIGN KEY (`pageId`) REFERENCES `pages` (`pageId`) ON DELETE CASCADE;

--
-- Constraints der Tabelle `page-DEFAULT_STARTPAGE-1-Region83-InstanceFiles`
--
ALTER TABLE `page-DEFAULT_STARTPAGE-1-Region83-InstanceFiles`
  ADD CONSTRAINT `page-DEFAULT_STARTPAGE-1-Region83-InstanceFiles_ibfk_1` FOREIGN KEY (`pageId`) REFERENCES `pages` (`pageId`) ON DELETE CASCADE,
  ADD CONSTRAINT `page-DEFAULT_STARTPAGE-1-Region83-InstanceFiles_ibfk_2` FOREIGN KEY (`idRegionInstances`) REFERENCES `page-DEFAULT_STARTPAGE-1-Region83-Instances` (`id`) ON DELETE CASCADE,
  ADD CONSTRAINT `page-DEFAULT_STARTPAGE-1-Region83-InstanceFiles_ibfk_3` FOREIGN KEY (`idFiles`) REFERENCES `files` (`id`) ON DELETE CASCADE;

--
-- Constraints der Tabelle `page-DEFAULT_STARTPAGE-1-Region83-Instances`
--
ALTER TABLE `page-DEFAULT_STARTPAGE-1-Region83-Instances`
  ADD CONSTRAINT `page-DEFAULT_STARTPAGE-1-Region83-Instances_ibfk_1` FOREIGN KEY (`pageId`) REFERENCES `pages` (`pageId`) ON DELETE CASCADE;

--
-- Constraints der Tabelle `pageCategories`
--
ALTER TABLE `pageCategories`
  ADD CONSTRAINT `pageCategories_ibfk_1` FOREIGN KEY (`pageId`) REFERENCES `pages` (`pageId`) ON DELETE CASCADE;

--
-- Constraints der Tabelle `pageCollections`
--
ALTER TABLE `pageCollections`
  ADD CONSTRAINT `pageCollections_ibfk_1` FOREIGN KEY (`pageId`) REFERENCES `pages` (`pageId`) ON DELETE CASCADE;

--
-- Constraints der Tabelle `pageContacts`
--
ALTER TABLE `pageContacts`
  ADD CONSTRAINT `pageContacts_ibfk_1` FOREIGN KEY (`pageId`) REFERENCES `pages` (`pageId`) ON DELETE CASCADE;

--
-- Constraints der Tabelle `pageDatetimes`
--
ALTER TABLE `pageDatetimes`
  ADD CONSTRAINT `pageDatetimes_ibfk_1` FOREIGN KEY (`pageId`) REFERENCES `pages` (`pageId`) ON DELETE CASCADE;

--
-- Constraints der Tabelle `pageExternals`
--
ALTER TABLE `pageExternals`
  ADD CONSTRAINT `pageExternals_ibfk_1` FOREIGN KEY (`pageId`) REFERENCES `pages` (`pageId`) ON DELETE CASCADE;

--
-- Constraints der Tabelle `pageGmaps`
--
ALTER TABLE `pageGmaps`
  ADD CONSTRAINT `pageGmaps_ibfk_1` FOREIGN KEY (`pageId`) REFERENCES `pages` (`pageId`) ON DELETE CASCADE;

--
-- Constraints der Tabelle `pageIframes`
--
ALTER TABLE `pageIframes`
  ADD CONSTRAINT `pageIframes_ibfk_1` FOREIGN KEY (`pageId`) REFERENCES `pages` (`pageId`) ON DELETE CASCADE;

--
-- Constraints der Tabelle `pageInternalLinks`
--
ALTER TABLE `pageInternalLinks`
  ADD CONSTRAINT `pageInternalLinks_ibfk_1` FOREIGN KEY (`pageId`) REFERENCES `pages` (`pageId`) ON DELETE CASCADE,
  ADD CONSTRAINT `pageInternalLinks_ibfk_2` FOREIGN KEY (`linkedPageId`) REFERENCES `pages` (`pageId`) ON DELETE CASCADE;

--
-- Constraints der Tabelle `pageLabels`
--
ALTER TABLE `pageLabels`
  ADD CONSTRAINT `pageLabels_ibfk_1` FOREIGN KEY (`pageId`) REFERENCES `pages` (`pageId`) ON DELETE CASCADE;

--
-- Constraints der Tabelle `pageLinks`
--
ALTER TABLE `pageLinks`
  ADD CONSTRAINT `pageLinks_ibfk_1` FOREIGN KEY (`pageId`) REFERENCES `pages` (`pageId`) ON DELETE CASCADE,
  ADD CONSTRAINT `pageLinks_ibfk_2` FOREIGN KEY (`idPages`) REFERENCES `pages` (`id`) ON DELETE CASCADE;

--
-- Constraints der Tabelle `pageProperties`
--
ALTER TABLE `pageProperties`
  ADD CONSTRAINT `pageProperties_ibfk_1` FOREIGN KEY (`pageId`) REFERENCES `pages` (`pageId`) ON DELETE CASCADE;

--
-- Constraints der Tabelle `pageTargets`
--
ALTER TABLE `pageTargets`
  ADD CONSTRAINT `pageTargets_ibfk_1` FOREIGN KEY (`pageId`) REFERENCES `pages` (`pageId`) ON DELETE CASCADE;

--
-- Constraints der Tabelle `pageTitles`
--
ALTER TABLE `pageTitles`
  ADD CONSTRAINT `pageTitles_ibfk_1` FOREIGN KEY (`pageId`) REFERENCES `pages` (`pageId`) ON DELETE CASCADE;

--
-- Constraints der Tabelle `pageVideos`
--
ALTER TABLE `pageVideos`
  ADD CONSTRAINT `pageVideos_ibfk_1` FOREIGN KEY (`pageId`) REFERENCES `pages` (`pageId`) ON DELETE CASCADE;

--
-- Constraints der Tabelle `regionTitles`
--
ALTER TABLE `regionTitles`
  ADD CONSTRAINT `regionTitles_ibfk_1` FOREIGN KEY (`idRegions`) REFERENCES `regions` (`id`) ON DELETE CASCADE;

--
-- Constraints der Tabelle `resourceGroups`
--
ALTER TABLE `resourceGroups`
  ADD CONSTRAINT `resourceGroups_ibfk_1` FOREIGN KEY (`idResources`) REFERENCES `resources` (`id`) ON DELETE CASCADE,
  ADD CONSTRAINT `resourceGroups_ibfk_2` FOREIGN KEY (`idGroups`) REFERENCES `groups` (`id`) ON DELETE CASCADE;

--
-- Constraints der Tabelle `rootLevelGroupPermissions`
--
ALTER TABLE `rootLevelGroupPermissions`
  ADD CONSTRAINT `rootLevelGroupPermissions_ibfk_1` FOREIGN KEY (`idRootLevelGroups`) REFERENCES `rootLevelGroups` (`id`) ON DELETE CASCADE;

--
-- Constraints der Tabelle `rootLevelGroupTitles`
--
ALTER TABLE `rootLevelGroupTitles`
  ADD CONSTRAINT `rootLevelGroupTitles_ibfk_1` FOREIGN KEY (`idRootLevelGroups`) REFERENCES `rootLevelGroups` (`id`) ON DELETE CASCADE;

--
-- Constraints der Tabelle `rootLevelLanguages`
--
ALTER TABLE `rootLevelLanguages`
  ADD CONSTRAINT `rootLevelLanguages_ibfk_1` FOREIGN KEY (`idRootLevels`) REFERENCES `rootLevels` (`id`) ON DELETE CASCADE,
  ADD CONSTRAINT `rootLevelLanguages_ibfk_2` FOREIGN KEY (`idLanguages`) REFERENCES `languages` (`id`) ON DELETE CASCADE,
  ADD CONSTRAINT `rootLevelLanguages_ibfk_3` FOREIGN KEY (`idLocalizations`) REFERENCES `localizations` (`id`);

--
-- Constraints der Tabelle `rootLevelMaintenances`
--
ALTER TABLE `rootLevelMaintenances`
  ADD CONSTRAINT `rootLevelMaintenances_ibfk_1` FOREIGN KEY (`idRootLevels`) REFERENCES `rootLevels` (`id`) ON DELETE CASCADE;

--
-- Constraints der Tabelle `rootLevelPermissions`
--
ALTER TABLE `rootLevelPermissions`
  ADD CONSTRAINT `rootLevelPermissions_ibfk_1` FOREIGN KEY (`idRootLevels`) REFERENCES `rootLevels` (`id`) ON DELETE CASCADE,
  ADD CONSTRAINT `rootLevelPermissions_ibfk_2` FOREIGN KEY (`idGroups`) REFERENCES `groups` (`id`) ON DELETE CASCADE;

--
-- Constraints der Tabelle `rootLevelTitles`
--
ALTER TABLE `rootLevelTitles`
  ADD CONSTRAINT `rootLevelTitles_ibfk_1` FOREIGN KEY (`idRootLevels`) REFERENCES `rootLevels` (`id`) ON DELETE CASCADE;

--
-- Constraints der Tabelle `rootLevelUrls`
--
ALTER TABLE `rootLevelUrls`
  ADD CONSTRAINT `rootLevelUrls_ibfk_1` FOREIGN KEY (`idRootLevels`) REFERENCES `rootLevels` (`id`) ON DELETE CASCADE,
  ADD CONSTRAINT `rootLevelUrls_ibfk_2` FOREIGN KEY (`idEnvironments`) REFERENCES `environments` (`id`) ON DELETE CASCADE;

--
-- Constraints der Tabelle `statusTitles`
--
ALTER TABLE `statusTitles`
  ADD CONSTRAINT `statusTitles_ibfk_1` FOREIGN KEY (`idStatus`) REFERENCES `status` (`id`) ON DELETE CASCADE;

--
-- Constraints der Tabelle `templateExcludedFields`
--
ALTER TABLE `templateExcludedFields`
  ADD CONSTRAINT `templateExcludedFields_ibfk_1` FOREIGN KEY (`idTemplates`) REFERENCES `templates` (`id`) ON DELETE CASCADE;

--
-- Constraints der Tabelle `templateExcludedRegions`
--
ALTER TABLE `templateExcludedRegions`
  ADD CONSTRAINT `templateExcludedRegions_ibfk_1` FOREIGN KEY (`idTemplates`) REFERENCES `templates` (`id`) ON DELETE CASCADE;

--
-- Constraints der Tabelle `templateRegionProperties`
--
ALTER TABLE `templateRegionProperties`
  ADD CONSTRAINT `templateRegionProperties_ibfk_1` FOREIGN KEY (`idTemplates`) REFERENCES `templates` (`id`) ON DELETE CASCADE;

--
-- Constraints der Tabelle `templateTitles`
--
ALTER TABLE `templateTitles`
  ADD CONSTRAINT `templateTitles_ibfk_1` FOREIGN KEY (`idTemplates`) REFERENCES `templates` (`id`) ON DELETE CASCADE;

--
-- Constraints der Tabelle `unitCodes`
--
ALTER TABLE `unitCodes`
  ADD CONSTRAINT `unitCodes_ibfk_1` FOREIGN KEY (`idUnits`) REFERENCES `units` (`id`) ON DELETE CASCADE;

--
-- Constraints der Tabelle `unitTitles`
--
ALTER TABLE `unitTitles`
  ADD CONSTRAINT `unitTitles_ibfk_1` FOREIGN KEY (`idUnits`) REFERENCES `units` (`id`) ON DELETE CASCADE;
